customer_id,signup_date,age,gender,region,subscription_plan,contract_type,payment_method,tenure_months,monthly_spend,purchase_frequency,days_since_last_purchase,support_tickets,satisfaction_score,discount_used,total_revenue,churn
CUST11028,2025-12-01,48.0,Female,West,Premium,Month-to-Month,Bank Transfer,7,87.71,4,1,1,4.0,No,614.25,0
CUST10140,2024-03-05,19.0,Female,East,Standard,Month-to-Month,Credit Card,28,46.42,7,76,1,5.0,Yes,1297.17,0
CUST10110,2025-04-16,18.0,Male,East,Basic,Month-to-Month,Credit Card,14,19.75,5,18,0,3.0,No,288.31,1
CUST10638,2024-09-03,58.0,Female,West,Basic,Two Year,Cash,22,27.05,8,27,1,3.0,No,556.83,0
CUST10702,2026-03-10,39.0,Female,North,Basic,One Year,Cash,3,20.86,6,4,1,3.581578947368421,No,61.53,0
CUST11907,2026-03-08,69.0,Female,North,Premium,Month-to-Month,Credit Card,3,70.32,5,21,3,3.0,No,210.29,0
CUST11702,2024-10-01,28.0,Male,South,Premium,Month-to-Month,Cash,21,85.36,3,12,2,2.0,No,1757.13,1
CUST11614,2021-11-01,19.0,Female,West,Premium,Month-to-Month,Cash,56,84.55,4,11,0,5.0,Yes,4838.0,0
CUST10172,2025-01-16,65.0,Female,South,Premium,One Year,Credit Card,17,102.37,6,7,0,3.0,No,1805.95,0
CUST11319,2025-12-04,40.0,Male,North,Standard,Month-to-Month,Cash,6,45.94,4,1,1,2.0,No,259.34,0
CUST10375,2025-05-16,39.0,Female,North,Standard,Month-to-Month,Bank Transfer,13,45.81,7,17,3,3.0,No,624.67,0
CUST11746,2020-07-04,20.0,Male,West,Standard,Month-to-Month,Mobile Wallet,72,45.46,5,43,2,3.0,No,3334.61,0
CUST11966,2026-02-12,67.0,Female,West,Standard,Month-to-Month,Bank Transfer,4,51.96,1,10,1,3.0,Yes,207.52,0
CUST10410,2024-02-25,70.0,Male,West,Basic,One Year,Mobile Wallet,28,12.95,10,75,2,3.0,Yes,358.72,0
CUST11936,2025-11-03,56.0,Male,East,Premium,Month-to-Month,Mobile Wallet,7,108.24,8,38,1,3.581578947368421,No,741.38,1
CUST11156,2024-04-26,32.0,Female,North,Standard,Two Year,Cash,26,41.7,7,6,2,3.0,No,1002.69,0
CUST11127,2024-03-23,31.0,Female,West,Basic,Month-to-Month,Bank Transfer,27,36.11,9,22,1,5.0,Yes,1002.01,0
CUST11064,2025-05-29,66.0,Female,South,Basic,Month-to-Month,Credit Card,13,25.45,8,8,1,3.581578947368421,No,327.24,0
CUST11926,2024-08-31,43.0,Female,South,Basic,Month-to-Month,Mobile Wallet,22,42.54,8,62,1,5.0,No,915.9,0
CUST10829,2024-06-26,22.0,Male,South,Standard,One Year,Bank Transfer,24,44.49,8,49,0,4.0,Yes,1041.07,0
CUST10986,2024-02-27,18.0,Female,South,Basic,Month-to-Month,Credit Card,28,32.98,8,62,3,5.0,No,909.93,0
CUST10729,2025-03-07,47.0,Female,East,Basic,One Year,Credit Card,16,33.14,5,0,2,3.0,Yes,516.6,1
CUST11834,2025-01-15,68.0,Male,North,Standard,Month-to-Month,Cash,17,41.85,8,17,1,3.0,Yes,655.06,1
CUST11256,2020-07-15,31.0,Male,West,Standard,Month-to-Month,Mobile Wallet,72,52.47,6,71,0,3.0,No,3708.75,0
CUST11380,2025-12-27,59.0,Male,South,Standard,Month-to-Month,Credit Card,6,47.35,3,6,1,5.0,No,282.61,1
CUST10002,2024-08-31,20.0,Male,Central,Standard,Month-to-Month,Credit Card,22,45.43,3,2,1,3.0,No,1043.16,1
CUST11276,2026-04-04,18.0,Male,North,Basic,Month-to-Month,Cash,2,26.06,10,84,1,3.0,No,48.91,1
CUST11504,2020-07-02,60.0,Female,West,Standard,Month-to-Month,Credit Card,72,48.12,4,0,3,4.0,No,3531.06,0
CUST10514,2025-05-06,49.0,Female,South,Basic,Two Year,Bank Transfer,14,24.06,4,63,6,4.0,No,329.2,0
CUST10325,2025-09-19,30.0,Male,West,Basic,Two Year,Cash,9,22.0,2,9,1,4.0,Yes,200.89,0
CUST11058,2023-11-22,56.0,Male,East,Premium,Month-to-Month,Mobile Wallet,31,92.26,1,1,1,3.0,No,2910.63,0
CUST10901,2024-02-23,67.0,Female,South,Basic,Two Year,Credit Card,28,19.29,9,47,2,4.0,No,515.09,0
CUST10610,2025-03-23,62.0,Male,East,Basic,One Year,Mobile Wallet,15,24.98,8,45,2,2.0,No,348.79,1
CUST11421,2024-03-02,56.0,Female,East,Standard,Month-to-Month,Bank Transfer,28,43.3,4,31,2,5.0,No,1177.18,0
CUST10699,2025-09-23,20.0,Male,South,Basic,Month-to-Month,Credit Card,9,30.81,5,5,0,5.0,Yes,250.61,0
CUST10623,2025-12-18,34.0,Male,East,Standard,Two Year,Bank Transfer,6,57.19,9,10,2,3.0,Yes,332.79,0
CUST10259,2025-06-08,41.0,Male,East,Basic,Month-to-Month,Bank Transfer,12,32.35,8,5,1,3.0,No,405.23,1
CUST10590,2023-10-09,60.0,Female,Central,Standard,Two Year,Cash,33,35.83,1,17,1,4.0,No,1088.02,0
CUST11044,2025-02-20,57.0,Female,North,Standard,Month-to-Month,Credit Card,16,53.18,4,18,3,3.581578947368421,Yes,829.59,0
CUST10340,2023-09-13,62.0,Male,North,Basic,Month-to-Month,Credit Card,34,23.52,7,46,1,4.0,No,801.76,0
CUST11162,2025-03-16,23.0,Male,West,Basic,Two Year,Cash,15,27.95,4,14,0,4.0,No,438.16,0
CUST11075,2024-10-07,68.0,Male,South,Standard,Month-to-Month,Mobile Wallet,21,58.76,1,32,0,4.0,No,1276.13,1
CUST10350,2025-08-13,69.0,Female,East,Premium,Month-to-Month,Credit Card,10,84.36,7,3,5,4.0,No,770.64,1
CUST10419,2025-05-04,68.0,Male,Central,Basic,Two Year,Cash,14,23.43,10,11,0,4.0,No,328.87,0
CUST11974,2022-05-05,66.0,Female,North,Standard,One Year,Cash,50,57.85,12,77,3,3.0,Yes,2762.56,1
CUST11804,2022-03-24,27.0,Male,West,Premium,Two Year,Mobile Wallet,51,94.81,8,8,3,4.0,No,4907.93,0
CUST11894,2025-09-28,65.0,Female,South,Basic,One Year,Credit Card,9,23.03,7,49,1,5.0,Yes,197.56,0
CUST11252,2024-02-18,63.0,Female,North,Standard,Month-to-Month,Credit Card,28,60.37,12,166,0,2.0,No,1612.16,1
CUST11340,2024-04-11,22.0,Male,North,Premium,Month-to-Month,Bank Transfer,27,92.26,5,37,4,4.0,No,2558.57,0
CUST11303,2025-06-14,68.0,Male,South,Basic,Month-to-Month,Credit Card,12,20.33,5,46,3,3.0,No,234.34,1
CUST11382,2024-09-26,48.0,Male,East,Standard,Month-to-Month,Credit Card,21,57.88,6,23,2,3.0,No,1152.15,1
CUST11910,2025-08-15,44.07447916666667,Male,North,Standard,Month-to-Month,Mobile Wallet,10,51.69,5,22,1,5.0,Yes,517.66,1
CUST11914,2025-02-10,58.0,Female,North,Standard,Month-to-Month,Bank Transfer,16,47.97,3,87,2,3.581578947368421,No,765.93,1
CUST10649,2026-04-22,63.0,Male,North,Basic,Two Year,Cash,2,16.82,5,40,2,5.0,Yes,32.99,0
CUST10698,2026-05-24,18.0,Male,West,Premium,Month-to-Month,Bank Transfer,1,80.1,7,13,0,2.0,No,77.56,1
CUST11566,2023-08-18,25.0,Male,North,Standard,One Year,Mobile Wallet,34,54.96,4,23,4,4.0,No,1730.82,1
CUST11866,2024-11-12,46.0,Female,Central,Standard,Month-to-Month,Mobile Wallet,19,53.07,5,19,0,4.0,No,923.02,0
CUST11944,2025-06-27,69.0,Male,North,Basic,Month-to-Month,Bank Transfer,12,17.68,13,122,4,3.0,No,198.37,1
CUST10341,2025-07-25,69.0,Male,Central,Basic,Two Year,Cash,11,37.65,6,2,0,3.0,No,387.08,0
CUST11034,2021-11-28,30.0,Male,South,Premium,Month-to-Month,Bank Transfer,55,81.9,4,1,2,3.0,No,4473.2,0
CUST11259,2023-11-02,63.0,Male,Central,Basic,Month-to-Month,Mobile Wallet,32,6.84,5,14,0,3.0,No,215.68,0
CUST10769,2025-01-12,27.0,Male,East,Standard,One Year,Credit Card,17,42.68,9,31,1,5.0,Yes,680.63,0
CUST11158,2025-08-12,44.07447916666667,Male,South,Basic,Month-to-Month,Mobile Wallet,10,19.4,4,7,1,3.0,Yes,202.25,1
CUST11843,2024-07-07,57.0,Male,Central,Basic,Month-to-Month,Bank Transfer,24,18.84,6,1,2,3.0,No,420.62,0
CUST10284,2022-07-25,36.0,Male,East,Basic,Month-to-Month,Credit Card,47,35.87,6,21,0,3.0,No,1566.85,1
CUST11553,2024-06-12,41.0,Female,South,Basic,One Year,Credit Card,24,20.54,10,49,1,2.0,No,456.12,1
CUST11128,2025-10-07,44.07447916666667,Female,West,Standard,One Year,Credit Card,8,61.61,2,32,2,3.0,No,464.76,1
CUST11550,2025-03-03,21.0,Female,North,Premium,Month-to-Month,Mobile Wallet,16,98.92,8,36,0,3.0,No,1646.76,0
CUST11960,2020-11-27,59.0,Male,East,Basic,Month-to-Month,Cash,68,25.05,5,35,1,4.0,Yes,1538.82,0
CUST10594,2024-11-11,20.0,Female,North,Standard,Month-to-Month,Credit Card,19,47.93,5,63,2,4.0,No,827.69,1
CUST10430,2024-08-25,22.0,Female,Central,Basic,One Year,Mobile Wallet,22,22.23,7,57,0,4.0,No,460.71,0
CUST11863,2024-09-20,32.0,Male,East,Basic,One Year,Cash,21,37.17,7,1,3,3.0,No,720.91,0
CUST10455,2023-06-30,26.0,Male,North,Standard,One Year,Bank Transfer,36,40.84,2,17,3,4.0,No,1404.4,1
CUST10715,2022-09-27,24.0,Female,North,Basic,Two Year,Credit Card,45,6.08,4,49,1,5.0,No,252.34,1
CUST11385,2020-07-28,18.0,Female,North,Premium,Two Year,Bank Transfer,72,96.58,8,45,1,3.0,No,6626.63,0
CUST10681,2025-03-24,26.0,Male,North,Basic,Month-to-Month,Cash,15,24.79,4,73,2,4.0,No,379.85,1
CUST11146,2023-08-10,44.0,Male,West,Standard,Month-to-Month,Credit Card,35,48.08,8,17,2,3.0,No,1621.19,1
CUST11954,2025-04-06,28.0,Female,Central,Standard,Month-to-Month,Cash,15,52.75,4,22,3,4.0,No,771.35,1
CUST10108,2026-05-31,58.0,Female,North,Standard,Month-to-Month,Credit Card,1,48.63,3,9,3,4.0,No,51.04,1
CUST10672,2023-02-23,33.0,Male,Central,Basic,Month-to-Month,Credit Card,40,27.56,13,159,2,4.0,No,1109.12,0
CUST10361,2023-05-08,31.0,Female,North,Basic,Month-to-Month,Bank Transfer,38,48.3553556701031,11,26,4,4.0,Yes,1047.78,0
CUST11826,2025-09-19,57.0,Male,East,Basic,Month-to-Month,Bank Transfer,9,17.27,10,10,2,4.0,No,147.72,0
CUST11459,2024-06-20,37.0,Female,South,Standard,Two Year,Credit Card,24,53.11,3,27,1,4.0,No,1231.41,0
CUST11411,2022-09-03,40.0,Male,Central,Standard,Month-to-Month,Cash,46,57.01,6,25,2,3.0,No,2371.01,0
CUST10299,2024-11-10,22.0,Male,East,Basic,Month-to-Month,Cash,19,30.5,7,19,3,4.0,Yes,591.83,0
CUST10450,2024-07-03,39.0,Female,North,Basic,One Year,Cash,24,15.94,5,55,1,5.0,No,383.4,0
CUST10374,2022-11-21,53.0,Male,North,Standard,Month-to-Month,Cash,43,49.93,5,7,2,4.0,No,2052.57,1
CUST11601,2024-10-29,27.0,Female,North,Basic,Two Year,Credit Card,20,34.6,1,2,4,1.0,No,665.32,0
CUST11342,2023-03-22,19.0,Female,East,Premium,One Year,Bank Transfer,39,83.25,4,22,1,3.0,Yes,3004.32,0
CUST11968,2025-03-22,44.0,Male,East,Standard,Month-to-Month,Cash,15,54.13,10,14,3,3.581578947368421,Yes,830.36,1
CUST11414,2026-04-24,47.0,Male,North,Standard,Month-to-Month,Cash,2,33.66,4,42,2,4.0,No,66.19,1
CUST11278,2024-09-12,44.07447916666667,Male,Central,Standard,Month-to-Month,Bank Transfer,21,59.63,3,33,0,2.0,No,1236.55,0
CUST10820,2024-06-19,68.0,Female,North,Standard,One Year,Bank Transfer,24,44.1,2,9,1,4.0,No,999.82,0
CUST10206,2025-03-26,19.0,Female,North,Basic,Month-to-Month,Bank Transfer,15,25.32,9,43,1,3.0,Yes,343.75,1
CUST11346,2024-12-05,42.0,Male,South,Premium,One Year,Cash,19,88.26,7,48,2,3.0,No,1724.46,1
CUST11281,2025-12-16,33.0,Female,South,Basic,Month-to-Month,Credit Card,6,7.79,3,6,2,2.0,No,42.41,1
CUST11125,2024-11-12,63.0,Female,East,Basic,Month-to-Month,Credit Card,19,37.42,6,43,0,2.0,No,700.02,1
CUST10858,2023-01-07,48.0,Male,South,Standard,One Year,Mobile Wallet,42,63.01,6,71,0,5.0,Yes,2554.1,0
CUST10127,2023-07-13,58.0,Male,North,Basic,Month-to-Month,Credit Card,36,29.73,6,11,2,5.0,No,1117.95,0
CUST10789,2024-08-27,21.0,Female,East,Standard,One Year,Mobile Wallet,22,63.31,7,43,0,5.0,No,1376.24,0
CUST10037,2020-08-05,35.0,Female,East,Basic,Month-to-Month,Credit Card,71,31.12,2,13,3,4.0,No,2076.46,0
CUST10386,2023-10-21,51.0,Male,West,Basic,Month-to-Month,Credit Card,32,11.67,7,11,3,2.0,No,361.64,1
CUST10885,2025-06-29,35.0,Male,South,Basic,Month-to-Month,Cash,12,48.3553556701031,5,126,1,3.0,No,129.09,1
CUST11257,2025-12-06,39.0,Male,West,Basic,Month-to-Month,Credit Card,6,22.05,8,22,1,2.0,No,135.88,1
CUST10837,2022-05-06,35.0,Male,Central,Standard,Month-to-Month,Bank Transfer,50,58.91,5,57,1,4.0,No,3037.18,0
CUST10800,2025-06-26,44.07447916666667,Female,West,Standard,Month-to-Month,Mobile Wallet,12,49.14,3,12,1,4.0,No,532.49,0
CUST10058,2024-07-17,63.0,Male,North,Standard,Month-to-Month,Mobile Wallet,23,49.6,6,8,1,4.0,No,1059.05,1
CUST11515,2024-12-26,26.0,Female,South,Standard,Month-to-Month,Credit Card,18,56.97,4,0,1,5.0,No,1008.63,0
CUST10196,2025-09-22,36.0,Female,East,Standard,One Year,Credit Card,9,55.42,2,47,2,2.0,Yes,468.77,1
CUST11438,2024-08-29,70.0,Male,Central,Premium,Month-to-Month,Bank Transfer,22,92.05,6,69,1,4.0,Yes,1977.82,0
CUST11479,2025-10-13,51.0,Female,East,Basic,Two Year,Bank Transfer,8,24.53,4,5,0,5.0,No,199.57,0
CUST11338,2023-05-24,30.0,Male,Central,Basic,Month-to-Month,Cash,37,2.35,5,168,3,3.0,Yes,90.56,1
CUST10595,2023-01-11,32.0,Male,South,Standard,Two Year,Credit Card,42,39.47,9,16,1,4.0,No,1514.56,0
CUST10241,2025-01-18,37.0,Male,West,Basic,One Year,Bank Transfer,17,25.42,7,11,0,4.0,Yes,426.17,0
CUST10915,2024-06-11,65.0,Male,Central,Standard,Month-to-Month,Mobile Wallet,24,41.79,5,52,3,4.0,Yes,970.94,1
CUST10034,2025-05-05,27.0,Male,East,Standard,Two Year,Cash,14,57.94,7,13,0,4.0,No,808.86,0
CUST10185,2025-03-24,32.0,Female,West,Premium,Month-to-Month,Mobile Wallet,15,48.3553556701031,7,12,0,4.0,Yes,1437.85,1
CUST11819,2026-01-07,30.0,Female,East,Premium,One Year,Bank Transfer,5,77.32,5,20,1,3.0,No,395.92,1
CUST10862,2025-09-23,29.0,Female,West,Standard,One Year,Cash,9,42.19,6,18,0,4.0,No,382.45,0
CUST11056,2024-06-29,68.0,Female,Central,Basic,Month-to-Month,Cash,24,31.56,7,5,2,4.0,No,687.86,0
CUST10527,2024-01-26,67.0,Male,Central,Basic,Month-to-Month,Credit Card,29,10.53,6,15,0,2.0,Yes,286.56,1
CUST11969,2025-01-03,49.0,Male,East,Standard,One Year,Mobile Wallet,18,45.1,7,2,3,3.0,No,755.73,0
CUST10262,2021-09-08,67.0,Male,South,Basic,Month-to-Month,Bank Transfer,58,20.15,6,10,1,3.0,No,1149.59,0
CUST10869,2025-10-23,58.0,Female,North,Basic,Month-to-Month,Credit Card,8,23.68,4,7,1,3.0,No,190.87,1
CUST11895,2020-07-31,56.0,Female,North,Basic,Month-to-Month,Bank Transfer,72,12.43,7,23,2,5.0,Yes,869.53,0
CUST11094,2020-08-08,66.0,Male,East,Premium,Month-to-Month,Bank Transfer,71,79.31,4,5,3,4.0,No,5571.84,0
CUST11939,2022-08-17,46.0,Male,North,Basic,Month-to-Month,Credit Card,47,10.58,3,27,0,1.0,No,470.84,1
CUST10471,2025-09-05,23.0,Female,East,Basic,Month-to-Month,Mobile Wallet,9,13.55,6,25,3,3.0,Yes,116.69,1
CUST11157,2025-02-27,50.0,Male,North,Basic,Month-to-Month,Credit Card,16,20.44,6,49,1,5.0,Yes,321.49,1
CUST10918,2024-05-15,55.0,Female,South,Premium,One Year,Bank Transfer,25,98.62,5,46,1,3.0,No,2440.34,0
CUST10651,2023-12-21,29.0,Female,Central,Standard,Month-to-Month,Bank Transfer,30,58.72,8,79,1,4.0,No,1663.19,0
CUST10007,2022-11-20,19.0,Female,West,Standard,Month-to-Month,Cash,43,44.77,7,26,0,5.0,No,1826.13,0
CUST10330,2021-10-21,39.0,Male,West,Standard,Two Year,Credit Card,57,39.88,5,12,2,3.581578947368421,Yes,2148.22,0
CUST11627,2025-02-17,69.0,Male,North,Standard,Month-to-Month,Bank Transfer,16,50.85,6,15,4,4.0,Yes,840.31,1
CUST11846,2024-11-26,21.0,Male,South,Basic,Month-to-Month,Mobile Wallet,19,39.75,8,21,2,3.0,No,745.87,1
CUST10278,2025-12-27,34.0,Female,Central,Basic,Month-to-Month,Mobile Wallet,6,12.12,9,27,1,5.0,No,69.33,0
CUST10020,2026-03-30,34.0,Male,West,Premium,Month-to-Month,Bank Transfer,3,75.04,7,6,0,4.0,No,225.88,0
CUST10936,2025-04-20,54.0,Female,Central,Basic,Month-to-Month,Mobile Wallet,14,48.3553556701031,9,0,1,3.0,No,491.46,0
CUST10997,2025-07-02,47.0,Female,North,Premium,Month-to-Month,Bank Transfer,12,85.66,6,3,4,4.0,No,1027.42,0
CUST11740,2021-03-28,58.0,Female,North,Standard,Month-to-Month,Mobile Wallet,64,46.94,7,66,1,5.0,No,2919.38,0
CUST11368,2021-04-15,41.0,Female,North,Standard,Month-to-Month,Mobile Wallet,63,57.53,6,22,1,3.0,No,3626.73,0
CUST11998,2025-07-04,59.0,Female,West,Premium,Month-to-Month,Cash,12,91.5,4,31,0,4.0,No,1104.05,0
CUST11706,2023-02-14,56.0,Male,North,Basic,Month-to-Month,Mobile Wallet,41,31.16,9,8,3,4.0,Yes,1298.33,1
CUST11596,2025-04-05,35.0,Female,North,Basic,Month-to-Month,Credit Card,15,28.8,5,9,2,4.0,Yes,421.85,1
CUST10832,2025-06-27,52.0,Male,South,Basic,Month-to-Month,Bank Transfer,12,23.61,10,39,1,4.0,Yes,260.61,0
CUST10946,2025-07-16,60.0,Male,West,Basic,Month-to-Month,Mobile Wallet,11,28.52,12,49,2,4.0,Yes,286.31,1
CUST11982,2025-06-04,66.0,Female,Central,Basic,Month-to-Month,Mobile Wallet,13,34.93,9,15,1,5.0,No,463.27,0
CUST10377,2025-01-27,51.0,Male,South,Standard,Two Year,Credit Card,17,55.34,4,79,1,3.0,No,925.14,1
CUST10674,2023-02-21,37.0,Female,East,Standard,One Year,Mobile Wallet,40,60.35,12,11,1,3.581578947368421,No,2344.13,0
CUST10237,2025-01-20,39.0,Male,West,Basic,Month-to-Month,Credit Card,17,23.05,10,45,4,4.0,No,371.16,1
CUST11616,2024-06-13,31.0,Female,North,Standard,Month-to-Month,Bank Transfer,24,38.7,8,10,1,3.0,No,966.12,0
CUST11286,2022-02-01,28.0,Male,South,Standard,Two Year,Cash,53,36.05,3,40,1,3.0,No,1982.26,0
CUST11123,2023-09-08,30.0,Female,North,Basic,Month-to-Month,Bank Transfer,34,30.33,6,48,2,3.581578947368421,No,1075.28,0
CUST10367,2023-11-30,19.0,Male,West,Standard,One Year,Bank Transfer,31,52.89,10,44,1,5.0,Yes,1482.97,0
CUST10875,2025-06-15,60.0,Female,Central,Standard,Month-to-Month,Bank Transfer,12,50.3,6,17,0,5.0,No,611.03,0
CUST10392,2024-11-12,56.0,Male,East,Premium,Two Year,Cash,19,86.92,4,9,2,3.0,Yes,1627.36,0
CUST11083,2023-03-18,18.0,Male,West,Basic,Month-to-Month,Bank Transfer,40,19.52,5,0,2,4.0,No,738.12,0
CUST11836,2025-05-28,44.07447916666667,Female,North,Basic,Month-to-Month,Mobile Wallet,13,22.95,4,46,0,4.0,No,279.29,0
CUST10298,2025-10-26,65.0,Male,West,Basic,Month-to-Month,Bank Transfer,8,10.46,7,7,2,3.0,No,81.15,1
CUST11381,2023-12-26,44.0,Female,North,Premium,Month-to-Month,Credit Card,30,100.05,7,0,0,3.0,Yes,2982.75,0
CUST10372,2026-03-18,69.0,Male,South,Basic,Two Year,Mobile Wallet,3,19.32,5,18,0,4.0,No,59.9,1
CUST11971,2025-07-02,57.0,Male,North,Basic,Month-to-Month,Credit Card,12,17.59,2,62,2,4.0,No,216.44,0
CUST11917,2025-02-24,18.0,Male,West,Standard,One Year,Credit Card,16,61.18,6,29,3,3.0,No,961.67,1
CUST10860,2024-08-10,27.0,Male,West,Standard,Month-to-Month,Mobile Wallet,22,61.06,7,4,1,4.0,No,1211.65,1
CUST11763,2026-01-24,67.0,Male,North,Standard,Month-to-Month,Credit Card,5,39.88,7,1,0,4.0,No,198.3,0
CUST10051,2023-09-29,43.0,Male,North,Standard,Month-to-Month,Cash,33,41.58,7,103,1,4.0,No,1373.97,1
CUST10036,2025-04-11,33.0,Female,North,Premium,One Year,Cash,14,91.29,8,49,2,2.0,No,1166.68,0
CUST11087,2025-10-06,69.0,Male,West,Basic,One Year,Mobile Wallet,8,23.74,4,32,1,3.0,No,187.62,1
CUST11288,2024-03-23,28.0,Male,East,Basic,Two Year,Cash,27,20.53,3,75,0,3.0,No,569.89,0
CUST11268,2024-09-27,44.07447916666667,Female,East,Basic,One Year,Bank Transfer,21,8.16,4,3,1,4.0,No,173.78,0
CUST11360,2023-01-21,27.0,Female,West,Basic,Month-to-Month,Bank Transfer,41,36.47,5,120,1,4.0,No,1444.48,1
CUST11842,2025-07-31,53.0,Female,North,Standard,Month-to-Month,Cash,11,48.61,7,123,5,4.0,Yes,502.23,1
CUST11656,2024-07-28,44.0,Female,North,Standard,Two Year,Bank Transfer,23,47.29,5,72,1,4.0,No,1086.49,0
CUST11133,2023-01-01,65.0,Male,West,Basic,Month-to-Month,Credit Card,42,15.98,8,50,1,3.0,Yes,615.3,1
CUST10757,2024-11-18,39.0,Male,Central,Standard,Month-to-Month,Bank Transfer,19,50.33,5,2,4,5.0,No,967.59,0
CUST11815,2025-06-15,61.0,Male,East,Basic,Month-to-Month,Mobile Wallet,12,32.87,9,22,0,4.0,No,389.57,0
CUST11621,2024-09-05,61.0,Male,East,Basic,Two Year,Credit Card,22,23.97,6,52,3,3.0,Yes,525.9,0
CUST10353,2025-01-30,51.0,Male,East,Standard,Month-to-Month,Credit Card,17,51.65,6,18,0,3.0,No,913.07,1
CUST11205,2025-04-06,33.0,Male,North,Standard,One Year,Cash,15,57.68,3,24,0,3.581578947368421,Yes,850.69,0
CUST10397,2025-05-31,41.0,Male,South,Basic,Month-to-Month,Cash,13,41.04,7,10,3,4.0,Yes,524.84,1
CUST10217,2025-10-01,49.0,Male,North,Basic,Month-to-Month,Bank Transfer,9,34.18,5,22,2,5.0,Yes,322.74,0
CUST10861,2022-11-20,18.0,Female,West,Basic,Month-to-Month,Mobile Wallet,43,48.3553556701031,3,0,5,5.0,Yes,1183.9,0
CUST10955,2025-10-26,41.0,Male,Central,Standard,One Year,Bank Transfer,8,54.34,5,187,1,3.581578947368421,No,422.56,1
CUST10146,2025-04-24,37.0,Male,South,Premium,One Year,Bank Transfer,14,99.05,6,71,0,4.0,No,1274.0,0
CUST10768,2021-11-20,49.0,Male,North,Basic,One Year,Cash,56,20.45,4,5,1,3.0,No,1162.63,0
CUST10452,2025-04-01,60.0,Male,West,Standard,Month-to-Month,Cash,15,45.63,7,16,4,3.0,Yes,718.01,1
CUST11755,2022-11-14,54.0,Male,East,Basic,Month-to-Month,Mobile Wallet,44,34.44,3,30,0,3.0,No,1584.64,0
CUST10810,2023-02-22,69.0,Male,North,Standard,One Year,Mobile Wallet,40,45.13,4,42,3,3.0,No,1880.98,0
CUST10716,2023-10-12,39.0,Female,East,Premium,One Year,Credit Card,33,89.36,6,5,0,3.0,No,3009.42,0
CUST10438,2023-09-17,59.0,Male,West,Premium,Month-to-Month,Credit Card,33,88.93,4,4,1,4.0,No,3078.52,0
CUST10734,2022-06-21,34.0,Female,North,Basic,Month-to-Month,Mobile Wallet,49,27.3,4,0,2,4.0,No,1227.01,0
CUST10229,2023-10-18,24.0,Male,North,Basic,Month-to-Month,Mobile Wallet,32,43.09,8,34,0,3.0,No,1404.29,0
CUST10204,2025-10-13,42.0,Male,North,Basic,Two Year,Mobile Wallet,8,48.3553556701031,3,0,3,2.0,No,114.1,1
CUST11151,2024-06-22,45.0,Female,Central,Standard,Month-to-Month,Mobile Wallet,24,54.09,8,27,1,4.0,No,1282.66,1
CUST10308,2025-02-17,29.0,Female,South,Basic,One Year,Mobile Wallet,16,18.17,4,4,6,4.0,No,304.49,0
CUST10507,2026-01-08,62.0,Female,West,Standard,Two Year,Cash,5,49.23,6,8,2,3.0,No,233.5,0
CUST11331,2026-01-01,52.0,Female,East,Premium,Two Year,Bank Transfer,6,93.1,6,148,2,4.0,Yes,586.34,1
CUST11454,2025-05-04,53.0,Male,South,Standard,Month-to-Month,Bank Transfer,14,58.74,5,8,2,4.0,No,752.01,1
CUST10463,2024-09-19,29.0,Female,South,Standard,Month-to-Month,Credit Card,21,70.31,5,2,2,5.0,Yes,1520.22,0
CUST11464,2025-02-08,49.0,Male,West,Standard,Month-to-Month,Credit Card,16,72.94,2,13,0,3.0,No,1151.59,0
CUST11609,2023-07-16,59.0,Male,South,Basic,Two Year,Credit Card,36,17.27,2,20,1,4.0,No,588.68,0
CUST10669,2025-07-02,29.0,Male,South,Premium,One Year,Bank Transfer,12,85.24,7,2,1,3.581578947368421,No,965.06,0
CUST11761,2024-05-20,56.0,Male,North,Standard,Month-to-Month,Bank Transfer,25,53.16,12,87,3,4.0,No,1231.46,0
CUST10731,2023-11-14,70.0,Female,North,Premium,Two Year,Credit Card,31,92.7,6,74,1,2.0,No,2958.14,0
CUST11858,2025-02-24,55.0,Male,South,Basic,Month-to-Month,Credit Card,16,34.65,8,27,1,5.0,No,568.06,0
CUST11789,2024-04-30,38.0,Female,North,Premium,One Year,Bank Transfer,26,83.01,3,88,0,4.0,Yes,2090.12,0
CUST10141,2025-06-10,40.0,Female,East,Standard,Month-to-Month,Cash,12,46.65,7,3,1,3.0,No,572.8,1
CUST10504,2024-03-16,60.0,Male,East,Premium,One Year,Bank Transfer,27,91.41,6,79,4,4.0,Yes,2511.31,0
CUST11334,2025-02-17,44.0,Female,Central,Standard,Two Year,Bank Transfer,16,51.0,12,9,0,2.0,No,823.75,0
CUST11871,2025-07-28,68.0,Male,South,Standard,Month-to-Month,Bank Transfer,11,58.69,6,103,2,4.0,Yes,596.64,1
CUST10948,2022-12-13,26.0,Male,Central,Basic,Two Year,Bank Transfer,43,24.72,9,15,0,3.581578947368421,No,1036.74,0
CUST11588,2025-05-01,48.0,Female,South,Premium,One Year,Mobile Wallet,14,82.28,3,24,2,4.0,Yes,1077.66,0
CUST10976,2024-09-16,33.0,Female,East,Standard,Month-to-Month,Bank Transfer,21,43.99,6,14,1,5.0,Yes,934.31,0
CUST10360,2023-11-17,62.0,Male,Central,Standard,Month-to-Month,Bank Transfer,31,58.08,11,14,2,2.0,No,1715.75,1
CUST11870,2025-06-29,42.0,Female,South,Standard,Month-to-Month,Credit Card,12,41.49,9,6,2,4.0,Yes,467.61,0
CUST10898,2024-04-03,35.0,Female,North,Standard,Month-to-Month,Bank Transfer,27,58.51,6,33,4,5.0,Yes,1536.02,0
CUST11626,2025-01-23,18.0,Male,South,Standard,Two Year,Cash,17,58.74,8,22,1,4.0,No,1010.33,1
CUST11354,2025-06-30,30.0,Female,Central,Basic,Two Year,Cash,12,23.89,7,11,2,2.0,No,297.58,0
CUST11425,2025-07-28,59.0,Male,South,Basic,Month-to-Month,Bank Transfer,11,29.3,8,5,0,4.0,Yes,335.87,0
CUST11774,2024-04-26,32.0,Male,East,Standard,Month-to-Month,Bank Transfer,26,52.97,9,28,1,3.0,No,1402.97,1
CUST11164,2025-01-26,34.0,Male,North,Premium,One Year,Cash,17,93.19,5,0,1,4.0,No,1559.97,0
CUST10423,2023-05-17,69.0,Male,North,Basic,Month-to-Month,Mobile Wallet,38,296.5,7,10,1,4.0,Yes,1167.49,1
CUST11062,2026-02-25,40.0,Female,South,Basic,Month-to-Month,Mobile Wallet,4,19.33,10,61,0,3.0,No,69.97,1
CUST10841,2025-03-22,32.0,Male,West,Basic,One Year,Credit Card,15,23.53,5,0,0,4.0,No,318.65,0
CUST10474,2023-12-02,35.0,Female,South,Standard,One Year,Cash,31,49.29,5,0,1,5.0,No,1458.69,0
CUST10179,2024-06-30,23.0,Male,West,Standard,Month-to-Month,Bank Transfer,24,46.11,8,8,1,5.0,No,1150.1,0
CUST11558,2025-01-20,18.0,Female,East,Premium,Month-to-Month,Cash,17,89.47,4,30,4,4.0,No,1564.38,1
CUST10454,2025-03-07,26.0,Female,North,Premium,Two Year,Credit Card,16,88.37,2,38,1,2.0,Yes,1288.79,1
CUST11517,2025-03-14,38.0,Female,Central,Standard,Month-to-Month,Bank Transfer,15,44.39,7,11,1,3.0,Yes,683.99,0
CUST10653,2025-08-15,55.0,Male,North,Basic,Month-to-Month,Mobile Wallet,10,26.9,7,7,2,5.0,Yes,249.51,0
CUST11548,2025-01-02,22.0,Male,South,Standard,One Year,Bank Transfer,18,56.07,6,97,2,5.0,No,933.16,0
CUST10691,2024-11-21,45.0,Male,Central,Basic,One Year,Cash,19,33.18,7,15,0,4.0,No,583.77,0
CUST11457,2025-06-17,24.0,Male,South,Standard,One Year,Cash,12,38.33,8,86,1,5.0,Yes,460.77,0
CUST10779,2021-11-16,47.0,Male,Central,Basic,Two Year,Credit Card,56,18.47,7,16,0,4.0,Yes,1026.09,0
CUST10441,2022-12-10,34.0,Male,North,Premium,Month-to-Month,Credit Card,43,80.89,2,12,0,4.0,No,3287.5,0
CUST10657,2025-05-06,60.0,Female,South,Standard,Month-to-Month,Bank Transfer,14,51.04,9,32,2,4.0,Yes,747.8,1
CUST10735,2025-09-03,58.0,Male,West,Premium,Two Year,Mobile Wallet,10,89.49,7,73,1,3.0,No,891.17,1
CUST11775,2025-04-03,49.0,Female,East,Basic,Month-to-Month,Credit Card,15,18.09,3,65,1,3.0,Yes,254.34,1
CUST10071,2025-03-10,63.0,Female,South,Basic,Two Year,Cash,15,37.39,7,7,2,5.0,No,509.08,0
CUST10666,2024-06-18,55.0,Male,West,Basic,Month-to-Month,Bank Transfer,24,22.31,6,7,1,4.0,No,526.74,0
CUST10758,2023-07-26,38.0,Male,North,Basic,Two Year,Bank Transfer,35,26.18,10,11,1,5.0,No,883.0,0
CUST11679,2024-07-19,54.0,Male,East,Standard,Two Year,Bank Transfer,23,62.51,7,15,2,4.0,No,1461.61,0
CUST11889,2022-07-19,59.0,Male,South,Standard,Two Year,Cash,48,56.31,8,23,3,3.0,No,2521.94,0
CUST10447,2021-07-23,66.0,Male,East,Basic,One Year,Credit Card,60,17.87,4,4,1,3.0,No,1018.87,0
CUST11599,2026-02-20,39.0,Female,South,Basic,Month-to-Month,Bank Transfer,4,24.51,2,64,0,4.0,No,95.73,0
CUST10742,2024-01-02,40.0,Male,Central,Standard,Two Year,Credit Card,30,57.29,4,14,6,5.0,No,1749.71,0
CUST10200,2024-10-23,59.0,Female,West,Basic,One Year,Bank Transfer,20,26.59,7,51,1,4.0,No,502.27,0
CUST11072,2022-12-17,61.0,Male,South,Basic,Month-to-Month,Cash,43,22.58,7,45,1,4.0,Yes,958.57,0
CUST10833,2024-07-03,67.0,Male,West,Standard,Month-to-Month,Credit Card,24,46.08,8,33,1,3.581578947368421,No,1029.26,1
CUST11408,2024-04-04,36.0,Female,Central,Standard,Two Year,Credit Card,27,52.02,2,3,1,3.581578947368421,No,1343.4,0
CUST11959,2024-10-07,51.0,Female,East,Premium,One Year,Bank Transfer,21,93.9,2,69,0,3.0,No,1788.92,1
CUST10658,2023-08-10,58.0,Male,East,Basic,Two Year,Cash,35,23.59,4,51,2,4.0,No,856.77,0
CUST11312,2026-04-12,25.0,Male,East,Premium,Month-to-Month,Credit Card,2,92.49,8,22,0,4.0,No,184.08,0
CUST10881,2026-02-28,58.0,Female,East,Basic,Two Year,Mobile Wallet,4,21.41,2,43,2,4.0,No,79.63,1
CUST11273,2023-02-06,44.07447916666667,Male,East,Basic,Two Year,Bank Transfer,41,32.65,5,88,1,3.0,Yes,1254.18,0
CUST10882,2022-09-14,53.0,Male,Central,Standard,One Year,Cash,46,36.55,4,18,0,3.0,No,1533.42,0
CUST10981,2023-10-28,28.0,Female,West,Standard,Month-to-Month,Mobile Wallet,32,52.49,9,52,1,3.0,No,1724.11,1
CUST10602,2023-06-30,25.0,Male,Central,Premium,Month-to-Month,Mobile Wallet,36,75.18,5,5,4,2.0,No,2501.15,0
CUST10116,2022-11-20,44.07447916666667,Male,West,Standard,Month-to-Month,Mobile Wallet,43,31.35,6,0,3,3.0,No,1251.11,0
CUST11681,2026-03-10,27.0,Female,West,Premium,Month-to-Month,Mobile Wallet,3,48.3553556701031,10,38,2,3.0,No,287.27,1
CUST10431,2025-06-11,44.07447916666667,Male,West,Standard,One Year,Credit Card,12,39.45,11,13,2,3.0,No,489.71,0
CUST10004,2024-03-29,68.0,Female,North,Basic,Month-to-Month,Cash,27,28.21,5,144,2,3.0,No,764.32,1
CUST10500,2023-06-09,45.0,Female,West,Basic,Month-to-Month,Cash,37,29.77,6,3,3,3.0,Yes,1128.95,1
CUST10046,2024-08-23,23.0,Male,South,Basic,Month-to-Month,Mobile Wallet,22,30.77,3,4,1,3.0,No,688.76,0
CUST10339,2025-04-21,38.0,Female,Central,Basic,Month-to-Month,Bank Transfer,14,38.76,4,14,1,3.0,No,516.34,0
CUST10694,2024-02-09,57.0,Female,Central,Standard,One Year,Cash,29,48.9,6,4,2,3.0,Yes,1441.95,0
CUST11777,2023-12-09,59.0,Male,South,Standard,Month-to-Month,Cash,31,45.5,4,1,1,4.0,No,1464.95,0
CUST10501,2026-03-18,38.0,Female,Central,Standard,One Year,Cash,3,49.87,7,36,3,4.0,No,154.63,1
CUST11391,2023-11-19,43.0,Male,West,Standard,One Year,Cash,31,44.58,5,71,4,3.581578947368421,No,1332.22,1
CUST10470,2023-06-08,18.0,Male,South,Standard,Month-to-Month,Cash,37,45.65,4,9,1,3.0,No,1563.28,1
CUST11619,2024-11-18,64.0,Male,North,Basic,Month-to-Month,Credit Card,19,27.31,7,28,2,4.0,Yes,507.13,0
CUST10945,2023-09-12,40.0,Female,North,Basic,Two Year,Bank Transfer,34,-6.1,5,19,4,4.0,No,-208.72,0
CUST11241,2026-03-05,67.0,Female,South,Basic,Two Year,Bank Transfer,3,20.86,7,13,5,3.0,No,64.77,1
CUST11818,2023-10-20,55.0,Male,East,Basic,Month-to-Month,Bank Transfer,32,9.76,5,37,1,4.0,No,300.31,1
CUST11868,2025-03-21,51.0,Female,East,Standard,Month-to-Month,Bank Transfer,15,46.41,5,0,0,5.0,Yes,661.93,0
CUST10194,2025-06-01,62.0,Female,North,Premium,One Year,Bank Transfer,13,97.08,7,8,1,3.0,No,1300.57,0
CUST10892,2024-06-01,24.0,Male,North,Standard,Month-to-Month,Mobile Wallet,25,60.65,5,32,1,3.0,No,1571.48,1
CUST11480,2026-01-13,39.0,Female,South,Standard,Month-to-Month,Cash,5,52.11,3,51,3,4.0,No,264.85,1
CUST11510,2025-12-06,64.0,Male,North,Standard,One Year,Credit Card,6,47.01,8,6,4,5.0,Yes,284.65,0
CUST11167,2024-09-19,18.0,Male,East,Standard,Month-to-Month,Mobile Wallet,21,60.22,5,14,2,3.0,No,1212.6,0
CUST10358,2025-04-22,32.0,Female,East,Basic,One Year,Cash,14,24.18,4,80,2,4.0,Yes,309.56,0
CUST10488,2025-02-11,19.0,Female,East,Standard,Month-to-Month,Credit Card,16,56.91,9,49,1,5.0,Yes,924.26,1
CUST11803,2026-03-05,65.0,Female,West,Basic,Month-to-Month,Cash,3,17.45,2,19,1,4.0,No,53.6,0
CUST10396,2024-12-29,42.0,Male,West,Basic,Month-to-Month,Bank Transfer,18,34.99,7,16,1,2.0,Yes,626.09,1
CUST10876,2025-08-31,39.0,Male,South,Standard,Month-to-Month,Credit Card,10,51.99,8,38,2,3.0,No,500.36,1
CUST11388,2024-11-15,23.0,Male,Central,Premium,One Year,Bank Transfer,19,94.75,4,26,1,3.0,No,1828.43,0
CUST10328,2023-10-16,66.0,Male,East,Standard,Month-to-Month,Credit Card,32,51.01,5,50,1,4.0,Yes,1601.94,0
CUST10415,2024-10-29,35.0,Male,North,Standard,Month-to-Month,Credit Card,20,44.96,7,20,5,3.0,No,831.02,1
CUST10578,2024-12-25,56.0,Male,Central,Premium,One Year,Mobile Wallet,18,97.52,13,25,1,5.0,Yes,1692.7,0
CUST10109,2021-12-22,67.0,Male,Central,Premium,Two Year,Credit Card,55,83.37,6,1,0,4.0,No,4366.55,0
CUST11533,2024-02-17,60.0,Male,West,Basic,Month-to-Month,Cash,28,28.27,8,3,2,3.0,No,746.54,0
CUST11283,2023-01-28,44.07447916666667,Female,East,Basic,Month-to-Month,Mobile Wallet,41,25.03,9,6,0,4.0,No,989.64,0
CUST10928,2025-08-26,29.0,Male,East,Premium,Month-to-Month,Cash,10,98.5,9,11,1,4.0,No,948.97,1
CUST10528,2024-09-10,67.0,Male,West,Premium,Two Year,Bank Transfer,21,95.06,8,9,5,1.0,Yes,2071.59,0
CUST10556,2021-02-21,58.0,Male,South,Basic,Month-to-Month,Cash,65,31.16,6,27,3,3.0,No,1847.57,0
CUST11399,2024-11-13,23.0,Female,South,Premium,One Year,Cash,19,88.53,3,5,1,3.581578947368421,No,1659.21,0
CUST11854,2025-03-03,56.0,Male,West,Basic,Month-to-Month,Cash,16,40.5,6,5,2,3.0,Yes,658.43,0
CUST10095,2024-02-19,69.0,Female,East,Standard,Month-to-Month,Bank Transfer,28,51.08,7,35,2,3.0,No,1337.79,1
CUST10972,2025-12-21,45.0,Female,North,Standard,Month-to-Month,Bank Transfer,6,47.87,7,24,1,2.0,Yes,268.74,1
CUST10593,2025-07-18,53.0,Female,East,Basic,Month-to-Month,Cash,11,23.22,4,43,3,4.0,Yes,261.83,1
CUST10019,2026-03-27,49.0,Female,East,Standard,Month-to-Month,Cash,3,54.42,3,0,1,5.0,Yes,163.18,1
CUST11637,2025-12-03,59.0,Male,Central,Standard,One Year,Mobile Wallet,6,65.17,7,15,1,3.0,Yes,407.82,0
CUST11633,2024-03-20,63.0,Male,West,Standard,Month-to-Month,Cash,27,60.74,2,26,1,2.0,No,1513.08,0
CUST11333,2025-05-10,42.0,Female,Central,Standard,Month-to-Month,Mobile Wallet,13,48.74,7,47,1,3.0,No,658.14,1
CUST10311,2025-03-16,69.0,Female,South,Basic,Two Year,Cash,15,28.31,2,117,1,3.0,No,423.03,0
CUST11274,2023-11-22,57.0,Female,North,Basic,Month-to-Month,Mobile Wallet,31,25.13,6,29,2,4.0,No,798.45,1
CUST10606,2025-12-08,48.0,Male,Central,Basic,Month-to-Month,Mobile Wallet,6,16.56,7,48,1,4.0,Yes,104.01,0
CUST10426,2024-06-13,62.0,Male,North,Premium,Month-to-Month,Mobile Wallet,24,92.35,7,2,1,5.0,Yes,2064.54,0
CUST10442,2026-03-12,68.0,Female,West,Premium,Month-to-Month,Bank Transfer,3,84.55,8,56,1,3.0,Yes,264.88,0
CUST11351,2021-03-04,56.0,Female,West,Premium,Month-to-Month,Cash,64,97.41,3,17,1,2.0,No,5810.67,0
CUST10222,2024-08-16,52.0,Female,West,Basic,One Year,Cash,22,30.23,7,25,0,5.0,No,626.75,0
CUST10925,2024-07-31,52.0,Male,North,Basic,One Year,Credit Card,23,26.65,10,6,2,2.0,No,577.68,0
CUST10728,2026-01-15,38.0,Male,East,Premium,One Year,Bank Transfer,5,86.6,4,45,1,5.0,No,436.77,0
CUST11194,2025-04-28,62.0,Male,Central,Basic,Month-to-Month,Cash,14,24.95,4,74,1,5.0,No,319.53,1
CUST10704,2025-05-14,56.0,Female,South,Standard,Month-to-Month,Cash,13,39.99,4,17,2,3.0,Yes,544.9,0
CUST10111,2022-03-12,49.0,Male,North,Standard,Month-to-Month,Bank Transfer,52,25.78,1,16,1,5.0,No,1342.53,1
CUST11227,2022-12-09,21.0,Female,East,Basic,Month-to-Month,Bank Transfer,43,29.29,1,26,2,3.0,Yes,1301.28,0
CUST11298,2024-08-26,18.0,Male,West,Basic,Month-to-Month,Mobile Wallet,22,22.33,3,4,2,4.0,No,492.46,0
CUST11481,2023-11-23,18.0,Male,North,Standard,One Year,Cash,31,39.76,2,33,3,3.0,No,1221.87,1
CUST11132,2024-08-25,53.0,Male,North,Standard,Month-to-Month,Mobile Wallet,22,40.81,6,11,3,4.0,Yes,859.57,0
CUST10313,2020-09-17,64.0,Male,South,Standard,One Year,Mobile Wallet,70,47.59,7,8,1,2.0,No,3104.57,0
CUST10287,2024-04-23,35.0,Female,South,Standard,Month-to-Month,Credit Card,26,40.84,6,3,2,3.0,No,981.3,0
CUST10802,2024-12-12,50.0,Male,Central,Standard,Month-to-Month,Bank Transfer,18,37.11,8,72,1,5.0,No,631.47,0
CUST11169,2023-01-31,62.0,Male,North,Standard,Month-to-Month,Cash,41,35.82,2,72,0,3.0,No,1339.44,1
CUST11226,2024-07-07,63.0,Male,East,Standard,One Year,Bank Transfer,24,38.41,2,56,3,3.0,Yes,906.03,1
CUST11455,2026-02-06,37.0,Male,North,Standard,Month-to-Month,Bank Transfer,4,45.55,9,11,1,4.0,No,172.32,0
CUST11754,2025-01-15,20.0,Male,South,Standard,Two Year,Credit Card,17,49.44,4,13,0,3.0,Yes,821.96,0
CUST11203,2021-06-03,20.0,Female,West,Basic,One Year,Mobile Wallet,61,27.81,9,25,2,3.0,No,1595.59,0
CUST11643,2022-05-19,39.0,Female,North,Basic,Month-to-Month,Cash,50,19.61,10,14,1,4.0,No,883.27,1
CUST11046,2023-06-06,44.07447916666667,Female,North,Basic,Month-to-Month,Mobile Wallet,37,28.98,5,38,4,3.0,No,983.63,1
CUST11886,2022-12-15,32.0,Female,North,Standard,Month-to-Month,Credit Card,43,60.2,6,0,2,4.0,No,2624.63,0
CUST10351,2021-04-16,65.0,Female,North,Standard,Month-to-Month,Credit Card,63,54.58,5,6,5,3.0,No,3279.28,0
CUST10687,2025-01-04,36.0,Male,Central,Basic,Two Year,Credit Card,18,22.01,9,0,3,5.0,Yes,384.44,0
CUST11779,2025-03-08,19.0,Male,East,Standard,One Year,Cash,15,64.36,9,9,2,2.0,Yes,1001.76,0
CUST10017,2023-09-14,62.0,Male,North,Standard,Month-to-Month,Credit Card,34,47.84,6,40,1,2.0,No,1669.77,0
CUST11104,2025-01-25,31.0,Male,North,Standard,Two Year,Cash,17,42.48,3,16,0,4.0,Yes,729.21,0
CUST11586,2023-06-06,47.0,Male,South,Basic,Month-to-Month,Mobile Wallet,37,17.58,9,7,2,4.0,Yes,622.05,0
CUST11025,2024-06-09,44.0,Male,South,Premium,Two Year,Credit Card,25,86.91,7,1,1,4.0,No,2012.06,0
CUST11561,2023-10-29,49.0,Male,East,Basic,Month-to-Month,Mobile Wallet,32,48.3553556701031,7,13,2,3.0,No,1236.74,0
CUST10620,2023-01-30,61.0,Female,West,Standard,One Year,Credit Card,41,32.25,6,2,2,4.0,No,1346.93,0
CUST11180,2024-05-16,19.0,Female,West,Basic,One Year,Credit Card,25,30.09,8,1,1,3.0,No,752.68,0
CUST11397,2025-12-08,26.0,Male,Central,Basic,One Year,Credit Card,6,14.29,3,52,2,4.0,No,88.65,1
CUST10540,2025-08-20,63.0,Female,Central,Premium,Two Year,Bank Transfer,10,97.62,4,11,2,3.0,Yes,1007.58,0
CUST10992,2024-10-01,18.0,Female,West,Premium,Month-to-Month,Mobile Wallet,21,94.03,4,38,1,5.0,No,1977.02,0
CUST10054,2022-07-29,65.0,Male,West,Premium,One Year,Credit Card,47,105.88,4,68,2,4.0,No,4535.23,0
CUST10263,2024-05-07,65.0,Female,North,Premium,Month-to-Month,Cash,26,100.25,4,19,0,5.0,No,2409.1,0
CUST10101,2025-06-01,38.0,Female,West,Basic,Month-to-Month,Mobile Wallet,13,23.02,7,61,3,3.0,No,281.3,1
CUST10275,2024-04-08,20.0,Female,South,Standard,Two Year,Credit Card,27,36.9,2,81,4,3.0,No,937.22,1
CUST11200,2024-06-05,63.0,Male,East,Standard,Month-to-Month,Credit Card,25,57.22,7,33,0,3.0,No,1302.53,0
CUST10517,2024-01-21,58.0,Male,West,Basic,Month-to-Month,Cash,29,19.73,4,49,1,3.0,No,537.7,1
CUST10249,2023-01-18,68.0,Male,South,Premium,Month-to-Month,Bank Transfer,41,92.97,5,35,0,2.0,Yes,3625.45,1
CUST10840,2023-12-16,30.0,Female,North,Basic,One Year,Credit Card,30,36.04,4,28,1,4.0,No,1052.96,0
CUST11946,2026-04-11,62.0,Male,North,Standard,One Year,Cash,2,46.46,7,15,1,4.0,No,91.32,0
CUST11935,2023-03-10,34.0,Male,North,Standard,Month-to-Month,Mobile Wallet,40,54.41,2,22,1,4.0,Yes,2193.18,0
CUST10572,2023-08-14,25.0,Male,East,Standard,Month-to-Month,Bank Transfer,35,53.05,9,5,0,2.0,Yes,1736.02,1
CUST10344,2025-10-11,30.0,Male,West,Basic,Month-to-Month,Credit Card,8,31.44,10,6,3,4.0,No,235.63,1
CUST10953,2023-12-29,60.0,Male,North,Basic,One Year,Bank Transfer,30,36.99,6,41,0,4.0,No,1120.8,0
CUST11011,2025-04-17,32.0,Male,East,Standard,Month-to-Month,Cash,14,65.4,9,0,1,3.0,No,827.46,0
CUST11771,2025-02-18,26.0,Male,West,Standard,Month-to-Month,Bank Transfer,16,55.18,7,19,1,2.0,No,846.54,1
CUST11353,2024-06-07,59.0,Male,South,Standard,Month-to-Month,Bank Transfer,25,52.31,6,51,1,4.0,No,1261.25,0
CUST10060,2026-03-02,18.0,Male,West,Basic,One Year,Mobile Wallet,4,25.04,5,37,2,4.0,Yes,95.2,1
CUST11701,2025-07-12,38.0,Male,Central,Standard,Month-to-Month,Cash,11,43.91,10,39,0,4.0,Yes,435.54,0
CUST11666,2024-09-13,48.0,Male,West,Premium,Two Year,Bank Transfer,21,94.25,3,19,1,4.0,No,1881.68,0
CUST10363,2026-01-17,58.0,Female,North,Premium,One Year,Bank Transfer,5,83.41,6,12,0,4.0,No,419.9,0
CUST11753,2024-10-21,64.0,Male,West,Premium,Month-to-Month,Cash,20,87.1,8,68,1,3.0,Yes,1715.09,0
CUST10210,2022-10-22,44.0,Male,West,Standard,Month-to-Month,Bank Transfer,44,43.44,7,57,5,5.0,No,1912.08,0
CUST10281,2025-07-16,32.0,Female,North,Basic,Month-to-Month,Bank Transfer,11,41.12,2,22,1,4.0,No,418.26,0
CUST11432,2025-04-26,37.0,Male,North,Basic,Two Year,Credit Card,14,23.37,5,4,3,4.0,No,331.03,0
CUST10835,2025-10-24,44.07447916666667,Female,East,Basic,Month-to-Month,Mobile Wallet,8,18.65,6,3,2,5.0,Yes,150.32,0
CUST10412,2024-08-01,55.0,Male,North,Basic,Month-to-Month,Cash,23,30.96,2,0,0,4.0,No,693.36,0
CUST11937,2022-06-12,66.0,Female,East,Standard,One Year,Credit Card,49,41.82,2,26,1,3.0,Yes,1972.98,1
CUST11244,2024-07-30,24.0,Male,South,Basic,One Year,Bank Transfer,23,28.84,5,97,0,4.0,No,655.59,0
CUST10993,2025-12-22,26.0,Female,North,Premium,Month-to-Month,Bank Transfer,6,89.39,7,81,2,4.0,No,499.98,1
CUST10947,2025-10-13,19.0,Female,Central,Standard,Month-to-Month,Bank Transfer,8,51.7,5,77,4,3.0,No,373.96,1
CUST11423,2025-04-20,44.07447916666667,Male,South,Standard,Month-to-Month,Mobile Wallet,14,46.61,7,58,0,4.0,No,684.46,1
CUST10324,2025-06-08,28.0,Female,West,Basic,One Year,Credit Card,12,33.76,7,24,1,5.0,Yes,389.89,0
CUST11898,2024-08-22,41.0,Female,North,Standard,Two Year,Bank Transfer,22,42.62,5,0,3,4.0,No,929.19,0
CUST11708,2026-04-15,38.0,Female,Central,Standard,Month-to-Month,Credit Card,2,40.44,6,23,3,4.0,Yes,81.76,1
CUST10028,2025-01-21,29.0,Female,North,Standard,One Year,Cash,17,45.46,5,5,4,4.0,No,748.05,0
CUST11316,2023-08-23,19.0,Female,East,Standard,Two Year,Credit Card,34,44.64,5,88,0,3.0,No,1387.77,0
CUST10603,2024-04-27,38.0,Female,West,Premium,Month-to-Month,Cash,26,83.95,2,1,1,3.0,No,2097.36,0
CUST11704,2024-11-30,44.07447916666667,Male,East,Standard,Month-to-Month,Credit Card,19,44.19,11,95,2,3.0,Yes,832.1,1
CUST10525,2024-07-21,61.0,Male,South,Premium,Month-to-Month,Cash,23,73.63,3,4,0,3.581578947368421,Yes,1575.49,0
CUST11799,2024-07-27,27.0,Male,East,Basic,One Year,Bank Transfer,23,20.77,7,0,0,4.0,No,437.21,0
CUST10224,2023-09-13,66.0,Female,South,Standard,Month-to-Month,Cash,34,52.2,6,10,2,4.0,No,1615.19,0
CUST11277,2024-01-24,46.0,Female,North,Standard,Two Year,Cash,29,46.67,7,12,4,4.0,No,1268.63,0
CUST11190,2025-12-21,34.0,Female,South,Premium,Month-to-Month,Mobile Wallet,6,88.55,9,125,1,3.0,Yes,494.54,1
CUST10845,2023-11-01,52.0,Female,Central,Premium,Month-to-Month,Bank Transfer,32,89.82,5,10,2,3.0,Yes,2749.59,0
CUST11417,2023-07-10,19.0,Male,East,Basic,Month-to-Month,Bank Transfer,36,35.32,8,39,5,5.0,Yes,1316.24,0
CUST11085,2024-11-07,34.0,Male,West,Premium,Two Year,Cash,20,79.86,11,11,1,3.0,No,1498.92,0
CUST10737,2025-03-22,35.0,Male,South,Standard,One Year,Mobile Wallet,15,46.73,9,21,1,3.0,No,634.91,0
CUST11489,2024-07-12,48.0,Male,East,Premium,Month-to-Month,Mobile Wallet,23,92.49,2,1,0,5.0,No,1999.79,0
CUST11674,2025-08-07,32.0,Male,West,Standard,One Year,Bank Transfer,10,56.64,4,18,1,2.0,No,552.14,1
CUST11435,2023-07-18,20.0,Female,Central,Basic,One Year,Mobile Wallet,35,48.3553556701031,5,5,1,4.0,No,915.45,0
CUST11177,2026-01-27,43.0,Male,South,Basic,Two Year,Cash,5,16.7,6,9,0,5.0,Yes,76.39,0
CUST11201,2020-07-29,46.0,Male,East,Standard,Two Year,Mobile Wallet,72,50.15,10,45,2,3.0,No,3775.51,0
CUST10930,2025-07-08,48.0,Male,South,Premium,Month-to-Month,Bank Transfer,11,85.03,3,9,2,4.0,No,919.85,1
CUST10151,2025-06-13,43.0,Female,Central,Basic,One Year,Bank Transfer,12,48.3553556701031,8,8,3,3.0,Yes,267.66,0
CUST10215,2025-10-25,44.07447916666667,Female,West,Standard,One Year,Cash,8,40.63,7,50,3,4.0,No,310.06,1
CUST10098,2025-07-23,44.0,Female,North,Premium,Month-to-Month,Bank Transfer,11,84.34,8,9,1,3.0,No,963.92,1
CUST11168,2025-05-30,46.0,Male,West,Basic,Month-to-Month,Bank Transfer,13,24.03,6,6,1,3.0,No,307.66,1
CUST11444,2024-01-10,62.0,Male,North,Basic,Month-to-Month,Bank Transfer,30,26.82,6,4,3,3.0,No,778.32,1
CUST10544,2024-11-18,35.0,Male,North,Standard,Month-to-Month,Bank Transfer,19,38.49,6,6,0,5.0,No,724.55,0
CUST10817,2025-02-27,64.0,Male,East,Basic,Month-to-Month,Cash,16,23.15,6,29,2,5.0,No,338.67,0
CUST11488,2026-03-25,63.0,Female,Central,Basic,Month-to-Month,Credit Card,3,23.93,4,15,2,3.0,Yes,68.9,1
CUST10012,2021-06-16,39.0,Female,East,Basic,One Year,Mobile Wallet,61,31.53,4,12,2,1.0,Yes,1976.42,0
CUST11707,2025-07-07,49.0,Male,South,Standard,Month-to-Month,Bank Transfer,11,42.54,8,69,3,2.0,No,444.36,1
CUST11405,2025-11-01,29.0,Male,South,Standard,One Year,Cash,8,48.14,9,0,1,3.581578947368421,No,375.21,0
CUST10167,2024-03-23,48.0,Male,West,Standard,Month-to-Month,Credit Card,27,47.17,12,9,1,4.0,Yes,1256.53,1
CUST11795,2024-09-15,34.0,Male,South,Standard,Month-to-Month,Credit Card,21,44.7,3,2,1,5.0,No,914.98,1
CUST10640,2024-12-15,69.0,Female,West,Basic,Month-to-Month,Credit Card,18,42.32,8,54,1,3.0,No,741.8,1
CUST10188,2023-05-25,41.0,Male,West,Premium,Month-to-Month,Mobile Wallet,37,88.38,6,52,2,2.0,No,3031.88,0
CUST10611,2025-08-10,44.07447916666667,Male,West,Standard,Month-to-Month,Bank Transfer,10,39.5,9,10,1,4.0,No,363.09,0
CUST11280,2024-12-16,24.0,Female,South,Standard,Month-to-Month,Credit Card,18,61.6,5,4,2,3.581578947368421,Yes,1153.48,0
CUST10043,2024-06-17,31.0,Male,South,Basic,Month-to-Month,Mobile Wallet,24,29.06,3,16,0,4.0,Yes,660.16,0
CUST10009,2024-05-19,59.0,Male,East,Standard,One Year,Mobile Wallet,25,40.93,11,54,2,2.0,Yes,952.68,0
CUST11465,2024-12-26,38.0,Female,West,Premium,Month-to-Month,Bank Transfer,18,94.22,7,1,0,3.0,No,1653.03,0
CUST10147,2025-07-02,41.0,Female,East,Standard,One Year,Cash,12,48.57,7,14,2,5.0,No,554.7,0
CUST10788,2026-03-18,44.07447916666667,Male,West,Premium,Month-to-Month,Mobile Wallet,3,99.88,10,27,0,5.0,No,293.1,0
CUST10013,2024-12-13,46.0,Male,West,Standard,One Year,Mobile Wallet,18,38.96,4,12,0,4.0,No,631.28,0
CUST10389,2025-11-16,65.0,Female,Central,Premium,Month-to-Month,Mobile Wallet,7,82.31,7,3,1,3.0,No,593.87,0
CUST11293,2025-09-10,54.0,Female,South,Premium,One Year,Bank Transfer,9,91.93,8,73,1,4.0,No,866.57,0
CUST10975,2024-09-21,21.0,Female,East,Basic,Month-to-Month,Credit Card,21,22.37,9,22,0,2.0,No,478.79,0
CUST10700,2021-10-08,55.0,Female,North,Premium,Two Year,Credit Card,57,85.34,5,57,0,3.0,Yes,4580.68,0
CUST11845,2025-04-12,18.0,Male,East,Basic,Month-to-Month,Mobile Wallet,14,24.05,7,51,0,5.0,Yes,318.4,0
CUST11648,2024-01-30,70.0,Female,Central,Premium,Month-to-Month,Cash,29,79.07,9,0,0,5.0,No,2354.17,0
CUST11152,2026-01-15,54.0,Male,North,Basic,Month-to-Month,Cash,5,39.6,4,27,0,2.0,Yes,193.29,1
CUST10985,2025-02-14,39.0,Male,Central,Basic,Month-to-Month,Mobile Wallet,16,37.58,6,208,0,3.0,Yes,606.41,1
CUST11731,2022-07-01,43.0,Male,North,Standard,Two Year,Bank Transfer,48,44.55,4,1,1,3.0,Yes,2245.27,0
CUST11952,2025-12-04,22.0,Male,West,Basic,Month-to-Month,Mobile Wallet,6,21.54,9,38,1,3.0,No,135.49,1
CUST10824,2024-04-06,37.0,Male,West,Basic,One Year,Cash,27,21.33,11,2,0,4.0,Yes,565.02,0
CUST11780,2023-09-18,33.0,Male,North,Basic,Month-to-Month,Credit Card,33,40.64,10,24,4,4.0,No,1348.91,0
CUST10492,2023-12-16,43.0,Female,West,Basic,Two Year,Credit Card,30,41.84,5,36,0,3.0,No,1236.8,0
CUST11688,2023-12-04,35.0,Female,East,Standard,Two Year,Cash,31,37.45,6,5,4,5.0,No,1153.88,0
CUST10957,2024-04-06,32.0,Male,East,Basic,Two Year,Bank Transfer,27,34.26,2,1,3,3.581578947368421,No,860.56,0
CUST10479,2023-01-17,37.0,Female,South,Premium,One Year,Mobile Wallet,42,96.63,8,13,3,4.0,No,4204.88,0
CUST11943,2025-11-01,38.0,Female,North,Standard,Two Year,Credit Card,8,48.3553556701031,2,6,1,2.0,Yes,373.7,0
CUST11499,2025-03-15,46.0,Male,West,Standard,One Year,Mobile Wallet,15,50.08,7,7,1,4.0,No,744.26,0
CUST11182,2024-10-30,48.0,Female,North,Premium,One Year,Cash,20,86.91,3,90,1,5.0,No,1802.77,0
CUST11450,2021-10-09,41.0,Male,West,Basic,Two Year,Mobile Wallet,57,24.1,12,73,5,4.0,No,1296.7,1
CUST11634,2024-07-19,47.0,Female,Central,Standard,One Year,Bank Transfer,23,54.0,9,11,2,4.0,No,1131.74,0
CUST10025,2026-04-08,53.0,Male,North,Standard,Month-to-Month,Credit Card,2,49.58,2,2,2,3.0,No,92.78,1
CUST11909,2022-06-24,43.0,Female,Central,Basic,Month-to-Month,Mobile Wallet,48,29.46,10,14,1,3.0,No,1298.16,1
CUST11471,2026-03-22,32.0,Male,North,Standard,Month-to-Month,Bank Transfer,3,55.27,7,9,1,5.0,No,173.47,0
CUST11033,2025-04-21,67.0,Male,Central,Basic,Month-to-Month,Mobile Wallet,14,14.52,3,124,2,4.0,No,202.34,1
CUST10855,2024-04-06,30.0,Female,East,Premium,Month-to-Month,Credit Card,27,93.19,5,10,0,3.581578947368421,No,2291.46,0
CUST10115,2020-07-13,34.0,Male,Central,Premium,One Year,Credit Card,72,86.28,1,33,1,4.0,No,5766.78,0
CUST10024,2026-02-23,22.0,Male,West,Standard,Month-to-Month,Cash,4,44.48,2,49,0,3.0,No,166.66,0
CUST10370,2025-07-23,24.0,Female,West,Basic,Two Year,Bank Transfer,11,18.72,6,64,1,2.0,No,195.06,0
CUST11022,2026-01-29,32.0,Female,Central,Basic,Month-to-Month,Cash,5,39.64,6,10,2,3.581578947368421,No,204.38,1
CUST10746,2025-10-01,65.0,Female,South,Basic,Month-to-Month,Credit Card,9,25.24,5,11,1,1.0,No,235.06,1
CUST10096,2026-05-20,33.0,Female,South,Standard,Month-to-Month,Bank Transfer,1,54.88,5,3,1,2.0,Yes,57.57,0
CUST11037,2025-10-14,47.0,Female,South,Basic,Two Year,Bank Transfer,8,22.6,3,9,2,3.581578947368421,Yes,188.42,0
CUST11986,2020-07-20,59.0,Female,South,Standard,One Year,Bank Transfer,72,31.12,3,18,2,3.0,No,2020.04,0
CUST11461,2025-10-19,29.0,Male,East,Standard,Month-to-Month,Cash,8,47.81,5,4,0,5.0,Yes,364.89,0
CUST10099,2025-10-24,54.0,Male,Central,Premium,Month-to-Month,Bank Transfer,8,82.69,6,80,2,2.0,No,597.06,1
CUST11522,2024-06-12,18.0,Female,Central,Basic,One Year,Cash,24,24.44,5,23,4,3.0,Yes,573.03,0
CUST11509,2022-07-09,25.0,Female,West,Standard,Month-to-Month,Bank Transfer,48,71.5,11,95,0,3.0,No,3171.12,0
CUST11358,2024-12-05,53.0,Male,West,Standard,Month-to-Month,Cash,19,59.85,6,17,1,3.0,No,1128.86,1
CUST10357,2024-09-15,46.0,Male,West,Standard,Month-to-Month,Mobile Wallet,21,51.16,4,108,3,4.0,Yes,1096.37,1
CUST10506,2025-11-18,50.0,Male,South,Basic,Month-to-Month,Bank Transfer,7,26.35,6,2,1,3.0,Yes,193.31,0
CUST10587,2025-10-16,18.0,Male,South,Basic,Month-to-Month,Credit Card,8,26.91,7,23,0,4.0,Yes,204.19,1
CUST11632,2026-05-23,45.0,Female,East,Premium,Month-to-Month,Credit Card,1,73.4,5,28,1,3.0,No,73.7,0
CUST11927,2022-01-01,47.0,Female,North,Premium,Month-to-Month,Cash,54,89.34,6,22,3,4.0,No,4756.37,0
CUST11956,2023-04-04,56.0,Male,East,Basic,Two Year,Bank Transfer,39,32.47,9,13,2,1.0,No,1303.15,0
CUST10630,2023-11-12,44.0,Male,Central,Standard,Month-to-Month,Cash,32,61.97,3,30,1,4.0,No,2010.58,1
CUST10688,2024-06-07,47.0,Male,West,Standard,One Year,Bank Transfer,25,56.22,6,51,0,3.0,No,1358.12,0
CUST11726,2024-10-30,39.0,Female,South,Basic,Two Year,Bank Transfer,20,31.78,4,3,0,1.0,No,594.05,0
CUST11751,2024-05-06,34.0,Male,North,Basic,Month-to-Month,Credit Card,26,15.03,6,62,4,2.0,No,381.23,1
CUST10270,2024-08-23,21.0,Female,North,Premium,Two Year,Bank Transfer,22,108.17,6,28,1,4.0,Yes,2290.15,0
CUST10118,2024-04-22,48.0,Male,South,Basic,Month-to-Month,Bank Transfer,26,34.52,5,15,1,3.0,No,942.2,0
CUST10117,2024-02-08,55.0,Male,West,Standard,One Year,Cash,29,36.95,8,23,2,3.0,Yes,1117.6,0
CUST10868,2025-11-12,63.0,Female,North,Basic,One Year,Mobile Wallet,7,25.8,4,10,0,4.0,No,176.43,0
CUST11924,2025-10-18,32.0,Female,North,Basic,Month-to-Month,Bank Transfer,8,38.43,4,59,0,3.0,No,293.58,1
CUST10561,2026-02-10,44.07447916666667,Male,North,Basic,Month-to-Month,Cash,4,36.8,7,27,1,4.0,No,143.69,1
CUST11732,2022-09-18,39.0,Female,North,Premium,Month-to-Month,Bank Transfer,46,94.1,6,7,4,5.0,No,4044.42,0
CUST11016,2022-02-27,31.0,Male,West,Basic,Month-to-Month,Cash,52,18.14,12,1,1,4.0,No,931.32,0
CUST11976,2024-06-26,21.0,Female,East,Premium,Month-to-Month,Mobile Wallet,24,107.7,7,28,1,4.0,No,2656.25,0
CUST11825,2023-12-07,50.0,Female,North,Standard,Month-to-Month,Bank Transfer,31,52.4,5,106,2,3.0,Yes,1474.15,1
CUST10164,2025-09-13,34.0,Female,East,Standard,One Year,Bank Transfer,9,37.67,5,123,1,3.0,No,353.67,1
CUST10596,2024-08-18,67.0,Female,West,Premium,Two Year,Cash,22,84.75,5,33,3,3.0,No,1900.93,1
CUST11529,2024-08-15,39.0,Male,South,Basic,One Year,Cash,22,36.67,4,4,1,2.0,No,758.16,0
CUST11812,2025-12-20,66.0,Male,West,Basic,Month-to-Month,Bank Transfer,6,17.92,5,6,0,1.0,No,111.87,1
CUST10465,2026-02-25,66.0,Male,West,Premium,One Year,Credit Card,4,87.69,6,33,1,2.0,No,320.41,0
CUST11165,2021-08-19,46.0,Male,Central,Standard,Month-to-Month,Credit Card,59,34.37,9,2,2,3.0,Yes,1832.03,0
CUST11106,2024-10-11,48.0,Female,North,Premium,One Year,Cash,20,82.46,5,11,3,2.0,Yes,1647.7,1
CUST10142,2025-11-19,28.0,Male,Central,Basic,Two Year,Mobile Wallet,7,18.85,7,34,1,3.0,No,122.8,1
CUST10113,2025-07-23,48.0,Female,North,Premium,One Year,Mobile Wallet,11,98.46,5,10,2,5.0,No,1101.8,0
CUST11487,2022-08-24,56.0,Female,East,Standard,Month-to-Month,Mobile Wallet,46,36.73,5,28,3,3.0,No,1615.61,1
CUST11232,2023-05-21,58.0,Male,North,Premium,One Year,Bank Transfer,37,93.88,6,36,1,3.0,No,3357.53,0
CUST10378,2026-05-18,40.0,Male,South,Basic,Month-to-Month,Cash,1,22.24,6,43,1,4.0,No,22.51,0
CUST10063,2024-02-04,37.0,Female,West,Basic,Two Year,Credit Card,29,27.19,4,7,1,3.0,No,713.68,0
CUST11876,2023-06-28,49.0,Female,South,Basic,Month-to-Month,Credit Card,36,21.25,6,4,2,3.0,No,796.41,1
CUST10643,2025-06-05,46.0,Male,North,Basic,Month-to-Month,Credit Card,13,23.99,9,0,3,3.0,No,293.44,0
CUST10186,2024-02-15,64.0,Male,South,Basic,One Year,Bank Transfer,28,20.12,5,38,0,4.0,No,553.14,0
CUST11806,2024-04-07,54.0,Male,North,Standard,Month-to-Month,Bank Transfer,27,38.38,10,16,1,3.0,Yes,1063.86,0
CUST11930,2025-01-10,26.0,Female,East,Basic,One Year,Credit Card,17,27.61,3,62,1,3.0,No,433.4,1
CUST10586,2026-01-02,57.0,Male,North,Standard,Month-to-Month,Mobile Wallet,5,32.14,5,41,0,4.0,No,154.93,1
CUST10294,2024-12-16,70.0,Female,West,Standard,Month-to-Month,Bank Transfer,18,54.38,6,33,0,5.0,No,989.75,0
CUST10562,2025-02-27,21.0,Male,West,Basic,Two Year,Credit Card,16,32.3,12,45,2,2.0,No,541.62,0
CUST10453,2023-07-08,54.0,Female,North,Basic,Month-to-Month,Credit Card,36,26.28,5,119,1,3.0,No,876.66,1
CUST10286,2024-08-26,54.0,Female,North,Standard,One Year,Bank Transfer,22,46.32,4,40,3,5.0,No,1062.74,0
CUST11883,2024-03-31,24.0,Male,West,Premium,Month-to-Month,Bank Transfer,27,105.06,9,28,3,4.0,No,2554.82,0
CUST10565,2025-01-15,38.0,Male,West,Basic,Two Year,Credit Card,17,9.67,5,14,1,2.0,Yes,152.62,0
CUST10300,2023-06-04,44.07447916666667,Male,West,Standard,Two Year,Credit Card,37,43.05,2,27,1,3.0,No,1460.44,0
CUST10848,2025-06-21,25.0,Male,North,Basic,Month-to-Month,Credit Card,12,23.78,8,4,1,3.0,Yes,270.73,0
CUST10315,2026-01-26,29.0,Male,South,Basic,Month-to-Month,Mobile Wallet,5,26.18,5,32,1,3.0,Yes,130.66,1
CUST10903,2022-01-14,22.0,Female,East,Standard,Month-to-Month,Bank Transfer,54,65.43,9,37,0,2.0,Yes,3341.33,1
CUST11095,2023-10-24,47.0,Male,South,Basic,Month-to-Month,Credit Card,32,26.33,6,15,0,4.0,No,883.51,0
CUST10359,2025-04-10,38.0,Female,East,Premium,One Year,Bank Transfer,14,102.58,7,21,2,3.581578947368421,No,1414.09,1
CUST10130,2025-10-08,37.0,Male,North,Basic,Month-to-Month,Credit Card,8,25.46,7,20,1,4.0,Yes,199.7,0
CUST11496,2024-11-27,18.0,Female,Central,Standard,Month-to-Month,Credit Card,19,62.59,5,93,0,5.0,No,1139.54,0
CUST10189,2025-01-31,20.0,Female,South,Standard,Month-to-Month,Cash,17,54.37,10,11,2,3.0,No,868.78,0
CUST10027,2022-07-27,37.0,Male,North,Basic,Two Year,Bank Transfer,47,25.03,6,25,4,3.0,No,1192.99,0
CUST11573,2024-01-10,50.0,Female,West,Standard,Month-to-Month,Cash,30,52.28,9,17,1,3.0,No,1638.92,0
CUST11098,2025-09-09,57.0,Female,Central,Standard,One Year,Cash,9,65.24,6,26,3,3.0,No,610.46,1
CUST11192,2024-11-11,70.0,Male,Central,Basic,One Year,Cash,19,42.83,11,5,2,3.0,No,764.12,1
CUST11236,2022-07-20,62.0,Female,North,Standard,Month-to-Month,Credit Card,48,47.95,4,38,1,4.0,No,2126.81,1
CUST10637,2025-02-16,34.0,Male,West,Standard,Month-to-Month,Bank Transfer,16,53.46,8,23,0,3.0,No,840.54,0
CUST11682,2025-10-23,38.0,Male,West,Standard,One Year,Bank Transfer,8,52.55,6,24,2,3.0,No,430.86,1
CUST10744,2024-08-24,32.0,Female,East,Standard,Month-to-Month,Mobile Wallet,22,66.29,4,24,0,4.0,Yes,1418.54,1
CUST11580,2024-10-19,60.0,Female,Central,Premium,One Year,Bank Transfer,20,87.29,5,51,3,4.0,No,1604.73,0
CUST11179,2023-01-17,51.0,Male,North,Standard,Two Year,Bank Transfer,42,48.3553556701031,4,17,0,3.0,No,1859.21,0
CUST10266,2025-05-10,28.0,Male,South,Basic,Month-to-Month,Mobile Wallet,13,16.61,4,46,3,4.0,Yes,198.85,1
CUST11528,2026-03-21,62.0,Male,North,Standard,Month-to-Month,Bank Transfer,3,51.6,11,40,0,3.0,No,156.37,1
CUST11513,2026-05-10,32.0,Female,West,Standard,Month-to-Month,Credit Card,1,46.02,8,41,0,2.0,No,43.98,0
CUST10075,2024-12-19,44.0,Male,South,Basic,Two Year,Cash,18,18.1,5,56,6,5.0,No,298.92,1
CUST11750,2024-08-22,61.0,Female,East,Basic,Month-to-Month,Mobile Wallet,22,19.07,7,29,3,4.0,No,420.83,1
CUST11015,2025-05-16,30.0,Female,North,Basic,Month-to-Month,Mobile Wallet,13,33.61,4,47,2,2.0,No,415.74,1
CUST11287,2024-02-24,34.0,Female,South,Premium,Month-to-Month,Cash,28,100.45,7,3,1,3.0,No,2784.55,0
CUST10739,2022-08-18,24.0,Female,South,Basic,Month-to-Month,Mobile Wallet,47,23.06,8,76,1,4.0,No,1007.02,1
CUST11950,2020-07-06,58.0,Male,North,Standard,Month-to-Month,Cash,72,59.33,8,3,3,4.0,Yes,4441.53,0
CUST11285,2023-06-01,44.07447916666667,Female,Central,Standard,Month-to-Month,Bank Transfer,37,36.18,7,6,1,2.0,No,1361.14,1
CUST11324,2022-10-13,66.0,Female,South,Standard,Month-to-Month,Mobile Wallet,45,52.53,4,28,1,4.0,No,2454.68,0
CUST10806,2025-11-12,45.0,Male,West,Standard,One Year,Cash,7,39.52,9,180,2,3.0,No,259.66,1
CUST10180,2025-02-02,25.0,Female,Central,Standard,Two Year,Bank Transfer,17,52.62,6,16,1,4.0,Yes,865.2,0
CUST10765,2025-08-09,23.0,Male,North,Standard,One Year,Mobile Wallet,10,49.13,9,32,1,2.0,Yes,447.31,1
CUST10663,2025-12-28,51.0,Male,North,Basic,One Year,Mobile Wallet,6,27.91,3,24,0,5.0,No,155.07,0
CUST11249,2024-02-29,36.0,Female,Central,Basic,Two Year,Bank Transfer,28,30.91,2,57,1,2.0,No,846.52,1
CUST10376,2023-12-16,44.0,Male,Central,Basic,Month-to-Month,Bank Transfer,30,25.86,9,43,2,5.0,No,797.9,0
CUST10660,2023-11-05,33.0,Female,South,Standard,Month-to-Month,Cash,32,51.02,6,88,1,4.0,No,1664.72,1
CUST10023,2024-08-17,56.0,Male,Central,Standard,One Year,Mobile Wallet,22,55.53,5,0,2,3.0,No,1182.05,0
CUST10346,2024-12-05,27.0,Male,Central,Standard,One Year,Credit Card,19,58.81,7,13,2,5.0,No,1049.53,0
CUST11654,2025-03-15,45.0,Male,Central,Standard,Month-to-Month,Bank Transfer,15,41.52,8,13,1,4.0,No,612.46,0
CUST11816,2022-01-02,64.0,Male,West,Standard,Month-to-Month,Credit Card,54,45.13,3,62,0,3.581578947368421,No,2341.62,1
CUST11734,2025-10-06,62.0,Female,Central,Basic,Two Year,Bank Transfer,8,28.84,7,6,1,4.0,No,218.21,0
CUST10008,2025-08-14,60.0,Male,North,Standard,Month-to-Month,Credit Card,10,45.59,7,15,3,3.0,No,435.47,1
CUST10228,2025-06-08,44.07447916666667,Male,East,Basic,One Year,Mobile Wallet,12,22.95,5,36,0,4.0,No,249.28,0
CUST10489,2025-07-30,68.0,Male,East,Standard,Month-to-Month,Bank Transfer,11,45.6,6,42,1,2.0,No,455.23,0
CUST10213,2025-05-12,31.0,Female,West,Premium,One Year,Cash,13,108.3,1,48,1,4.0,No,1397.3,0
CUST11172,2025-12-06,43.0,Female,South,Basic,Two Year,Credit Card,6,27.07,10,75,0,3.0,Yes,166.53,0
CUST10571,2025-01-24,26.0,Male,North,Basic,Month-to-Month,Mobile Wallet,17,7.46,4,40,2,5.0,No,130.2,0
CUST10449,2024-11-12,32.0,Female,East,Standard,Two Year,Cash,19,54.24,5,63,1,5.0,Yes,1060.85,0
CUST10747,2023-10-27,39.0,Male,South,Premium,Two Year,Mobile Wallet,32,97.18,4,59,4,4.0,Yes,3124.2,0
CUST10015,2023-09-25,61.0,Male,North,Basic,One Year,Credit Card,33,31.28,3,8,0,4.0,Yes,985.41,0
CUST11490,2024-05-17,56.0,Male,North,Basic,Month-to-Month,Cash,25,17.83,7,20,2,3.0,No,406.4,1
CUST11793,2025-09-21,30.0,Female,West,Standard,Two Year,Cash,9,48.3553556701031,4,32,1,3.0,Yes,414.09,0
CUST11709,2025-04-17,46.0,Female,South,Basic,Month-to-Month,Bank Transfer,14,23.74,4,10,1,5.0,Yes,304.18,0
CUST11318,2025-10-06,62.0,Female,West,Standard,Two Year,Bank Transfer,8,54.7,3,35,0,4.0,No,446.91,0
CUST11670,2025-04-24,36.0,Male,South,Basic,Month-to-Month,Bank Transfer,14,35.77,4,28,1,4.0,Yes,497.09,0
CUST10546,2024-06-25,55.0,Female,South,Premium,Month-to-Month,Mobile Wallet,24,48.3553556701031,3,51,3,4.0,No,2025.1,1
CUST11170,2024-04-30,48.0,Female,South,Premium,Two Year,Mobile Wallet,26,86.69,6,2,1,4.0,No,2059.34,0
CUST11911,2021-02-19,37.0,Male,North,Standard,Month-to-Month,Cash,65,56.91,7,20,2,4.0,Yes,3556.8,0
CUST10354,2023-01-07,30.0,Male,East,Premium,Month-to-Month,Mobile Wallet,42,90.68,6,12,1,3.581578947368421,No,3776.37,0
CUST10754,2025-10-09,28.0,Male,West,Basic,Month-to-Month,Mobile Wallet,8,24.01,10,22,1,3.0,No,196.21,0
CUST10207,2022-11-27,56.0,Female,West,Premium,Month-to-Month,Credit Card,43,84.15,5,72,0,4.0,No,3507.67,0
CUST11198,2026-01-22,44.07447916666667,Female,South,Standard,Month-to-Month,Bank Transfer,5,53.53,5,154,2,5.0,Yes,265.8,1
CUST11275,2025-05-12,38.0,Male,South,Standard,Month-to-Month,Mobile Wallet,13,47.61,5,41,2,5.0,No,591.75,0
CUST11483,2023-01-23,52.0,Female,North,Standard,Month-to-Month,Bank Transfer,41,59.67,6,31,2,5.0,No,2251.12,1
CUST10416,2024-12-06,62.0,Male,North,Basic,One Year,Mobile Wallet,19,10.29,5,64,4,5.0,Yes,201.34,1
CUST11718,2022-09-29,34.0,Male,West,Standard,Month-to-Month,Credit Card,45,56.77,8,2,2,3.0,No,2403.57,0
CUST11074,2024-10-24,31.0,Male,Central,Premium,Month-to-Month,Bank Transfer,20,91.65,0,1,2,3.0,Yes,1783.64,1
CUST11581,2024-07-21,64.0,Female,South,Standard,One Year,Cash,23,45.24,13,3,1,4.0,Yes,1071.57,0
CUST10707,2024-11-02,28.0,Female,West,Premium,One Year,Cash,20,73.09,5,26,1,2.0,Yes,1526.26,0
CUST11109,2025-06-26,59.0,Male,North,Standard,Month-to-Month,Cash,12,45.65,5,60,1,3.0,Yes,521.36,1
CUST10619,2025-05-06,69.0,Female,North,Basic,Two Year,Bank Transfer,14,30.06,6,8,0,4.0,Yes,388.25,0
CUST10536,2024-07-21,53.0,Male,East,Basic,Month-to-Month,Bank Transfer,23,34.59,5,30,2,4.0,Yes,819.22,0
CUST10348,2023-11-03,28.0,Female,East,Standard,One Year,Mobile Wallet,32,50.68,4,18,1,4.0,Yes,1564.59,0
CUST11049,2024-09-29,25.0,Female,North,Standard,One Year,Credit Card,21,58.21,6,18,2,3.0,No,1259.39,0
CUST10403,2025-01-07,69.0,Female,North,Basic,Two Year,Bank Transfer,17,48.3553556701031,1,12,2,4.0,No,430.02,1
CUST10362,2025-05-13,68.0,Male,North,Basic,One Year,Mobile Wallet,13,18.89,5,27,2,5.0,No,253.34,0
CUST10026,2025-06-29,23.0,Male,East,Standard,Month-to-Month,Bank Transfer,12,45.7,7,73,2,4.0,No,570.44,1
CUST11124,2024-03-15,68.0,Male,South,Basic,Two Year,Credit Card,27,23.97,8,31,2,5.0,Yes,629.32,0
CUST11783,2023-06-12,55.0,Female,North,Basic,One Year,Mobile Wallet,37,14.11,8,18,0,4.0,Yes,537.5,0
CUST10177,2023-12-20,42.0,Female,Central,Basic,Month-to-Month,Credit Card,30,26.42,6,42,1,3.0,No,778.98,1
CUST11947,2023-02-21,20.0,Female,Central,Standard,One Year,Credit Card,40,50.93,2,0,2,3.0,No,2078.69,1
CUST10887,2025-09-06,39.0,Female,North,Basic,Two Year,Credit Card,9,24.55,3,92,3,3.0,No,217.99,1
CUST11413,2025-02-15,44.07447916666667,Female,Central,Premium,Month-to-Month,Credit Card,16,101.15,10,8,2,3.0,No,1636.91,0
CUST10683,2025-08-05,48.0,Male,East,Standard,Month-to-Month,Bank Transfer,10,51.5,6,89,3,3.0,No,488.94,1
CUST10252,2025-01-05,39.0,Female,East,Basic,Month-to-Month,Mobile Wallet,18,23.35,6,27,5,4.0,No,414.04,1
CUST10414,2021-08-25,53.0,Male,North,Standard,Month-to-Month,Credit Card,59,60.44,7,9,0,4.0,Yes,3226.21,0
CUST10558,2023-07-16,59.0,Female,East,Standard,One Year,Bank Transfer,36,61.08,9,22,1,4.0,No,1982.66,0
CUST10553,2024-03-21,40.0,Female,Central,Basic,Month-to-Month,Bank Transfer,27,26.39,10,9,4,3.0,No,687.49,1
CUST10193,2023-02-28,22.0,Male,West,Standard,One Year,Bank Transfer,40,45.49,4,10,1,4.0,No,1853.01,0
CUST11150,2025-09-15,28.0,Male,North,Premium,Month-to-Month,Mobile Wallet,9,96.43,5,29,1,3.0,No,837.53,1
CUST11882,2025-12-28,25.0,Female,South,Basic,One Year,Cash,6,31.71,7,0,1,3.0,Yes,192.98,0
CUST11042,2020-07-07,30.0,Male,West,Standard,Month-to-Month,Cash,72,52.98,8,3,0,2.0,No,3659.48,0
CUST10445,2024-04-25,35.0,Male,West,Basic,Month-to-Month,Cash,26,16.6,6,0,4,4.0,No,420.44,1
CUST10795,2026-02-16,58.0,Male,South,Standard,One Year,Bank Transfer,4,48.5,8,13,1,4.0,No,191.46,0
CUST11323,2025-09-03,32.0,Male,West,Basic,Month-to-Month,Mobile Wallet,10,37.2,8,11,1,3.0,No,362.04,1
CUST11872,2020-09-18,67.0,Female,Central,Standard,One Year,Credit Card,70,51.98,7,7,1,4.0,No,3520.79,0
CUST11757,2023-12-11,27.0,Female,Central,Premium,Two Year,Mobile Wallet,31,94.67,4,56,2,3.0,No,2692.55,0
CUST10451,2025-02-13,25.0,Male,Central,Standard,One Year,Credit Card,16,45.77,8,27,2,3.0,No,703.77,1
CUST11584,2025-01-08,27.0,Male,East,Standard,One Year,Mobile Wallet,17,54.76,9,59,2,3.0,No,944.76,0
CUST10464,2024-10-27,50.0,Male,East,Basic,One Year,Mobile Wallet,20,34.4,5,1,0,4.0,Yes,688.4,0
CUST10984,2026-01-27,65.0,Male,North,Standard,Month-to-Month,Bank Transfer,5,54.41,5,70,0,5.0,Yes,277.04,0
CUST10458,2025-09-11,41.0,Male,West,Basic,Month-to-Month,Mobile Wallet,9,27.29,8,68,1,2.0,No,224.03,1
CUST11384,2024-04-01,28.0,Male,Central,Basic,Two Year,Cash,27,30.42,3,26,3,4.0,Yes,812.72,0
CUST10951,2024-08-22,30.0,Male,North,Standard,Two Year,Cash,22,55.42,10,11,2,4.0,No,1238.91,0
CUST10828,2024-12-20,33.0,Female,Central,Standard,Two Year,Cash,18,41.67,5,4,3,4.0,No,723.36,0
CUST11591,2025-01-28,49.0,Female,North,Standard,Month-to-Month,Cash,17,49.52,3,57,1,4.0,No,820.57,1
CUST10369,2025-07-09,39.0,Female,Central,Basic,Month-to-Month,Credit Card,11,16.98,5,50,1,5.0,No,187.16,1
CUST10484,2024-01-16,27.0,Male,North,Premium,One Year,Bank Transfer,29,105.04,4,44,0,4.0,No,2971.08,0
CUST10684,not_a_date,35.0,Female,East,Standard,Month-to-Month,Cash,1,47.3,7,5,1,3.0,No,46.88,0
CUST11195,2023-01-10,52.0,Male,North,Standard,Month-to-Month,Cash,42,52.05,2,13,5,4.0,Yes,2001.56,0
CUST10307,2025-10-13,64.0,Female,East,Basic,Month-to-Month,Cash,8,8.23,1,6,1,4.0,No,66.51,0
CUST10285,2025-01-14,33.0,Female,South,Basic,One Year,Mobile Wallet,17,29.31,6,3,1,3.0,No,453.0,1
CUST11733,2024-08-07,22.0,Male,South,Standard,Month-to-Month,Credit Card,23,482.8,4,21,2,4.0,Yes,1117.69,0
CUST11294,2024-09-12,24.0,Female,South,Basic,Two Year,Bank Transfer,21,17.17,4,64,5,3.0,No,369.51,0
CUST10717,2025-01-15,65.0,Female,North,Premium,Two Year,Bank Transfer,17,48.3553556701031,9,18,4,3.0,Yes,1642.37,0
CUST11295,2025-05-26,31.0,Female,South,Standard,Month-to-Month,Bank Transfer,13,36.05,7,23,1,4.0,Yes,465.11,0
CUST10748,2026-01-16,31.0,Female,West,Premium,Month-to-Month,Bank Transfer,5,74.24,8,51,2,3.0,No,387.77,1
CUST11102,2025-06-08,36.0,Male,West,Premium,One Year,Cash,12,90.44,5,69,4,2.0,No,1007.49,0
CUST10635,2022-01-08,44.07447916666667,Female,North,Standard,Month-to-Month,Mobile Wallet,54,57.32,5,21,1,4.0,Yes,3245.3,0
CUST11564,2025-05-16,48.0,Male,West,Standard,Month-to-Month,Bank Transfer,13,53.69,7,45,1,4.0,No,655.94,0
CUST11116,2024-07-11,42.0,Male,North,Basic,One Year,Cash,23,274.0,6,51,3,3.0,No,586.33,1
CUST11523,2022-10-24,23.0,Female,West,Basic,Two Year,Mobile Wallet,44,29.85,4,13,2,3.0,No,1230.52,0
CUST10721,2023-11-07,27.0,Female,South,Basic,Month-to-Month,Bank Transfer,32,32.77,7,15,2,5.0,No,989.52,0
CUST11082,2022-01-28,44.07447916666667,Male,Central,Standard,One Year,Cash,53,55.02,8,72,2,3.0,No,3058.13,1
CUST11644,2024-09-17,58.0,Female,North,Standard,Month-to-Month,Mobile Wallet,21,49.37,7,58,0,3.0,No,936.08,1
CUST10097,2024-05-09,47.0,Male,North,Standard,Month-to-Month,Cash,26,55.8,5,16,1,3.0,No,1484.09,1
CUST10797,2025-04-24,70.0,Male,North,Premium,One Year,Mobile Wallet,14,97.64,5,64,0,4.0,Yes,1407.04,0
CUST11813,2021-04-07,39.0,Female,North,Basic,Two Year,Cash,63,30.71,8,20,2,5.0,Yes,1801.9,0
CUST11978,2025-06-22,24.0,Male,West,Standard,Two Year,Bank Transfer,12,62.78,11,41,1,3.0,Yes,690.29,0
CUST10139,2023-08-13,69.0,Female,North,Premium,Month-to-Month,Cash,35,93.79,6,19,1,4.0,No,3284.62,0
CUST11231,2025-04-15,51.0,Male,East,Standard,Month-to-Month,Mobile Wallet,14,38.23,0,16,1,4.0,No,506.13,0
CUST11922,2024-01-06,69.0,Female,East,Standard,Month-to-Month,Bank Transfer,30,69.24,5,22,1,4.0,No,1906.84,0
CUST10720,2025-01-01,60.0,Female,East,Standard,One Year,Cash,18,52.63,10,60,2,3.0,No,935.12,0
CUST11792,2025-02-10,48.0,Male,North,Standard,Month-to-Month,Bank Transfer,16,58.18,7,31,2,3.0,No,907.2,1
CUST11824,2025-10-10,32.0,Female,West,Standard,Month-to-Month,Cash,8,54.57,2,6,2,3.0,No,441.9,0
CUST11992,2024-03-31,24.0,Female,South,Premium,One Year,Bank Transfer,27,96.45,10,43,2,3.0,Yes,2479.4,0
CUST11189,2026-05-15,22.0,Male,West,Standard,Month-to-Month,Cash,1,50.79,3,34,1,4.0,No,53.16,1
CUST11949,2025-10-02,33.0,Female,Central,Premium,One Year,Mobile Wallet,9,92.36,7,7,1,4.0,No,764.6,0
CUST10128,2024-04-03,41.0,Female,North,Premium,One Year,Bank Transfer,27,97.0,7,16,2,4.0,No,2434.5,0
CUST11126,2024-06-06,27.0,Male,East,Basic,Month-to-Month,Credit Card,25,32.14,3,1,1,4.0,Yes,800.27,0
CUST10762,2023-08-11,24.0,Male,North,Standard,Month-to-Month,Cash,35,34.73,9,29,1,5.0,No,1098.65,0
CUST11321,2026-04-18,32.0,Female,East,Basic,One Year,Bank Transfer,2,23.54,4,18,2,5.0,No,47.13,0
CUST11467,2024-07-10,43.0,Male,North,Standard,One Year,Credit Card,24,52.23,7,28,0,3.0,No,1183.02,0
CUST10522,2023-12-24,20.0,Female,North,Standard,Month-to-Month,Bank Transfer,30,57.46,3,33,0,5.0,No,1652.7,0
CUST10264,2024-08-24,18.0,Female,Central,Basic,Month-to-Month,Mobile Wallet,22,20.27,6,5,2,4.0,Yes,430.92,0
CUST11849,2024-11-18,41.0,Male,West,Premium,One Year,Mobile Wallet,19,101.16,8,5,0,2.0,Yes,1759.05,0
CUST11576,2025-06-27,40.0,Female,West,Standard,Two Year,Cash,12,59.18,4,36,1,5.0,Yes,736.75,0
CUST11600,2025-07-19,26.0,Male,Central,Basic,One Year,Mobile Wallet,11,41.51,6,3,1,3.0,No,441.18,0
CUST10631,2025-10-12,47.0,Male,West,Basic,Two Year,Credit Card,8,28.31,1,1,3,3.0,No,212.16,0
CUST10498,2026-01-06,19.0,Male,North,Basic,Month-to-Month,Mobile Wallet,5,31.7,5,26,3,4.0,No,149.68,1
CUST11923,2025-03-04,37.0,Female,South,Standard,Two Year,Bank Transfer,16,63.22,4,31,1,3.0,Yes,1017.36,0
CUST11336,2024-04-20,33.0,Female,North,Standard,Month-to-Month,Bank Transfer,26,51.28,9,2,2,2.0,No,1334.31,1
CUST11677,2025-06-19,27.0,Male,South,Premium,Month-to-Month,Cash,12,94.37,6,46,1,3.0,No,1031.46,0
CUST10921,2025-05-05,66.0,Female,West,Basic,Two Year,Bank Transfer,14,13.0,4,52,1,4.0,No,169.08,0
CUST10432,2024-06-18,56.0,Female,West,Standard,Two Year,Mobile Wallet,24,44.16,9,47,1,3.0,No,1047.47,0
CUST11725,2025-04-15,63.0,Male,North,Basic,Month-to-Month,Credit Card,14,19.64,5,31,4,4.0,No,279.0,1
CUST11744,2023-05-22,33.0,Male,West,Basic,Month-to-Month,Mobile Wallet,37,42.77,3,8,5,2.0,No,1610.62,1
CUST10068,2025-05-07,42.0,Female,North,Basic,One Year,Cash,13,38.05,7,15,2,4.0,Yes,476.63,0
CUST10943,2024-11-09,60.0,Female,South,Premium,One Year,Mobile Wallet,19,99.99,4,43,1,5.0,No,1934.13,0
CUST10971,2026-04-09,62.0,Male,North,Basic,Month-to-Month,Bank Transfer,2,18.65,4,69,2,4.0,Yes,37.61,1
CUST11827,2025-08-12,39.0,Female,East,Premium,Month-to-Month,Mobile Wallet,10,96.55,10,18,1,3.0,No,917.58,0
CUST10838,2024-03-30,21.0,Female,South,Standard,One Year,Credit Card,27,37.89,6,6,1,3.0,No,1011.2,0
CUST10573,2026-05-07,39.0,Female,West,Premium,Month-to-Month,Mobile Wallet,1,84.24,10,27,1,3.0,No,83.3,0
CUST10334,2026-01-15,47.0,Female,North,Basic,Month-to-Month,Cash,5,17.52,2,63,2,4.0,No,90.2,1
CUST10338,2025-02-16,44.07447916666667,Female,North,Premium,Month-to-Month,Bank Transfer,16,85.09,6,3,3,3.0,No,1404.24,1
CUST10856,2025-06-27,47.0,Female,West,Standard,Two Year,Bank Transfer,12,46.94,4,24,2,3.0,No,552.95,1
CUST10664,2024-03-20,68.0,Male,South,Basic,Month-to-Month,Bank Transfer,27,35.18,5,0,1,3.0,Yes,875.59,1
CUST10383,2025-02-15,63.0,Female,East,Basic,One Year,Bank Transfer,16,24.62,5,45,0,5.0,Yes,380.04,0
CUST11938,2024-04-04,58.0,Female,North,Basic,One Year,Bank Transfer,27,37.39,5,12,1,3.0,No,980.46,0
CUST10055,2025-09-24,56.0,Male,West,Basic,Month-to-Month,Bank Transfer,9,19.75,7,202,1,4.0,No,162.92,1
CUST10701,2025-01-28,65.0,Male,South,Basic,Month-to-Month,Credit Card,17,21.24,4,23,1,4.0,No,346.04,0
CUST10804,2026-05-08,53.0,Female,North,Standard,Month-to-Month,Credit Card,1,41.19,8,24,1,5.0,No,39.75,1
CUST10705,2026-04-17,60.0,Male,East,Standard,Month-to-Month,Mobile Wallet,2,32.05,5,45,0,3.0,No,62.57,1
CUST11544,2025-05-09,47.0,Male,East,Basic,Month-to-Month,Mobile Wallet,13,16.45,8,27,4,3.0,Yes,205.1,1
CUST11810,2025-03-07,55.0,Female,North,Basic,Month-to-Month,Bank Transfer,16,20.04,6,56,1,5.0,No,297.35,0
CUST11692,2023-08-05,54.0,Female,North,Premium,One Year,Credit Card,35,92.14,11,68,3,5.0,No,3166.35,0
CUST10170,2025-09-22,46.0,Male,South,Standard,Two Year,Cash,9,51.6,8,8,2,3.0,No,470.91,0
CUST10173,2025-01-02,67.0,Male,Central,Basic,Two Year,Cash,18,48.3553556701031,9,83,1,5.0,No,395.99,0
CUST11649,2024-10-28,64.0,Female,West,Basic,Month-to-Month,Mobile Wallet,20,26.02,7,31,1,3.0,No,515.74,0
CUST10326,2025-03-21,34.0,Female,West,Standard,Month-to-Month,Bank Transfer,15,38.45,7,34,1,2.0,No,598.47,1
CUST10503,2024-09-26,25.0,Female,East,Standard,One Year,Cash,21,49.39,8,43,2,3.581578947368421,No,1018.82,0
CUST11010,2025-12-01,36.0,Female,West,Standard,Month-to-Month,Cash,7,60.75,3,25,1,5.0,No,392.71,1
CUST10409,2024-08-02,33.0,Male,Central,Premium,Month-to-Month,Cash,23,87.56,4,21,3,4.0,No,2069.18,1
CUST10905,2023-02-13,26.0,Female,West,Premium,One Year,Bank Transfer,41,86.05,3,11,1,5.0,No,3309.68,0
CUST10297,2024-09-04,61.0,Female,West,Basic,Month-to-Month,Cash,22,17.72,6,20,2,2.0,Yes,407.51,0
CUST11427,2024-07-11,55.0,Male,North,Basic,Month-to-Month,Credit Card,23,22.37,7,18,2,3.0,No,501.52,1
CUST10613,2024-01-27,54.0,Female,Central,Standard,Two Year,Credit Card,29,57.0,5,1,3,4.0,No,1664.38,0
CUST11526,2023-04-13,26.0,Female,South,Basic,One Year,Cash,39,27.3,4,13,3,4.0,No,1073.24,0
CUST11851,2025-03-07,42.0,Female,Central,Basic,One Year,Credit Card,16,23.95,7,20,1,4.0,Yes,382.1,1
CUST10718,2024-11-24,19.0,Male,West,Basic,Two Year,Bank Transfer,19,29.28,6,26,1,4.0,No,504.79,0
CUST10740,2022-07-24,44.07447916666667,Male,North,Standard,Month-to-Month,Bank Transfer,47,46.29,10,0,0,4.0,No,2131.52,0
CUST10671,2024-04-05,54.0,Female,East,Premium,One Year,Mobile Wallet,27,94.69,11,121,1,3.0,Yes,2452.37,1
CUST10648,2026-03-03,43.0,Male,West,Standard,Month-to-Month,Mobile Wallet,3,50.73,7,16,2,4.0,Yes,149.42,1
CUST11830,2026-01-11,69.0,Male,East,Standard,One Year,Mobile Wallet,5,64.11,7,27,4,3.0,No,314.06,1
CUST11640,2026-02-03,21.0,Female,West,Basic,Month-to-Month,Cash,4,26.08,10,70,2,5.0,Yes,103.8,1
CUST11981,2022-12-17,64.0,Female,South,Premium,Month-to-Month,Cash,43,93.79,3,12,3,3.0,No,3694.12,0
CUST11589,2024-05-20,47.0,Female,North,Standard,Two Year,Cash,25,51.43,7,35,2,4.0,Yes,1177.51,0
CUST11139,2025-04-20,60.0,Female,West,Standard,One Year,Mobile Wallet,14,49.24,8,30,1,3.0,No,687.31,0
CUST10531,2024-07-20,69.0,Male,West,Premium,Month-to-Month,Credit Card,23,88.27,6,2,3,2.0,No,2053.86,1
CUST10407,2024-07-12,49.0,Male,West,Basic,Month-to-Month,Mobile Wallet,23,21.71,13,9,2,5.0,Yes,453.65,1
CUST10199,2026-04-03,67.0,Male,South,Standard,Two Year,Credit Card,2,42.85,8,39,3,3.0,No,87.03,1
CUST10473,2022-02-09,67.0,Male,North,Basic,Month-to-Month,Bank Transfer,53,48.3553556701031,7,59,1,5.0,No,1469.73,0
CUST10751,2026-01-20,48.0,Male,South,Basic,Month-to-Month,Credit Card,5,26.64,5,33,0,5.0,No,122.86,1
CUST10738,2025-06-17,34.0,Male,South,Premium,One Year,Mobile Wallet,12,85.26,5,12,1,3.0,No,997.12,1
CUST10755,2022-08-25,62.0,Female,North,Standard,Month-to-Month,Mobile Wallet,46,58.52,9,19,1,3.581578947368421,Yes,2610.13,0
CUST10216,2025-08-17,28.0,Male,North,Basic,Month-to-Month,Credit Card,10,17.13,10,48,0,3.0,No,157.99,1
CUST10253,2024-10-26,40.0,Male,North,Premium,Month-to-Month,Bank Transfer,20,86.13,0,21,1,3.0,Yes,1576.67,1
CUST10152,2025-02-15,57.0,Female,North,Standard,Month-to-Month,Mobile Wallet,16,52.45,0,11,2,4.0,No,804.77,0
CUST11839,2025-02-23,57.0,Female,West,Premium,Month-to-Month,Bank Transfer,16,91.96,6,11,1,3.0,Yes,1535.73,1
CUST11369,2022-07-17,31.0,Male,South,Standard,Month-to-Month,Credit Card,48,54.15,4,7,0,3.0,Yes,2725.44,0
CUST11673,2022-09-06,52.0,Female,North,Standard,Month-to-Month,Bank Transfer,46,42.77,5,72,1,3.0,No,1792.74,0
CUST11582,2024-03-17,30.0,Female,South,Standard,Two Year,Credit Card,27,40.49,6,44,1,2.0,Yes,1095.44,0
CUST11653,2025-08-17,56.0,Male,North,Standard,Month-to-Month,Mobile Wallet,10,55.52,5,9,3,4.0,No,515.31,1
CUST10978,2025-05-29,24.0,Female,East,Basic,Month-to-Month,Credit Card,13,28.13,8,79,2,3.581578947368421,No,368.3,1
CUST10725,2020-10-12,43.0,Male,North,Premium,One Year,Mobile Wallet,69,98.02,10,12,1,3.0,Yes,6473.1,0
CUST11623,2021-10-22,70.0,Female,North,Standard,Two Year,Cash,57,43.74,4,24,2,5.0,No,2354.14,0
CUST11247,2022-06-16,54.0,Female,North,Premium,Month-to-Month,Credit Card,49,95.64,7,31,0,3.0,No,4538.67,0
CUST10530,2025-12-22,48.0,Male,West,Basic,Month-to-Month,Credit Card,6,21.09,5,22,0,4.0,Yes,132.34,0
CUST11149,2024-11-13,68.0,Female,Central,Standard,Month-to-Month,Credit Card,19,48.58,3,7,1,3.0,Yes,846.63,1
CUST11261,2025-07-08,44.0,Male,South,Basic,Two Year,Cash,11,48.3553556701031,7,97,1,4.0,Yes,286.17,0
CUST10240,2025-10-08,37.0,Male,West,Basic,Two Year,Mobile Wallet,8,11.69,7,27,0,4.0,No,93.42,0
CUST11020,2023-03-15,35.0,Female,Central,Premium,Month-to-Month,Credit Card,40,83.52,9,33,2,3.0,Yes,3212.57,1
CUST11361,2022-09-08,25.0,Female,South,Standard,Month-to-Month,Mobile Wallet,46,53.78,5,8,1,3.0,Yes,2399.58,1
CUST10187,2025-04-14,70.0,Male,North,Standard,Two Year,Mobile Wallet,14,48.34,8,114,1,3.0,Yes,617.85,0
CUST10246,2024-07-21,64.0,Male,East,Standard,Month-to-Month,Cash,23,51.8,3,46,1,4.0,No,1230.13,1
CUST11320,2023-09-17,34.0,Male,East,Basic,Two Year,Mobile Wallet,33,20.26,4,27,4,3.581578947368421,No,622.01,0
CUST11401,2026-01-07,32.0,Female,North,Basic,One Year,Credit Card,5,16.34,2,9,2,5.0,No,77.94,1
CUST11051,2024-04-25,62.0,Male,North,Standard,One Year,Credit Card,26,54.81,5,28,0,5.0,No,1370.2,0
CUST10692,2020-07-25,34.0,Female,North,Standard,Month-to-Month,Credit Card,72,51.64,6,10,2,3.0,No,3409.29,0
CUST10302,2026-03-29,29.0,Male,East,Standard,Month-to-Month,Credit Card,3,61.18,8,3,2,2.0,No,192.43,1
CUST10283,2022-07-11,31.0,Male,North,Basic,Month-to-Month,Cash,48,27.91,5,2,1,4.0,Yes,1222.3,0
CUST11225,2022-10-10,52.0,Male,Central,Basic,Two Year,Cash,45,10.96,6,5,2,5.0,No,478.46,0
CUST10505,2024-11-16,56.0,Male,West,Basic,One Year,Mobile Wallet,19,9.99,9,64,1,4.0,No,171.45,0
CUST11941,2023-05-11,63.0,Male,East,Standard,Month-to-Month,Cash,38,44.95,5,55,2,4.0,No,1688.57,1
CUST10321,2026-01-18,38.0,Male,East,Standard,Month-to-Month,Cash,5,54.92,3,18,2,4.0,Yes,271.67,0
CUST11980,2024-06-23,26.0,Female,Central,Premium,Two Year,Credit Card,24,88.14,3,52,1,4.0,No,2208.8,0
CUST11269,2024-05-28,23.0,Female,East,Basic,One Year,Bank Transfer,25,12.22,5,3,1,4.0,Yes,284.06,0
CUST10857,2024-09-24,44.07447916666667,Female,Central,Standard,Month-to-Month,Cash,21,346.0,9,6,2,5.0,No,719.18,1
CUST10621,2025-08-13,65.0,Female,East,Basic,Month-to-Month,Bank Transfer,10,28.64,8,116,2,3.0,No,298.63,1
CUST11120,2025-07-01,65.0,Female,West,Basic,Two Year,Mobile Wallet,12,28.95,7,68,2,2.0,No,324.56,1
CUST11050,2026-05-01,20.0,Male,West,Standard,Two Year,Credit Card,2,52.57,5,81,0,3.0,No,100.57,0
CUST10122,2026-02-26,26.0,Female,North,Standard,Month-to-Month,Mobile Wallet,4,48.3553556701031,6,10,1,2.0,Yes,185.5,0
CUST10830,2022-11-30,33.0,Male,East,Standard,Month-to-Month,Bank Transfer,43,44.55,10,8,2,5.0,No,1775.5,0
CUST10510,2025-05-06,57.0,Male,North,Basic,Two Year,Cash,14,22.51,7,0,0,2.0,No,285.84,0
CUST10280,2025-06-17,26.0,Male,North,Premium,One Year,Cash,12,94.21,8,50,1,3.0,No,1061.73,0
CUST11263,2024-11-05,45.0,Male,Central,Standard,Two Year,Cash,20,52.8,10,52,2,3.0,Yes,1107.89,1
CUST11306,2024-09-15,39.0,Male,East,Standard,One Year,Mobile Wallet,21,45.6,2,83,1,4.0,No,991.07,0
CUST11396,2025-11-16,46.0,Female,East,Standard,Month-to-Month,Credit Card,7,52.77,2,13,2,5.0,Yes,384.17,1
CUST11081,2026-05-24,27.0,Female,Central,Basic,Month-to-Month,Bank Transfer,1,32.91,2,26,0,3.0,No,33.68,1
CUST11420,2020-12-07,50.0,Female,West,Basic,Month-to-Month,Credit Card,67,22.12,6,0,1,2.0,No,1377.94,0
CUST11355,2025-01-03,53.0,Female,North,Standard,One Year,Mobile Wallet,18,47.23,10,22,1,3.0,No,809.11,0
CUST10756,2023-11-10,40.0,Female,South,Basic,Month-to-Month,Bank Transfer,32,27.41,6,6,0,3.581578947368421,No,880.35,1
CUST10677,2025-08-06,39.0,Female,East,Standard,One Year,Credit Card,10,59.79,4,26,4,4.0,Yes,571.7,1
CUST10518,2023-09-16,18.0,Female,North,Basic,Month-to-Month,Bank Transfer,33,22.32,2,1,2,4.0,No,731.85,0
CUST11984,2023-10-23,61.0,Male,East,Basic,Month-to-Month,Bank Transfer,32,23.91,3,6,1,4.0,No,774.08,0
CUST11520,2023-05-03,66.0,Male,South,Premium,Month-to-Month,Mobile Wallet,38,101.15,2,74,0,4.0,No,3477.53,1
CUST10067,2023-11-08,34.0,Male,South,Basic,Month-to-Month,Credit Card,32,35.23,6,4,4,4.0,Yes,1143.94,0
CUST10332,2021-07-22,59.0,Female,West,Basic,Month-to-Month,Bank Transfer,60,30.68,6,38,1,4.0,Yes,1816.1,0
CUST10568,2024-06-25,48.0,Male,South,Basic,Two Year,Credit Card,24,19.73,5,38,0,5.0,No,496.51,0
CUST10879,2023-02-08,27.0,Female,East,Basic,Month-to-Month,Mobile Wallet,41,19.0,13,76,0,4.0,No,722.56,1
CUST11206,2026-01-30,37.0,Female,East,Basic,Month-to-Month,Bank Transfer,5,31.65,9,34,3,3.0,No,147.81,1
CUST11441,2024-10-21,60.0,Female,North,Premium,Month-to-Month,Credit Card,20,101.69,9,7,4,3.581578947368421,No,1985.15,1
CUST11039,2026-03-12,23.0,Male,North,Standard,Two Year,Credit Card,3,55.73,5,23,0,4.0,Yes,170.27,1
CUST10472,2024-04-09,70.0,Male,North,Premium,One Year,Mobile Wallet,27,80.76,9,31,1,4.0,Yes,2008.2,0
CUST10970,2023-11-28,54.0,Female,South,Basic,Two Year,Credit Card,31,27.02,7,3,0,3.581578947368421,No,775.01,0
CUST10511,2023-07-13,28.0,Female,West,Standard,One Year,Credit Card,36,65.44,6,12,1,4.0,No,2159.71,0
CUST10477,2024-01-28,53.0,Male,East,Standard,Two Year,Bank Transfer,29,57.73,6,0,2,4.0,No,1519.32,0
CUST10912,2024-11-02,34.0,Male,Central,Standard,Two Year,Cash,20,60.1,4,43,1,4.0,Yes,1103.45,0
CUST11409,2024-09-09,43.0,Female,West,Basic,Month-to-Month,Bank Transfer,21,37.79,2,38,2,4.0,No,764.88,1
CUST10318,2025-08-05,31.0,Female,South,Standard,Month-to-Month,Credit Card,10,41.53,4,143,5,4.0,No,416.58,1
CUST11680,2024-12-29,18.0,Male,West,Standard,Two Year,Mobile Wallet,18,38.3,3,11,2,2.0,Yes,637.75,0
CUST11729,2025-10-03,21.0,Male,South,Standard,Month-to-Month,Cash,9,42.26,2,4,2,3.0,No,396.57,0
CUST11171,2024-10-07,37.0,Male,West,Standard,One Year,Bank Transfer,21,60.23,4,74,2,2.0,Yes,1155.85,0
CUST10581,2022-08-23,57.0,Female,East,Basic,One Year,Bank Transfer,46,29.14,2,12,1,4.0,No,1308.23,0
CUST10132,2020-10-11,19.0,Female,East,Basic,Month-to-Month,Mobile Wallet,69,24.3,3,34,2,5.0,No,1610.11,0
CUST11823,2020-10-10,44.0,Male,East,Basic,One Year,Credit Card,69,28.45,5,11,2,5.0,No,1923.36,0
CUST11508,2025-02-02,35.0,Female,North,Standard,One Year,Mobile Wallet,17,48.3553556701031,3,31,2,3.0,No,608.14,0
CUST10816,2025-08-28,63.0,Female,Central,Basic,Month-to-Month,Mobile Wallet,10,11.43,6,70,2,5.0,No,108.07,0
CUST10933,2024-09-28,38.0,Female,West,Basic,Month-to-Month,Credit Card,21,24.04,1,44,1,4.0,No,479.73,1
CUST11962,2025-04-04,63.0,Female,East,Standard,Month-to-Month,Credit Card,15,45.55,6,7,2,2.0,Yes,636.22,0
CUST10368,2024-04-21,46.0,Female,South,Premium,Month-to-Month,Credit Card,26,87.51,3,4,2,3.0,Yes,2105.66,0
CUST10732,2025-04-22,63.0,Female,North,Standard,One Year,Mobile Wallet,14,36.91,3,72,0,3.0,No,494.23,0
CUST11518,2023-07-31,29.0,Female,North,Basic,One Year,Bank Transfer,35,25.36,6,2,2,3.0,No,802.32,0
CUST10125,2025-12-19,46.0,Female,East,Basic,Month-to-Month,Bank Transfer,6,23.73,4,35,1,3.0,Yes,136.22,1
CUST11800,2025-01-27,22.0,Male,East,Standard,Month-to-Month,Bank Transfer,17,47.77,6,2,0,4.0,No,823.92,0
CUST11048,2025-09-18,37.0,Male,Central,Basic,Month-to-Month,Bank Transfer,9,29.92,9,37,2,5.0,Yes,276.84,0
CUST10256,2025-09-28,29.0,Male,West,Standard,Month-to-Month,Mobile Wallet,9,64.97,7,11,1,4.0,Yes,588.55,1
CUST11979,2024-04-07,38.0,Female,North,Standard,Two Year,Mobile Wallet,27,62.73,4,3,2,2.0,No,1627.05,0
CUST11118,2024-07-18,66.0,Female,South,Premium,Month-to-Month,Bank Transfer,23,88.85,5,27,1,1.0,Yes,2119.9,1
CUST10289,2024-06-30,50.0,Male,North,Standard,Month-to-Month,Mobile Wallet,24,49.68,9,9,3,3.0,No,1244.31,1
CUST11547,2020-07-13,57.0,Male,West,Standard,Month-to-Month,Mobile Wallet,72,58.06,7,5,1,5.0,No,4259.47,0
CUST10777,not_a_date,40.0,Female,North,Standard,Month-to-Month,Credit Card,6,59.08,0,67,1,1.0,No,341.2,0
CUST10081,2023-07-13,27.0,Male,South,Standard,Month-to-Month,Cash,36,47.85,6,20,3,3.0,No,1668.48,0
CUST10053,2022-08-27,38.0,Female,West,Basic,One Year,Cash,46,12.61,8,59,3,4.0,No,550.49,1
CUST11667,2023-09-13,48.0,Female,North,Standard,Month-to-Month,Cash,34,48.3553556701031,4,4,1,4.0,No,1537.59,0
CUST11088,2021-02-27,62.0,Male,East,Basic,Month-to-Month,Bank Transfer,64,18.4,5,16,0,2.0,Yes,1090.9,0
CUST10557,2025-10-29,67.0,Female,East,Basic,Two Year,Cash,8,48.3553556701031,5,18,2,2.0,No,194.64,0
CUST10040,2022-04-10,52.0,Male,South,Basic,Month-to-Month,Cash,51,22.65,8,1,0,3.0,No,1190.57,0
CUST11137,2025-08-07,54.0,Female,South,Basic,Two Year,Mobile Wallet,10,13.51,5,74,2,2.0,Yes,123.24,0
CUST10261,2025-06-01,52.0,Male,West,Standard,One Year,Bank Transfer,13,52.27,6,19,2,2.0,No,626.31,0
CUST11002,2020-07-11,63.0,Female,North,Standard,Two Year,Cash,72,54.56,6,26,3,3.0,No,3793.22,0
CUST10967,2023-10-27,47.0,Male,North,Basic,Month-to-Month,Mobile Wallet,32,30.1,4,7,0,3.0,No,906.48,0
CUST10083,2025-06-08,39.0,Female,North,Basic,One Year,Credit Card,12,25.01,10,13,1,3.581578947368421,Yes,284.13,0
CUST11724,2024-05-24,69.0,Male,East,Standard,Month-to-Month,Cash,25,59.74,5,41,0,5.0,Yes,1406.33,0
CUST11638,2025-03-05,56.0,Male,North,Standard,Month-to-Month,Cash,16,48.3553556701031,4,14,2,4.0,No,975.7,0
CUST11562,2025-06-08,39.0,Female,North,Basic,Month-to-Month,Credit Card,12,27.6,5,47,1,3.0,No,326.65,1
CUST11446,2021-03-05,33.0,Female,Central,Standard,Month-to-Month,Cash,64,60.91,8,12,3,2.0,No,3908.49,0
CUST10030,2022-10-16,49.0,Female,West,Basic,One Year,Mobile Wallet,45,15.6,6,33,0,5.0,No,710.02,0
CUST10513,2026-01-29,58.0,Female,South,Basic,Two Year,Bank Transfer,5,33.29,5,24,0,4.0,Yes,172.81,0
CUST11005,2025-04-20,26.0,Female,South,Standard,Month-to-Month,Credit Card,14,42.64,4,32,0,4.0,No,610.41,1
CUST11305,2026-04-02,69.0,Female,Central,Basic,Month-to-Month,Cash,2,28.22,8,8,1,3.581578947368421,No,56.15,1
CUST11904,2025-08-01,43.0,Male,East,Standard,One Year,Bank Transfer,11,60.8,9,13,1,3.0,Yes,666.74,0
CUST11852,2021-07-18,31.0,Male,East,Standard,Two Year,Bank Transfer,60,46.5,5,107,0,3.0,No,2884.47,0
CUST11229,2026-03-27,24.0,Male,North,Standard,Month-to-Month,Bank Transfer,3,44.43,7,13,3,5.0,No,131.81,0
CUST11313,2025-04-26,27.0,Male,North,Basic,Two Year,Mobile Wallet,14,23.37,9,8,1,4.0,Yes,319.18,0
CUST11602,2025-02-23,68.0,Male,West,Basic,Two Year,Cash,16,31.67,5,3,1,3.0,Yes,457.85,1
CUST11543,2025-09-26,69.0,Female,North,Standard,Month-to-Month,Credit Card,9,46.0,7,12,0,2.0,No,427.6,1
CUST10863,2025-05-05,19.0,Female,East,Standard,Month-to-Month,Cash,14,52.5,5,57,1,5.0,Yes,728.31,0
CUST11844,2024-08-28,32.0,Female,North,Standard,Month-to-Month,Mobile Wallet,22,48.41,3,74,1,4.0,Yes,1099.76,1
CUST11884,2025-02-12,34.0,Male,South,Premium,Two Year,Credit Card,16,104.26,12,8,1,3.0,No,1740.7,0
CUST10048,2021-05-06,41.0,Male,West,Basic,Two Year,Cash,62,19.87,7,12,3,5.0,No,1205.16,0
CUST11199,2023-09-04,39.0,Female,West,Premium,Month-to-Month,Cash,34,86.64,3,18,3,4.0,No,2705.53,0
CUST11931,2025-09-28,26.0,Female,East,Standard,One Year,Mobile Wallet,9,41.33,7,48,1,2.0,No,357.49,1
CUST10467,2023-04-03,50.0,Female,Central,Basic,Month-to-Month,Bank Transfer,39,2.12,8,9,2,4.0,No,77.62,0
CUST10153,2025-05-29,18.0,Female,East,Basic,Month-to-Month,Credit Card,13,12.67,3,43,1,4.0,Yes,151.93,1
CUST11578,2025-08-10,63.0,Male,Central,Premium,Month-to-Month,Mobile Wallet,10,78.88,5,25,0,3.0,No,796.2,0
CUST11885,2023-07-05,21.0,Female,South,Premium,Two Year,Cash,36,83.63,5,66,0,4.0,No,2918.63,1
CUST10394,2025-08-05,59.0,Female,North,Standard,One Year,Bank Transfer,10,48.97,3,0,0,5.0,Yes,459.38,0
CUST10123,2025-10-06,30.0,Male,South,Standard,Month-to-Month,Credit Card,8,40.43,7,69,0,4.0,No,320.57,1
CUST10355,2025-11-27,48.0,Female,East,Premium,Month-to-Month,Mobile Wallet,7,83.69,4,47,0,1.0,No,610.05,1
CUST10134,2023-05-27,41.0,Female,East,Premium,One Year,Cash,37,84.72,1,8,1,4.0,Yes,2840.56,0
CUST10268,2025-09-24,60.0,Male,North,Premium,Two Year,Credit Card,9,101.2,3,5,4,3.0,Yes,916.12,0
CUST10385,2025-05-07,24.0,Female,Central,Standard,One Year,Cash,13,40.18,10,6,0,3.0,No,471.79,0
CUST10609,2022-09-11,57.0,Male,South,Standard,Month-to-Month,Cash,46,46.09,8,19,3,4.0,Yes,2193.89,0
CUST10220,2024-10-09,47.0,Male,South,Basic,Month-to-Month,Mobile Wallet,20,31.83,9,133,4,3.0,Yes,581.95,1
CUST10041,2026-04-25,28.0,Female,North,Basic,Two Year,Mobile Wallet,2,33.28,9,1,1,2.0,No,62.96,0
CUST10219,2024-09-21,49.0,Male,South,Basic,Month-to-Month,Credit Card,21,14.09,8,20,1,3.0,No,286.56,0
CUST10597,2025-10-07,18.0,Male,East,Standard,Two Year,Mobile Wallet,8,53.01,5,6,0,4.0,No,403.29,0
CUST11266,2024-06-24,66.0,Female,North,Basic,Month-to-Month,Cash,24,17.47,3,8,3,3.0,No,400.64,1
CUST11760,2023-06-13,25.0,Male,South,Basic,Month-to-Month,Credit Card,37,36.13,5,39,1,4.0,Yes,1344.57,0
CUST10680,2025-03-05,43.0,Male,North,Premium,One Year,Credit Card,16,92.86,4,24,1,5.0,No,1498.6,0
CUST11090,2025-10-31,45.0,Female,North,Basic,Month-to-Month,Mobile Wallet,8,35.48,5,30,2,4.0,No,263.19,1
CUST11918,2025-04-04,51.0,Female,East,Basic,Two Year,Bank Transfer,15,24.18,6,14,1,3.0,No,333.33,0
CUST11675,2023-09-05,56.0,Male,Central,Basic,Month-to-Month,Cash,34,17.56,12,7,2,3.0,No,617.55,0
CUST10541,2024-06-30,43.0,Female,East,Standard,Month-to-Month,Mobile Wallet,24,44.11,5,5,2,3.0,No,967.91,0
CUST11717,2025-09-22,31.0,Female,East,Premium,One Year,Mobile Wallet,9,93.64,8,22,0,4.0,No,824.41,0
CUST10935,2025-04-15,44.0,Female,North,Standard,Month-to-Month,Credit Card,14,46.37,9,25,3,4.0,No,591.21,1
CUST11376,2022-12-04,26.0,Male,West,Basic,One Year,Cash,43,48.3553556701031,10,1,0,3.0,No,1303.0,0
CUST11892,2026-05-06,68.0,Male,East,Basic,Month-to-Month,Cash,1,33.05,4,121,0,5.0,No,32.38,1
CUST11344,2024-08-20,50.0,Male,Central,Basic,One Year,Mobile Wallet,22,23.06,8,22,3,4.0,No,475.81,0
CUST10927,2025-06-19,62.0,Female,Central,Premium,Two Year,Mobile Wallet,12,48.3553556701031,6,46,1,4.0,No,987.71,0
CUST11899,2026-01-03,26.0,Female,North,Premium,One Year,Mobile Wallet,5,87.39,6,0,2,4.0,No,403.02,0
CUST11210,2025-09-08,52.0,Male,West,Basic,One Year,Credit Card,9,27.91,6,5,1,5.0,No,229.72,0
CUST11999,2023-06-29,52.0,Male,East,Standard,One Year,Mobile Wallet,36,52.09,2,71,1,3.0,No,1719.37,1
CUST11587,2025-12-22,57.0,Female,East,Premium,Two Year,Bank Transfer,6,91.09,5,31,1,3.0,No,520.6,0
CUST11833,2023-08-22,46.0,Male,North,Premium,One Year,Mobile Wallet,34,104.18,4,43,2,4.0,Yes,3455.4,0
CUST11797,2023-12-17,34.0,Female,South,Basic,Month-to-Month,Mobile Wallet,30,33.02,5,45,2,3.0,No,958.41,1
CUST11238,2025-10-04,64.0,Female,North,Premium,Month-to-Month,Mobile Wallet,8,74.08,4,142,5,4.0,No,590.29,1
CUST11832,2022-10-13,55.0,Female,East,Basic,One Year,Cash,45,15.18,6,43,2,2.0,No,619.25,1
CUST11809,2024-05-22,68.0,Male,North,Standard,One Year,Mobile Wallet,25,48.4,6,11,0,2.0,Yes,1238.3,0
CUST10899,2025-02-28,59.0,Female,East,Basic,Month-to-Month,Bank Transfer,16,33.13,9,0,2,3.0,No,538.66,1
CUST11497,2024-03-14,59.0,Male,East,Standard,Month-to-Month,Bank Transfer,27,57.13,9,41,1,3.0,No,1447.27,1
CUST10336,2025-11-18,65.0,Female,North,Standard,Month-to-Month,Bank Transfer,7,41.19,6,62,3,4.0,Yes,261.03,1
CUST10232,2025-09-03,29.0,Female,Central,Standard,Month-to-Month,Cash,10,43.65,6,14,2,4.0,Yes,433.55,0
CUST11018,2026-02-11,45.0,Female,North,Standard,Month-to-Month,Credit Card,4,42.31,7,58,2,5.0,No,156.57,0
CUST11431,2020-07-04,19.0,Male,East,Standard,Two Year,Credit Card,72,62.28,5,29,1,5.0,Yes,4288.67,0
CUST10158,2024-08-12,44.07447916666667,Male,West,Standard,Two Year,Bank Transfer,22,53.32,5,67,0,5.0,Yes,1155.21,0
CUST10468,2022-12-17,66.0,Female,North,Standard,Month-to-Month,Mobile Wallet,43,58.55,3,88,1,4.0,No,2566.48,0
CUST11592,2023-08-25,43.0,Female,Central,Standard,One Year,Credit Card,34,40.29,4,2,2,4.0,No,1256.39,0
CUST10872,2025-03-31,32.0,Male,Central,Basic,Month-to-Month,Mobile Wallet,15,11.46,6,30,0,4.0,Yes,173.31,0
CUST11628,2025-12-11,49.0,Male,North,Basic,Month-to-Month,Mobile Wallet,6,26.07,3,16,1,4.0,No,149.49,1
CUST11041,2024-12-28,50.0,Male,West,Basic,One Year,Credit Card,18,28.66,8,17,1,3.0,No,525.22,1
CUST11117,2025-01-08,33.0,Male,West,Basic,Two Year,Mobile Wallet,17,20.01,8,92,2,5.0,Yes,332.24,1
CUST11134,2023-09-19,66.0,Female,Central,Basic,Month-to-Month,Cash,33,14.61,6,51,2,3.0,No,500.77,0
CUST10585,2024-11-17,42.0,Female,East,Premium,Two Year,Mobile Wallet,19,81.47,3,36,0,4.0,No,1425.28,0
CUST10205,2021-04-30,44.07447916666667,Female,North,Basic,Month-to-Month,Cash,62,21.58,4,53,2,4.0,Yes,1275.82,0
CUST10003,2022-09-20,65.0,Male,West,Basic,One Year,Mobile Wallet,45,25.64,5,51,3,5.0,Yes,1201.36,0
CUST10895,2024-07-26,54.0,Male,Central,Standard,One Year,Bank Transfer,23,66.84,8,54,1,4.0,Yes,1570.89,0
CUST11178,2024-10-13,69.0,Male,North,Basic,One Year,Bank Transfer,20,16.71,6,8,0,5.0,Yes,342.89,0
CUST11138,2025-05-11,28.0,Male,North,Basic,One Year,Bank Transfer,13,26.19,7,32,0,2.0,Yes,315.88,0
CUST11855,2025-02-17,69.0,Female,Central,Basic,Two Year,Bank Transfer,16,25.41,9,1,1,5.0,No,401.88,0
CUST11228,2024-03-26,50.0,Male,Central,Standard,One Year,Bank Transfer,27,48.22,4,0,1,3.581578947368421,Yes,1300.93,0
CUST11801,2025-08-05,28.0,Male,East,Standard,Month-to-Month,Bank Transfer,10,58.13,9,6,1,5.0,Yes,523.46,0
CUST10693,2024-03-19,51.0,Female,South,Premium,Month-to-Month,Bank Transfer,27,91.31,9,85,0,4.0,Yes,2361.52,0
CUST11683,2024-06-30,44.07447916666667,Male,South,Premium,One Year,Bank Transfer,24,73.41,4,49,2,3.0,No,1640.93,1
CUST11663,2025-08-08,47.0,Male,North,Premium,Month-to-Month,Cash,10,92.76,7,28,0,4.0,No,878.46,1
CUST10714,2025-09-21,62.0,Male,West,Basic,Two Year,Bank Transfer,9,21.35,6,55,2,2.0,No,199.52,1
CUST11676,2024-09-03,67.0,Female,West,Standard,Month-to-Month,Bank Transfer,22,56.54,8,11,0,3.0,Yes,1140.23,0
CUST11861,2023-02-14,50.0,Female,Central,Premium,Two Year,Bank Transfer,41,82.07,4,34,3,2.0,No,3121.36,1
CUST11468,2023-09-06,68.0,Female,West,Premium,Two Year,Credit Card,34,78.55,16,47,1,4.0,No,2434.57,0
CUST10883,2025-01-10,34.0,Male,East,Premium,Month-to-Month,Mobile Wallet,17,89.13,11,70,0,4.0,No,1403.49,0
CUST11375,2025-07-21,31.0,Female,North,Basic,Month-to-Month,Cash,11,37.73,6,5,1,5.0,Yes,402.57,0
CUST11067,2024-06-01,67.0,Male,West,Basic,One Year,Credit Card,25,26.64,9,81,1,4.0,No,634.76,0
CUST11121,2022-12-22,34.0,Female,North,Basic,One Year,Mobile Wallet,42,31.09,10,24,1,3.0,No,1227.05,1
CUST11473,2024-08-25,44.07447916666667,Male,East,Standard,Month-to-Month,Cash,22,40.19,7,24,2,4.0,Yes,921.28,0
CUST11215,2025-03-12,57.0,Male,East,Basic,Month-to-Month,Credit Card,15,19.61,8,119,1,3.0,No,280.71,1
CUST10157,2024-01-19,69.0,Male,West,Standard,Month-to-Month,Credit Card,29,54.37,5,17,1,5.0,No,1427.62,0
CUST11350,2024-05-10,43.0,Male,West,Standard,Month-to-Month,Credit Card,26,48.28,7,58,1,5.0,No,1182.59,0
CUST10523,2025-04-06,22.0,Female,East,Standard,Month-to-Month,Mobile Wallet,15,62.69,3,26,1,1.0,No,960.08,1
CUST10462,2020-07-29,46.0,Female,Central,Basic,Month-to-Month,Credit Card,72,26.47,3,115,0,4.0,No,1909.1,0
CUST10652,2025-12-02,63.0,Male,West,Standard,Month-to-Month,Credit Card,7,62.69,5,104,2,4.0,No,405.17,1
CUST10160,2024-02-28,49.0,Male,North,Premium,Two Year,Mobile Wallet,28,89.17,6,19,0,3.0,Yes,2248.41,0
CUST10305,2024-03-31,48.0,Female,East,Standard,Month-to-Month,Mobile Wallet,27,60.34,3,9,0,5.0,No,1658.08,0
CUST10656,2024-04-08,52.0,Male,Central,Premium,Month-to-Month,Credit Card,27,85.38,3,0,3,4.0,Yes,2237.04,1
CUST10547,2024-05-05,56.0,Female,North,Standard,Two Year,Credit Card,26,40.33,5,6,1,3.0,No,978.4,0
CUST10713,2023-02-19,53.0,Male,Central,Standard,One Year,Cash,40,62.79,2,0,0,4.0,Yes,2473.7,0
CUST10395,2024-11-23,29.0,Female,East,Standard,Two Year,Mobile Wallet,19,58.26,4,34,0,5.0,No,1035.35,0
CUST10783,2024-07-02,41.0,Female,East,Premium,Month-to-Month,Credit Card,24,105.89,9,29,1,4.0,Yes,2333.18,1
CUST10399,2023-12-05,28.0,Female,South,Basic,One Year,Cash,31,18.15,11,30,0,3.0,Yes,520.99,0
CUST10798,2022-08-14,44.07447916666667,Male,West,Standard,Month-to-Month,Credit Card,47,62.53,4,15,0,2.0,Yes,3058.69,0
CUST10618,2024-03-09,23.0,Female,North,Standard,Month-to-Month,Credit Card,28,63.68,6,4,1,3.581578947368421,Yes,1713.61,0
CUST11552,2026-04-09,44.0,Female,South,Premium,Month-to-Month,Bank Transfer,2,93.76,10,22,0,5.0,No,191.52,1
CUST10508,2024-09-22,44.07447916666667,Male,East,Standard,One Year,Cash,21,39.63,7,22,4,3.0,No,808.9,1
CUST11443,2024-07-07,44.0,Female,North,Premium,Two Year,Mobile Wallet,24,81.02,6,62,4,2.0,No,1839.69,1
CUST10736,2025-03-01,46.0,Male,North,Standard,Month-to-Month,Bank Transfer,16,52.89,3,77,2,4.0,No,880.47,1
CUST11153,2024-07-07,19.0,Female,North,Basic,Month-to-Month,Mobile Wallet,24,30.39,3,91,0,4.0,No,760.9,0
CUST11686,2026-02-22,65.0,Female,East,Premium,Month-to-Month,Bank Transfer,4,86.57,8,81,0,5.0,No,353.47,1
CUST11089,2024-11-15,36.0,Female,East,Standard,Month-to-Month,Cash,19,52.43,11,48,2,3.0,No,959.5,1
CUST10867,2023-02-25,52.0,Male,West,Standard,Month-to-Month,Credit Card,40,44.3,9,59,2,4.0,No,1806.23,0
CUST10459,2023-07-27,52.0,Female,East,Basic,One Year,Mobile Wallet,35,48.3553556701031,7,21,1,3.0,No,860.28,0
CUST10961,2025-01-17,19.0,Female,South,Basic,Month-to-Month,Cash,17,26.39,5,37,2,3.0,Yes,410.24,1
CUST10062,2025-01-26,54.0,Female,East,Basic,Month-to-Month,Cash,17,37.46,2,23,1,4.0,No,590.72,0
CUST11841,2025-01-01,39.0,Female,East,Premium,Month-to-Month,Cash,18,83.47,7,70,3,3.0,No,1539.75,0
CUST10871,2024-06-14,59.0,Female,North,Basic,Month-to-Month,Bank Transfer,24,30.92,6,33,2,3.0,Yes,750.35,1
CUST10983,2023-04-25,67.0,Male,East,Basic,Month-to-Month,Mobile Wallet,38,30.84,7,6,1,4.0,No,1213.12,0
CUST11594,2025-01-03,49.0,Female,West,Premium,Month-to-Month,Mobile Wallet,18,88.58,9,79,2,3.0,Yes,1521.9,1
CUST10457,2024-10-21,68.0,Male,East,Standard,Two Year,Credit Card,20,54.39,6,41,1,4.0,Yes,982.94,0
CUST11077,2021-10-15,23.0,Male,East,Basic,One Year,Credit Card,57,-2.56,8,4,2,5.0,Yes,-152.18,0
CUST10478,2026-05-07,57.0,Female,East,Standard,Two Year,Bank Transfer,1,52.96,9,0,4,3.0,No,51.8,0
CUST11531,2023-02-23,40.0,Female,North,Premium,Month-to-Month,Credit Card,40,86.09,8,7,1,4.0,No,3421.49,0
CUST11495,2023-08-31,63.0,Male,East,Basic,Month-to-Month,Cash,34,48.3553556701031,5,6,3,3.0,No,567.34,0
CUST10870,2026-01-18,52.0,Male,West,Standard,Month-to-Month,Bank Transfer,5,59.6,9,34,2,3.0,No,271.91,1
CUST10790,2023-06-13,18.0,Male,North,Premium,Month-to-Month,Mobile Wallet,37,83.9,14,5,0,5.0,No,3203.97,0
CUST10617,2022-08-31,37.0,Female,South,Premium,Month-to-Month,Credit Card,46,87.58,6,42,1,4.0,Yes,3628.38,1
CUST11869,2025-11-12,60.0,Female,West,Standard,One Year,Cash,7,41.84,3,3,2,3.0,Yes,285.14,0
CUST11390,2021-06-13,48.0,Male,Central,Basic,Month-to-Month,Bank Transfer,61,18.77,10,64,4,3.0,No,1141.33,1
CUST11429,2026-01-24,18.0,Female,South,Basic,Month-to-Month,Bank Transfer,5,19.86,6,1,2,2.0,Yes,92.97,0
CUST11887,2022-06-18,58.0,Male,North,Basic,One Year,Cash,49,25.47,7,4,0,3.581578947368421,Yes,1295.61,0
CUST11635,2021-10-06,60.0,Female,South,Basic,Month-to-Month,Cash,57,19.02,4,41,0,4.0,No,1032.32,0
CUST10347,2024-09-13,46.0,Male,South,Standard,One Year,Cash,21,46.1,5,2,0,4.0,Yes,885.91,0
CUST11027,2022-10-31,68.0,Male,South,Basic,One Year,Cash,44,11.99,11,25,4,3.0,Yes,523.11,0
CUST11208,2024-03-19,42.0,Male,South,Basic,Month-to-Month,Bank Transfer,27,21.22,3,23,1,3.0,No,547.58,0
CUST11595,2025-10-08,49.0,Male,West,Basic,Two Year,Mobile Wallet,8,23.8,4,17,2,2.0,No,184.39,0
CUST10760,2022-08-07,53.0,Female,West,Basic,Two Year,Cash,47,26.38,12,8,2,3.581578947368421,No,1230.62,0
CUST10954,2024-01-13,42.0,Male,Central,Standard,Month-to-Month,Bank Transfer,29,56.23,3,35,1,2.0,No,1659.26,1
CUST10446,2023-05-02,23.0,Male,Central,Premium,One Year,Mobile Wallet,38,95.99,9,49,0,5.0,No,3461.79,0
CUST10650,2026-01-28,58.0,Male,South,Premium,Month-to-Month,Cash,5,48.3553556701031,3,8,0,4.0,No,499.0,1
CUST11246,2022-12-16,52.0,Female,East,Premium,Two Year,Cash,43,48.3553556701031,12,5,2,4.0,No,4604.08,0
CUST11808,2024-09-06,35.0,Male,South,Standard,Month-to-Month,Cash,22,41.2,4,49,2,3.0,No,824.78,1
CUST10379,2025-02-03,60.0,Female,West,Premium,Two Year,Cash,17,97.22,8,12,2,3.0,No,1719.57,0
CUST10564,2024-12-01,41.0,Female,East,Premium,Two Year,Cash,19,99.87,7,33,1,4.0,Yes,1955.31,0
CUST11345,2023-07-19,70.0,Male,East,Standard,Two Year,Mobile Wallet,35,65.66,1,13,0,4.0,No,2216.46,0
CUST11752,2025-07-17,69.0,Male,Central,Standard,Month-to-Month,Credit Card,11,48.3553556701031,6,62,2,5.0,Yes,374.15,0
CUST11606,2025-11-16,69.0,Male,Central,Premium,Two Year,Cash,7,91.15,2,33,3,3.0,No,601.95,0
CUST10956,2023-08-17,21.0,Male,West,Standard,Two Year,Bank Transfer,34,53.95,8,19,1,2.0,No,1922.06,0
CUST11932,2024-05-22,67.0,Male,West,Standard,One Year,Cash,25,53.27,3,21,2,3.0,Yes,1251.91,1
CUST10977,2026-01-17,60.0,Male,South,Basic,Month-to-Month,Credit Card,5,27.16,7,30,1,5.0,No,131.97,1
CUST10920,2026-05-24,19.0,Female,North,Standard,Month-to-Month,Cash,1,50.68,7,71,1,3.581578947368421,Yes,52.46,1
CUST10231,2023-07-17,67.0,Female,South,Premium,Month-to-Month,Mobile Wallet,35,100.31,9,7,2,3.0,Yes,3358.05,0
CUST11221,2022-12-13,26.0,Female,North,Basic,Month-to-Month,Mobile Wallet,43,22.21,5,64,1,3.0,No,904.39,1
CUST10382,2025-12-21,70.0,Male,West,Standard,Two Year,Bank Transfer,6,49.93,4,0,1,5.0,No,278.3,0
CUST11186,2025-02-21,36.0,Female,South,Standard,Month-to-Month,Credit Card,16,51.92,5,2,2,3.581578947368421,No,803.08,0
CUST11223,2024-05-11,56.0,Female,East,Basic,Month-to-Month,Bank Transfer,26,16.69,9,5,2,4.0,Yes,436.91,0
CUST10072,2023-02-01,59.0,Female,Central,Standard,Two Year,Credit Card,41,42.17,4,105,1,3.581578947368421,No,1600.82,0
CUST10070,2026-01-04,55.0,Male,North,Basic,Month-to-Month,Cash,5,22.58,2,119,2,4.0,No,112.97,1
CUST11343,2023-06-19,36.0,Male,East,Standard,Month-to-Month,Credit Card,36,34.62,3,48,2,2.0,Yes,1241.35,1
CUST11114,2024-10-17,64.0,Male,Central,Standard,One Year,Cash,20,49.52,5,15,5,5.0,No,1038.39,0
CUST10171,2023-12-11,61.0,Male,East,Standard,One Year,Mobile Wallet,31,47.25,3,18,0,1.0,No,1375.6,1
CUST11047,2024-10-19,40.0,Female,West,Basic,Month-to-Month,Credit Card,20,14.33,5,12,2,3.581578947368421,No,286.54,0
CUST10168,2024-11-30,59.0,Female,South,Basic,Month-to-Month,Mobile Wallet,19,17.73,9,172,1,4.0,Yes,345.14,1
CUST10493,2023-10-03,26.0,Male,South,Basic,One Year,Mobile Wallet,33,30.99,2,13,0,4.0,Yes,1048.37,0
CUST11260,2025-05-13,30.0,Female,North,Premium,Two Year,Bank Transfer,13,106.61,11,17,0,4.0,No,1450.15,0
CUST11038,2025-02-23,19.0,Female,North,Basic,Month-to-Month,Cash,16,20.61,11,20,1,3.0,Yes,319.72,0
CUST11776,2024-08-02,61.0,Male,West,Basic,Month-to-Month,Bank Transfer,23,20.99,3,39,0,4.0,Yes,493.12,1
CUST10893,2024-03-30,44.07447916666667,Male,North,Premium,Month-to-Month,Cash,27,82.14,3,4,2,5.0,No,2242.2,0
CUST10272,2025-01-15,34.0,Female,North,Premium,One Year,Cash,17,92.06,5,1,1,3.0,No,1520.26,0
CUST11304,2025-12-23,63.0,Male,West,Standard,Month-to-Month,Bank Transfer,6,50.41,5,7,1,3.0,Yes,291.33,0
CUST10420,2025-07-02,55.0,Female,West,Basic,Two Year,Cash,12,26.65,10,10,1,2.0,No,322.52,0
CUST10094,2026-04-11,30.0,Female,South,Premium,Month-to-Month,Bank Transfer,2,102.59,3,11,2,3.0,Yes,194.01,0
CUST11377,2025-04-13,19.0,Male,Central,Premium,Month-to-Month,Bank Transfer,14,85.0,4,51,0,5.0,Yes,1241.17,0
CUST11593,2025-05-01,43.0,Female,South,Premium,Month-to-Month,Bank Transfer,14,93.14,11,73,2,4.0,No,1291.61,1
CUST11604,2024-12-10,57.0,Female,North,Standard,One Year,Mobile Wallet,18,48.3553556701031,12,66,2,4.0,No,789.06,1
CUST10042,2025-01-02,48.0,Female,West,Basic,One Year,Cash,18,25.98,9,13,3,4.0,No,446.57,0
CUST10056,2026-02-26,35.0,Female,East,Standard,One Year,Cash,4,65.23,11,1,3,4.0,No,254.08,0
CUST11610,2020-07-13,28.0,Male,South,Standard,Two Year,Bank Transfer,72,58.46,1,59,1,4.0,Yes,4198.3,0
CUST11798,2024-12-12,64.0,Female,East,Standard,Two Year,Mobile Wallet,18,52.66,4,78,0,3.0,No,943.38,0
CUST11183,2022-03-30,20.0,Female,North,Standard,Month-to-Month,Mobile Wallet,51,41.92,7,17,2,4.0,No,2162.06,0
CUST11297,2023-02-16,42.0,Female,North,Standard,One Year,Bank Transfer,41,53.19,8,37,1,4.0,No,2217.77,0
CUST10888,2025-03-19,66.0,Male,North,Premium,Two Year,Cash,15,92.3,6,9,1,3.0,Yes,1323.44,0
CUST10574,2023-12-11,38.0,Female,Central,Basic,Month-to-Month,Mobile Wallet,31,34.32,8,12,2,3.0,No,983.36,0
CUST10038,2022-05-18,48.0,Male,North,Premium,Month-to-Month,Credit Card,50,92.63,3,35,1,4.0,No,4560.0,1
CUST10306,2026-02-18,45.0,Female,South,Premium,Month-to-Month,Mobile Wallet,4,98.15,7,3,1,3.0,No,396.55,1
CUST10668,2025-05-15,27.0,Female,South,Standard,Month-to-Month,Cash,13,43.36,6,52,2,5.0,No,582.66,0
CUST10006,2025-01-21,39.0,Male,West,Standard,One Year,Credit Card,17,52.03,3,28,3,4.0,No,905.09,1
CUST11070,2024-09-22,51.0,Female,Central,Premium,Month-to-Month,Cash,21,101.2,4,33,2,4.0,Yes,2080.84,1
CUST10782,2020-07-10,24.0,Male,East,Standard,Two Year,Credit Card,72,43.72,3,5,0,3.581578947368421,No,2932.01,0
CUST10408,2024-05-21,66.0,Male,North,Basic,Month-to-Month,Mobile Wallet,25,48.3553556701031,3,0,1,3.0,No,566.41,1
CUST11008,2025-06-26,39.0,Female,West,Standard,Month-to-Month,Mobile Wallet,12,53.23,2,89,5,3.0,No,658.72,1
CUST10781,2026-01-16,53.0,Female,Central,Premium,Two Year,Bank Transfer,5,90.3,8,40,1,3.0,Yes,461.2,0
CUST10166,2024-02-13,52.0,Male,West,Basic,Month-to-Month,Mobile Wallet,28,27.95,5,64,0,3.0,No,732.54,0
CUST10534,2026-04-15,69.0,Male,North,Premium,One Year,Bank Transfer,2,79.93,4,122,2,3.0,No,158.74,1
CUST10583,2025-01-25,68.0,Female,South,Standard,One Year,Bank Transfer,17,47.32,7,33,1,3.0,Yes,741.36,1
CUST11267,2024-11-10,51.0,Female,Central,Premium,Two Year,Cash,19,78.69,8,18,1,3.0,No,1355.95,1
CUST11920,2024-08-18,39.0,Male,East,Standard,Month-to-Month,Cash,22,52.99,6,15,0,3.0,Yes,1173.92,1
CUST11890,2023-07-07,44.0,Female,North,Standard,Month-to-Month,Credit Card,36,39.89,5,5,5,3.581578947368421,No,1412.03,1
CUST11395,2025-09-08,37.0,Male,North,Standard,Month-to-Month,Mobile Wallet,9,55.41,7,24,0,4.0,No,462.69,0
CUST11784,2023-09-17,55.0,Female,North,Standard,Two Year,Bank Transfer,33,51.76,2,1,3,3.0,No,1659.43,0
CUST11271,2025-02-14,43.0,Male,South,Basic,Month-to-Month,Credit Card,16,17.1,6,29,3,3.0,No,263.39,0
CUST11908,2024-09-22,44.07447916666667,Female,West,Premium,One Year,Cash,21,48.3553556701031,8,113,1,4.0,No,2118.48,0
CUST11122,2021-05-15,41.0,Female,West,Standard,Two Year,Credit Card,62,57.92,8,0,2,3.0,No,3560.29,0
CUST11301,2023-01-29,35.0,Female,East,Standard,One Year,Mobile Wallet,41,54.73,11,2,2,4.0,No,2054.38,0
CUST11084,2024-11-04,33.0,Female,Central,Basic,Month-to-Month,Credit Card,20,35.17,6,17,1,4.0,No,699.33,0
CUST10813,2025-09-04,28.0,Female,East,Standard,Month-to-Month,Mobile Wallet,9,57.23,3,29,1,4.0,No,509.53,0
CUST10316,2025-10-31,58.0,Female,South,Basic,One Year,Bank Transfer,8,26.17,7,11,1,3.0,No,207.27,0
CUST11296,2024-09-06,40.0,Male,North,Premium,Month-to-Month,Mobile Wallet,22,101.4,3,25,5,3.0,No,2044.84,1
CUST11738,2024-04-16,44.0,Male,East,Standard,Month-to-Month,Cash,26,48.3553556701031,11,52,0,4.0,No,1280.06,0
CUST10516,2025-02-19,53.0,Male,South,Basic,One Year,Mobile Wallet,16,30.38,6,8,1,4.0,Yes,470.37,0
CUST11684,2025-12-11,36.0,Female,North,Basic,Two Year,Cash,6,37.74,7,32,2,5.0,No,208.69,0
CUST10533,2026-03-25,67.0,Female,North,Basic,Month-to-Month,Bank Transfer,3,13.12,5,35,1,5.0,No,37.52,1
CUST11113,2025-12-17,53.0,Male,Central,Premium,Month-to-Month,Bank Transfer,6,101.28,5,5,0,3.581578947368421,No,628.15,1
CUST10271,2025-07-11,40.0,Female,North,Premium,One Year,Cash,11,87.85,3,13,1,3.0,No,992.65,0
CUST10548,2020-07-27,65.0,Female,West,Standard,Month-to-Month,Bank Transfer,72,51.49,7,11,0,3.0,No,3849.49,0
CUST10964,2026-02-24,48.0,Female,Central,Standard,Month-to-Month,Credit Card,4,45.0,5,38,3,3.0,No,183.82,1
CUST11713,2025-05-13,64.0,Female,Central,Standard,Two Year,Credit Card,13,50.71,6,27,2,2.0,No,643.81,0
CUST11645,2025-08-07,51.0,Male,East,Basic,Two Year,Bank Transfer,10,39.48,10,25,1,1.0,No,412.89,0
CUST10598,2026-02-03,23.0,Female,Central,Standard,Two Year,Bank Transfer,4,49.58,3,41,2,3.0,No,186.13,0
CUST11618,2024-04-18,67.0,Female,Central,Basic,Month-to-Month,Mobile Wallet,26,17.86,9,57,1,3.0,No,468.99,1
CUST10570,2022-11-16,51.0,Female,South,Basic,One Year,Credit Card,44,26.57,7,17,2,2.0,Yes,1130.84,0
CUST10074,2025-12-30,20.0,Male,North,Premium,Two Year,Mobile Wallet,6,93.7,5,17,2,5.0,Yes,520.48,0
CUST10061,2024-01-17,49.0,Male,East,Basic,Month-to-Month,Credit Card,29,40.14,4,25,0,3.0,No,1194.35,1
CUST11282,2025-10-20,45.0,Female,South,Basic,One Year,Cash,8,21.5,4,8,0,5.0,Yes,158.82,0
CUST10809,2023-11-25,67.0,Female,Central,Standard,One Year,Cash,31,59.64,8,18,2,4.0,Yes,1741.77,0
CUST10244,2025-11-13,67.0,Male,East,Standard,Month-to-Month,Bank Transfer,7,45.31,6,28,1,3.0,No,320.88,0
CUST11864,2024-03-27,18.0,Female,East,Standard,One Year,Mobile Wallet,27,49.43,4,41,0,4.0,Yes,1330.6,0
CUST10105,2024-09-21,66.0,Male,West,Standard,One Year,Bank Transfer,21,31.06,8,3,2,5.0,No,638.46,0
CUST10673,2023-08-27,61.0,Female,North,Standard,Month-to-Month,Cash,34,41.55,6,54,1,3.0,No,1411.72,0
CUST10642,2025-01-04,19.0,Female,North,Standard,Two Year,Cash,18,59.24,8,18,2,5.0,No,1101.54,0
CUST11279,2025-02-11,18.0,Male,East,Basic,One Year,Bank Transfer,16,40.01,4,22,3,3.0,No,600.81,0
CUST10665,2024-11-13,22.0,Female,West,Standard,Month-to-Month,Bank Transfer,19,43.21,8,2,0,4.0,No,854.55,0
CUST10509,2024-12-24,54.0,Female,North,Standard,Month-to-Month,Cash,18,47.34,6,9,1,2.0,Yes,773.37,0
CUST10131,2024-04-04,26.0,Female,Central,Basic,Two Year,Mobile Wallet,27,22.85,4,25,3,4.0,No,578.01,0
CUST10444,2023-03-12,35.0,Female,South,Premium,Two Year,Credit Card,40,92.83,8,141,2,3.0,Yes,3696.84,0
CUST10866,2025-02-09,41.0,Male,Central,Premium,One Year,Cash,16,85.9,5,19,1,5.0,No,1267.57,0
CUST11482,2024-12-25,56.0,Male,East,Premium,One Year,Mobile Wallet,18,93.22,2,0,1,3.0,No,1616.57,0
CUST11867,2023-06-28,44.07447916666667,Female,North,Basic,Month-to-Month,Credit Card,36,26.13,8,32,5,4.0,No,927.84,1
CUST10057,2023-12-20,68.0,Female,East,Standard,Month-to-Month,Cash,30,53.23,4,10,1,3.581578947368421,No,1614.12,0
CUST11668,2023-02-26,63.0,Female,North,Basic,Two Year,Bank Transfer,40,23.73,4,1,4,4.0,No,986.96,0
CUST11078,2023-06-20,25.0,Female,East,Basic,Month-to-Month,Credit Card,36,31.96,11,5,2,4.0,No,1127.13,0
CUST11511,2025-05-18,30.0,Female,North,Basic,Month-to-Month,Mobile Wallet,13,30.66,3,24,1,4.0,Yes,405.0,1
CUST10086,2024-12-30,64.0,Male,West,Standard,Month-to-Month,Bank Transfer,18,53.31,6,4,2,4.0,No,873.37,1
CUST11862,2024-05-25,62.0,Female,Central,Basic,Month-to-Month,Credit Card,25,17.66,5,59,1,4.0,No,416.02,1
CUST10771,2021-06-20,38.0,Female,East,Premium,Two Year,Mobile Wallet,61,100.96,11,5,3,4.0,Yes,6200.83,1
CUST11240,2024-01-15,22.0,Male,Central,Standard,One Year,Cash,29,50.63,3,125,3,4.0,No,1340.25,1
CUST10708,2024-12-02,45.0,Female,South,Basic,Month-to-Month,Credit Card,19,31.83,3,0,0,3.0,No,569.57,0
CUST11567,2021-02-20,31.0,Male,North,Standard,Month-to-Month,Credit Card,65,48.3553556701031,3,11,0,4.0,No,1716.8,0
CUST11348,2024-09-29,44.07447916666667,Male,South,Standard,Month-to-Month,Bank Transfer,21,56.71,5,23,4,5.0,Yes,1240.43,1
CUST11743,2026-03-27,64.0,Male,Central,Basic,Month-to-Month,Credit Card,3,26.58,10,9,0,3.0,Yes,79.86,1
CUST10538,2026-02-18,61.0,Female,North,Basic,Month-to-Month,Cash,4,18.67,10,10,1,3.0,Yes,75.56,1
CUST11445,2023-12-05,56.0,Male,East,Basic,Month-to-Month,Credit Card,31,48.3553556701031,7,22,1,3.581578947368421,No,386.16,0
CUST11188,2025-08-25,29.0,Female,North,Standard,Month-to-Month,Credit Card,10,49.1,1,2,0,3.0,No,470.76,1
CUST11563,2025-10-19,26.0,Male,Central,Premium,Two Year,Bank Transfer,8,83.41,4,3,2,2.0,Yes,676.62,1
CUST11315,2024-02-21,44.0,Female,West,Standard,One Year,Mobile Wallet,28,47.08,4,27,6,3.0,No,1342.54,0
CUST10418,2024-01-20,33.0,Female,North,Basic,Month-to-Month,Bank Transfer,29,14.77,6,22,1,5.0,Yes,449.43,0
CUST11857,2025-11-21,38.0,Male,South,Basic,One Year,Credit Card,7,27.62,7,6,3,2.0,Yes,199.6,0
CUST11073,2021-11-15,23.0,Female,Central,Basic,Month-to-Month,Cash,56,13.56,7,56,0,5.0,Yes,694.99,0
CUST11714,2024-08-20,18.0,Female,North,Standard,One Year,Bank Transfer,22,49.13,4,94,0,4.0,No,1037.28,1
CUST11642,2025-06-04,22.0,Female,East,Basic,Month-to-Month,Cash,13,26.08,6,0,2,3.0,No,319.8,0
CUST10851,2024-10-06,47.0,Female,North,Premium,Month-to-Month,Credit Card,21,98.92,2,47,2,4.0,No,2165.34,0
CUST11759,2020-12-14,44.0,Male,Central,Basic,Two Year,Bank Transfer,67,32.08,6,87,0,3.0,No,2123.77,0
CUST11736,2024-05-20,42.0,Male,Central,Basic,One Year,Mobile Wallet,25,31.35,3,10,0,3.0,No,708.3,1
CUST11700,2025-10-28,32.0,Female,Central,Basic,Two Year,Bank Transfer,8,24.5,11,15,1,4.0,No,199.99,0
CUST11772,2024-05-31,55.0,Male,East,Standard,Month-to-Month,Mobile Wallet,25,52.24,8,79,1,4.0,No,1299.18,1
CUST11307,2024-01-29,24.0,Female,West,Premium,Month-to-Month,Credit Card,29,89.24,11,38,4,4.0,Yes,2624.11,0
CUST11739,2026-05-14,52.0,Male,West,Basic,One Year,Cash,1,40.6,12,15,1,4.0,No,40.07,0
CUST11805,2024-09-08,59.0,Male,West,Standard,One Year,Mobile Wallet,22,46.49,7,37,1,5.0,No,943.1,0
CUST10304,2026-02-09,54.0,Female,Central,Basic,One Year,Credit Card,4,29.43,3,13,2,2.0,No,110.5,0
CUST11958,2021-07-10,33.0,Female,West,Basic,Month-to-Month,Bank Transfer,60,18.78,2,4,1,3.581578947368421,No,1081.94,0
CUST10335,2026-03-18,69.0,Male,East,Standard,Month-to-Month,Credit Card,3,58.62,7,42,1,5.0,No,162.41,0
CUST10995,2022-12-12,66.0,Male,South,Basic,Month-to-Month,Cash,43,22.84,3,28,1,3.0,No,970.45,0
CUST10569,2026-05-06,44.07447916666667,Male,East,Premium,Month-to-Month,Mobile Wallet,1,111.03,4,80,2,3.0,No,115.04,1
CUST10088,2025-04-01,40.0,Female,North,Premium,Month-to-Month,Credit Card,15,88.48,2,23,2,2.0,Yes,1263.96,1
CUST10874,2024-07-14,39.0,Male,West,Basic,Two Year,Bank Transfer,23,23.57,4,1,1,2.0,No,499.08,0
CUST11159,2026-02-14,26.0,Female,West,Premium,Month-to-Month,Bank Transfer,4,69.51,5,21,0,4.0,No,261.91,1
CUST11532,2024-07-05,23.0,Female,East,Standard,One Year,Mobile Wallet,24,48.88,7,29,0,3.581578947368421,No,1093.17,0
CUST10712,2024-10-01,23.0,Female,West,Premium,Two Year,Mobile Wallet,21,89.81,8,25,1,3.0,Yes,1950.09,0
CUST11756,2022-04-03,49.0,Male,North,Standard,Month-to-Month,Credit Card,51,55.04,5,68,5,5.0,No,2874.19,1
CUST11912,2020-07-31,29.0,Female,Central,Standard,Month-to-Month,Bank Transfer,72,56.89,7,9,4,5.0,No,4100.54,1
CUST11389,2024-03-15,60.0,Female,North,Basic,One Year,Credit Card,27,28.9,7,17,0,4.0,No,747.82,0
CUST10221,2023-10-08,33.0,Female,East,Standard,Two Year,Mobile Wallet,33,46.68,8,8,4,4.0,Yes,1542.47,0
CUST10319,2025-04-24,36.0,Male,Central,Basic,Month-to-Month,Credit Card,14,24.86,7,5,0,3.0,No,330.04,0
CUST11765,2022-08-06,51.0,Female,North,Standard,Month-to-Month,Bank Transfer,47,64.25,5,18,1,3.0,No,2744.54,0
CUST10878,2025-12-30,27.0,Female,East,Standard,Month-to-Month,Bank Transfer,6,57.82,7,7,2,3.581578947368421,No,312.7,0
CUST11995,2022-03-20,42.0,Male,West,Premium,Month-to-Month,Bank Transfer,52,89.49,8,7,1,3.0,No,4307.3,0
CUST10825,2023-03-15,51.0,Male,North,Basic,Month-to-Month,Credit Card,40,40.43,7,42,0,5.0,Yes,1496.26,0
CUST11996,2025-07-06,23.0,Female,South,Standard,Month-to-Month,Credit Card,11,40.48,7,8,1,5.0,No,432.69,0
CUST11475,2024-12-27,44.07447916666667,Female,East,Basic,One Year,Bank Transfer,18,22.48,2,10,1,2.0,No,389.8,0
CUST10138,2026-03-13,31.0,Female,West,Basic,One Year,Credit Card,3,13.13,7,52,2,3.0,No,35.94,1
CUST10163,2024-03-23,50.0,Male,North,Standard,One Year,Mobile Wallet,27,31.48,6,59,1,3.0,No,815.72,0
CUST11791,2023-09-21,24.0,Male,South,Basic,Month-to-Month,Cash,33,30.33,9,0,2,2.0,Yes,983.14,0
CUST11458,2020-12-30,68.0,Female,Central,Standard,Month-to-Month,Bank Transfer,66,54.67,10,28,3,3.0,Yes,3400.5,0
CUST10960,2025-11-30,23.0,Male,East,Basic,Month-to-Month,Cash,7,32.92,9,59,1,4.0,No,233.75,0
CUST11448,2024-11-14,53.0,Male,East,Standard,One Year,Mobile Wallet,19,62.97,1,52,0,4.0,No,1094.66,1
CUST11347,2021-11-11,27.0,Male,South,Standard,Two Year,Bank Transfer,56,49.14,6,59,3,3.0,No,2737.15,0
CUST11187,2024-01-14,42.0,Male,Central,Basic,Month-to-Month,Mobile Wallet,29,27.21,10,18,2,3.0,Yes,721.19,0
CUST11940,2023-09-17,43.0,Male,North,Standard,Two Year,Bank Transfer,33,51.66,8,16,3,3.0,No,1565.54,0
CUST11308,2021-12-25,29.0,Male,North,Basic,Two Year,Bank Transfer,54,20.33,4,2,1,4.0,No,991.71,0
CUST11814,2025-07-22,22.0,Female,West,Standard,Month-to-Month,Mobile Wallet,11,50.89,7,172,1,3.0,No,569.36,1
CUST10633,2024-08-17,66.0,Male,South,Basic,Month-to-Month,Mobile Wallet,22,34.18,11,5,2,3.581578947368421,Yes,722.09,1
CUST11196,2025-10-06,52.0,Female,North,Standard,Month-to-Month,Cash,8,44.74,1,72,2,2.0,No,338.18,1
CUST10655,2025-05-26,48.0,Male,South,Basic,Month-to-Month,Bank Transfer,13,30.63,7,76,4,3.0,No,386.33,1
CUST10016,2025-02-20,39.0,Male,East,Standard,Two Year,Bank Transfer,16,35.31,11,7,0,2.0,No,541.32,0
CUST11264,2026-03-04,38.0,Female,East,Standard,One Year,Mobile Wallet,3,42.42,6,1,4,3.0,Yes,117.29,1
CUST11173,2020-07-14,25.0,Male,West,Standard,Month-to-Month,Credit Card,72,38.65,4,18,1,4.0,Yes,2806.81,0
CUST10137,2023-05-26,24.0,Male,East,Basic,Month-to-Month,Bank Transfer,37,27.64,5,34,1,5.0,No,1028.93,0
CUST11233,2025-06-19,48.0,Male,West,Basic,One Year,Bank Transfer,12,18.55,3,28,1,4.0,Yes,223.27,0
CUST10697,2023-02-22,19.0,Male,East,Premium,Month-to-Month,Bank Transfer,40,87.42,6,9,2,3.0,Yes,3435.18,0
CUST11097,2023-11-12,57.0,Male,West,Standard,One Year,Credit Card,32,46.02,6,13,0,4.0,Yes,1410.29,0
CUST11624,2024-06-17,36.0,Male,South,Basic,Month-to-Month,Cash,24,23.92,12,40,2,3.0,No,525.36,1
CUST10448,2022-05-22,28.0,Female,North,Standard,Month-to-Month,Cash,50,60.43,5,0,0,4.0,No,2866.95,0
CUST11905,2025-04-27,35.0,Male,South,Premium,One Year,Mobile Wallet,14,90.13,9,5,1,4.0,No,1245.64,0
CUST10327,2022-09-04,29.0,Male,East,Premium,Two Year,Mobile Wallet,46,93.82,7,11,1,3.0,No,4159.7,0
CUST10317,2025-10-30,30.0,Male,West,Premium,Month-to-Month,Credit Card,8,87.08,1,98,1,5.0,No,675.24,0
CUST11538,2022-12-13,51.0,Female,West,Standard,Month-to-Month,Mobile Wallet,43,55.88,6,6,3,5.0,No,2367.04,0
CUST10526,2026-04-22,40.0,Male,Central,Basic,Month-to-Month,Credit Card,2,15.45,5,49,1,5.0,No,28.57,1
CUST10087,2021-02-06,42.0,Female,East,Standard,Month-to-Month,Credit Card,65,46.76,7,16,4,4.0,No,3056.17,0
CUST11928,2022-06-16,52.0,Male,North,Basic,One Year,Bank Transfer,49,23.18,7,3,1,3.0,No,1100.06,0
CUST10148,2026-03-29,60.0,Female,South,Premium,Two Year,Credit Card,3,88.82,4,10,0,3.0,No,278.4,0
CUST11631,2025-07-02,34.0,Female,Central,Basic,Month-to-Month,Bank Transfer,12,33.77,8,12,0,3.0,No,393.44,0
CUST11302,2026-03-28,49.0,Male,West,Standard,Two Year,Mobile Wallet,3,59.17,8,52,2,2.0,No,175.98,0
CUST11470,2024-06-23,21.0,Female,Central,Standard,Two Year,Cash,24,63.95,3,9,4,2.0,Yes,1589.76,0
CUST10365,2026-04-23,45.0,Female,South,Premium,Month-to-Month,Cash,2,81.92,4,106,2,3.0,No,162.72,1
CUST10589,2023-07-17,54.0,Male,North,Standard,Month-to-Month,Cash,35,42.06,3,1,1,4.0,No,1431.72,0
CUST11785,2025-03-01,57.0,Female,West,Standard,Two Year,Credit Card,16,43.68,9,6,2,4.0,No,648.88,0
CUST10198,2023-06-17,29.0,Female,North,Standard,Month-to-Month,Mobile Wallet,36,55.71,5,39,3,4.0,No,1852.51,0
CUST11906,2025-08-07,27.0,Male,South,Standard,Two Year,Credit Card,10,41.21,6,17,3,4.0,No,397.18,0
CUST10192,2022-11-04,41.0,Female,North,Basic,One Year,Cash,44,32.01,6,19,1,3.0,No,1371.05,0
CUST10404,2023-11-04,62.0,Male,Central,Standard,Two Year,Mobile Wallet,32,62.63,8,2,0,4.0,No,1874.72,0
CUST11583,2024-11-01,63.0,Male,South,Basic,Two Year,Cash,20,29.15,7,17,0,5.0,Yes,596.17,0
CUST11997,2025-09-05,69.0,Female,South,Basic,Month-to-Month,Credit Card,9,31.0,6,4,4,3.0,No,291.25,0
CUST10483,2022-11-11,68.0,Male,South,Basic,One Year,Bank Transfer,44,33.64,9,6,0,4.0,No,1458.33,0
CUST11469,2024-05-13,58.0,Male,North,Premium,Month-to-Month,Mobile Wallet,25,83.64,6,169,2,3.0,No,2144.71,1
CUST10791,2024-01-25,46.0,Female,South,Standard,Month-to-Month,Mobile Wallet,29,58.81,8,138,0,3.0,No,1622.89,1
CUST10799,2023-02-17,60.0,Female,West,Basic,Month-to-Month,Mobile Wallet,40,26.59,6,38,4,3.0,No,1028.65,1
CUST10384,2026-04-25,20.0,Male,South,Basic,Month-to-Month,Cash,2,19.46,9,175,0,5.0,Yes,36.12,1
CUST10750,2025-06-25,46.0,Male,South,Basic,Month-to-Month,Cash,12,20.41,8,5,2,3.0,Yes,225.39,1
CUST10422,2025-11-24,25.0,Female,North,Standard,One Year,Mobile Wallet,7,56.79,4,17,0,4.0,No,358.81,0
CUST10314,2024-12-01,51.0,Female,South,Basic,Month-to-Month,Mobile Wallet,19,31.41,7,34,1,4.0,No,595.32,1
CUST11021,2025-01-03,33.0,Male,West,Premium,Month-to-Month,Cash,18,88.29,10,51,5,3.581578947368421,Yes,1544.16,0
CUST10543,2020-11-05,26.0,Female,Central,Standard,Month-to-Month,Mobile Wallet,68,36.28,11,96,1,4.0,No,2491.4,0
CUST10913,2025-10-26,68.0,Female,Central,Basic,Month-to-Month,Cash,8,48.3553556701031,8,12,0,4.0,No,167.34,1
CUST10662,2025-01-03,22.0,Male,North,Standard,Two Year,Credit Card,18,48.06,4,15,2,3.581578947368421,No,872.3,1
CUST10902,2025-12-11,49.0,Female,North,Basic,One Year,Cash,6,27.42,13,11,1,3.0,Yes,162.99,0
CUST11453,2025-07-30,70.0,Female,Central,Basic,One Year,Credit Card,11,27.18,4,16,1,4.0,No,274.97,0
CUST10685,2025-05-26,53.0,Female,South,Basic,Month-to-Month,Mobile Wallet,13,8.79,5,74,2,4.0,No,103.22,1
CUST11687,2025-03-21,49.0,Male,East,Premium,Month-to-Month,Cash,15,82.28,8,5,1,3.0,No,1185.53,1
CUST10159,2024-01-22,70.0,Male,West,Basic,Month-to-Month,Mobile Wallet,29,12.14,4,19,1,3.0,Yes,349.85,0
CUST10999,2025-04-12,18.0,Male,South,Premium,Month-to-Month,Credit Card,14,96.75,7,53,2,5.0,Yes,1409.12,0
CUST11309,2024-06-11,36.0,Male,Central,Standard,One Year,Credit Card,24,53.19,6,13,1,5.0,No,1177.05,0
CUST11787,2025-06-12,30.0,Female,West,Standard,One Year,Credit Card,12,37.15,9,13,2,2.0,No,464.62,0
CUST10202,2021-10-03,44.07447916666667,Male,East,Basic,Two Year,Mobile Wallet,57,14.36,6,9,2,2.0,Yes,758.22,0
CUST11023,2024-09-28,46.0,Male,East,Premium,Two Year,Cash,21,89.14,5,9,2,4.0,No,1706.8,0
CUST11542,2023-01-06,32.0,Male,South,Premium,Two Year,Credit Card,42,96.5,6,7,0,4.0,No,3758.35,0
CUST11506,2021-12-29,28.0,Male,West,Premium,Month-to-Month,Cash,54,88.99,7,3,1,2.0,No,5008.82,0
CUST10112,2025-05-06,19.0,Male,South,Standard,One Year,Bank Transfer,14,41.91,8,1,0,3.0,No,537.64,0
CUST11817,2024-03-04,41.0,Female,East,Basic,Month-to-Month,Cash,28,42.06,6,41,2,2.0,No,1141.04,1
CUST11242,2026-02-13,44.07447916666667,Female,South,Basic,Month-to-Month,Bank Transfer,4,16.7,2,30,2,3.0,No,60.98,1
CUST10980,2024-05-31,36.0,Female,Central,Standard,Month-to-Month,Credit Card,25,36.73,6,32,3,3.0,No,855.42,1
CUST10922,2023-07-29,43.0,Female,East,Standard,Month-to-Month,Credit Card,35,32.79,8,45,0,3.0,No,1195.97,1
CUST11493,2026-03-29,54.0,Male,West,Basic,Month-to-Month,Cash,3,10.66,4,11,0,3.0,No,33.43,1
CUST11598,2024-08-19,33.0,Female,West,Basic,Month-to-Month,Credit Card,22,25.28,3,25,0,4.0,No,557.69,0
CUST11426,2024-06-29,22.0,Female,North,Basic,Month-to-Month,Bank Transfer,24,17.82,6,71,1,2.0,No,411.13,1
CUST11251,2023-05-08,44.07447916666667,Male,North,Basic,Month-to-Month,Credit Card,38,25.36,6,23,0,4.0,No,974.91,1
CUST10815,2023-12-08,55.0,Male,Central,Standard,Month-to-Month,Cash,31,49.73,4,48,2,4.0,No,1581.64,1
CUST11374,2025-03-15,58.0,Female,Central,Basic,One Year,Bank Transfer,15,19.6,6,21,0,3.0,No,265.25,0
CUST11622,2024-10-01,38.0,Male,West,Basic,One Year,Mobile Wallet,21,36.27,9,21,0,4.0,No,703.11,0
CUST10679,2025-10-06,56.0,Male,South,Basic,Month-to-Month,Mobile Wallet,8,23.75,7,18,0,4.0,No,175.5,0
CUST11093,2024-01-19,57.0,Female,South,Standard,Month-to-Month,Cash,29,36.43,7,8,1,5.0,No,1103.79,1
CUST10080,2023-05-09,48.0,Female,West,Basic,Month-to-Month,Credit Card,38,25.92,3,59,2,3.0,No,1023.78,1
CUST11770,2026-01-13,59.0,Male,East,Basic,One Year,Cash,5,22.12,3,15,2,2.0,No,103.19,1
CUST11352,2025-06-27,19.0,Male,South,Standard,One Year,Bank Transfer,12,53.78,6,39,3,4.0,No,675.34,1
CUST11749,2024-08-21,19.0,Male,South,Standard,Month-to-Month,Cash,22,37.16,6,28,3,3.0,No,834.58,1
CUST10752,2025-01-12,29.0,Female,North,Standard,Month-to-Month,Credit Card,17,52.96,7,19,1,3.0,No,925.4,0
CUST11327,2025-12-29,66.0,Male,East,Standard,One Year,Mobile Wallet,6,55.91,8,20,2,2.0,Yes,311.49,1
CUST11054,2022-10-18,31.0,Male,South,Basic,Two Year,Cash,45,25.52,6,2,0,3.0,No,1042.62,0
CUST10242,2026-03-03,68.0,Female,North,Basic,Two Year,Cash,3,16.23,5,0,2,4.0,Yes,44.76,0
CUST11991,2024-03-07,67.0,Male,West,Basic,Two Year,Bank Transfer,28,13.39,8,3,2,3.0,No,393.54,0
CUST10641,2025-10-27,19.0,Male,West,Standard,Month-to-Month,Bank Transfer,8,44.01,0,119,1,4.0,Yes,368.83,1
CUST10696,2025-09-13,27.0,Male,West,Basic,Month-to-Month,Cash,9,19.29,8,15,1,4.0,No,169.58,0
CUST10209,2025-07-12,55.0,Female,East,Basic,Month-to-Month,Bank Transfer,11,25.53,4,32,1,4.0,Yes,275.31,0
CUST11821,2025-12-31,37.0,Female,East,Premium,Month-to-Month,Mobile Wallet,6,93.79,9,31,2,4.0,No,537.99,0
CUST10770,2025-10-10,35.0,Male,North,Premium,Two Year,Credit Card,8,94.9,5,30,2,4.0,No,793.34,0
CUST11764,2025-01-28,60.0,Male,North,Basic,Month-to-Month,Credit Card,17,33.44,2,5,4,4.0,No,517.38,0
CUST10435,2026-03-25,48.0,Female,North,Basic,One Year,Cash,3,34.15,4,16,1,4.0,No,103.75,0
CUST11063,2026-03-07,44.07447916666667,Female,East,Standard,One Year,Credit Card,3,54.1,7,9,1,3.0,No,160.57,0
CUST10974,2022-12-21,58.0,Female,South,Premium,Month-to-Month,Mobile Wallet,42,87.55,5,6,3,3.0,No,3495.57,0
CUST10551,2025-04-13,37.0,Male,North,Basic,One Year,Mobile Wallet,14,11.36,0,16,0,3.0,Yes,145.17,0
CUST11403,2023-10-15,47.0,Female,South,Standard,Month-to-Month,Cash,32,54.16,4,92,3,3.0,Yes,1713.73,1
CUST11412,2025-11-23,48.0,Female,West,Standard,One Year,Credit Card,7,29.9,4,34,2,2.0,No,199.48,0
CUST11013,2023-12-12,48.0,Female,Central,Standard,Month-to-Month,Mobile Wallet,31,48.3553556701031,5,51,2,4.0,No,1791.67,1
CUST11896,2026-02-22,38.0,Male,West,Premium,Month-to-Month,Mobile Wallet,4,95.47,6,6,2,3.0,Yes,378.52,0
CUST10466,2025-05-10,34.0,Female,East,Standard,One Year,Cash,13,45.81,8,5,1,3.0,No,549.25,1
CUST11484,2025-06-17,53.0,Female,East,Premium,Two Year,Cash,12,91.11,3,124,3,4.0,Yes,1147.65,0
CUST11545,2023-01-02,53.0,Female,South,Premium,Month-to-Month,Credit Card,42,99.2,4,5,2,5.0,No,4039.51,1
CUST10277,2025-05-09,44.07447916666667,Female,East,Standard,Month-to-Month,Cash,13,48.3553556701031,5,42,0,4.0,No,676.14,0
CUST11069,2024-11-10,57.0,Female,South,Basic,Month-to-Month,Bank Transfer,19,36.33,8,20,0,4.0,Yes,710.94,0
CUST11017,2025-08-17,68.0,Female,West,Premium,Month-to-Month,Bank Transfer,10,97.81,9,5,0,2.0,No,961.21,0
CUST11330,2024-06-07,44.0,Female,West,Standard,Month-to-Month,Cash,25,56.18,11,34,0,3.0,Yes,1413.6,0
CUST10722,2025-04-11,55.0,Female,North,Basic,Two Year,Cash,14,24.32,8,1,3,1.0,No,313.78,1
CUST11963,2023-02-01,48.0,Male,North,Basic,Month-to-Month,Mobile Wallet,41,16.44,4,24,1,5.0,No,667.38,0
CUST10786,2020-11-21,21.0,Female,West,Premium,Two Year,Credit Card,68,86.79,9,17,1,4.0,No,5725.67,0
CUST11554,2025-04-12,26.0,Female,North,Basic,Month-to-Month,Bank Transfer,14,21.37,4,0,2,4.0,No,295.96,1
CUST11317,2024-03-07,47.0,Male,North,Standard,One Year,Bank Transfer,28,54.35,6,23,4,5.0,No,1505.45,0
CUST11565,2024-07-18,68.0,Female,East,Standard,One Year,Cash,23,67.51,7,11,0,4.0,Yes,1579.6,0
CUST11436,2025-02-25,22.0,Male,North,Standard,Two Year,Bank Transfer,16,41.73,3,61,0,5.0,No,676.96,0
CUST10906,2026-02-25,32.0,Male,East,Standard,Two Year,Credit Card,4,53.36,4,10,2,4.0,No,203.34,0
CUST10563,2024-07-24,49.0,Male,East,Basic,Month-to-Month,Credit Card,23,29.32,5,0,1,4.0,No,655.67,1
CUST10388,2022-07-12,62.0,Male,North,Standard,Month-to-Month,Bank Transfer,48,54.7,4,12,3,3.581578947368421,Yes,2400.57,0
CUST10022,2025-12-24,47.0,Female,Central,Premium,Month-to-Month,Mobile Wallet,6,84.02,5,10,2,3.0,Yes,482.82,1
CUST11953,2025-02-25,19.0,Female,Central,Standard,Two Year,Mobile Wallet,16,55.69,6,22,2,2.0,Yes,881.99,0
CUST10124,2024-01-11,27.0,Female,North,Standard,Month-to-Month,Credit Card,30,33.97,7,7,1,3.581578947368421,Yes,978.38,0
CUST11820,2024-08-30,63.0,Female,Central,Standard,One Year,Mobile Wallet,22,64.02,5,3,1,3.581578947368421,No,1439.56,0
CUST10773,2026-03-17,69.0,Female,West,Standard,Two Year,Cash,3,51.95,4,32,1,4.0,Yes,151.03,0
CUST10880,2025-04-09,55.0,Male,South,Basic,One Year,Bank Transfer,14,24.53,6,32,0,4.0,No,347.5,0
CUST11144,2025-01-20,68.0,Female,South,Standard,Month-to-Month,Cash,17,55.17,7,8,1,4.0,No,979.22,1
CUST11166,2025-08-25,33.0,Female,West,Standard,Month-to-Month,Mobile Wallet,10,52.26,7,22,1,3.0,No,517.51,1
CUST10050,2025-06-21,59.0,Male,North,Basic,Two Year,Credit Card,12,18.92,5,4,1,5.0,No,236.82,0
CUST11703,2025-05-19,25.0,Male,East,Basic,Month-to-Month,Mobile Wallet,13,20.11,3,55,1,4.0,No,249.93,1
CUST11466,2022-12-20,57.0,Male,South,Basic,Month-to-Month,Cash,42,26.09,9,101,3,4.0,No,1067.06,1
CUST11105,2022-10-23,60.0,Female,West,Premium,Month-to-Month,Bank Transfer,44,85.15,12,93,1,4.0,No,3771.34,0
CUST10703,2024-04-19,64.0,Female,Central,Standard,One Year,Credit Card,26,50.5,4,40,2,5.0,No,1311.49,0
CUST10482,2026-04-22,19.0,Female,East,Basic,Two Year,Credit Card,2,22.09,9,19,0,5.0,Yes,42.52,0
CUST11145,2024-10-26,60.0,Female,South,Standard,Month-to-Month,Credit Card,20,50.07,5,20,0,1.0,Yes,967.12,1
CUST11921,2025-11-12,30.0,Female,South,Standard,Month-to-Month,Credit Card,7,53.05,7,16,1,4.0,No,376.69,0
CUST10066,2024-05-17,60.0,Female,East,Standard,Month-to-Month,Bank Transfer,25,43.18,6,2,3,5.0,Yes,971.99,1
CUST11730,2024-09-13,44.0,Female,Central,Premium,Month-to-Month,Bank Transfer,21,94.46,5,29,0,4.0,Yes,1831.05,0
CUST10733,2022-11-27,24.0,Male,South,Premium,One Year,Credit Card,43,95.25,4,5,1,3.581578947368421,No,3778.2,0
CUST11794,2025-05-13,47.0,Male,Central,Standard,Month-to-Month,Credit Card,13,56.09,9,15,1,4.0,No,702.14,1
CUST10801,2023-09-17,44.0,Female,South,Standard,Month-to-Month,Cash,33,30.32,14,3,1,4.0,Yes,904.56,0
CUST11555,2025-08-31,60.0,Female,West,Basic,One Year,Mobile Wallet,10,13.7,6,29,1,2.0,No,132.46,0
CUST11478,2025-08-09,59.0,Male,East,Basic,Two Year,Credit Card,10,15.48,7,70,1,3.0,Yes,151.72,0
CUST10907,2023-04-09,69.0,Female,North,Standard,Two Year,Cash,39,54.96,5,4,0,4.0,No,2214.58,0
CUST10031,2025-12-30,30.0,Female,Central,Premium,Month-to-Month,Mobile Wallet,6,93.93,5,71,3,3.581578947368421,Yes,587.41,1
CUST10417,2025-05-20,51.0,Male,West,Premium,One Year,Bank Transfer,13,98.06,4,22,2,5.0,No,1249.57,0
CUST10632,2020-07-14,37.0,Male,North,Standard,One Year,Mobile Wallet,72,50.18,3,1,2,4.0,No,3658.91,0
CUST11693,2025-02-17,60.0,Male,West,Premium,Two Year,Cash,16,76.9,6,11,2,4.0,No,1225.03,0
CUST11447,2025-08-12,57.0,Male,East,Standard,Month-to-Month,Bank Transfer,10,46.25,8,2,2,3.0,Yes,455.84,1
CUST10064,2025-11-17,25.0,Female,East,Premium,Month-to-Month,Bank Transfer,7,80.81,6,75,3,5.0,No,562.04,1
CUST11698,2022-08-17,27.0,Female,Central,Standard,Month-to-Month,Credit Card,47,50.15,9,1,1,3.0,Yes,2343.31,0
CUST11615,2022-09-10,59.0,Female,North,Basic,Month-to-Month,Bank Transfer,46,7.96,7,0,0,4.0,Yes,334.78,1
CUST10077,2021-06-07,22.0,Female,North,Basic,One Year,Mobile Wallet,61,19.29,5,10,1,4.0,No,1134.33,0
CUST10491,2024-07-26,26.0,Male,East,Standard,Month-to-Month,Mobile Wallet,23,44.08,5,35,0,4.0,No,956.02,1
CUST11516,2024-07-18,26.0,Female,North,Standard,Month-to-Month,Bank Transfer,23,44.29,6,6,0,3.0,No,1008.49,0
CUST11534,2021-10-22,66.0,Male,North,Standard,Month-to-Month,Credit Card,57,46.41,8,13,2,2.0,No,2437.02,0
CUST10532,2025-05-09,50.0,Female,South,Standard,Month-to-Month,Mobile Wallet,13,53.06,10,20,4,3.0,No,715.42,1
CUST10065,2023-11-18,47.0,Male,East,Standard,Month-to-Month,Credit Card,31,42.34,6,36,1,3.581578947368421,Yes,1285.01,0
CUST11699,2025-02-02,69.0,Male,West,Standard,One Year,Cash,17,48.3553556701031,1,95,3,3.581578947368421,Yes,807.05,1
CUST10296,2023-05-03,25.0,Male,Central,Premium,One Year,Bank Transfer,38,91.49,10,1,1,4.0,Yes,3433.88,0
CUST10591,2024-04-09,39.0,Male,South,Standard,Month-to-Month,Mobile Wallet,27,36.81,4,32,3,3.0,Yes,936.08,1
CUST10767,2023-07-16,34.0,Male,North,Standard,Month-to-Month,Credit Card,36,48.3553556701031,7,7,2,2.0,No,1961.37,0
CUST10724,2024-04-25,44.0,Male,North,Premium,Two Year,Cash,26,85.86,8,17,1,3.0,No,2172.52,0
CUST11433,2025-03-29,28.0,Female,North,Premium,Month-to-Month,Cash,15,87.12,5,13,0,4.0,Yes,1313.49,0
CUST10626,2025-09-24,26.0,Male,West,Standard,Two Year,Cash,9,52.15,9,72,4,3.0,No,429.74,0
CUST11491,2022-02-22,39.0,Female,West,Standard,Two Year,Cash,52,65.52,4,44,1,2.0,No,3525.99,0
CUST11957,2026-04-07,55.0,Female,North,Standard,Month-to-Month,Mobile Wallet,2,45.75,2,71,3,3.581578947368421,No,84.71,1
CUST11212,2025-04-26,69.0,Male,East,Basic,Month-to-Month,Cash,14,27.41,7,59,2,4.0,No,379.64,1
CUST11620,2024-03-06,70.0,Male,North,Premium,Month-to-Month,Mobile Wallet,28,96.49,6,13,0,5.0,No,2676.31,0
CUST10251,2025-10-27,36.0,Male,Central,Basic,One Year,Mobile Wallet,8,30.45,8,0,0,3.0,Yes,254.58,0
CUST11829,2024-12-14,40.0,Male,East,Standard,Two Year,Mobile Wallet,18,61.43,10,39,3,4.0,No,1029.6,0
CUST11767,2026-01-08,19.0,Male,North,Standard,One Year,Cash,5,45.25,3,6,4,3.0,Yes,229.27,0
CUST11913,2025-05-06,53.0,Male,East,Standard,Two Year,Bank Transfer,14,51.56,4,46,1,3.581578947368421,No,744.4,0
CUST10982,2024-12-03,46.0,Male,West,Premium,One Year,Bank Transfer,19,94.26,7,7,0,3.0,No,1626.3,0
CUST11782,2025-07-11,22.0,Female,South,Standard,Two Year,Bank Transfer,11,50.95,11,13,1,4.0,No,533.56,0
CUST10706,2024-08-21,57.0,Male,West,Premium,Month-to-Month,Cash,22,93.66,8,9,3,4.0,No,2062.14,0
CUST10487,2026-04-12,37.0,Male,North,Basic,One Year,Mobile Wallet,2,9.36,10,26,2,4.0,Yes,17.91,0
CUST10273,2024-10-13,47.0,Male,East,Premium,One Year,Credit Card,20,105.24,6,2,1,4.0,No,2205.96,0
CUST11719,2023-05-09,28.0,Male,West,Standard,Month-to-Month,Bank Transfer,38,54.72,4,15,2,4.0,No,1985.16,0
CUST11678,2025-07-24,48.0,Female,Central,Basic,Month-to-Month,Bank Transfer,11,20.64,5,49,0,4.0,No,233.59,1
CUST10963,2025-10-24,27.0,Male,North,Basic,Month-to-Month,Mobile Wallet,8,33.78,2,54,2,2.0,No,266.38,1
CUST10877,2025-01-13,67.0,Male,South,Basic,Two Year,Credit Card,17,34.59,9,47,3,5.0,No,586.36,0
CUST11647,2024-09-07,57.0,Female,West,Basic,Month-to-Month,Bank Transfer,22,16.62,8,0,3,3.0,Yes,366.93,1
CUST11822,2025-09-20,32.0,Female,East,Standard,One Year,Credit Card,9,52.73,3,48,2,4.0,No,476.75,1
CUST10411,2023-05-15,37.0,Female,West,Standard,Month-to-Month,Bank Transfer,38,61.77,5,6,1,3.0,Yes,2278.43,0
CUST10667,2023-07-18,48.0,Male,Central,Premium,Month-to-Month,Cash,35,83.88,5,21,1,4.0,No,2796.19,0
CUST11262,2026-03-02,35.0,Female,South,Basic,Month-to-Month,Cash,4,20.33,4,27,1,3.581578947368421,Yes,78.51,1
CUST10149,2025-12-21,70.0,Male,North,Basic,Month-to-Month,Mobile Wallet,6,30.54,6,6,1,4.0,Yes,169.24,0
CUST10644,2024-09-22,44.07447916666667,Male,East,Standard,Month-to-Month,Bank Transfer,21,38.16,5,53,1,3.0,No,735.59,1
CUST10218,2025-05-05,37.0,Female,Central,Basic,Month-to-Month,Bank Transfer,14,21.73,5,26,2,4.0,Yes,291.72,0
CUST10239,2023-01-17,56.0,Male,North,Standard,Month-to-Month,Cash,42,56.2,5,23,2,3.0,No,2317.09,0
CUST11131,2022-01-21,37.0,Male,East,Standard,One Year,Mobile Wallet,54,56.2,4,45,2,4.0,No,3158.74,0
CUST11216,2024-10-23,52.0,Female,North,Standard,One Year,Bank Transfer,20,69.84,4,16,1,3.0,No,1446.85,0
CUST10792,2024-01-29,53.0,Female,South,Basic,Month-to-Month,Bank Transfer,29,29.4,3,5,2,3.581578947368421,No,791.27,1
CUST10191,2024-07-30,63.0,Male,North,Standard,Month-to-Month,Bank Transfer,23,51.0,7,21,1,3.0,Yes,1073.16,0
CUST10333,2021-03-28,54.0,Female,Central,Basic,Month-to-Month,Cash,64,22.7,7,20,1,3.0,No,1397.74,1
CUST11329,2026-03-30,22.0,Male,North,Basic,Two Year,Credit Card,3,19.78,5,12,0,5.0,No,54.58,0
CUST11332,2025-11-03,40.0,Male,East,Standard,Month-to-Month,Mobile Wallet,7,29.97,6,26,2,4.0,No,198.32,0
CUST10962,2020-07-17,62.0,Female,North,Standard,One Year,Bank Transfer,72,65.34,7,1,4,4.0,No,4563.4,0
CUST11371,2024-01-30,24.0,Female,Central,Basic,Month-to-Month,Mobile Wallet,29,16.46,4,13,1,3.0,No,466.06,0
CUST11961,2024-11-19,46.0,Female,South,Basic,Month-to-Month,Bank Transfer,19,20.82,6,24,0,3.0,Yes,399.31,0
CUST11660,2024-09-13,18.0,Male,North,Basic,One Year,Credit Card,21,29.49,5,0,0,3.0,No,576.19,0
CUST11625,2024-10-30,49.0,Female,West,Premium,One Year,Cash,20,89.59,11,20,2,3.0,No,1712.19,0
CUST10582,2025-01-24,68.0,Male,North,Basic,Month-to-Month,Credit Card,17,22.09,4,5,1,4.0,No,355.8,1
CUST11929,2025-05-13,37.0,Male,South,Premium,Month-to-Month,Credit Card,13,72.73,4,25,2,3.0,No,970.19,1
CUST11442,2025-06-29,33.0,Female,North,Premium,Two Year,Cash,12,83.6,4,5,2,5.0,No,973.53,0
CUST10839,2025-12-28,22.0,Female,East,Basic,Month-to-Month,Credit Card,6,27.77,4,12,1,3.581578947368421,Yes,157.56,1
CUST10627,2024-06-06,34.0,Male,North,Standard,One Year,Cash,25,51.69,7,30,3,2.0,No,1345.99,1
CUST10323,2024-02-07,47.0,Male,East,Basic,Two Year,Bank Transfer,29,25.69,6,0,0,3.0,No,761.28,1
CUST11651,2025-12-17,64.0,Female,South,Premium,Two Year,Credit Card,6,91.97,11,13,4,3.0,No,562.04,0
CUST11160,2026-01-22,44.07447916666667,Male,North,Standard,Month-to-Month,Credit Card,5,41.93,6,12,1,3.581578947368421,No,200.23,0
CUST10778,2024-11-07,49.0,Male,West,Standard,One Year,Bank Transfer,20,43.77,5,11,0,4.0,Yes,820.43,0
CUST11076,2025-01-26,57.0,Male,East,Standard,One Year,Credit Card,17,52.83,9,50,0,4.0,No,897.57,0
CUST10939,2026-03-01,37.0,Male,North,Premium,Month-to-Month,Cash,4,100.98,11,28,1,5.0,No,409.2,1
CUST10437,2025-06-18,39.0,Female,East,Basic,Month-to-Month,Bank Transfer,12,21.3,2,71,0,3.0,No,230.13,1
CUST10119,2024-10-19,64.0,Male,East,Standard,Month-to-Month,Bank Transfer,20,54.94,9,34,2,2.0,No,1083.88,0
CUST11419,2024-08-10,36.0,Female,Central,Standard,Month-to-Month,Cash,22,46.51,5,16,0,5.0,Yes,1034.36,0
CUST11571,2025-09-26,30.0,Female,East,Standard,Two Year,Mobile Wallet,9,40.93,6,51,2,4.0,No,372.25,0
CUST11026,2024-08-29,33.0,Male,Central,Basic,One Year,Cash,22,36.93,7,110,0,4.0,No,753.49,1
CUST11253,2024-08-13,34.0,Female,East,Basic,Month-to-Month,Mobile Wallet,22,17.82,8,19,4,4.0,No,357.18,1
CUST11386,2024-07-13,53.0,Male,West,Basic,Month-to-Month,Mobile Wallet,23,25.47,6,52,1,2.0,No,564.18,1
CUST10076,2021-11-21,67.0,Female,South,Standard,Month-to-Month,Bank Transfer,56,44.91,3,21,0,5.0,Yes,2386.05,0
CUST11053,2025-12-05,61.0,Female,North,Basic,Month-to-Month,Mobile Wallet,6,32.13,3,7,0,2.0,No,202.37,0
CUST10900,2022-07-12,70.0,Male,East,Premium,Month-to-Month,Cash,48,79.35,6,9,2,4.0,No,3976.3,0
CUST10371,2023-04-13,44.07447916666667,Male,South,Premium,Month-to-Month,Bank Transfer,39,48.3553556701031,11,44,2,3.0,No,3036.76,0
CUST11873,2022-12-25,29.0,Male,Central,Basic,One Year,Credit Card,42,28.83,5,89,2,3.0,No,1130.85,1
CUST11449,2025-02-15,44.0,Male,North,Standard,Month-to-Month,Mobile Wallet,16,43.4,3,31,2,4.0,No,635.62,0
CUST11987,2026-02-03,37.0,Female,West,Basic,Month-to-Month,Mobile Wallet,4,25.56,9,24,5,5.0,Yes,96.63,0
CUST10941,2022-08-31,41.0,Male,West,Standard,Month-to-Month,Credit Card,46,49.23,6,0,0,5.0,No,2334.95,0
CUST10577,2023-11-22,36.0,Male,East,Standard,Month-to-Month,Cash,31,62.02,6,45,3,4.0,No,1899.29,0
CUST10819,2024-11-11,54.0,Female,South,Standard,Two Year,Credit Card,19,52.29,5,26,0,3.581578947368421,No,908.87,0
CUST11476,2025-12-18,20.0,Male,South,Standard,Month-to-Month,Bank Transfer,6,66.39,7,1,0,4.0,No,413.39,0
CUST11900,2024-08-21,30.0,Female,East,Basic,Month-to-Month,Mobile Wallet,22,26.24,10,3,4,3.0,No,573.38,0
CUST11742,2024-11-28,26.0,Female,North,Basic,One Year,Mobile Wallet,19,25.8,8,3,2,3.0,No,448.23,1
CUST11741,2023-09-01,47.0,Female,North,Basic,Month-to-Month,Credit Card,34,27.74,11,12,1,3.0,Yes,938.04,0
CUST10886,2022-07-11,42.0,Female,South,Basic,Two Year,Cash,48,24.81,6,27,2,3.0,Yes,1166.48,0
CUST10968,2024-11-05,37.0,Male,East,Standard,Month-to-Month,Bank Transfer,20,44.43,3,52,2,3.0,No,890.91,1
CUST11605,2026-03-26,24.0,Male,South,Basic,Month-to-Month,Bank Transfer,3,34.02,8,60,0,5.0,Yes,93.86,0
CUST10785,2026-02-12,41.0,Male,South,Standard,Two Year,Credit Card,4,50.91,7,5,1,3.0,No,208.17,0
CUST11549,2025-04-02,53.0,Female,South,Basic,Month-to-Month,Cash,15,42.44,5,25,2,3.0,Yes,598.25,1
CUST11690,2025-12-22,18.0,Male,West,Standard,Month-to-Month,Credit Card,6,42.61,11,4,1,3.0,No,240.62,0
CUST11617,2023-12-18,66.0,Male,East,Premium,Month-to-Month,Mobile Wallet,30,84.06,6,17,3,3.0,Yes,2632.51,1
CUST10301,2023-12-09,45.0,Female,North,Standard,Month-to-Month,Cash,31,56.93,5,2,1,3.0,No,1773.87,1
CUST10689,2025-05-15,62.0,Female,East,Premium,Month-to-Month,Bank Transfer,13,93.85,2,11,1,5.0,No,1098.31,1
CUST10812,2026-04-09,33.0,Female,Central,Standard,One Year,Credit Card,2,51.57,3,26,3,3.0,No,93.91,1
CUST11061,2023-09-26,52.0,Female,East,Standard,One Year,Credit Card,33,51.38,5,33,2,3.0,No,1569.52,0
CUST10236,2024-12-03,30.0,Female,East,Basic,Two Year,Bank Transfer,19,36.94,6,46,0,3.0,No,698.31,0
CUST11115,2024-05-29,57.0,Male,North,Standard,Month-to-Month,Bank Transfer,25,54.09,3,25,1,4.0,No,1378.89,1
CUST11363,2024-05-06,50.0,Female,North,Basic,Two Year,Cash,26,29.07,6,56,1,5.0,No,697.6,1
CUST10499,2026-02-04,20.0,Male,East,Basic,Two Year,Cash,4,31.53,5,24,2,3.0,No,115.96,0
CUST11665,2026-05-01,22.0,Male,Central,Standard,Month-to-Month,Credit Card,2,57.24,2,23,0,4.0,No,118.16,1
CUST11079,2025-10-21,31.0,Female,South,Premium,Month-to-Month,Bank Transfer,8,97.45,2,33,3,5.0,Yes,808.27,0
CUST11326,2023-12-20,36.0,Female,South,Premium,Month-to-Month,Cash,30,82.54,11,5,1,3.0,No,2566.27,0
CUST10794,2024-10-06,56.0,Male,North,Standard,One Year,Cash,21,49.26,9,15,1,5.0,No,1005.58,0
CUST11934,2025-01-21,40.0,Female,West,Standard,One Year,Cash,17,64.38,8,31,1,5.0,No,1040.68,0
CUST11539,2024-08-09,22.0,Female,South,Standard,Month-to-Month,Cash,23,47.49,6,16,4,4.0,Yes,1010.86,0
CUST11942,2024-11-04,63.0,Male,South,Standard,One Year,Credit Card,20,46.42,5,26,1,3.0,No,949.11,1
CUST10990,2024-10-01,51.0,Female,East,Basic,Two Year,Cash,21,7.42,6,4,3,3.0,No,146.34,0
CUST11379,2023-06-27,61.0,Female,South,Standard,Month-to-Month,Bank Transfer,36,48.18,4,13,2,3.0,Yes,1567.68,1
CUST10934,2023-05-14,20.0,Male,West,Basic,Month-to-Month,Credit Card,38,39.82,10,12,1,5.0,Yes,1500.38,0
CUST10387,2021-12-27,67.0,Male,Central,Basic,Two Year,Bank Transfer,54,18.9,5,31,0,3.0,No,968.95,0
CUST11477,2023-01-07,44.07447916666667,Female,Central,Standard,Month-to-Month,Credit Card,42,48.49,1,24,1,3.0,No,2128.79,0
CUST10390,2026-02-15,25.0,Male,East,Standard,Month-to-Month,Bank Transfer,4,37.61,3,2,4,5.0,Yes,138.17,1
CUST10743,2023-04-04,47.0,Male,North,Premium,Month-to-Month,Mobile Wallet,39,82.25,8,6,1,3.0,No,3354.32,0
CUST10352,2023-04-18,54.0,Female,East,Standard,Month-to-Month,Bank Transfer,38,48.25,4,16,2,3.581578947368421,No,1777.4,0
CUST11217,2024-02-10,31.0,Female,East,Standard,Month-to-Month,Bank Transfer,29,56.1,7,114,0,4.0,Yes,1498.02,1
CUST10235,2024-11-29,35.0,Male,West,Standard,Month-to-Month,Cash,19,43.73,9,31,2,4.0,No,839.83,0
CUST11716,2022-06-03,69.0,Male,South,Standard,Month-to-Month,Cash,49,59.24,4,27,1,5.0,No,2666.55,0
CUST10480,2025-12-21,65.0,Male,South,Basic,Month-to-Month,Mobile Wallet,6,8.28,3,7,2,4.0,No,47.47,1
CUST10567,2026-01-10,44.0,Female,North,Basic,Month-to-Month,Credit Card,5,33.51,4,9,1,2.0,No,159.05,0
CUST11140,2026-02-17,36.0,Male,South,Basic,Month-to-Month,Credit Card,4,34.46,6,4,0,5.0,Yes,130.31,0
CUST11691,2024-03-24,49.0,Female,Central,Basic,Month-to-Month,Bank Transfer,27,14.89,5,43,0,4.0,No,421.34,1
CUST11874,2024-09-13,63.0,Female,Central,Basic,Month-to-Month,Mobile Wallet,21,26.96,8,8,2,4.0,No,543.94,0
CUST11574,2024-08-28,22.0,Female,North,Standard,Two Year,Mobile Wallet,22,33.43,3,18,3,2.0,No,737.08,0
CUST10120,2022-03-24,23.0,Female,East,Standard,Month-to-Month,Bank Transfer,51,39.62,4,0,2,4.0,No,1875.28,0
CUST11737,2021-07-05,39.0,Female,North,Standard,Month-to-Month,Cash,60,51.65,14,26,3,4.0,No,2857.57,0
CUST11024,2024-06-18,59.0,Female,West,Premium,One Year,Bank Transfer,24,106.88,8,21,2,3.581578947368421,No,2511.72,1
CUST11086,2025-02-04,69.0,Female,West,Standard,Month-to-Month,Bank Transfer,17,49.54,9,14,0,3.0,Yes,865.83,1
CUST11272,2021-01-07,52.0,Male,South,Standard,Two Year,Cash,66,54.28,3,46,2,2.0,No,3301.95,0
CUST10926,2023-04-27,36.0,Male,North,Premium,Month-to-Month,Cash,38,80.01,7,3,3,4.0,No,2799.04,1
CUST10515,2024-02-02,31.0,Female,North,Premium,One Year,Mobile Wallet,29,75.01,5,17,3,4.0,No,2064.05,0
CUST10223,2023-12-11,31.0,Female,Central,Basic,One Year,Cash,31,32.48,5,53,0,4.0,No,1017.98,0
CUST11485,2025-11-30,27.0,Male,North,Premium,Month-to-Month,Mobile Wallet,7,83.62,10,58,0,3.0,Yes,533.1,1
CUST10843,2024-03-11,62.0,Male,South,Standard,One Year,Credit Card,28,57.39,11,72,0,3.0,No,1639.69,0
CUST11245,2025-08-31,28.0,Male,South,Basic,Month-to-Month,Credit Card,10,25.78,7,2,4,3.0,No,247.72,1
CUST10052,2023-10-10,56.0,Female,West,Standard,One Year,Bank Transfer,33,32.98,4,2,3,4.0,Yes,1006.78,0
CUST11853,2025-10-01,57.0,Female,West,Standard,Month-to-Month,Credit Card,9,42.42,3,2,0,3.0,No,387.57,0
CUST10485,2024-07-20,70.0,Male,South,Premium,One Year,Cash,23,88.69,3,56,2,4.0,No,2103.36,0
CUST11925,2025-03-05,55.0,Male,North,Basic,Month-to-Month,Cash,16,18.62,6,54,3,4.0,No,277.57,1
CUST10818,2023-09-15,54.0,Female,East,Basic,One Year,Bank Transfer,33,24.84,3,4,2,4.0,No,794.36,0
CUST10155,2025-08-31,30.0,Male,West,Basic,Month-to-Month,Mobile Wallet,10,18.95,7,5,0,3.0,No,170.94,1
CUST11366,2024-09-26,34.0,Male,North,Standard,Month-to-Month,Cash,21,46.11,8,49,3,4.0,Yes,943.38,1
CUST10600,2022-03-12,70.0,Female,East,Standard,Month-to-Month,Credit Card,52,57.72,10,15,1,4.0,No,3138.32,1
CUST11611,2025-07-01,47.0,Male,West,Basic,Month-to-Month,Cash,12,30.46,10,8,4,3.0,Yes,379.26,1
CUST10248,2024-05-27,67.0,Female,South,Basic,Two Year,Credit Card,25,48.3553556701031,6,81,1,3.0,Yes,591.85,0
CUST10761,2025-08-05,44.0,Female,North,Premium,Month-to-Month,Bank Transfer,10,85.88,8,1,0,3.581578947368421,No,896.14,0
CUST11837,2025-12-01,63.0,Male,South,Standard,Month-to-Month,Mobile Wallet,7,46.55,5,13,2,5.0,No,337.38,1
CUST11130,2025-04-22,42.0,Male,Central,Basic,One Year,Mobile Wallet,14,28.1,6,0,1,4.0,No,408.66,0
CUST10542,2024-09-12,38.0,Female,West,Standard,Two Year,Cash,21,40.82,5,52,2,4.0,No,833.45,0
CUST10793,2024-03-13,47.0,Male,North,Basic,Month-to-Month,Bank Transfer,27,48.3553556701031,3,36,0,3.0,Yes,912.49,1
CUST11141,2024-07-22,51.0,Male,West,Basic,Month-to-Month,Cash,23,41.1,4,21,3,3.0,No,884.83,1
CUST11463,2022-02-11,46.0,Male,South,Basic,Two Year,Bank Transfer,53,6.18,8,3,0,3.0,No,328.82,0
CUST10628,2026-05-13,70.0,Female,East,Basic,One Year,Bank Transfer,1,27.91,8,23,0,4.0,No,27.93,0
CUST10150,2023-02-02,23.0,Male,West,Standard,Month-to-Month,Bank Transfer,41,44.66,7,14,1,4.0,No,1680.73,0
CUST11650,2020-07-04,49.0,Female,South,Standard,Two Year,Cash,72,43.91,4,21,1,3.0,No,3161.98,0
CUST10291,2024-10-08,48.0,Female,North,Standard,One Year,Cash,21,32.92,8,4,3,5.0,No,649.88,1
CUST10381,2025-02-24,53.0,Male,Central,Standard,Two Year,Cash,16,59.37,6,59,0,3.0,No,903.02,0
CUST10686,2026-02-12,66.0,Female,South,Basic,Month-to-Month,Credit Card,4,29.22,4,7,4,4.0,Yes,115.18,0
CUST11367,2025-09-04,63.0,Female,North,Basic,One Year,Mobile Wallet,9,23.94,3,16,1,4.0,No,220.35,0
CUST11224,2025-03-16,55.0,Female,North,Standard,Month-to-Month,Credit Card,15,54.34,6,7,1,4.0,Yes,777.57,0
CUST10897,2023-03-20,23.0,Female,North,Premium,Month-to-Month,Bank Transfer,39,92.74,7,115,2,3.0,Yes,3661.53,0
CUST10854,2024-04-19,47.0,Male,North,Basic,One Year,Cash,26,33.15,6,117,5,4.0,No,791.61,1
CUST11071,2025-03-03,30.0,Female,East,Basic,One Year,Mobile Wallet,16,29.64,7,11,0,4.0,No,495.35,0
CUST10808,2025-09-02,54.0,Male,East,Basic,Two Year,Credit Card,10,21.3,6,18,5,3.0,No,222.82,0
CUST11697,2026-04-01,60.0,Female,West,Basic,Month-to-Month,Credit Card,3,21.91,7,25,2,4.0,Yes,63.39,1
CUST10891,2025-07-23,19.0,Female,Central,Standard,One Year,Cash,11,38.97,6,0,2,4.0,No,395.95,0
CUST11766,2026-01-14,24.0,Male,Central,Premium,One Year,Bank Transfer,5,92.58,6,1,1,5.0,Yes,464.25,1
CUST11364,2022-07-01,44.07447916666667,Male,East,Premium,One Year,Cash,48,84.8,8,20,1,2.0,No,3694.52,0
CUST10615,2025-11-25,53.0,Male,West,Basic,One Year,Mobile Wallet,7,35.88,5,15,1,3.0,No,244.47,0
CUST10154,2022-03-03,60.0,Male,North,Basic,Month-to-Month,Bank Transfer,52,26.77,10,36,3,3.0,No,1369.48,0
CUST11193,2025-04-07,44.07447916666667,Male,Central,Standard,Two Year,Bank Transfer,14,51.44,7,27,2,2.0,No,651.83,1
CUST11723,2024-12-23,38.0,Female,East,Basic,One Year,Credit Card,18,43.6,3,27,1,1.0,No,795.87,1
CUST11790,2025-08-18,45.0,Female,West,Basic,Month-to-Month,Mobile Wallet,10,24.92,8,25,3,3.581578947368421,No,261.14,1
CUST10322,2025-12-17,48.0,Male,South,Premium,One Year,Bank Transfer,6,95.57,10,46,2,3.0,No,569.17,0
CUST11556,2024-11-03,33.0,Male,Central,Premium,One Year,Cash,20,87.71,10,62,1,3.0,Yes,1600.03,0
CUST10082,2026-03-22,19.0,Female,West,Standard,One Year,Credit Card,3,45.2,8,20,1,4.0,Yes,131.65,0
CUST10512,2025-01-20,46.0,Male,North,Standard,Two Year,Bank Transfer,17,51.76,9,20,2,5.0,No,834.31,0
CUST11535,2023-07-06,70.0,Female,East,Basic,Month-to-Month,Bank Transfer,36,37.25,4,11,1,4.0,No,1350.08,0
CUST11494,2025-05-31,59.0,Female,South,Premium,Month-to-Month,Mobile Wallet,13,75.82,4,6,1,4.0,No,1016.9,0
CUST10929,2021-03-03,52.0,Male,West,Basic,Two Year,Mobile Wallet,64,38.92,7,63,1,4.0,No,2386.95,0
CUST11847,2024-10-30,36.0,Female,East,Standard,One Year,Cash,20,47.92,6,26,1,2.0,No,968.48,1
CUST11357,2024-03-15,59.0,Female,East,Premium,Month-to-Month,Mobile Wallet,27,87.31,5,25,1,2.0,Yes,2394.2,1
CUST10010,2025-06-12,19.0,Male,South,Basic,Month-to-Month,Cash,12,48.3553556701031,4,110,1,4.0,Yes,140.86,1
CUST10831,2025-05-25,61.0,Male,East,Basic,One Year,Mobile Wallet,13,26.48,9,16,3,3.0,Yes,328.49,0
CUST10032,2020-12-16,45.0,Male,South,Basic,Month-to-Month,Cash,67,26.4,5,77,1,4.0,No,1837.8,0
CUST11524,2025-09-12,61.0,Female,West,Basic,One Year,Cash,9,8.63,7,1,1,3.0,No,70.13,0
CUST10413,2021-01-28,39.0,Female,Central,Basic,Month-to-Month,Cash,65,22.24,11,39,0,4.0,No,1517.22,0
CUST10580,2025-03-09,70.0,Male,East,Standard,One Year,Credit Card,15,48.78,12,38,0,2.0,No,676.22,1
CUST11406,2024-09-19,55.0,Female,Central,Premium,Two Year,Mobile Wallet,21,87.39,8,58,2,3.0,No,1898.2,0
CUST11559,2025-01-18,30.0,Male,Central,Basic,One Year,Cash,17,16.21,3,11,1,3.0,No,251.75,0
CUST11502,2024-10-17,42.0,Male,South,Standard,One Year,Mobile Wallet,20,52.8,3,1,2,4.0,No,985.87,1
CUST11916,2025-11-20,48.0,Male,West,Basic,One Year,Bank Transfer,7,28.37,6,0,2,3.0,Yes,191.13,0
CUST10614,2025-08-17,40.0,Female,South,Standard,One Year,Mobile Wallet,10,56.45,2,60,2,4.0,No,540.39,0
CUST11045,2025-08-31,69.0,Male,South,Basic,Month-to-Month,Bank Transfer,10,25.82,9,38,4,4.0,No,253.6,1
CUST11402,2025-11-26,29.0,Female,Central,Basic,Month-to-Month,Credit Card,7,14.17,7,4,2,5.0,Yes,93.18,0
CUST11014,2024-04-03,49.0,Female,South,Basic,One Year,Cash,27,5.94,6,27,1,2.0,No,145.28,0
CUST10089,2024-04-29,67.0,Female,East,Basic,Two Year,Mobile Wallet,26,23.52,2,12,3,4.0,No,553.26,0
CUST11710,2025-08-29,50.0,Male,West,Basic,One Year,Mobile Wallet,10,42.24,8,41,2,2.0,Yes,388.28,1
CUST10601,2026-03-13,55.0,Female,West,Basic,Month-to-Month,Bank Transfer,3,22.98,8,11,2,3.0,No,67.33,1
CUST11237,2025-04-14,27.0,Female,South,Standard,Two Year,Cash,14,44.36,5,40,0,3.0,Yes,615.76,0
CUST11990,2025-05-17,61.0,Male,North,Basic,Month-to-Month,Credit Card,13,28.38,9,13,0,3.581578947368421,No,365.9,0
CUST10133,2024-12-30,24.0,Female,South,Standard,Month-to-Month,Cash,18,48.31,6,19,1,3.581578947368421,No,789.9,1
CUST11370,2024-01-20,56.0,Female,North,Premium,Month-to-Month,Cash,29,81.0,5,0,1,5.0,No,2329.02,0
CUST10555,2025-05-28,57.0,Male,North,Premium,One Year,Cash,13,90.76,6,2,2,4.0,No,1088.25,1
CUST11031,2026-01-04,47.0,Female,West,Standard,Month-to-Month,Cash,5,51.48,2,32,2,3.0,No,262.34,1
CUST11575,2020-07-15,52.0,Female,North,Standard,Month-to-Month,Mobile Wallet,72,49.28,7,15,1,4.0,No,3435.07,0
CUST10320,2024-07-31,54.0,Female,Central,Basic,Month-to-Month,Mobile Wallet,23,25.42,5,28,0,5.0,No,546.87,0
CUST11781,2025-10-31,59.0,Male,West,Basic,Two Year,Cash,8,31.69,9,45,3,4.0,No,261.91,0
CUST11211,2026-05-12,40.0,Male,West,Standard,Month-to-Month,Mobile Wallet,1,53.87,5,96,0,5.0,Yes,55.6,0
CUST11748,2021-07-27,44.07447916666667,Female,East,Standard,Two Year,Bank Transfer,59,47.54,5,21,2,5.0,No,2711.21,0
CUST10634,2026-03-14,22.0,Male,North,Basic,One Year,Credit Card,3,42.94,3,32,2,4.0,No,132.63,1
CUST10552,2024-06-25,62.0,Male,North,Basic,Month-to-Month,Credit Card,24,26.29,5,3,1,4.0,No,578.43,0
CUST11328,2024-10-30,63.0,Male,South,Standard,Two Year,Bank Transfer,20,45.11,2,13,0,5.0,Yes,877.26,0
CUST11055,2023-04-27,54.0,Female,West,Basic,Two Year,Mobile Wallet,38,15.82,6,7,0,3.0,No,546.61,0
CUST11568,2024-10-11,43.0,Male,East,Standard,One Year,Bank Transfer,20,71.22,6,38,2,4.0,Yes,1333.85,0
CUST10796,2025-02-12,64.0,Female,North,Standard,One Year,Cash,16,57.49,5,2,0,4.0,No,849.68,1
CUST11671,2025-08-25,22.0,Female,East,Basic,Month-to-Month,Bank Transfer,10,20.26,5,4,3,2.0,Yes,211.3,1
CUST11933,2025-05-13,44.0,Male,West,Standard,Month-to-Month,Cash,13,40.71,9,22,1,4.0,No,480.18,1
CUST10174,2026-04-14,29.0,Male,North,Basic,One Year,Credit Card,2,25.47,4,8,4,3.0,No,50.77,0
CUST10766,2024-12-21,62.0,Female,North,Basic,Month-to-Month,Credit Card,18,20.56,5,36,1,4.0,No,333.63,1
CUST10245,2024-11-24,55.0,Male,Central,Standard,One Year,Mobile Wallet,19,44.9,7,104,1,3.581578947368421,No,786.57,1
CUST11080,2020-12-25,21.0,Male,North,Basic,Month-to-Month,Bank Transfer,67,22.59,6,35,0,2.0,No,1536.22,0
CUST11747,2021-11-20,59.0,Male,East,Standard,One Year,Credit Card,56,64.97,7,14,3,3.0,No,3410.93,0
CUST10145,2025-03-14,30.0,Male,South,Premium,One Year,Bank Transfer,15,81.23,7,35,3,5.0,No,1136.79,0
CUST10090,2024-05-30,59.0,Female,North,Standard,Two Year,Mobile Wallet,25,47.46,4,61,2,3.0,No,1201.72,0
CUST11416,2024-08-18,49.0,Male,East,Standard,Month-to-Month,Cash,22,46.88,4,31,1,3.0,No,1029.82,1
CUST10682,2024-11-15,29.0,Female,North,Basic,Month-to-Month,Bank Transfer,19,29.36,4,46,3,4.0,Yes,535.15,1
CUST10310,2024-03-01,34.0,Female,East,Standard,Two Year,Credit Card,28,54.19,3,7,0,3.0,No,1519.24,1
CUST11383,2023-08-30,35.0,Male,Central,Standard,Month-to-Month,Bank Transfer,34,50.28,3,66,1,4.0,No,1676.98,1
CUST10093,2024-11-06,55.0,Male,South,Basic,Two Year,Bank Transfer,20,10.83,10,4,1,3.0,Yes,221.68,0
CUST11577,2022-08-12,35.0,Female,West,Standard,Month-to-Month,Cash,47,43.25,2,37,1,3.581578947368421,No,2062.07,0
CUST10924,2024-03-05,47.0,Male,North,Standard,Month-to-Month,Cash,28,50.62,4,5,1,4.0,No,1483.53,0
CUST11696,2024-10-10,58.0,Male,North,Basic,Month-to-Month,Bank Transfer,20,28.71,9,5,5,3.0,No,541.56,1
CUST11035,2025-12-11,26.0,Male,East,Premium,Month-to-Month,Cash,6,97.47,6,51,1,3.0,No,583.05,1
CUST11400,2025-08-03,40.0,Female,South,Basic,One Year,Mobile Wallet,11,26.46,10,36,1,3.581578947368421,No,289.25,1
CUST10243,2024-09-01,48.0,Male,East,Basic,Month-to-Month,Credit Card,22,22.64,5,3,0,2.0,Yes,474.8,1
CUST11500,2024-10-10,45.0,Female,West,Premium,Month-to-Month,Bank Transfer,20,48.3553556701031,6,17,2,2.0,Yes,1812.52,1
CUST11111,2023-12-18,25.0,Female,South,Basic,Two Year,Bank Transfer,30,36.08,4,10,1,2.0,Yes,986.16,0
CUST10214,2024-11-11,68.0,Female,West,Standard,Month-to-Month,Mobile Wallet,19,49.12,2,18,2,3.0,Yes,897.74,0
CUST11994,2026-02-11,33.0,Male,East,Standard,One Year,Bank Transfer,4,46.8,7,21,1,4.0,No,171.56,1
CUST11197,2024-10-21,40.0,Female,West,Basic,Two Year,Bank Transfer,20,48.3553556701031,6,1,2,4.0,Yes,649.84,0
CUST10998,2025-12-05,37.0,Female,Central,Premium,Month-to-Month,Bank Transfer,6,88.4,1,26,1,5.0,Yes,515.88,0
CUST10853,2024-08-19,44.07447916666667,Male,Central,Basic,Month-to-Month,Mobile Wallet,22,25.75,6,123,2,5.0,No,547.31,0
CUST10425,2021-09-27,53.0,Female,West,Standard,Month-to-Month,Cash,57,43.67,2,43,0,4.0,No,2243.65,1
CUST11773,2024-08-03,20.0,Male,Central,Premium,Month-to-Month,Bank Transfer,23,98.03,8,54,2,5.0,No,2092.71,0
CUST11142,2022-12-14,56.0,Female,West,Basic,Month-to-Month,Credit Card,43,28.65,7,55,0,5.0,Yes,1256.52,0
CUST11143,2022-02-14,44.07447916666667,Female,West,Standard,Month-to-Month,Mobile Wallet,53,44.43,10,5,0,5.0,No,2205.46,0
CUST10226,2025-01-28,26.0,Male,North,Basic,One Year,Credit Card,17,11.2,7,1,1,3.0,No,192.66,0
CUST11636,2025-07-07,29.0,Male,South,Basic,Month-to-Month,Bank Transfer,11,18.34,7,41,2,4.0,Yes,210.9,0
CUST10000,2026-02-14,70.0,Male,West,Basic,Two Year,Bank Transfer,4,22.48,3,26,1,5.0,Yes,94.19,0
CUST11418,2026-04-08,44.07447916666667,Female,Central,Premium,Month-to-Month,Bank Transfer,2,98.67,2,5,4,5.0,No,192.56,1
CUST10401,2023-10-01,19.0,Male,Central,Basic,Two Year,Bank Transfer,33,21.37,5,13,1,5.0,Yes,635.22,0
CUST11428,2025-01-01,38.0,Male,West,Standard,Month-to-Month,Credit Card,18,50.86,8,3,2,3.0,No,895.87,0
CUST11103,2025-01-23,52.0,Male,West,Premium,Month-to-Month,Cash,17,110.73,0,12,0,3.581578947368421,No,1768.09,1
CUST10084,2025-01-20,49.0,Female,North,Premium,One Year,Bank Transfer,17,85.6,7,19,0,4.0,Yes,1327.48,0
CUST10162,2026-01-21,54.0,Female,North,Basic,Month-to-Month,Bank Transfer,5,24.71,7,8,1,4.0,No,128.71,1
CUST10114,2024-03-31,38.0,Male,North,Basic,Month-to-Month,Mobile Wallet,27,20.34,8,5,5,3.0,No,540.45,1
CUST10670,2020-07-09,33.0,Male,North,Standard,Month-to-Month,Mobile Wallet,72,48.43,5,34,1,5.0,No,3171.68,0
CUST11174,2024-12-29,30.0,Male,East,Standard,One Year,Cash,18,68.94,5,1,0,2.0,No,1140.72,0
CUST11537,2025-01-18,47.0,Female,West,Standard,Two Year,Mobile Wallet,17,52.53,10,7,1,3.0,Yes,863.27,0
CUST11527,2024-10-07,53.0,Male,East,Basic,One Year,Bank Transfer,21,33.92,10,128,3,5.0,No,692.41,1
CUST11392,2025-08-21,29.0,Female,North,Basic,Month-to-Month,Bank Transfer,10,22.69,5,46,3,3.0,No,209.73,1
CUST10889,2026-03-23,63.0,Male,West,Basic,Month-to-Month,Credit Card,3,17.3,8,18,4,4.0,Yes,47.44,0
CUST11501,2026-03-01,56.0,Male,Central,Basic,Month-to-Month,Mobile Wallet,4,15.02,14,2,0,3.0,No,62.95,0
CUST10625,2025-09-14,19.0,Male,South,Standard,One Year,Bank Transfer,9,36.08,5,39,0,2.0,Yes,315.81,0
CUST11972,2025-03-06,44.0,Male,West,Basic,Month-to-Month,Mobile Wallet,16,19.63,6,35,3,4.0,No,320.04,0
CUST10952,2023-03-15,45.0,Female,North,Standard,Two Year,Credit Card,40,47.86,7,39,1,4.0,No,1880.98,0
CUST10807,2025-11-24,62.0,Female,North,Premium,One Year,Cash,7,85.99,5,43,2,3.0,Yes,560.67,1
CUST10258,2024-08-07,69.0,Female,North,Standard,One Year,Bank Transfer,23,40.84,9,22,0,3.0,No,965.9,0
CUST10624,2023-04-14,35.0,Male,Central,Basic,One Year,Credit Card,39,28.27,4,52,5,5.0,No,1039.72,0
CUST10826,2020-07-12,51.0,Male,East,Standard,Month-to-Month,Credit Card,72,55.32,6,17,1,3.0,No,3674.59,0
CUST10234,2026-01-08,44.07447916666667,Male,Central,Standard,Month-to-Month,Bank Transfer,5,43.37,4,43,1,2.0,No,213.22,1
CUST10135,2024-03-19,39.0,Female,North,Standard,One Year,Mobile Wallet,27,25.86,5,32,0,5.0,No,710.76,0
CUST10616,2025-10-22,51.0,Male,West,Standard,Month-to-Month,Mobile Wallet,8,46.58,8,8,2,4.0,No,336.51,1
CUST11973,2025-10-15,32.0,Male,South,Premium,Two Year,Mobile Wallet,8,84.01,7,102,1,3.0,No,610.04,1
CUST10836,2024-10-04,27.0,Male,West,Premium,One Year,Cash,21,88.56,8,23,2,4.0,Yes,1911.44,0
CUST10842,2020-07-27,18.0,Male,East,Basic,One Year,Cash,72,20.77,9,34,3,3.0,No,1529.24,0
CUST10959,2024-07-29,60.0,Female,East,Basic,Month-to-Month,Mobile Wallet,23,24.1,2,62,1,5.0,Yes,525.35,0
CUST10592,2025-07-03,63.0,Male,South,Standard,Two Year,Cash,12,53.41,7,2,1,3.0,No,630.35,0
CUST11314,2024-11-08,52.0,Male,North,Standard,Month-to-Month,Mobile Wallet,19,53.6,6,5,0,5.0,Yes,982.27,0
CUST11525,2025-07-25,32.0,Male,North,Premium,One Year,Bank Transfer,11,85.08,7,17,3,5.0,Yes,855.84,0
CUST11291,2025-05-03,44.07447916666667,Female,West,Premium,Month-to-Month,Bank Transfer,14,93.12,6,42,5,4.0,No,1188.59,0
CUST10343,2024-01-15,54.0,Male,East,Standard,Month-to-Month,Cash,29,50.15,7,25,0,3.0,Yes,1422.98,0
CUST11659,2024-09-05,68.0,Female,North,Standard,Month-to-Month,Credit Card,22,65.56,7,70,1,2.0,No,1368.04,0
CUST11720,2025-08-13,47.0,Female,North,Basic,Month-to-Month,Mobile Wallet,10,32.15,9,20,0,5.0,No,313.89,1
CUST10293,2025-07-18,44.07447916666667,Male,North,Standard,Month-to-Month,Bank Transfer,11,50.23,5,72,3,3.0,No,569.52,1
CUST10364,2026-02-18,65.0,Female,West,Premium,Month-to-Month,Bank Transfer,4,105.79,3,19,1,4.0,Yes,386.45,1
CUST10178,2025-10-20,30.0,Male,Central,Standard,Month-to-Month,Mobile Wallet,8,47.02,8,62,0,5.0,No,377.51,1
CUST10659,2026-01-19,43.0,Male,South,Standard,Month-to-Month,Bank Transfer,5,38.31,3,64,0,4.0,No,174.26,1
CUST10996,2025-06-10,20.0,Female,East,Standard,Month-to-Month,Cash,12,44.45,6,17,0,3.581578947368421,No,555.32,1
CUST10014,2025-01-23,29.0,Male,South,Basic,Month-to-Month,Credit Card,17,27.18,2,5,1,2.0,Yes,445.27,0
CUST11110,2022-03-19,60.0,Female,North,Basic,Month-to-Month,Mobile Wallet,52,18.09,8,83,3,5.0,No,903.1,1
CUST11394,2023-02-20,42.0,Female,West,Standard,Month-to-Month,Cash,40,38.22,4,14,1,4.0,No,1471.62,0
CUST10165,2026-04-29,22.0,Female,South,Standard,One Year,Mobile Wallet,2,59.51,6,106,4,3.0,Yes,124.32,0
CUST11891,2025-11-30,54.0,Male,West,Basic,Month-to-Month,Bank Transfer,7,48.3553556701031,4,6,0,2.0,No,197.9,1
CUST11359,2023-09-14,54.0,Male,North,Standard,One Year,Mobile Wallet,34,41.62,10,76,1,3.0,No,1384.94,0
CUST10059,2026-04-08,49.0,Female,North,Basic,Month-to-Month,Mobile Wallet,2,13.0,7,42,1,4.0,No,24.65,0
CUST10709,2024-03-31,45.0,Male,East,Standard,One Year,Bank Transfer,27,62.47,4,173,1,4.0,No,1632.82,1
CUST10676,2023-05-27,23.0,Female,Central,Basic,Month-to-Month,Credit Card,37,17.79,3,12,2,3.0,Yes,644.68,0
CUST11378,2025-07-25,22.0,Male,East,Basic,Two Year,Bank Transfer,11,19.22,2,14,3,3.581578947368421,No,196.22,1
CUST10780,2024-04-13,22.0,Female,South,Premium,Month-to-Month,Bank Transfer,26,90.29,8,20,2,3.0,Yes,2166.96,0
CUST10424,2024-02-09,58.0,Male,East,Premium,Month-to-Month,Mobile Wallet,29,94.4,9,37,0,3.0,No,2678.61,1
CUST10292,2023-09-21,66.0,Male,Central,Premium,One Year,Credit Card,33,88.24,4,77,1,2.0,Yes,3004.63,0
CUST11065,2020-10-06,28.0,Female,Central,Premium,One Year,Bank Transfer,69,85.06,7,28,1,3.0,Yes,5531.63,0
CUST11802,2024-11-24,40.0,Male,North,Standard,Month-to-Month,Cash,19,41.27,7,17,1,5.0,No,781.25,1
CUST10329,2023-12-14,38.0,Female,South,Basic,Month-to-Month,Mobile Wallet,30,28.98,4,3,2,3.0,No,901.17,1
CUST10429,2022-09-14,30.0,Female,West,Standard,Two Year,Mobile Wallet,46,38.78,6,19,0,3.0,No,1612.92,0
CUST11012,2025-03-04,33.0,Female,East,Basic,Two Year,Bank Transfer,16,19.98,3,0,4,4.0,Yes,320.0,0
CUST10079,2022-11-24,62.0,Female,West,Standard,Month-to-Month,Mobile Wallet,43,65.31,6,21,1,3.0,Yes,2778.11,0
CUST11052,2024-01-02,19.0,Female,South,Premium,Month-to-Month,Cash,30,89.12,6,14,1,4.0,Yes,2750.49,0
CUST10937,2024-10-26,45.0,Female,North,Basic,One Year,Mobile Wallet,20,28.05,2,3,2,4.0,No,572.14,0
CUST10834,2024-12-27,67.0,Female,West,Standard,Month-to-Month,Credit Card,18,47.09,12,21,1,2.0,No,875.87,1
CUST10749,2025-04-13,51.0,Male,North,Premium,Month-to-Month,Cash,14,88.1,6,29,1,4.0,No,1155.49,1
CUST10890,2022-08-16,59.0,Female,South,Premium,Month-to-Month,Cash,47,78.6,11,12,2,5.0,No,3467.08,0
CUST10254,2025-01-30,59.0,Male,North,Standard,Month-to-Month,Mobile Wallet,17,436.4,8,18,2,4.0,No,774.26,1
CUST11877,2024-09-15,41.0,Male,South,Basic,One Year,Bank Transfer,21,23.35,5,3,3,3.0,No,455.06,1
CUST11970,2025-03-15,44.07447916666667,Female,South,Standard,One Year,Mobile Wallet,15,36.81,7,11,2,5.0,No,545.85,0
CUST11407,2024-06-29,36.0,Female,North,Basic,Month-to-Month,Cash,24,24.01,5,34,1,3.0,Yes,552.19,1
CUST11337,2024-09-22,49.0,Female,East,Basic,Month-to-Month,Bank Transfer,21,10.52,7,14,2,4.0,No,221.43,0
CUST11108,2025-05-28,29.0,Male,Central,Basic,Two Year,Cash,13,31.42,4,64,1,4.0,No,382.89,1
CUST10136,2025-08-03,63.0,Female,Central,Basic,Two Year,Bank Transfer,11,34.29,7,71,0,1.0,Yes,358.66,0
CUST11135,2025-12-26,42.0,Male,South,Basic,Month-to-Month,Bank Transfer,6,24.14,10,10,1,5.0,No,150.36,0
CUST11218,2026-05-13,64.0,Male,West,Basic,Two Year,Mobile Wallet,1,15.98,7,9,2,5.0,No,15.18,0
CUST10852,2025-12-22,45.0,Male,Central,Basic,Month-to-Month,Cash,6,39.83,6,1,3,4.0,No,234.03,0
CUST11202,2025-11-22,58.0,Female,West,Standard,Month-to-Month,Credit Card,7,42.24,7,12,1,3.0,Yes,273.71,1
CUST11897,2023-07-22,41.0,Female,South,Basic,Month-to-Month,Bank Transfer,35,26.67,5,12,1,3.0,No,877.99,1
CUST10723,2023-03-01,65.0,Male,Central,Premium,Month-to-Month,Mobile Wallet,40,111.01,10,18,2,3.0,No,4415.37,1
CUST10859,2021-07-18,49.0,Female,East,Basic,Month-to-Month,Mobile Wallet,60,16.61,2,30,0,5.0,No,939.89,0
CUST10969,2026-01-25,59.0,Female,North,Standard,Month-to-Month,Bank Transfer,5,65.06,2,17,2,3.0,Yes,334.72,0
CUST10496,2024-10-29,44.0,Male,South,Premium,One Year,Mobile Wallet,20,96.17,6,21,1,5.0,No,1749.9,0
CUST10950,2024-01-20,38.0,Male,East,Basic,Month-to-Month,Bank Transfer,29,27.08,9,4,4,5.0,Yes,745.09,0
CUST10805,2023-12-27,49.0,Female,North,Standard,Month-to-Month,Bank Transfer,30,56.51,11,34,2,3.0,No,1670.43,0
CUST10129,2026-01-28,67.0,Male,East,Premium,Two Year,Bank Transfer,5,77.57,13,114,0,3.0,No,373.18,1
CUST10337,2022-12-18,28.0,Male,West,Standard,Two Year,Cash,43,68.09,8,79,2,4.0,No,2726.06,0
CUST10608,2024-11-18,58.0,Female,West,Standard,Month-to-Month,Bank Transfer,19,69.44,5,0,0,2.0,No,1324.22,0
CUST11148,2022-08-31,41.0,Male,East,Premium,Month-to-Month,Credit Card,46,86.29,9,101,2,5.0,No,3643.93,1
CUST10195,2021-12-13,46.0,Male,North,Premium,Month-to-Month,Bank Transfer,55,98.13,5,59,2,4.0,No,5418.58,0
CUST11250,2025-06-11,61.0,Male,North,Premium,Month-to-Month,Bank Transfer,12,90.39,11,20,2,4.0,No,1062.84,0
CUST11292,2026-01-30,51.0,Male,East,Premium,Month-to-Month,Bank Transfer,5,83.42,5,23,2,3.0,No,414.75,1
CUST11989,2024-08-15,40.0,Female,North,Basic,Month-to-Month,Credit Card,22,16.4,4,22,0,4.0,No,361.51,0
CUST10909,2024-07-24,28.0,Female,South,Basic,Two Year,Mobile Wallet,23,18.23,9,22,3,5.0,No,408.43,0
CUST10584,2024-12-29,23.0,Female,Central,Standard,Two Year,Credit Card,18,50.29,9,42,1,5.0,No,882.64,0
CUST10103,2026-03-11,57.0,Male,Central,Standard,One Year,Credit Card,3,45.33,4,15,2,3.0,No,124.25,1
CUST11860,2024-07-06,64.0,Female,East,Basic,Month-to-Month,Mobile Wallet,24,17.79,10,83,3,5.0,No,440.5,1
CUST11975,2023-09-28,69.0,Female,North,Basic,Month-to-Month,Mobile Wallet,33,32.76,7,96,3,5.0,No,1111.23,1
CUST10719,2026-05-07,26.0,Male,Central,Basic,Month-to-Month,Cash,1,20.88,3,59,2,4.0,No,19.14,1
CUST10884,2023-12-23,18.0,Male,North,Standard,Two Year,Mobile Wallet,30,64.76,7,19,1,4.0,No,1991.1,1
CUST10776,2025-09-29,47.0,Male,East,Standard,One Year,Bank Transfer,9,45.29,11,37,0,3.0,No,402.67,1
CUST11569,2022-01-04,56.0,Male,East,Premium,One Year,Bank Transfer,54,75.21,5,65,1,4.0,Yes,3931.99,1
CUST10849,2024-02-19,36.0,Female,Central,Standard,Month-to-Month,Cash,28,39.89,8,8,2,5.0,No,1162.29,1
CUST10894,2023-01-16,50.0,Male,West,Basic,Two Year,Bank Transfer,42,21.0,8,1,0,4.0,Yes,902.69,0
CUST10227,2020-07-29,56.0,Female,East,Basic,Month-to-Month,Cash,72,18.46,11,29,1,4.0,No,1275.16,0
CUST11893,2023-04-16,20.0,Male,North,Basic,Month-to-Month,Mobile Wallet,39,24.84,6,4,1,3.0,No,985.18,0
CUST11325,2025-07-16,70.0,Male,Central,Basic,One Year,Cash,11,25.12,3,97,1,2.0,Yes,251.2,0
CUST11299,2024-02-22,52.0,Female,South,Premium,One Year,Cash,28,48.3553556701031,9,5,2,5.0,No,2499.57,0
CUST10126,2024-09-19,51.0,Male,South,Standard,Month-to-Month,Credit Card,21,54.58,15,41,0,3.0,No,1169.35,0
CUST10405,2021-12-05,31.0,Female,Central,Standard,Two Year,Bank Transfer,55,58.34,11,18,2,5.0,Yes,3178.99,0
CUST10775,2023-02-25,44.07447916666667,Male,Central,Basic,Month-to-Month,Credit Card,40,13.2,3,14,1,3.0,No,528.08,0
CUST10821,2025-02-10,54.0,Female,North,Premium,One Year,Mobile Wallet,16,99.13,5,88,2,4.0,No,1645.9,1
CUST10711,2024-06-16,60.0,Female,West,Standard,One Year,Bank Transfer,24,60.4,7,162,1,3.0,No,1427.53,1
CUST11901,2025-08-22,33.0,Male,North,Standard,Month-to-Month,Cash,10,45.53,5,1,4,4.0,Yes,419.55,0
CUST11060,2024-09-06,49.0,Female,Central,Standard,Two Year,Cash,22,46.41,6,6,0,4.0,No,1024.43,0
CUST11163,2024-04-11,44.07447916666667,Female,North,Standard,Month-to-Month,Mobile Wallet,27,46.99,3,3,3,4.0,No,1171.14,0
CUST10303,2026-02-22,45.0,Male,East,Basic,Two Year,Cash,4,12.65,6,14,2,4.0,No,45.62,0
CUST10267,2026-04-14,61.0,Female,North,Premium,One Year,Bank Transfer,2,87.66,5,26,1,2.0,No,182.72,0
CUST11557,2024-06-16,63.0,Male,East,Basic,One Year,Credit Card,24,29.36,3,66,0,2.0,No,642.16,0
CUST10545,2025-06-30,69.0,Female,South,Basic,Month-to-Month,Credit Card,12,17.31,9,0,0,5.0,No,203.78,0
CUST10212,2022-07-26,44.07447916666667,Male,North,Premium,One Year,Mobile Wallet,47,83.89,4,9,0,4.0,No,3635.17,0
CUST10896,2024-12-30,33.0,Female,South,Basic,Month-to-Month,Cash,18,19.13,8,104,1,3.0,No,310.02,1
CUST11492,2025-09-10,54.0,Male,East,Premium,Two Year,Credit Card,9,96.34,4,53,1,4.0,No,847.11,0
CUST11222,2022-11-23,27.0,Female,Central,Standard,Month-to-Month,Credit Card,43,38.04,7,27,2,4.0,No,1661.38,0
CUST10916,2025-10-03,46.0,Male,North,Standard,Month-to-Month,Mobile Wallet,9,64.91,5,57,1,4.0,No,608.38,1
CUST11551,2026-02-04,27.0,Male,South,Basic,One Year,Bank Transfer,4,19.21,5,33,0,4.0,No,79.97,0
CUST10675,2024-06-12,23.0,Male,South,Premium,Two Year,Bank Transfer,24,97.56,6,41,5,3.0,No,2286.47,1
CUST11289,2025-10-13,35.0,Male,East,Premium,One Year,Cash,8,78.1,8,77,2,2.0,No,637.35,0
CUST10814,2025-10-16,44.07447916666667,Female,North,Standard,Month-to-Month,Cash,8,56.8,8,9,2,2.0,No,476.13,1
CUST11265,2022-11-05,18.0,Female,West,Premium,Month-to-Month,Mobile Wallet,44,87.35,7,5,5,4.0,No,3789.74,1
CUST10342,2024-09-04,55.0,Male,West,Premium,Month-to-Month,Bank Transfer,22,84.12,6,14,1,1.0,Yes,1801.85,1
CUST10549,2024-11-30,32.0,Female,South,Standard,Two Year,Cash,19,48.03,3,25,1,3.0,Yes,921.8,0
CUST11410,not_a_date,25.0,Male,West,Basic,Month-to-Month,Mobile Wallet,18,12.2,8,12,0,3.0,Yes,220.84,0
CUST11214,2026-04-12,19.0,Female,South,Basic,One Year,Credit Card,2,32.97,8,2,1,3.0,No,64.88,1
CUST10966,2025-02-02,59.0,Male,Central,Standard,Month-to-Month,Credit Card,17,33.18,3,56,3,4.0,Yes,527.87,1
CUST11230,2026-05-15,68.0,Male,North,Premium,Two Year,Mobile Wallet,1,86.04,2,37,1,2.0,Yes,87.9,0
CUST10295,2020-07-14,28.0,Female,Central,Standard,Two Year,Mobile Wallet,72,63.01,6,56,0,3.0,Yes,4486.06,0
CUST10695,2025-06-17,44.07447916666667,Female,East,Basic,Month-to-Month,Bank Transfer,12,38.47,4,3,3,4.0,No,468.45,1
CUST11452,2026-02-09,64.0,Female,Central,Standard,One Year,Mobile Wallet,4,47.41,7,74,0,4.0,No,177.01,0
CUST10073,2022-06-20,40.0,Female,North,Standard,One Year,Credit Card,49,50.41,12,8,2,4.0,No,2394.68,0
CUST10605,2024-07-20,29.0,Male,West,Standard,Month-to-Month,Mobile Wallet,23,43.79,10,11,1,3.0,No,931.94,1
CUST10104,2022-03-25,68.0,Male,West,Premium,One Year,Cash,51,94.86,9,54,2,3.0,No,4897.15,0
CUST10645,2025-04-24,21.0,Male,Central,Basic,One Year,Bank Transfer,14,23.49,7,30,3,3.0,Yes,326.55,0
CUST11404,2025-03-09,44.0,Male,North,Basic,Month-to-Month,Mobile Wallet,15,12.73,6,30,1,5.0,No,193.05,0
CUST11977,2025-03-20,19.0,Male,Central,Basic,Month-to-Month,Cash,15,18.89,5,43,0,3.0,No,282.06,0
CUST11040,2022-05-13,43.0,Male,North,Standard,Month-to-Month,Mobile Wallet,50,40.96,9,36,0,4.0,No,1991.06,0
CUST10439,2022-06-14,44.07447916666667,Male,East,Basic,One Year,Credit Card,49,34.76,7,60,0,3.0,No,1600.79,0
CUST11019,2024-08-02,63.0,Female,South,Premium,One Year,Cash,23,89.45,4,25,3,3.0,No,2038.01,0
CUST10091,2024-12-18,29.0,Male,West,Standard,Two Year,Mobile Wallet,18,46.47,5,133,1,4.0,Yes,784.79,1
CUST11112,2022-03-24,36.0,Female,East,Basic,One Year,Credit Card,51,27.89,2,11,2,4.0,No,1424.25,0
CUST11768,2023-05-30,25.0,Male,North,Premium,Month-to-Month,Credit Card,37,88.7,6,14,0,5.0,Yes,3106.52,0
CUST10908,2025-12-12,44.0,Female,South,Basic,Month-to-Month,Cash,6,30.44,5,26,1,3.0,No,167.14,1
CUST11474,2025-09-05,57.0,Male,East,Basic,Month-to-Month,Credit Card,9,20.87,2,13,0,4.0,No,188.84,0
CUST10102,2024-10-30,38.0,Male,South,Basic,Two Year,Bank Transfer,20,30.59,11,19,2,2.0,No,585.01,0
CUST10238,2024-03-16,35.0,Female,North,Standard,Month-to-Month,Bank Transfer,27,49.11,8,19,0,3.0,No,1232.2,0
CUST11715,2024-01-25,68.0,Male,West,Premium,Month-to-Month,Credit Card,29,86.33,4,15,0,4.0,No,2488.97,0
CUST10942,2023-10-08,30.0,Female,North,Basic,Month-to-Month,Mobile Wallet,33,36.04,6,66,3,3.0,Yes,1157.98,1
CUST11270,2025-03-12,21.0,Male,Central,Standard,Two Year,Cash,15,58.17,3,24,0,2.0,No,902.05,0
CUST10938,2025-06-28,58.0,Male,Central,Standard,Month-to-Month,Bank Transfer,12,49.86,9,10,1,3.0,Yes,617.44,0
CUST11705,2025-12-01,25.0,Female,Central,Standard,Month-to-Month,Cash,7,58.35,6,34,1,2.0,Yes,421.62,1
CUST11181,2026-02-20,45.0,Female,North,Standard,Month-to-Month,Bank Transfer,4,60.32,8,5,0,5.0,Yes,240.39,0
CUST11503,2025-04-10,39.0,Female,South,Premium,Month-to-Month,Bank Transfer,14,48.3553556701031,4,47,1,2.0,No,1285.96,1
CUST11669,2026-05-02,38.0,Female,Central,Premium,Month-to-Month,Cash,1,99.1,9,9,1,4.0,No,100.22,1
CUST10005,2023-08-23,32.0,Female,Central,Standard,One Year,Cash,34,53.13,9,28,2,3.0,No,1768.1,0
CUST11828,2020-07-16,59.0,Male,Central,Standard,One Year,Mobile Wallet,72,55.29,3,9,1,3.0,No,3939.17,0
CUST10965,2025-12-18,61.0,Male,East,Basic,Month-to-Month,Cash,6,43.65,5,23,2,1.0,No,268.94,1
CUST10018,2024-07-26,25.0,Male,West,Standard,Month-to-Month,Cash,23,63.17,5,15,2,4.0,No,1486.56,1
CUST11430,2025-08-24,54.0,Female,Central,Standard,Month-to-Month,Mobile Wallet,10,46.07,12,34,3,4.0,No,431.14,0
CUST10121,2023-09-03,52.0,Female,East,Basic,Month-to-Month,Credit Card,34,19.96,4,22,2,4.0,No,645.41,0
CUST10661,2022-06-10,28.0,Female,Central,Basic,Two Year,Credit Card,49,21.47,11,118,4,3.0,No,985.95,0
CUST11695,2026-02-04,49.0,Male,East,Basic,One Year,Bank Transfer,4,32.96,14,6,3,4.0,No,128.56,0
CUST10274,2025-07-10,22.0,Male,West,Basic,One Year,Bank Transfer,11,12.89,9,2,2,4.0,Yes,128.93,0
CUST10433,2023-05-06,63.0,Male,West,Standard,Month-to-Month,Cash,38,50.11,5,5,4,3.0,No,1807.15,1
CUST10811,2023-02-21,61.0,Male,North,Basic,Month-to-Month,Credit Card,40,28.62,3,1,0,2.0,No,1128.46,0
CUST11300,2026-03-23,33.0,Male,North,Basic,Month-to-Month,Cash,3,36.72,5,8,1,4.0,No,110.87,1
CUST11335,2024-03-11,54.0,Male,Central,Basic,Month-to-Month,Bank Transfer,28,22.28,8,10,0,5.0,Yes,651.8,0
CUST11880,2025-02-13,53.0,Male,East,Basic,Month-to-Month,Mobile Wallet,16,15.22,7,49,1,3.0,No,229.98,0
CUST11903,2025-01-01,44.0,Female,North,Basic,Two Year,Cash,18,11.0,4,25,0,3.0,No,183.96,0
CUST11570,2025-07-11,25.0,Female,South,Standard,Month-to-Month,Mobile Wallet,11,48.35,6,21,2,4.0,No,556.93,0
CUST10181,2024-03-20,35.0,Male,Central,Basic,Month-to-Month,Bank Transfer,27,37.12,10,17,1,3.581578947368421,No,992.7,0
CUST10184,2022-08-13,23.0,Male,West,Basic,Month-to-Month,Cash,47,29.97,8,18,2,3.0,No,1272.26,0
CUST10406,2020-12-06,55.0,Male,South,Basic,Month-to-Month,Cash,67,33.49,7,17,1,2.0,No,2104.16,0
CUST10865,2024-12-11,64.0,Female,Central,Basic,Month-to-Month,Cash,18,37.29,6,14,0,2.0,No,683.98,1
CUST11630,2022-12-26,36.0,Male,East,Standard,Month-to-Month,Cash,42,42.8,8,13,1,4.0,Yes,1778.23,0
CUST10520,2024-11-08,44.0,Female,Central,Standard,Month-to-Month,Mobile Wallet,19,50.58,5,59,0,3.0,No,919.49,1
CUST11003,2025-11-07,59.0,Female,North,Basic,Month-to-Month,Cash,7,23.41,3,8,2,4.0,No,159.56,0
CUST10380,2024-11-03,28.0,Female,East,Basic,Month-to-Month,Bank Transfer,20,14.83,4,9,3,4.0,No,299.3,0
CUST11434,2025-03-29,48.0,Female,North,Standard,One Year,Credit Card,15,48.6,6,3,2,4.0,No,765.19,0
CUST11658,2024-09-29,56.0,Female,South,Standard,One Year,Cash,21,51.37,9,126,0,5.0,Yes,1106.43,1
CUST11393,2020-07-30,25.0,Female,North,Basic,One Year,Bank Transfer,72,19.35,3,83,0,4.0,No,1400.3,1
CUST11424,2024-01-29,38.0,Male,South,Basic,One Year,Cash,29,18.45,2,45,0,5.0,No,499.1,0
CUST11612,2023-08-16,59.0,Female,West,Standard,One Year,Cash,34,51.45,19,13,2,4.0,No,1632.01,0
CUST10427,2023-10-10,50.0,Male,West,Premium,Two Year,Cash,33,77.96,5,13,1,3.0,No,2450.62,0
CUST10078,2025-05-03,29.0,Male,East,Basic,One Year,Credit Card,14,36.33,6,141,0,3.0,No,522.6,1
CUST11597,2025-12-05,25.0,Female,North,Basic,Month-to-Month,Bank Transfer,6,30.53,6,120,3,5.0,No,173.39,1
CUST11009,2025-06-19,54.0,Male,East,Premium,One Year,Cash,12,83.08,10,39,1,3.0,No,979.84,1
CUST11985,2023-06-14,25.0,Male,Central,Standard,Month-to-Month,Credit Card,37,44.98,7,25,0,4.0,Yes,1511.39,0
CUST11661,2025-05-15,21.0,Male,East,Premium,Two Year,Bank Transfer,13,101.4,5,5,3,3.0,No,1375.95,0
CUST10607,2025-02-19,42.0,Male,North,Standard,Month-to-Month,Bank Transfer,16,48.3553556701031,5,27,3,4.0,No,782.07,0
CUST11796,2023-10-21,68.0,Female,East,Standard,Month-to-Month,Mobile Wallet,32,51.96,1,18,2,4.0,Yes,1674.54,1
CUST11902,2024-12-09,18.0,Male,West,Standard,Month-to-Month,Cash,18,50.02,7,20,1,3.0,No,915.08,0
CUST11057,2025-10-25,57.0,Female,North,Standard,Two Year,Bank Transfer,8,36.93,3,20,2,4.0,Yes,286.39,0
CUST11440,2024-11-16,42.0,Female,North,Standard,Month-to-Month,Bank Transfer,19,64.35,4,11,2,3.0,No,1272.06,1
CUST11514,2025-01-06,44.0,Female,Central,Basic,Month-to-Month,Bank Transfer,18,31.55,4,6,1,4.0,No,515.8,0
CUST11585,2026-03-07,35.0,Female,Central,Basic,One Year,Credit Card,3,16.47,7,0,0,3.0,No,51.16,0
CUST11091,2021-06-06,44.0,Male,East,Basic,One Year,Bank Transfer,61,34.98,7,6,3,4.0,Yes,2066.98,0
CUST11560,2025-04-29,33.0,Male,Central,Standard,Two Year,Credit Card,14,37.82,4,15,3,5.0,No,498.09,0
CUST11101,2023-04-05,50.0,Female,South,Basic,One Year,Mobile Wallet,39,32.9,6,7,2,4.0,Yes,1324.77,0
CUST11129,2023-01-27,40.0,Female,Central,Basic,Two Year,Bank Transfer,41,24.0,2,17,1,3.0,No,978.03,0
CUST11235,2023-08-18,54.0,Female,North,Basic,Month-to-Month,Cash,34,27.77,3,6,1,4.0,Yes,917.61,0
CUST11778,2023-12-29,46.0,Female,South,Basic,Month-to-Month,Bank Transfer,30,23.51,7,82,3,3.0,No,652.14,1
CUST10958,2025-09-15,60.0,Female,East,Standard,Month-to-Month,Bank Transfer,9,58.17,7,3,0,4.0,No,477.84,0
CUST11662,2025-05-15,53.0,Female,West,Basic,Month-to-Month,Bank Transfer,13,23.33,3,17,3,5.0,No,314.47,0
CUST10559,2025-05-06,35.0,Female,East,Basic,Month-to-Month,Cash,14,7.58,8,27,1,3.0,Yes,107.16,0
CUST10846,2024-08-02,52.0,Female,South,Premium,One Year,Cash,23,81.68,5,0,0,4.0,Yes,1739.41,0
CUST11758,2025-10-01,36.0,Female,Central,Standard,Month-to-Month,Cash,9,42.85,6,81,0,3.581578947368421,No,370.94,1
CUST10690,2025-12-23,29.0,Male,South,Standard,Month-to-Month,Cash,6,47.22,9,6,2,3.0,No,295.06,0
CUST11519,2025-09-25,28.0,Female,North,Basic,Month-to-Month,Cash,9,24.08,5,9,3,5.0,Yes,198.94,0
CUST11965,2021-07-01,51.0,Male,North,Standard,Month-to-Month,Mobile Wallet,60,58.8,7,9,2,4.0,No,3435.45,0
CUST11878,2025-03-30,44.07447916666667,Female,East,Standard,Month-to-Month,Credit Card,15,59.32,4,13,0,5.0,No,839.05,0
CUST10436,2020-07-04,24.0,Female,North,Premium,Month-to-Month,Mobile Wallet,72,91.82,4,81,2,5.0,Yes,6662.3,0
CUST10490,2024-08-23,37.0,Male,West,Basic,One Year,Cash,22,48.67,10,132,3,4.0,No,1007.44,1
CUST11850,2025-05-26,50.0,Male,North,Premium,Month-to-Month,Credit Card,13,93.59,6,63,1,5.0,Yes,1263.33,0
CUST11629,2024-11-20,68.0,Male,South,Standard,Month-to-Month,Cash,19,36.76,9,12,0,4.0,Yes,693.14,1
CUST11387,2025-04-24,19.0,Female,South,Basic,Month-to-Month,Credit Card,14,28.22,9,9,1,4.0,No,363.98,0
CUST10069,2025-07-12,18.0,Male,South,Standard,Month-to-Month,Credit Card,11,51.57,7,116,2,4.0,Yes,557.16,1
CUST11572,2024-04-08,30.0,Male,East,Standard,Month-to-Month,Bank Transfer,27,44.08,6,11,2,2.0,No,1107.88,1
CUST11184,2025-04-02,38.0,Female,North,Basic,Two Year,Mobile Wallet,15,28.83,5,27,1,5.0,No,391.44,0
CUST10011,2024-04-02,44.07447916666667,Female,Central,Standard,Two Year,Bank Transfer,27,49.08,3,21,3,4.0,Yes,1219.77,0
CUST10144,2025-08-15,69.0,Male,East,Basic,Two Year,Cash,10,18.6,5,12,1,2.0,Yes,192.54,0
CUST10917,2024-06-30,52.0,Male,North,Standard,Month-to-Month,Credit Card,24,51.23,7,93,1,4.0,No,1245.93,1
CUST11541,2025-04-06,23.0,Male,North,Basic,Month-to-Month,Credit Card,15,24.39,5,36,3,5.0,Yes,370.72,1
CUST11451,2023-11-03,44.07447916666667,Female,East,Basic,Two Year,Bank Transfer,32,48.3553556701031,9,28,1,3.0,No,1091.83,1
CUST10639,2026-03-16,40.0,Female,Central,Standard,Month-to-Month,Bank Transfer,3,50.15,5,28,1,4.0,No,153.47,0
CUST10176,2024-05-07,48.0,Male,South,Basic,Two Year,Credit Card,26,22.11,3,38,2,5.0,No,548.37,0
CUST10994,2025-10-29,25.0,Female,Central,Standard,Month-to-Month,Cash,8,55.63,4,7,3,5.0,No,410.87,1
CUST10440,2024-12-09,68.0,Male,Central,Basic,Month-to-Month,Bank Transfer,18,32.27,7,42,1,4.0,No,545.64,0
CUST10521,2025-03-29,37.0,Female,South,Basic,Two Year,Mobile Wallet,15,33.52,4,2,0,5.0,Yes,504.27,0
CUST11993,2025-04-19,62.0,Female,North,Standard,Month-to-Month,Credit Card,14,53.87,4,10,1,5.0,No,774.95,1
CUST11955,2025-09-22,66.0,Female,Central,Standard,Month-to-Month,Mobile Wallet,9,43.11,0,13,3,3.581578947368421,No,360.19,1
CUST11712,2025-10-14,33.0,Male,Central,Basic,One Year,Bank Transfer,8,23.71,4,0,2,3.0,No,182.09,0
CUST11004,2025-11-11,60.0,Female,East,Basic,Month-to-Month,Cash,7,33.93,7,3,1,4.0,Yes,223.19,0
CUST11255,2026-02-15,65.0,Male,Central,Premium,Month-to-Month,Mobile Wallet,4,99.52,2,72,1,4.0,No,394.26,1
CUST11234,2022-04-04,38.0,Male,North,Basic,Month-to-Month,Cash,51,20.71,5,11,0,4.0,Yes,1014.58,0
CUST11664,2023-12-22,47.0,Female,Central,Basic,One Year,Bank Transfer,30,34.75,4,36,2,3.0,Yes,1078.07,0
CUST10143,2025-06-03,46.0,Male,East,Premium,Month-to-Month,Credit Card,13,94.3,3,0,0,3.581578947368421,No,1204.65,1
CUST10753,2025-02-10,56.0,Female,East,Standard,One Year,Credit Card,16,49.38,7,19,1,3.0,No,717.33,0
CUST10519,2025-01-17,48.0,Male,West,Standard,One Year,Credit Card,17,41.58,9,5,7,3.0,No,689.95,0
CUST10654,2025-08-26,18.0,Male,Central,Basic,Month-to-Month,Bank Transfer,10,24.71,7,86,1,3.581578947368421,No,249.08,1
CUST11322,2020-07-03,38.0,Female,North,Premium,One Year,Credit Card,72,85.58,14,2,2,2.0,Yes,5707.91,0
CUST10822,2023-05-07,25.0,Female,South,Standard,Month-to-Month,Bank Transfer,38,50.11,3,2,1,3.0,Yes,1900.43,0
CUST10428,2023-07-08,30.0,Female,North,Premium,Two Year,Cash,36,102.5,6,20,0,4.0,Yes,3479.4,0
CUST10612,2024-05-18,42.0,Female,Central,Basic,One Year,Credit Card,25,34.95,9,18,3,3.0,No,820.48,0
CUST11505,2024-12-12,59.0,Female,East,Basic,Month-to-Month,Mobile Wallet,18,37.94,7,6,2,2.0,No,661.2,1
CUST11032,2023-07-02,50.0,Male,East,Basic,One Year,Credit Card,36,8.3,7,27,1,4.0,No,277.82,0
CUST10156,2025-09-28,45.0,Female,South,Basic,Month-to-Month,Bank Transfer,9,31.84,5,7,2,3.581578947368421,No,276.2,1
CUST10539,2022-04-05,36.0,Female,West,Basic,Month-to-Month,Bank Transfer,51,7.81,5,53,1,2.0,No,405.17,0
CUST11530,2024-01-01,57.0,Female,South,Basic,One Year,Bank Transfer,30,31.94,4,3,3,5.0,Yes,925.56,0
CUST11460,2025-04-14,44.07447916666667,Female,West,Basic,Month-to-Month,Mobile Wallet,14,48.3553556701031,4,47,1,4.0,No,466.17,1
CUST11290,2025-10-02,69.0,Female,East,Standard,Month-to-Month,Credit Card,9,41.17,6,107,0,3.0,No,342.29,1
CUST10461,2022-10-07,30.0,Male,North,Basic,One Year,Bank Transfer,45,20.05,2,57,0,4.0,Yes,858.51,0
CUST10576,2024-11-02,21.0,Male,Central,Premium,Two Year,Bank Transfer,20,85.22,9,4,2,4.0,Yes,1590.78,0
CUST11362,2025-06-02,38.0,Female,East,Standard,One Year,Cash,13,42.25,5,26,2,3.0,No,563.07,1
CUST10255,2026-01-24,55.0,Male,West,Premium,Two Year,Bank Transfer,5,88.07,3,48,3,4.0,No,421.07,0
CUST10979,2023-06-06,55.0,Female,North,Standard,One Year,Credit Card,37,42.03,7,16,2,3.0,No,1494.27,0
CUST11185,2024-06-07,64.0,Female,West,Standard,Two Year,Mobile Wallet,25,54.06,3,17,1,3.0,No,1247.79,0
CUST11006,2020-10-17,64.0,Male,Central,Standard,Month-to-Month,Bank Transfer,69,40.91,5,8,1,3.0,No,2661.04,0
CUST11521,2025-11-27,49.0,Female,East,Standard,Month-to-Month,Bank Transfer,7,55.62,7,13,0,3.0,No,405.56,0
CUST11689,2025-11-21,59.0,Male,North,Standard,One Year,Credit Card,7,69.32,0,27,1,3.0,No,468.04,0
CUST10560,2024-10-21,45.0,Male,North,Premium,One Year,Credit Card,20,83.26,6,53,1,5.0,No,1648.38,0
CUST10208,2025-05-18,29.0,Male,North,Basic,Month-to-Month,Mobile Wallet,13,25.66,4,11,2,4.0,No,305.82,0
CUST10910,2024-02-28,44.0,Female,West,Premium,Month-to-Month,Bank Transfer,28,85.74,8,62,2,3.0,No,2369.97,0
CUST11311,2025-05-19,29.0,Female,North,Premium,One Year,Mobile Wallet,13,94.58,7,46,1,2.0,Yes,1232.86,1
CUST10001,2023-02-25,47.0,Female,South,Standard,One Year,Cash,40,55.99,7,9,1,4.0,No,2139.07,0
CUST11365,2025-10-01,59.0,Male,East,Basic,Month-to-Month,Bank Transfer,9,25.27,4,97,1,4.0,No,204.89,1
CUST10269,2024-05-23,31.0,Female,North,Standard,Month-to-Month,Bank Transfer,25,51.35,6,22,2,3.0,No,1224.94,0
CUST10265,2025-10-01,60.0,Female,North,Basic,Month-to-Month,Credit Card,9,36.18,7,5,0,5.0,No,323.47,0
CUST10914,2023-06-25,33.0,Female,Central,Basic,Month-to-Month,Cash,36,24.82,8,69,2,4.0,Yes,860.01,0
CUST10230,2026-01-01,57.0,Male,North,Premium,Month-to-Month,Cash,6,104.38,7,5,4,5.0,No,654.36,0
CUST11988,2022-02-28,20.0,Female,Central,Basic,Two Year,Cash,52,19.32,1,15,2,4.0,No,1035.31,0
CUST11119,2024-06-14,64.0,Male,Central,Basic,Month-to-Month,Mobile Wallet,24,15.53,4,6,1,4.0,No,339.17,0
CUST11983,2025-06-19,27.0,Female,North,Standard,Month-to-Month,Mobile Wallet,12,49.53,6,13,2,4.0,Yes,572.17,0
CUST10864,2024-06-30,41.0,Female,North,Standard,Two Year,Cash,24,67.06,3,4,0,3.0,No,1486.66,0
CUST11066,2020-07-22,69.0,Female,South,Standard,Month-to-Month,Cash,72,60.71,8,21,0,3.0,No,4145.29,0
CUST10873,2023-06-04,40.0,Female,South,Basic,Month-to-Month,Credit Card,37,28.67,4,13,1,3.0,No,982.6,0
CUST11807,2025-07-19,36.0,Female,South,Premium,One Year,Cash,11,100.81,7,69,2,4.0,No,1011.19,1
CUST10398,2026-03-21,67.0,Male,East,Standard,One Year,Mobile Wallet,3,37.0,5,2,0,3.0,No,113.42,0
CUST11838,2024-06-03,65.0,Male,West,Premium,Month-to-Month,Bank Transfer,25,96.11,10,72,0,3.0,No,2277.08,1
CUST11652,2025-05-29,20.0,Male,South,Standard,Month-to-Month,Mobile Wallet,13,37.04,3,20,2,4.0,Yes,442.41,0
CUST10045,2025-05-17,68.0,Male,West,Premium,Two Year,Bank Transfer,13,99.93,7,35,1,2.0,Yes,1326.81,1
CUST10161,2023-04-21,29.0,Male,Central,Premium,Two Year,Mobile Wallet,38,80.58,4,70,0,3.0,No,2991.32,0
CUST10991,2026-03-09,45.0,Female,West,Standard,Month-to-Month,Cash,3,49.94,8,72,1,5.0,No,149.2,1
CUST10727,not_a_date,37.0,Female,North,Basic,Month-to-Month,Mobile Wallet,30,19.4,7,104,1,2.0,No,599.0,1
CUST10629,2026-01-10,28.0,Male,West,Basic,Month-to-Month,Bank Transfer,5,29.6,4,14,1,3.0,Yes,139.56,1
CUST10288,2025-01-08,58.0,Female,East,Basic,Month-to-Month,Mobile Wallet,17,20.45,4,19,3,4.0,No,312.95,1
CUST11613,2023-11-10,19.0,Male,South,Basic,Month-to-Month,Mobile Wallet,32,24.66,11,10,0,5.0,Yes,790.66,0
CUST11059,2025-04-21,32.0,Female,West,Premium,Two Year,Credit Card,14,86.93,1,0,0,5.0,Yes,1112.42,0
CUST11967,2022-05-13,61.0,Female,West,Basic,Month-to-Month,Mobile Wallet,50,32.67,2,1,1,3.0,No,1529.24,1
CUST10575,2025-08-21,66.0,Female,East,Basic,Month-to-Month,Credit Card,10,29.38,6,12,2,3.0,No,289.77,1
CUST10850,2026-02-23,44.07447916666667,Female,North,Premium,Month-to-Month,Bank Transfer,4,89.91,7,13,0,5.0,Yes,327.39,0
CUST11339,2024-04-27,65.0,Male,South,Standard,Two Year,Cash,26,42.2,5,64,2,5.0,Yes,1107.2,0
CUST10911,2025-02-17,22.0,Female,Central,Basic,Month-to-Month,Cash,16,26.72,7,36,2,5.0,No,421.9,0
CUST11254,2024-12-28,50.0,Male,North,Premium,Two Year,Cash,18,90.19,4,32,0,3.0,No,1546.18,0
CUST11722,2024-05-24,59.0,Female,West,Standard,Month-to-Month,Mobile Wallet,25,60.65,3,27,1,4.0,Yes,1452.92,1
CUST11831,2023-11-08,31.0,Male,Central,Standard,Month-to-Month,Mobile Wallet,32,52.64,4,4,1,3.0,No,1763.62,0
CUST11735,2021-03-03,39.0,Female,West,Premium,One Year,Credit Card,64,48.3553556701031,6,63,3,5.0,No,4596.38,0
CUST10932,2025-02-07,19.0,Female,South,Basic,Month-to-Month,Cash,16,26.52,3,28,1,3.581578947368421,No,403.03,1
CUST11100,2024-05-26,35.0,Female,North,Standard,Month-to-Month,Bank Transfer,25,54.34,7,4,2,5.0,Yes,1236.92,1
CUST11657,2024-01-21,27.0,Female,West,Premium,Month-to-Month,Mobile Wallet,29,103.75,5,24,2,3.0,No,3083.46,0
CUST11207,2020-07-05,70.0,Female,East,Basic,Month-to-Month,Cash,72,24.13,5,15,2,4.0,No,1736.78,0
CUST10247,2026-03-27,44.07447916666667,Male,North,Basic,Two Year,Mobile Wallet,3,26.77,3,138,3,3.581578947368421,No,77.9,1
CUST10476,2021-07-09,48.0,Female,South,Basic,Two Year,Mobile Wallet,60,25.69,11,0,3,3.0,No,1477.13,0
CUST11694,2025-04-29,29.0,Female,West,Standard,Month-to-Month,Mobile Wallet,14,42.15,6,13,2,4.0,Yes,567.23,1
CUST10085,2025-02-06,62.0,Female,North,Standard,Month-to-Month,Credit Card,16,49.22,5,1,2,4.0,No,729.09,1
CUST10469,2024-08-07,65.0,Female,East,Basic,Two Year,Cash,23,31.29,5,7,0,3.0,No,734.27,0
CUST10225,2025-05-18,68.0,Male,Central,Standard,Two Year,Cash,13,69.17,5,20,0,5.0,Yes,849.33,0
CUST10774,2025-08-03,44.07447916666667,Male,North,Basic,One Year,Mobile Wallet,11,9.76,4,48,1,3.0,No,110.55,1
CUST10331,2024-06-19,53.0,Male,North,Standard,Month-to-Month,Bank Transfer,24,64.33,3,13,1,5.0,No,1556.89,0
CUST10233,2024-10-16,48.0,Male,East,Standard,Month-to-Month,Bank Transfer,20,44.58,1,40,0,5.0,No,852.28,0
CUST10588,2023-05-01,41.0,Female,North,Standard,One Year,Cash,38,34.09,5,29,2,3.0,No,1271.39,0
CUST10475,2021-08-07,45.0,Male,South,Basic,Month-to-Month,Cash,59,30.53,4,5,2,5.0,No,1889.2,0
CUST11284,2026-05-05,29.0,Female,Central,Premium,Two Year,Credit Card,1,93.7,7,102,0,3.0,No,87.26,1
CUST11881,2024-04-08,25.0,Female,East,Standard,One Year,Credit Card,27,48.33,8,16,0,4.0,No,1268.42,0
CUST10599,2023-07-23,36.0,Female,East,Standard,Month-to-Month,Cash,35,56.58,1,29,0,5.0,No,1850.48,0
CUST10421,2024-02-16,40.0,Female,North,Standard,Month-to-Month,Cash,28,53.08,7,15,1,4.0,Yes,1466.87,0
CUST11711,2023-04-03,27.0,Female,South,Premium,Month-to-Month,Mobile Wallet,39,81.78,9,6,3,4.0,Yes,2978.39,1
CUST10182,2024-08-05,57.0,Male,East,Basic,Month-to-Month,Cash,23,26.16,5,58,2,2.0,Yes,554.31,1
CUST10988,2026-05-26,65.0,Female,South,Premium,Two Year,Credit Card,1,114.81,6,0,0,2.0,No,103.81,0
CUST11000,2024-08-11,66.0,Male,North,Standard,One Year,Credit Card,22,46.11,5,32,1,4.0,Yes,1037.59,1
CUST11641,2024-09-29,38.0,Male,North,Premium,Month-to-Month,Cash,21,84.83,3,29,0,4.0,No,1718.02,0
CUST11356,2025-09-13,61.0,Female,East,Basic,Two Year,Credit Card,9,32.34,4,3,1,3.581578947368421,No,274.52,1
CUST11462,2024-12-28,19.0,Female,North,Standard,Month-to-Month,Mobile Wallet,18,38.55,7,10,0,4.0,No,726.37,0
CUST10049,2025-06-12,30.0,Male,North,Premium,Month-to-Month,Credit Card,12,89.6,7,1,0,5.0,Yes,1073.83,0
CUST11888,2020-07-24,64.0,Female,Central,Standard,Month-to-Month,Cash,72,58.36,6,5,1,4.0,No,4334.37,0
CUST11029,2026-05-15,38.0,Male,South,Basic,Two Year,Bank Transfer,1,20.71,5,10,3,1.0,No,20.52,0
CUST10529,2022-07-28,53.0,Female,South,Premium,Month-to-Month,Cash,47,84.46,9,54,0,4.0,Yes,4062.95,0
CUST11258,2021-06-15,61.0,Female,East,Standard,Two Year,Bank Transfer,61,36.35,8,27,1,3.0,Yes,2085.48,0
CUST10486,2023-12-06,33.0,Female,East,Premium,One Year,Cash,31,85.11,5,14,0,4.0,No,2599.38,0
CUST11964,2020-12-02,35.0,Female,West,Basic,Month-to-Month,Bank Transfer,67,21.83,3,27,2,3.0,Yes,1475.06,0
CUST10497,2025-12-22,38.0,Male,East,Basic,One Year,Mobile Wallet,6,23.2,10,12,2,2.0,Yes,145.53,0
CUST11646,2024-11-16,57.0,Female,South,Basic,Two Year,Bank Transfer,19,24.24,3,14,2,5.0,No,465.94,0
CUST10106,2024-10-08,57.0,Male,South,Basic,Month-to-Month,Mobile Wallet,21,21.92,7,0,0,4.0,No,468.98,1
CUST10443,2022-11-17,59.0,Male,North,Standard,Month-to-Month,Credit Card,44,53.8,3,47,0,4.0,No,2429.14,0
CUST11512,2023-07-09,28.0,Female,East,Basic,Two Year,Cash,36,31.93,8,8,3,3.0,No,1070.21,1
CUST10646,2025-06-16,59.0,Female,North,Standard,Month-to-Month,Mobile Wallet,12,45.63,6,59,2,4.0,Yes,518.93,0
CUST11036,2021-12-07,70.0,Female,South,Premium,Month-to-Month,Mobile Wallet,55,96.44,4,1,2,4.0,No,5115.17,0
CUST11762,2024-01-28,32.0,Male,North,Premium,Two Year,Bank Transfer,29,93.38,6,20,2,4.0,No,2774.68,0
CUST10726,2025-08-24,40.0,Male,North,Standard,Two Year,Bank Transfer,10,56.1,6,89,0,5.0,Yes,549.98,0
CUST10190,2025-05-17,18.0,Male,Central,Standard,Month-to-Month,Credit Card,13,56.34,10,17,2,3.0,No,757.1,1
CUST11788,2023-12-19,28.0,Female,Central,Standard,Month-to-Month,Mobile Wallet,30,53.08,7,4,1,3.0,No,1462.97,0
CUST11856,2025-01-31,61.0,Male,North,Basic,Month-to-Month,Credit Card,17,11.1,7,118,3,5.0,Yes,170.01,1
CUST10282,2026-02-09,33.0,Male,North,Premium,Month-to-Month,Bank Transfer,4,98.36,7,36,0,3.0,Yes,369.93,1
CUST10029,2024-05-09,18.0,Male,West,Basic,Month-to-Month,Credit Card,26,23.21,11,141,0,4.0,Yes,546.64,1
CUST10169,2023-04-23,24.0,Female,Central,Basic,One Year,Bank Transfer,38,16.33,5,39,1,3.0,No,624.5,0
CUST11001,2025-06-17,18.0,Male,East,Basic,Month-to-Month,Cash,12,22.69,6,81,1,3.0,Yes,274.98,1
CUST11204,2025-10-14,28.0,Female,North,Basic,One Year,Credit Card,8,26.9,4,40,4,3.0,Yes,220.85,0
CUST10100,2023-09-21,65.0,Male,Central,Standard,Two Year,Mobile Wallet,33,41.74,8,1,1,4.0,No,1363.3,0
CUST10197,2025-07-09,41.0,Male,Central,Basic,Month-to-Month,Credit Card,11,26.07,4,119,2,4.0,No,263.32,1
CUST10495,2025-01-19,21.0,Female,East,Basic,Two Year,Credit Card,17,26.86,3,49,0,3.0,Yes,442.35,0
CUST11745,2024-04-22,18.0,Male,East,Basic,Month-to-Month,Bank Transfer,26,25.51,8,3,1,5.0,No,619.88,0
CUST10647,2025-11-08,67.0,Male,East,Basic,Month-to-Month,Mobile Wallet,7,29.62,5,43,3,4.0,No,194.5,1
CUST10987,2026-03-10,65.0,Female,North,Basic,Month-to-Month,Credit Card,3,46.44,3,35,1,4.0,No,142.32,1
CUST10044,2025-05-29,44.07447916666667,Male,West,Basic,One Year,Mobile Wallet,13,28.23,3,32,1,5.0,No,359.48,0
CUST11948,2024-12-17,24.0,Female,North,Standard,One Year,Credit Card,18,48.3553556701031,7,5,1,4.0,No,992.29,0
CUST10710,2025-12-26,52.0,Male,Central,Standard,Two Year,Mobile Wallet,6,48.69,6,34,2,5.0,Yes,294.52,1
CUST10373,2025-05-28,37.0,Female,South,Standard,Month-to-Month,Bank Transfer,13,60.62,8,31,2,5.0,Yes,821.81,0
CUST10678,2026-03-16,39.0,Female,North,Standard,Month-to-Month,Cash,3,52.62,8,39,3,3.0,No,144.04,1
CUST10566,2023-12-22,23.0,Female,West,Standard,Two Year,Mobile Wallet,30,48.3553556701031,3,34,5,4.0,No,1588.88,1
CUST11672,2025-05-09,48.0,Female,West,Standard,Month-to-Month,Bank Transfer,13,44.05,6,10,2,5.0,No,589.68,0
CUST10847,2022-08-22,69.0,Male,West,Basic,One Year,Bank Transfer,46,10.04,4,0,3,3.0,Yes,420.89,0
CUST10460,2026-03-26,25.0,Male,East,Standard,Month-to-Month,Mobile Wallet,3,52.17,1,4,1,5.0,No,164.04,0
CUST11437,2024-11-26,46.0,Male,East,Basic,Month-to-Month,Mobile Wallet,19,28.42,2,56,3,2.0,No,501.77,1
CUST11155,2025-08-21,31.0,Female,North,Basic,Month-to-Month,Credit Card,10,22.55,6,39,3,5.0,No,204.33,0
CUST10039,2025-06-09,51.0,Male,West,Standard,One Year,Cash,12,59.32,8,10,0,4.0,No,738.17,0
CUST10434,2022-12-28,26.0,Female,North,Standard,Month-to-Month,Mobile Wallet,42,45.77,9,175,2,4.0,No,1755.51,0
CUST10973,2025-06-17,67.0,Female,Central,Premium,Month-to-Month,Bank Transfer,12,84.29,5,23,1,4.0,No,937.74,0
CUST11239,2025-11-08,56.0,Female,North,Standard,One Year,Mobile Wallet,7,52.94,4,11,0,5.0,No,381.11,0
CUST11007,2023-09-19,49.0,Female,South,Premium,Month-to-Month,Bank Transfer,33,92.44,10,75,2,3.581578947368421,Yes,3067.49,0
CUST11579,2023-11-21,61.0,Male,Central,Premium,Month-to-Month,Credit Card,31,88.89,7,72,1,4.0,Yes,2563.08,0
CUST11590,2025-11-23,37.0,Male,North,Basic,Month-to-Month,Credit Card,7,36.74,8,20,2,4.0,No,250.09,1
CUST11786,2025-08-01,29.0,Female,South,Standard,Month-to-Month,Cash,11,63.04,9,3,4,4.0,Yes,727.76,1
CUST11498,2025-11-07,60.0,Female,South,Basic,Two Year,Bank Transfer,7,37.99,3,72,2,3.0,No,278.95,1
CUST10456,2024-12-22,19.0,Female,Central,Basic,Two Year,Mobile Wallet,18,13.85,9,64,2,4.0,Yes,261.09,0
CUST11835,2025-01-11,44.07447916666667,Female,North,Basic,Two Year,Credit Card,17,27.7,6,28,1,4.0,Yes,464.95,0
CUST10260,2026-05-01,67.0,Male,North,Standard,Month-to-Month,Mobile Wallet,2,46.22,7,10,2,3.581578947368421,Yes,88.5,1
CUST11840,2025-12-29,43.0,Female,North,Standard,Two Year,Cash,6,54.11,8,73,4,3.0,Yes,292.4,1
CUST10035,2022-01-02,55.0,Male,North,Basic,One Year,Credit Card,54,23.59,6,20,3,3.0,No,1169.56,0
CUST10827,2023-10-23,33.0,Female,North,Basic,Month-to-Month,Cash,32,33.39,6,42,1,4.0,No,1084.36,1
CUST10309,2023-02-14,51.0,Female,North,Basic,Month-to-Month,Mobile Wallet,41,14.76,7,0,1,3.0,No,553.35,0
CUST10276,2024-08-16,41.0,Male,South,Standard,Month-to-Month,Bank Transfer,22,43.64,3,2,1,3.0,No,938.73,0
CUST10636,2024-08-29,57.0,Female,West,Basic,Two Year,Credit Card,22,26.65,3,122,1,4.0,No,555.83,1
CUST10622,2024-12-08,33.0,Female,Central,Standard,Month-to-Month,Cash,18,45.35,7,7,1,4.0,No,848.02,1
CUST11859,2025-06-09,36.0,Female,South,Basic,Month-to-Month,Cash,12,26.25,6,31,3,3.0,Yes,317.85,1
CUST10844,2025-08-02,45.0,Female,North,Standard,Two Year,Credit Card,11,42.13,3,3,4,4.0,No,452.42,0
CUST10393,2024-02-24,51.0,Male,West,Standard,Month-to-Month,Credit Card,28,47.24,10,7,0,4.0,No,1384.69,0
CUST11769,2024-02-25,44.0,Female,West,Basic,One Year,Credit Card,28,21.64,7,42,1,3.0,Yes,560.05,0
CUST10107,2024-02-21,55.0,Female,South,Basic,One Year,Bank Transfer,28,34.34,3,11,0,2.0,No,882.17,0
CUST10349,2025-11-15,22.0,Male,North,Basic,Month-to-Month,Bank Transfer,7,34.99,4,47,1,3.581578947368421,No,241.14,0
CUST10524,2024-04-07,57.0,Female,North,Basic,Month-to-Month,Mobile Wallet,27,38.82,9,83,1,3.0,No,1037.41,1
CUST10784,2023-06-15,37.0,Female,Central,Basic,Month-to-Month,Credit Card,37,22.88,2,51,3,3.0,No,771.05,1
CUST10047,2021-11-26,39.0,Male,South,Premium,One Year,Bank Transfer,55,86.46,4,15,1,2.0,Yes,4911.97,0
CUST10203,2025-11-09,27.0,Male,North,Standard,One Year,Bank Transfer,7,53.8,6,9,3,4.0,No,363.49,0
CUST11655,2024-06-23,68.0,Male,South,Basic,Two Year,Credit Card,24,48.3553556701031,9,41,1,3.0,Yes,556.84,0
CUST10021,2025-12-25,69.0,Male,South,Premium,One Year,Credit Card,6,95.27,7,17,3,5.0,No,583.36,0
CUST10402,2023-04-10,26.0,Male,West,Basic,Month-to-Month,Bank Transfer,39,31.89,6,60,0,5.0,No,1253.95,1
CUST11107,2020-12-22,55.0,Female,South,Basic,One Year,Credit Card,67,37.5,4,20,3,5.0,No,2263.29,0
CUST11154,2024-03-31,51.0,Female,East,Standard,One Year,Cash,27,53.39,6,127,2,3.0,Yes,1512.13,1
CUST11439,2023-04-21,20.0,Female,Central,Standard,Month-to-Month,Bank Transfer,38,35.69,4,40,3,4.0,No,1260.55,1
CUST10989,2021-03-22,50.0,Female,North,Standard,Two Year,Mobile Wallet,64,35.94,5,14,1,4.0,No,2274.06,0
CUST11865,2024-08-18,25.0,Female,Central,Basic,Month-to-Month,Credit Card,22,11.57,3,21,2,4.0,No,245.82,1
CUST10741,2025-03-19,40.0,Male,North,Standard,Month-to-Month,Bank Transfer,15,67.44,4,37,0,4.0,No,1040.43,0
CUST11721,2025-09-20,29.0,Male,North,Basic,Month-to-Month,Cash,9,37.68,5,50,1,3.0,No,311.96,0
CUST11310,2025-09-28,33.0,Female,South,Basic,Month-to-Month,Credit Card,9,14.43,7,32,0,4.0,No,123.96,0
CUST11147,2024-12-22,39.0,Female,West,Basic,One Year,Bank Transfer,18,18.11,12,2,1,3.0,No,339.52,0
CUST10033,2025-12-24,58.0,Male,South,Standard,Month-to-Month,Bank Transfer,6,37.07,6,7,0,4.0,Yes,224.0,0
CUST10787,2025-06-02,55.0,Male,South,Premium,Month-to-Month,Cash,13,93.52,3,14,2,4.0,Yes,1166.89,1
CUST11540,2024-09-29,68.0,Male,West,Premium,Month-to-Month,Bank Transfer,21,85.69,9,0,2,4.0,No,1838.96,1
CUST10923,2024-01-22,52.0,Female,East,Basic,Two Year,Cash,29,35.02,6,22,3,5.0,No,1058.12,0
CUST11043,2023-01-05,37.0,Female,West,Premium,Two Year,Bank Transfer,42,87.8,8,34,0,3.581578947368421,No,3319.29,0
CUST11945,2025-08-14,44.07447916666667,Male,Central,Standard,Two Year,Cash,10,39.92,5,22,1,3.0,No,385.29,0
CUST11243,2025-07-11,49.0,Female,North,Standard,Month-to-Month,Cash,11,50.1,3,0,3,3.581578947368421,No,557.6,0
CUST11915,2025-04-27,52.0,Male,North,Premium,Two Year,Bank Transfer,14,86.66,6,85,0,4.0,Yes,1121.0,0
CUST10579,2024-01-26,31.0,Male,South,Standard,Month-to-Month,Credit Card,29,43.38,9,74,5,4.0,No,1237.66,1
CUST10481,2026-05-30,21.0,Male,North,Basic,One Year,Cash,1,15.13,7,48,0,3.0,No,15.47,0
CUST10931,2025-12-11,44.0,Female,South,Basic,One Year,Credit Card,6,30.37,9,1,1,2.0,No,182.84,0
CUST10356,2025-03-27,57.0,Female,West,Standard,One Year,Mobile Wallet,15,47.91,5,15,1,4.0,No,703.31,0
CUST11685,2023-06-09,25.0,Male,North,Basic,Month-to-Month,Credit Card,37,32.78,6,14,0,3.0,No,1256.69,1
CUST11248,2026-05-10,54.0,Female,Central,Standard,Month-to-Month,Mobile Wallet,1,49.14,8,32,1,4.0,No,44.41,1
CUST10759,2023-02-09,44.07447916666667,Female,East,Basic,Month-to-Month,Bank Transfer,41,39.69,5,13,1,3.0,No,1500.22,1
CUST10092,2025-11-12,54.0,Male,South,Basic,Two Year,Credit Card,7,31.1,2,67,3,4.0,No,225.11,1
CUST11175,2025-10-18,41.0,Male,West,Premium,One Year,Mobile Wallet,8,79.97,4,77,1,5.0,No,606.11,1
CUST11415,2025-04-26,20.0,Male,West,Basic,One Year,Bank Transfer,14,44.49,4,10,0,3.0,No,589.53,1
CUST11341,2025-11-05,21.0,Female,West,Premium,Month-to-Month,Mobile Wallet,7,64.2,5,5,2,3.0,No,423.64,0
CUST11472,2025-11-27,57.0,Female,North,Premium,One Year,Cash,7,83.89,3,20,2,1.0,Yes,564.09,1
CUST10803,2026-03-12,26.0,Female,East,Standard,Month-to-Month,Bank Transfer,3,46.85,4,12,0,3.0,No,136.86,0
CUST10745,2025-04-13,28.0,Male,East,Basic,One Year,Cash,14,21.54,5,3,2,4.0,No,301.41,0
CUST11546,2023-01-04,44.0,Male,North,Basic,Two Year,Cash,42,28.19,6,28,2,3.0,No,1159.93,0
CUST10279,2025-05-12,35.0,Female,North,Standard,Month-to-Month,Credit Card,13,54.78,6,85,2,3.0,Yes,696.47,1
CUST11607,2024-11-12,44.07447916666667,Female,South,Basic,Month-to-Month,Bank Transfer,19,20.38,6,13,1,3.581578947368421,No,397.69,0
CUST10764,2024-08-30,32.0,Male,Central,Standard,Month-to-Month,Cash,22,46.26,1,1,0,5.0,No,1049.43,0
CUST10604,2025-09-12,67.0,Male,Central,Standard,Two Year,Credit Card,9,49.22,6,26,1,3.0,No,416.0,0
CUST11373,2022-03-16,59.0,Male,West,Standard,Month-to-Month,Bank Transfer,52,52.75,3,15,0,4.0,No,2831.67,0
CUST11951,2020-07-24,22.0,Female,North,Premium,One Year,Mobile Wallet,72,78.17,4,0,1,3.0,Yes,5188.44,0
CUST11398,2024-11-17,30.0,Female,East,Standard,Month-to-Month,Credit Card,19,48.07,3,0,2,3.0,No,921.62,0
CUST10400,2024-10-02,35.0,Male,South,Standard,Month-to-Month,Credit Card,21,55.59,10,9,0,3.581578947368421,No,1103.29,1
CUST11728,2024-05-29,19.0,Male,North,Standard,One Year,Bank Transfer,25,65.36,5,4,2,2.0,No,1518.25,1
CUST10257,2025-02-19,50.0,Male,North,Standard,Month-to-Month,Mobile Wallet,16,49.49,9,20,1,3.0,No,727.93,0
CUST10944,2024-01-28,60.0,Male,South,Basic,Month-to-Month,Bank Transfer,29,34.62,1,9,4,2.0,No,913.16,0
CUST11875,2025-07-19,18.0,Male,West,Standard,One Year,Credit Card,11,52.62,6,44,0,4.0,No,554.13,0
CUST11096,2025-07-22,66.0,Female,North,Basic,One Year,Bank Transfer,11,24.73,3,10,2,4.0,No,251.92,0
CUST11219,2025-12-10,26.0,Male,North,Standard,One Year,Mobile Wallet,6,51.48,4,0,0,2.0,No,313.41,1
CUST11507,2024-03-19,61.0,Male,East,Basic,Month-to-Month,Mobile Wallet,27,35.65,7,16,2,3.0,Yes,951.47,1
CUST11879,2024-10-05,67.0,Male,East,Basic,Month-to-Month,Cash,21,36.32,4,49,2,3.0,No,777.04,1
CUST11161,2021-09-10,48.0,Male,West,Standard,Month-to-Month,Bank Transfer,58,62.82,6,3,0,4.0,No,3405.49,0
CUST10494,2026-03-12,44.07447916666667,Male,West,Premium,Month-to-Month,Credit Card,3,81.77,4,64,0,5.0,Yes,241.16,0
CUST10772,2025-08-15,25.0,Male,East,Basic,One Year,Bank Transfer,10,16.14,6,15,1,4.0,No,148.14,0
CUST10550,2025-12-28,53.0,Male,East,Basic,Two Year,Credit Card,6,42.78,6,42,0,4.0,No,254.63,0
CUST11486,2025-01-25,56.0,Male,Central,Basic,One Year,Cash,17,20.77,8,7,2,3.0,No,324.92,0
CUST10201,2025-03-18,28.0,Female,Central,Basic,Two Year,Bank Transfer,15,48.3553556701031,2,127,0,4.0,No,390.73,1
CUST10312,2023-09-23,31.0,Male,North,Basic,Month-to-Month,Bank Transfer,33,3.42,11,76,1,3.0,No,105.06,0
CUST10290,2024-01-16,51.0,Male,West,Basic,Month-to-Month,Cash,29,26.4,5,7,0,5.0,No,776.16,1
CUST11213,2025-06-18,29.0,Female,South,Standard,Month-to-Month,Mobile Wallet,12,49.27,4,98,0,4.0,No,532.5,0
CUST10763,2025-02-11,48.0,Male,North,Premium,Month-to-Month,Bank Transfer,16,78.53,7,26,2,4.0,No,1173.61,0
CUST11136,2022-04-16,61.0,Male,East,Premium,Month-to-Month,Credit Card,51,87.33,5,18,1,3.0,No,4073.41,0
CUST10949,2026-05-06,33.0,Male,South,Standard,Month-to-Month,Bank Transfer,1,54.88,6,59,0,4.0,No,50.38,1
CUST10183,2021-09-19,21.0,Female,South,Standard,Month-to-Month,Cash,58,59.15,2,55,1,2.0,No,3121.19,0
CUST11176,2026-02-01,49.0,Male,East,Standard,One Year,Cash,4,48.06,4,69,2,3.0,Yes,185.6,0
CUST11848,2023-05-31,54.0,Female,South,Basic,Month-to-Month,Credit Card,37,8.0,3,5,2,3.0,Yes,285.01,1
CUST11349,2024-12-23,24.0,Female,North,Standard,Two Year,Bank Transfer,18,50.17,3,5,0,4.0,No,860.8,0
CUST11727,2025-01-22,49.0,Male,Central,Basic,Month-to-Month,Bank Transfer,17,30.68,11,21,2,3.581578947368421,No,528.41,0
CUST11068,2023-04-17,18.0,Male,North,Basic,Two Year,Bank Transfer,39,48.3553556701031,4,27,2,3.0,No,1218.11,0
CUST11811,2025-01-11,30.0,Female,South,Basic,One Year,Credit Card,17,22.62,8,2,1,4.0,Yes,371.87,0
CUST11030,2026-04-20,18.0,Male,East,Basic,Month-to-Month,Mobile Wallet,2,37.3,12,39,1,3.581578947368421,No,77.47,1
CUST10250,2023-12-18,20.0,Male,West,Standard,Two Year,Mobile Wallet,30,43.05,6,48,0,4.0,Yes,1231.94,0
CUST10823,2023-02-25,44.0,Female,West,Basic,Month-to-Month,Cash,40,17.64,7,150,2,4.0,Yes,717.96,1
CUST11099,2025-05-09,53.0,Male,North,Basic,Two Year,Credit Card,13,25.85,3,3,1,4.0,No,337.33,1
CUST11536,2025-04-02,23.0,Male,West,Basic,One Year,Bank Transfer,15,16.13,4,13,0,2.0,Yes,238.89,1
CUST10940,2025-12-27,34.0,Female,South,Standard,Month-to-Month,Bank Transfer,6,52.32,7,0,1,4.0,No,306.39,0
CUST10391,2024-09-15,45.0,Female,North,Basic,One Year,Mobile Wallet,21,17.73,7,8,0,3.0,No,370.3,0
CUST11919,2024-10-08,50.0,Female,Central,Standard,Month-to-Month,Mobile Wallet,21,61.81,8,58,1,4.0,No,1293.52,0
CUST11456,2024-09-24,44.07447916666667,Male,North,Standard,Month-to-Month,Mobile Wallet,21,39.91,5,9,0,2.0,No,833.45,0
CUST11092,2024-02-18,63.0,Male,South,Standard,Two Year,Bank Transfer,28,55.79,11,3,3,4.0,No,1424.09,0
CUST11191,2025-05-14,58.0,Female,South,Basic,One Year,Mobile Wallet,13,33.56,7,12,3,3.0,No,438.77,1
CUST10904,2025-06-15,69.0,Male,Central,Standard,Month-to-Month,Bank Transfer,12,43.91,3,99,1,3.581578947368421,No,544.87,1
CUST10730,2024-04-03,65.0,Female,South,Basic,Two Year,Credit Card,27,26.16,6,0,0,2.0,No,722.84,0
CUST10554,2026-03-03,63.0,Female,North,Standard,Month-to-Month,Bank Transfer,3,41.76,7,45,1,3.0,No,115.11,1
CUST10366,2021-11-22,29.0,Male,West,Standard,One Year,Bank Transfer,56,50.91,8,1,2,4.0,Yes,2884.07,0
CUST10345,2025-12-18,49.0,Female,West,Basic,One Year,Cash,6,30.3,5,25,0,5.0,No,174.18,0
CUST11608,2023-02-16,38.0,Female,South,Basic,Month-to-Month,Credit Card,41,23.05,7,30,2,3.0,No,951.01,0
CUST10535,2022-01-31,28.0,Female,North,Standard,One Year,Cash,53,50.01,4,4,0,4.0,No,2541.13,0
CUST11422,2025-12-27,42.0,Male,East,Standard,One Year,Bank Transfer,6,56.3,6,9,1,4.0,No,318.78,0
CUST11209,2024-02-18,53.0,Male,South,Premium,Month-to-Month,Mobile Wallet,28,90.01,7,8,0,4.0,No,2488.11,0
CUST11372,2025-08-23,39.0,Male,South,Premium,Month-to-Month,Bank Transfer,10,92.17,6,51,0,3.0,No,909.94,0
CUST11639,2025-04-20,65.0,Female,West,Basic,Month-to-Month,Bank Transfer,14,24.04,4,24,3,4.0,No,332.12,0
CUST10919,2024-09-14,47.0,Female,East,Basic,Month-to-Month,Cash,21,25.24,7,52,0,3.0,No,493.74,1
CUST10211,2020-07-29,19.0,Female,East,Basic,One Year,Credit Card,72,29.54,7,1,3,3.0,No,2088.42,0
CUST11603,2024-04-20,32.0,Male,West,Basic,One Year,Mobile Wallet,26,26.05,6,97,0,2.0,Yes,687.92,1
CUST10502,2026-02-26,24.0,Female,Central,Basic,Month-to-Month,Cash,4,15.6,5,15,0,3.0,Yes,58.95,0
CUST10537,2025-02-21,56.0,Female,North,Standard,One Year,Mobile Wallet,16,49.8,7,28,0,2.0,No,836.28,1
CUST11220,2025-09-05,31.0,Male,North,Standard,Month-to-Month,Bank Transfer,9,56.18,4,25,1,3.0,No,472.14,1
CUST10175,2023-04-27,27.0,Male,North,Basic,Month-to-Month,Bank Transfer,38,13.89,8,17,2,3.0,No,545.08,0
