order_id,order_time,area,cuisine,weather,traffic_level,vehicle_type,distance_km,items_count,order_value_pkr,prep_time_min,rider_rating,rider_experience_months,delivery_time_min,promised_time_min,late_delivery,tip_pkr,customer_rating
FD-100266,2025-07-22 11:34,DHA,Chinese,Windy,Low,Car,2.92,4,2732.0,22.0,4.8,22,31.0,55,No,0,5.0
FD-101850,2025-11-18 15:18,Clifton,Pizza,Clear,High,Car,7.23,6,3990.0,34.0,4.4,27,77.0,70,Yes,0,5.0
FD-101132,2025-11-13 18:11,Clifton,Biryani,Rainy,High,Car,8.04,5,1961.0,20.0,4.4,41,76.0,70,Yes,0,4.0
FD-101662,2026-06-08 17:51,Saddar,Pizza,Hot,Jam,Motorbike,10.69,2,789.0,22.0,4.9,19,96.0,70,Yes,0,4.0
FD-101772,2025-07-14 11:23,Malir,Desserts,Rainy,High,Motorbike,3.08,4,1626.0,25.0,5.0,31,53.0,55,No,50,5.0
FD-101647,2026-05-19 19:41,Clifton,Chinese,Clear,Medium,Motorbike,3.06,8,4640.0,32.0,4.9,43,44.0,55,No,0,5.0
FD-102143,2025-09-14 07:49,DHA,Karahi,Rainy,Medium,Motorbike,2.42,2,1137.0,23.0,4.1,33,45.0,55,No,0,5.0
FD-102178,2025-12-06 07:16,DHA,BBQ,Rainy,Medium,Motorbike,2.04,6,2631.0,37.0,4.4,33,50.0,55,No,50,5.0
FD-100621,2026-04-29 10:47,DHA,BBQ,Hot,High,Motorbike,4.33,5,3328.0,25.0,4.4,11,47.0,55,No,0,5.0
FD-101211,2026-06-12 19:51,Clifton,Fast Food,Hot,Medium,Motorbike,4.28,6,4814.0,25.0,4.4,33,40.0,55,No,150,5.0
FD-101885,2026-06-28 01:31,Malir,Fast Food,Clear,Low,Motorbike,6.46,6,5394.0,21.0,4.6,0,39.0,70,No,0,5.0
FD-102050,2025-12-22 01:16,Saddar,BBQ,Dusty,Jam,Motorbike,1.9,4,3412.0,29.0,4.2,37,33.0,55,No,0,5.0
FD-100055,2025-11-21 08:20,PECHS,Pizza,Clear,High,Motorbike,3.01,5,3916.0,28.0,4.5,46,39.0,55,No,0,5.0
FD-100714,2025-08-28 01:05,North Nazimabad,BBQ,Hot,High,Motorbike,5.7,7,5306.0,26.0,3.8,14,62.0,55,Yes,0,5.0
FD-100742,2025-10-08 03:27,Gulshan-e-Iqbal,Fast Food,Hot,Jam,Motorbike,5.61,2,1716.0,19.0,3.9,44,57.0,55,Yes,0,5.0
FD-100231,2026-03-05 20:14,Korangi,BBQ,Rainy,Low,Motorbike,4.46,6,3872.0,41.0,4.2,42,73.0,55,Yes,0,4.0
FD-100204,2026-04-02 13:41,North Nazimabad,Desserts,Clear,Medium,Motorbike,5.84,2,1268.0,21.0,4.2,19,51.0,55,No,150,5.0
FD-100053,2025-07-28 16:26,Clifton,Biryani,Clear,High,Motorbike,4.09,6,4471.0,26.0,4.2,16,53.0,55,No,0,5.0
FD-101684,2025-12-31 00:05,Korangi,Pizza,Clear,High,Motorbike,8.59,3,2487.0,31.0,4.3,30,70.0,70,No,0,5.0
FD-102084,2025-11-27 19:36,Korangi,Biryani,Rainy,Medium,Bicycle,6.61,1,800.0,13.0,4.2,28,76.0,70,Yes,0,5.0
FD-100445,2026-03-18 06:18,Korangi,Desserts,Rainy,High,Motorbike,5.05,5,2022.0,26.0,4.8,42,53.0,55,No,0,5.0
FD-101322,2026-01-02 01:05,North Nazimabad,Karahi,Hot,Medium,Car,3.04,3,2397.0,23.0,4.4,6,37.0,55,No,0,5.0
FD-100953,2025-08-14 07:08,Saddar,BBQ,Clear,Low,Motorbike,6.25,2,991.0,30.0,4.4,11,56.0,70,No,0,5.0
FD-101497,2025-07-01 01:52,Gulshan-e-Iqbal,Chinese,Rainy,Medium,Motorbike,1.93,1,580.0,20.0,4.5,51,34.0,55,No,0,5.0
FD-101166,2025-09-09 15:09,North Nazimabad,Desserts,Dusty,Low,Motorbike,3.96,2,747.0,25.0,4.7,14,40.0,55,No,0,4.0
FD-100121,2026-05-11 19:10,Malir,Biryani,Hot,Jam,Motorbike,8.56,8,5509.0,29.0,5.0,9,94.0,70,Yes,0,4.0
FD-100508,2026-03-04 08:12,PECHS,Chinese,Clear,Medium,Motorbike,7.25,6,4407.0,24.0,4.3,47,42.0,70,No,0,5.0
FD-101502,2025-08-09 03:21,PECHS,Fast Food,Dusty,Medium,Motorbike,3.72,3,1568.0,16.0,4.0,27,44.0,55,No,0,5.0
FD-100248,2025-08-14 08:59,Gulshan-e-Iqbal,Chinese,Windy,Jam,Motorbike,9.01,1,593.0,16.0,4.6,39,71.0,70,Yes,0,5.0
FD-101160,2026-03-31 12:34,DHA,Desserts,Hot,Medium,Motorbike,7.72,1,550.0,25.0,5.0,42,36.0,70,No,100,5.0
FD-102364,2026-02-22 14:30,Korangi,Desserts,Hot,Jam,Motorbike,5.9,6,4213.0,25.0,4.3,16,83.0,55,Yes,0,2.0
FD-102407,2026-04-11 11:40,Clifton,Desserts,Clear,Medium,Motorbike,5.46,5,3630.0,24.0,4.2,3,49.0,55,No,0,4.0
FD-101780,2025-08-23 13:48,Gulshan-e-Iqbal,Biryani,Clear,High,Motorbike,3.64,1,707.0,15.0,4.4,33,40.0,55,No,0,5.0
FD-101826,2026-01-29 12:07,Saddar,Desserts,Rainy,Medium,Bicycle,2.07,6,4279.0,36.0,4.8,38,55.0,55,No,0,5.0
FD-102465,2025-11-03 08:12,Korangi,Biryani,Hot,Low,Motorbike,2.46,5,3007.0,24.0,4.8,45,30.0,55,No,0,5.0
FD-100150,2025-10-09 21:58,Korangi,Chinese,Clear,Low,Motorbike,8.53,2,1527.0,17.0,3.7,3,56.0,70,No,0,5.0
FD-101700,2025-10-27 03:35,DHA,BBQ,Clear,Low,Car,6.4,8,4198.0,34.0,4.4,41,61.0,70,No,0,5.0
FD-100171,2025-12-12 16:03,Malir,Fast Food,Clear,Low,Motorbike,2.55,8,7063.0,27.0,4.5,33,35.0,55,No,0,5.0
FD-100058,2026-06-30 00:36,Malir,Pizza,Windy,Medium,Bicycle,3.09,7,5250.0,25.0,3.9,32,49.0,55,No,0,5.0
FD-100005,2025-09-28 00:27,Malir,Pizza,Hot,Medium,Car,8.84,6,2839.0,35.0,4.6,15,76.0,70,Yes,0,4.0
FD-100021,2026-04-03 21:57,Malir,Fast Food,Windy,Low,Bicycle,5.34,2,1416.0,32.0,5.0,5,78.0,55,Yes,0,3.0
FD-102340,2026-03-28 13:07,DHA,Desserts,Hot,High,Motorbike,3.46,1,835.0,20.0,4.6,41,45.0,55,No,0,5.0
FD-101328,2025-10-04 21:38,North Nazimabad,Karahi,Clear,Jam,Motorbike,4.17,3,1521.0,30.0,3.8,43,66.0,55,Yes,0,3.0
FD-101466,2025-09-15 07:32,Clifton,BBQ,Hot,Medium,Motorbike,7.08,6,5241.0,30.0,4.3,57,62.0,70,No,0,5.0
FD-102134,2025-09-22 22:46,PECHS,Pizza,Hot,Medium,Motorbike,5.21,1,688.0,18.0,4.3,26,45.0,55,No,0,5.0
FD-100105,2025-12-21 01:14,Clifton,BBQ,Windy,High,Bicycle,14.68,3,1152.0,27.0,4.6,48,161.0,70,Yes,0,1.0
FD-100516,2025-10-22 20:50,North Nazimabad,Desserts,Hot,Jam,Motorbike,5.26,4,2855.0,26.0,5.0,6,72.0,55,Yes,0,3.0
FD-100376,2026-06-15 01:10,Saddar,Fast Food,Dusty,Low,Car,6.34,6,4016.0,25.0,4.3,10,52.0,70,No,50,5.0
FD-101367,2025-08-10 12:20,North Nazimabad,Karahi,Hot,Medium,Motorbike,7.22,3,1207.0,38.0,3.8,18,68.0,70,No,100,5.0
FD-100674,2026-06-14 05:40,Malir,BBQ,Clear,Low,Car,3.55,7,5642.0,39.0,4.0,45,43.0,55,No,50,5.0
FD-101191,2025-09-04 08:58,Gulshan-e-Iqbal,Desserts,Clear,Low,Motorbike,3.94,8,5133.0,30.0,4.0,13,41.0,55,No,0,5.0
FD-100589,2025-09-24 20:14,Gulshan-e-Iqbal,Biryani,Clear,Low,Motorbike,10.4,8,7058.0,34.0,4.4,51,67.0,70,No,0,5.0
FD-101745,2025-11-11 08:30,Clifton,Desserts,Windy,Medium,Motorbike,1.92,4,2958.0,23.0,4.1,11,25.0,55,No,50,5.0
FD-101352,2025-08-25 16:27,Saddar,Biryani,Clear,Low,Motorbike,7.62,4,1584.0,28.0,4.1,57,47.0,70,No,150,5.0
FD-100675,2025-08-06 06:12,Clifton,Karahi,Clear,Jam,Motorbike,1.52,3,1502.0,25.0,4.4,3,36.0,55,No,0,5.0
FD-100732,2025-07-30 08:01,Malir,Karahi,Clear,High,Motorbike,3.42,1,659.0,22.0,4.8,4,48.0,55,No,0,5.0
FD-102334,2026-05-15 04:13,DHA,Karahi,Clear,High,Motorbike,6.11,2,920.0,31.0,3.7,36,59.0,70,No,100,5.0
FD-102474,2026-03-16 09:30,North Nazimabad,Fast Food,Clear,Medium,Motorbike,6.31,7,4849.0,27.0,4.1,38,51.0,70,No,0,5.0
FD-100800,2026-01-05 10:25,Clifton,Fast Food,Rainy,High,Motorbike,5.98,5,3654.0,23.0,4.7,9,62.0,55,Yes,0,4.0
FD-100098,2025-11-11 21:45,Clifton,BBQ,Clear,Low,Car,3.74,7,5929.0,35.0,4.1,38,54.0,55,No,50,5.0
FD-102449,2025-08-04 08:01,Clifton,Fast Food,Hot,Medium,Motorbike,3.3,6,5064.0,25.0,3.9,51,43.0,55,No,0,5.0
FD-100345,2025-08-19 06:38,DHA,Desserts,Rainy,Low,Motorbike,10.38,6,2314.0,27.0,3.8,54,71.0,70,Yes,0,5.0
FD-100342,2025-09-18 18:28,Clifton,Karahi,Rainy,Low,Motorbike,7.92,4,3025.0,35.0,4.1,40,65.0,70,No,0,5.0
FD-101281,2026-01-24 01:26,North Nazimabad,Karahi,Windy,High,Bicycle,3.59,5,2514.0,33.0,4.2,42,66.0,55,Yes,0,4.0
FD-100947,2025-09-28 09:15,DHA,BBQ,Hot,High,Bicycle,3.58,3,2463.0,25.0,4.2,3,58.0,55,Yes,0,4.0
FD-102089,2026-03-08 06:15,North Nazimabad,Karahi,Clear,Low,Motorbike,4.54,1,537.0,13.0,4.4,46,32.0,55,No,0,5.0
FD-101859,2025-08-08 23:42,Gulshan-e-Iqbal,BBQ,Hot,Jam,Motorbike,6.89,8,4648.0,33.0,4.4,19,87.0,70,Yes,0,3.0
FD-101996,2025-11-24 20:16,North Nazimabad,Chinese,Hot,Jam,Motorbike,5.36,7,5116.0,26.0,4.3,20,66.0,55,Yes,0,4.0
FD-100197,2025-07-29 05:43,Malir,Desserts,Hot,Medium,Bicycle,6.12,5,1839.0,38.0,3.9,51,66.0,70,No,0,4.0
FD-100735,2026-05-12 13:54,Clifton,Pizza,Clear,Medium,Car,6.91,1,778.0,12.0,5.0,25,59.0,70,No,100,4.0
FD-101698,2026-06-29 09:02,Clifton,Karahi,Windy,Jam,Motorbike,2.96,8,5392.0,39.0,4.5,7,73.0,55,Yes,0,3.0
FD-101651,2025-08-08 02:47,Saddar,Karahi,Rainy,Medium,Motorbike,5.14,3,1856.0,27.0,4.4,59,50.0,55,No,0,5.0
FD-100661,2026-04-01 11:40,PECHS,Chinese,Clear,Medium,Bicycle,6.21,5,2723.0,25.0,4.2,37,68.0,70,No,150,5.0
FD-101259,2025-10-14 11:56,PECHS,Chinese,Clear,Low,Motorbike,2.69,6,4152.0,35.0,3.7,56,39.0,55,No,0,5.0
FD-100706,2025-07-19 14:16,DHA,Pizza,Clear,High,Motorbike,5.77,6,4287.0,23.0,4.5,38,61.0,55,Yes,0,5.0
FD-100154,2026-05-18 21:16,Gulshan-e-Iqbal,Karahi,Dusty,High,Car,4.27,1,461.0,21.0,4.9,36,50.0,55,No,0,5.0
FD-100364,2026-06-30 08:42,Gulshan-e-Iqbal,Karahi,Clear,Low,Motorbike,2.19,6,3332.0,35.0,4.0,55,36.0,55,No,0,5.0
FD-102379,2025-09-11 08:50,Malir,Chinese,Clear,Medium,Motorbike,8.3,3,2316.0,27.0,4.7,44,59.0,70,No,0,5.0
FD-100934,2026-04-16 02:37,North Nazimabad,Karahi,Dusty,Medium,Car,4.18,5,4190.0,29.0,4.9,0,52.0,55,No,200,5.0
FD-101695,2026-04-07 10:21,North Nazimabad,Chinese,Windy,Medium,Motorbike,8.24,2,844.0,25.0,4.1,35,59.0,70,No,0,5.0
FD-100894,2025-10-18 23:59,Malir,Desserts,Dusty,Low,Car,10.82,7,2775.0,26.0,4.1,40,70.0,70,No,0,5.0
FD-100878,2026-03-03 03:30,Clifton,Desserts,Clear,Jam,Bicycle,4.8,5,3288.0,24.0,4.5,55,79.0,55,Yes,0,4.0
FD-101957,2025-09-26 05:33,Clifton,Desserts,Clear,Medium,Motorbike,6.57,5,3718.0,22.0,4.1,17,45.0,70,No,100,5.0
FD-102425,2026-05-26 19:58,DHA,Desserts,Clear,Low,Motorbike,4.32,3,2215.0,16.0,3.9,39,30.0,55,No,0,4.0
FD-102145,2026-04-23 08:47,North Nazimabad,Desserts,Clear,Medium,Motorbike,4.8,1,533.0,11.0,4.5,31,22.0,55,No,0,5.0
FD-100560,2026-04-02 00:23,Malir,Karahi,Rainy,High,Motorbike,3.35,2,1313.0,26.0,3.4,46,58.0,55,Yes,0,5.0
FD-100114,2025-12-30 23:33,PECHS,Biryani,Dusty,Low,Car,2.44,3,1733.0,17.0,4.4,9,26.0,55,No,100,5.0
FD-101315,2025-09-12 00:53,Gulshan-e-Iqbal,Chinese,Clear,Medium,Motorbike,5.69,2,1777.0,10.0,4.5,6,31.0,55,No,0,5.0
FD-101176,2026-04-17 22:03,Gulshan-e-Iqbal,Karahi,Clear,High,Motorbike,5.09,3,2551.0,23.0,4.0,1,57.0,55,Yes,0,4.0
FD-100681,2026-06-09 17:48,Saddar,Pizza,Hot,Low,Car,6.77,2,1702.0,19.0,4.9,16,43.0,70,No,50,5.0
FD-101563,2025-10-01 20:45,DHA,Desserts,Clear,Medium,Car,6.08,8,5568.0,20.0,4.7,34,51.0,70,No,0,5.0
FD-100471,2026-04-28 10:09,Saddar,Biryani,Clear,High,Motorbike,3.06,2,893.0,23.0,3.8,34,38.0,55,No,0,5.0
FD-101755,2026-06-09 23:52,Malir,Pizza,Dusty,Medium,Motorbike,2.88,5,4348.0,22.0,4.2,22,35.0,55,No,0,4.0
FD-100660,2025-08-09 12:46,Gulshan-e-Iqbal,Pizza,Clear,High,Car,2.91,5,3222.0,31.0,5.0,4,47.0,55,No,0,5.0
FD-102019,2025-12-03 14:46,DHA,BBQ,Rainy,Low,Motorbike,4.06,2,1184.0,23.0,4.0,4,56.0,55,Yes,0,5.0
FD-101156,2025-10-12 20:20,North Nazimabad,Pizza,Clear,High,Car,3.38,4,2072.0,17.0,4.6,29,44.0,55,No,0,5.0
FD-100630,2025-10-10 18:05,Gulshan-e-Iqbal,Biryani,Rainy,Low,Motorbike,5.82,7,5252.0,28.0,4.3,38,59.0,55,Yes,0,5.0
FD-100580,2025-11-10 23:35,PECHS,Biryani,Windy,High,Motorbike,5.16,6,5064.0,35.0,4.4,13,63.0,55,Yes,0,5.0
FD-102258,2026-04-17 17:20,Clifton,Biryani,Rainy,Medium,Motorbike,4.07,5,3752.0,25.0,4.1,5,56.0,55,Yes,0,5.0
FD-102296,2026-06-23 00:02,DHA,Fast Food,Clear,High,Motorbike,5.38,2,1007.0,14.0,3.8,34,48.0,55,No,150,5.0
FD-100837,2025-07-19 23:52,DHA,Chinese,Hot,High,Car,8.23,3,1757.0,23.0,4.7,49,69.0,70,No,0,4.0
FD-100933,2026-04-24 03:02,Saddar,Chinese,Windy,High,Motorbike,2.7,2,750.0,15.0,4.4,56,25.0,55,No,0,5.0
FD-100871,2025-07-12 04:41,Gulshan-e-Iqbal,Pizza,Hot,High,Motorbike,5.99,5,3728.0,36.0,4.2,36,66.0,55,Yes,0,5.0
FD-101054,2025-12-02 07:23,Saddar,Desserts,Clear,High,Motorbike,4.6,8,3359.0,33.0,4.6,32,53.0,55,No,0,5.0
FD-101970,2025-12-18 13:28,Malir,Chinese,Clear,Low,Motorbike,2.51,4,2559.0,10.0,4.5,0,23.0,55,No,0,5.0
FD-100515,2026-02-25 23:40,Korangi,Biryani,Dusty,High,Car,2.44,1,868.0,21.0,4.3,7,40.0,55,No,150,5.0
FD-100616,2025-11-16 13:14,Malir,Chinese,Hot,Medium,Motorbike,10.6,1,663.0,23.0,3.8,55,72.0,70,Yes,0,5.0
FD-101809,2025-12-04 11:30,PECHS,Biryani,Clear,Medium,Motorbike,6.6,7,3820.0,27.0,4.1,32,51.0,70,No,100,5.0
FD-102012,2026-05-26 08:50,Korangi,BBQ,Hot,Medium,Motorbike,6.26,5,2233.0,25.0,4.4,10,49.0,70,No,100,5.0
FD-100019,2026-04-15 19:59,North Nazimabad,Pizza,Hot,High,Bicycle,3.93,6,4378.0,25.0,4.1,17,62.0,55,Yes,0,5.0
FD-101747,2026-02-22 16:47,Korangi,Karahi,Windy,Medium,Bicycle,6.63,7,3939.0,30.0,4.3,38,84.0,70,Yes,0,4.0
FD-102270,2025-07-25 01:55,DHA,Pizza,Clear,High,Motorbike,5.59,3,1820.0,16.0,4.4,48,45.0,55,No,0,5.0
FD-101065,2025-10-24 08:36,DHA,Karahi,Rainy,Jam,Motorbike,3.69,4,2586.0,24.0,4.2,44,60.0,55,Yes,0,5.0
FD-100687,2025-12-18 22:08,Malir,Karahi,Rainy,Low,Car,3.75,5,3830.0,35.0,5.0,59,64.0,55,Yes,0,4.0
FD-101508,2025-11-15 01:43,Korangi,Chinese,Hot,Medium,Motorbike,11.85,8,6616.0,45.0,4.6,5,99.0,70,Yes,0,4.0
FD-100598,2026-02-25 06:49,Clifton,Biryani,Windy,Low,Motorbike,3.91,2,1071.0,14.0,4.3,17,30.0,55,No,0,5.0
FD-102096,2025-08-07 00:20,Gulshan-e-Iqbal,Chinese,Rainy,Jam,Motorbike,7.5,4,2778.0,33.0,4.5,48,101.0,70,Yes,0,2.0
FD-101452,2025-12-05 18:28,North Nazimabad,Karahi,Clear,Low,Motorbike,3.06,4,2467.0,32.0,4.7,8,36.0,55,No,0,5.0
FD-101145,2026-02-09 12:29,DHA,Chinese,Hot,High,Motorbike,6.5,3,1605.0,19.0,4.0,49,50.0,70,No,100,5.0
FD-102290,2025-07-31 12:44,Saddar,BBQ,Clear,Low,Motorbike,3.87,3,1410.0,27.0,4.3,34,38.0,55,No,0,5.0
FD-100705,2026-01-03 13:33,Malir,BBQ,Clear,High,Car,5.98,6,3588.0,36.0,4.0,53,74.0,55,Yes,0,4.0
FD-100226,2025-12-04 06:38,Gulshan-e-Iqbal,Karahi,Hot,High,Motorbike,5.17,2,853.0,24.0,4.6,5,52.0,55,No,0,5.0
FD-101086,2025-12-04 03:18,Gulshan-e-Iqbal,Biryani,Windy,Medium,Motorbike,3.44,6,4715.0,26.0,4.5,26,42.0,55,No,150,5.0
FD-100868,2026-02-04 12:15,DHA,Biryani,Windy,Low,Motorbike,4.21,6,3145.0,30.0,4.8,49,43.0,55,No,0,5.0
FD-101464,2025-07-16 07:34,Korangi,Desserts,Hot,Medium,Motorbike,3.1,2,1170.0,14.0,4.8,24,24.0,55,No,0,5.0
FD-100730,2026-04-27 22:28,Gulshan-e-Iqbal,Desserts,Rainy,Medium,Motorbike,4.83,5,2199.0,25.0,3.9,15,61.0,55,Yes,0,5.0
FD-102008,2025-10-27 08:05,Clifton,Karahi,Clear,Medium,Motorbike,4.41,6,3874.0,36.0,4.6,31,53.0,55,No,0,5.0
FD-100333,2025-12-08 04:16,Gulshan-e-Iqbal,Pizza,Rainy,Low,Motorbike,7.64,1,741.0,25.0,4.6,34,60.0,70,No,50,5.0
FD-101162,2025-11-07 14:24,Korangi,Fast Food,Clear,Medium,Motorbike,5.75,7,3572.0,21.0,3.8,9,55.0,55,No,0,5.0
FD-101673,2026-02-24 12:43,Malir,Chinese,Windy,Medium,Motorbike,6.99,5,2784.0,19.0,4.2,9,50.0,70,No,0,5.0
FD-101692,2026-06-13 07:15,Clifton,Chinese,Clear,Medium,Motorbike,9.43,1,525.0,17.0,4.5,51,297.0,70,No,0,5.0
FD-101738,2026-03-21 18:21,Gulshan-e-Iqbal,Karahi,Clear,High,Motorbike,7.97,4,2594.0,31.0,4.4,43,76.0,70,Yes,0,5.0
FD-101121,2026-06-26 17:41,Malir,BBQ,Rainy,Jam,Car,4.77,5,1998.0,30.0,4.4,31,77.0,55,Yes,0,5.0
FD-100075,2025-12-09 07:28,Korangi,Biryani,Hot,Low,Motorbike,7.54,7,4285.0,27.0,4.4,2,55.0,70,No,200,5.0
FD-100229,2026-04-30 22:09,Korangi,Pizza,Clear,Medium,Car,2.76,8,5183.0,36.0,4.8,30,49.0,55,No,0,5.0
FD-100134,2026-06-29 21:53,PECHS,BBQ,Hot,Low,Motorbike,1.0,8,5570.0,39.0,5.0,20,50.0,55,No,200,4.0
FD-102168,2026-05-11 00:16,Saddar,Chinese,Clear,Medium,Car,2.65,2,1041.0,24.0,4.9,24,37.0,55,No,200,4.0
FD-102034,2025-11-23 18:51,Saddar,Desserts,Clear,Medium,Motorbike,4.31,4,3026.0,24.0,4.3,55,44.0,55,No,200,5.0
FD-100255,2026-04-15 02:02,DHA,Desserts,Clear,Medium,Car,3.48,3,1206.0,20.0,4.5,19,39.0,55,No,150,5.0
FD-101261,2026-03-12 02:22,Korangi,Fast Food,Hot,High,Motorbike,8.08,6,4768.0,31.0,4.3,11,85.0,70,Yes,0,3.0
FD-100141,2026-04-12 13:35,PECHS,Biryani,Rainy,Medium,Motorbike,12.43,7,2741.0,20.0,5.0,29,79.0,70,Yes,0,5.0
FD-100232,2025-07-09 05:34,Saddar,Biryani,Windy,Low,Motorbike,5.2,5,2930.0,32.0,4.7,23,47.0,55,No,0,5.0
FD-101390,2025-11-02 20:37,Saddar,Fast Food,Hot,Low,Bicycle,1.0,6,4834.0,23.0,4.3,7,29.0,55,No,0,5.0
FD-100222,2026-02-19 14:10,Saddar,Chinese,Clear,Medium,Motorbike,2.52,6,4760.0,30.0,4.0,2,42.0,55,No,200,5.0
FD-101000,2026-05-11 16:49,Gulshan-e-Iqbal,BBQ,Clear,Low,Motorbike,3.83,3,1202.0,29.0,4.4,27,39.0,55,No,0,5.0
FD-100869,2025-10-23 14:44,North Nazimabad,Biryani,Hot,Medium,Motorbike,13.48,8,2963.0,23.0,4.8,47,80.0,70,Yes,0,5.0
FD-102295,2025-11-14 12:23,Clifton,Fast Food,Clear,Medium,Motorbike,4.42,3,1468.0,23.0,3.8,30,44.0,55,No,0,5.0
FD-100532,2026-01-26 20:39,DHA,Biryani,Clear,Medium,Car,11.43,8,6110.0,28.0,4.3,51,77.0,70,Yes,0,4.0
FD-100018,2025-09-15 19:44,PECHS,BBQ,Dusty,Jam,Bicycle,5.51,2,1445.0,28.0,4.9,30,99.0,55,Yes,0,2.0
FD-100411,2026-06-03 04:50,Gulshan-e-Iqbal,Pizza,Hot,Medium,Motorbike,3.82,2,854.0,23.0,4.7,32,40.0,55,No,0,5.0
FD-102435,2026-05-16 23:38,North Nazimabad,Biryani,Clear,Medium,Motorbike,1.24,5,4294.0,32.0,4.7,55,32.0,55,No,0,5.0
FD-100485,2025-12-30 18:18,DHA,Karahi,Dusty,Medium,Motorbike,9.97,4,3366.0,26.0,4.0,14,85.0,70,Yes,0,4.0
FD-102299,2025-11-20 21:26,Clifton,Karahi,Windy,Medium,Motorbike,5.57,7,2572.0,34.0,4.7,8,63.0,55,Yes,0,3.0
FD-101282,2025-07-06 10:07,Saddar,Pizza,Hot,High,Bicycle,3.2,7,3559.0,33.0,4.1,50,59.0,55,Yes,0,5.0
FD-101084,2026-05-30 19:48,DHA,Karahi,Hot,Medium,Bicycle,5.92,1,794.0,24.0,4.8,13,64.0,55,Yes,0,5.0
FD-100368,2026-05-03 02:19,Clifton,Chinese,Dusty,Jam,Motorbike,12.95,4,2950.0,29.0,4.6,32,121.0,70,Yes,0,2.0
FD-101240,2025-11-05 02:48,Korangi,BBQ,Hot,High,Motorbike,7.3,8,3132.0,38.0,3.5,0,91.0,70,Yes,0,4.0
FD-100646,2025-07-16 18:17,Gulshan-e-Iqbal,Karahi,Dusty,Medium,Motorbike,8.68,1,466.0,25.0,4.3,25,61.0,70,No,0,5.0
FD-102172,2025-07-03 13:41,Korangi,Pizza,Windy,Medium,Motorbike,6.88,8,6534.0,31.0,3.9,18,64.0,70,No,0,5.0
FD-102138,2026-06-23 11:11,Clifton,Fast Food,Hot,High,Motorbike,4.63,3,2421.0,22.0,4.1,25,55.0,55,No,0,5.0
FD-100207,2026-06-28 11:57,Malir,Desserts,Clear,Low,Bicycle,3.99,3,2287.0,18.0,3.6,54,42.0,55,No,0,5.0
FD-101080,2026-04-21 09:10,PECHS,Pizza,Windy,Medium,Motorbike,12.24,7,5793.0,29.0,4.6,2,84.0,70,Yes,0,4.0
FD-101319,2026-04-15 19:36,Gulshan-e-Iqbal,Biryani,Dusty,High,Motorbike,2.14,8,5305.0,39.0,4.5,23,50.0,55,No,0,5.0
FD-100327,2026-06-02 20:10,Clifton,Desserts,Hot,High,Motorbike,19.35,1,769.0,23.0,4.2,8,141.0,70,Yes,0,1.0
FD-102157,2026-05-01 23:02,Clifton,Biryani,Clear,High,Motorbike,5.08,7,6133.0,21.0,4.1,9,53.0,55,No,0,5.0
FD-100840,2026-02-12 13:16,Clifton,Fast Food,Rainy,Jam,Motorbike,8.23,6,2609.0,34.0,4.9,36,102.0,70,Yes,0,3.0
FD-100480,2025-11-15 05:38,DHA,Chinese,Clear,Jam,Motorbike,2.52,8,6084.0,21.0,4.8,28,41.0,55,No,150,5.0
FD-102254,2026-01-21 17:30,DHA,BBQ,Clear,Low,Motorbike,3.33,5,2917.0,34.0,4.7,12,45.0,55,No,100,5.0
FD-100372,2025-11-26 22:07,Gulshan-e-Iqbal,Fast Food,Clear,Medium,Bicycle,10.06,6,3957.0,33.0,4.4,53,110.0,70,Yes,0,3.0
FD-102024,2025-09-29 08:03,North Nazimabad,Karahi,Clear,Jam,Motorbike,1.7,1,522.0,17.0,4.3,35,30.0,55,No,150,5.0
FD-101591,2026-04-05 08:01,Gulshan-e-Iqbal,Biryani,Clear,Jam,Motorbike,7.64,8,5905.0,25.0,4.4,32,85.0,70,Yes,0,4.0
FD-101096,2026-03-22 18:47,North Nazimabad,BBQ,Dusty,Medium,Car,1.6,3,2496.0,26.0,4.2,35,33.0,55,No,150,5.0
FD-100131,2026-03-04 18:12,PECHS,Desserts,Clear,Low,Car,2.7,2,907.0,22.0,4.4,58,20.0,55,No,0,5.0
FD-101777,2025-08-17 17:44,Gulshan-e-Iqbal,Desserts,Clear,Medium,Motorbike,3.68,8,5059.0,39.0,4.4,9,53.0,55,No,150,5.0
FD-101712,2025-08-02 04:04,Gulshan-e-Iqbal,Biryani,Clear,High,Motorbike,6.17,6,2829.0,30.0,4.6,27,55.0,70,No,0,5.0
FD-100737,2025-09-28 15:18,Gulshan-e-Iqbal,Biryani,Clear,High,Motorbike,11.89,6,3737.0,18.0,4.4,37,77.0,70,Yes,0,5.0
FD-101868,2025-12-03 13:49,DHA,Chinese,Windy,High,Car,3.36,5,4481.0,18.0,4.4,27,41.0,55,No,0,5.0
FD-101442,2025-08-25 06:08,PECHS,Chinese,Clear,High,Bicycle,1.54,2,1063.0,15.0,4.5,56,21.0,55,No,0,5.0
FD-100338,2025-07-23 23:32,Clifton,BBQ,Hot,High,Motorbike,4.28,4,2834.0,28.0,4.7,17,45.0,55,No,0,5.0
FD-101867,2026-06-20 23:11,Clifton,Biryani,Windy,Medium,Motorbike,1.4,7,4505.0,18.0,4.3,48,24.0,55,No,50,5.0
FD-100831,2025-08-12 17:25,PECHS,BBQ,Clear,Medium,Motorbike,6.79,6,3948.0,35.0,4.1,26,65.0,70,No,0,5.0
FD-102137,2026-01-21 04:30,Gulshan-e-Iqbal,Pizza,Clear,Low,Motorbike,8.55,2,1511.0,19.0,4.3,36,48.0,70,No,0,5.0
FD-100659,2025-11-15 23:24,Saddar,Fast Food,Clear,High,Motorbike,7.3,8,5233.0,30.0,4.6,22,69.0,70,No,200,5.0
FD-101516,2025-09-16 04:45,Saddar,Karahi,Hot,Low,Bicycle,3.13,1,746.0,30.0,4.8,4,46.0,55,No,200,5.0
FD-100077,2026-03-02 20:08,Malir,BBQ,Clear,High,Motorbike,3.64,6,2946.0,36.0,4.9,37,61.0,55,Yes,0,4.0
FD-101311,2026-05-27 08:41,Saddar,BBQ,Hot,High,Motorbike,9.26,6,4837.0,26.0,4.0,38,72.0,70,Yes,0,5.0
FD-100493,2025-12-29 21:17,PECHS,Desserts,Clear,Jam,Motorbike,8.39,5,3941.0,24.0,4.8,33,92.0,70,Yes,0,5.0
FD-100930,2025-09-01 06:15,DHA,Biryani,Dusty,Medium,Motorbike,4.64,1,844.0,26.0,4.3,57,46.0,55,No,0,5.0
FD-102219,2025-08-25 15:54,Saddar,Desserts,Clear,Low,Motorbike,7.78,4,3160.0,28.0,4.1,37,49.0,70,No,100,5.0
FD-100253,2026-02-19 09:44,Clifton,Chinese,Windy,Low,Motorbike,2.9,4,1838.0,19.0,5.0,6,26.0,55,No,0,5.0
FD-100392,2026-03-09 09:28,Saddar,BBQ,Windy,Medium,Car,7.1,8,4497.0,42.0,4.5,6,81.0,70,Yes,0,4.0
FD-102141,2026-03-13 07:41,North Nazimabad,Fast Food,Hot,Low,Motorbike,2.32,3,1700.0,15.0,4.7,14,19.0,55,No,150,5.0
FD-100975,2026-04-28 15:24,Malir,Karahi,Clear,Medium,Motorbike,3.7,1,713.0,23.0,4.4,30,34.0,55,No,100,5.0
FD-102292,2026-03-09 09:44,PECHS,Desserts,Hot,Medium,Bicycle,5.7,3,2467.0,18.0,4.2,42,53.0,55,No,0,4.0
FD-101761,2026-04-20 21:38,Korangi,Desserts,Dusty,High,Motorbike,3.81,7,2542.0,32.0,4.4,21,62.0,55,Yes,0,5.0
FD-102488,2025-08-02 06:35,Korangi,BBQ,Rainy,Medium,Motorbike,4.29,5,1941.0,28.0,4.5,17,56.0,55,Yes,0,5.0
FD-100278,2026-04-07 20:19,Gulshan-e-Iqbal,BBQ,Rainy,Jam,Car,3.82,4,1643.0,28.0,4.2,57,79.0,55,Yes,0,3.0
FD-100759,2025-11-01 22:26,Saddar,Pizza,Hot,Medium,Motorbike,2.06,6,4221.0,34.0,3.8,1,58.0,55,Yes,0,5.0
FD-101482,2025-07-26 19:02,Gulshan-e-Iqbal,BBQ,Hot,Low,Motorbike,2.14,4,2177.0,25.0,4.8,26,30.0,55,No,200,5.0
FD-102428,2026-06-19 05:29,Saddar,Fast Food,Dusty,Low,Motorbike,1.86,7,3971.0,23.0,4.6,17,37.0,55,No,200,5.0
FD-100879,2026-02-02 00:09,Clifton,BBQ,Clear,Jam,Motorbike,2.71,3,2376.0,17.0,4.2,30,36.0,55,No,0,5.0
FD-101939,2025-10-17 06:17,Gulshan-e-Iqbal,Pizza,Clear,Medium,Car,7.66,8,4636.0,23.0,4.6,9,57.0,70,No,50,4.0
FD-101342,2025-12-12 16:11,North Nazimabad,Chinese,Clear,Medium,Motorbike,4.75,7,4368.0,29.0,4.4,7,46.0,55,No,200,5.0
FD-101100,2026-06-28 05:56,North Nazimabad,BBQ,Clear,Jam,Motorbike,10.21,1,373.0,24.0,4.2,14,95.0,70,Yes,0,3.0
FD-102479,2025-08-03 11:01,North Nazimabad,Fast Food,Hot,High,Motorbike,4.31,5,2815.0,27.0,4.4,15,44.0,55,No,0,5.0
FD-101733,2026-04-24 11:10,DHA,Karahi,Clear,High,Motorbike,2.39,3,1973.0,22.0,4.6,55,29.0,55,No,0,5.0
FD-100495,2026-04-24 17:18,PECHS,BBQ,Clear,Medium,Car,11.84,4,2607.0,27.0,4.3,47,77.0,70,Yes,0,5.0
FD-100180,2026-05-12 14:05,Malir,Fast Food,Rainy,Jam,Motorbike,1.25,2,1595.0,16.0,4.3,18,46.0,55,No,50,5.0
FD-100225,2026-03-24 15:47,North Nazimabad,Fast Food,Windy,Medium,Motorbike,4.27,5,3031.0,23.0,3.7,11,47.0,55,No,150,5.0
FD-100761,2026-05-28 05:07,North Nazimabad,Fast Food,Clear,Jam,Car,3.67,4,3064.0,15.0,4.5,47,43.0,55,No,0,4.0
FD-100074,2025-11-29 07:09,Korangi,Biryani,Clear,Medium,Motorbike,5.42,1,422.0,14.0,4.4,57,23.0,55,No,0,5.0
FD-100379,2025-11-26 13:21,Gulshan-e-Iqbal,Fast Food,Hot,Medium,Motorbike,4.87,7,5176.0,31.0,4.9,29,63.0,55,Yes,0,4.0
FD-102450,2025-12-06 13:04,PECHS,Chinese,Windy,High,Motorbike,15.83,5,2374.0,23.0,4.5,33,115.0,70,Yes,0,3.0
FD-100712,2025-12-04 00:47,North Nazimabad,Desserts,Hot,Low,Bicycle,1.84,4,2326.0,21.0,4.6,28,28.0,55,No,200,5.0
FD-101543,2026-03-21 06:47,Korangi,BBQ,Windy,Medium,Motorbike,11.34,6,2340.0,38.0,3.9,52,87.0,70,Yes,0,4.0
FD-101944,2026-04-30 13:13,Saddar,BBQ,Hot,Medium,Motorbike,4.94,1,752.0,10.0,4.4,15,33.0,55,No,0,5.0
FD-101686,2026-06-24 13:54,PECHS,Fast Food,Clear,Medium,Motorbike,1.37,1,628.0,15.0,4.5,17,29.0,55,No,0,5.0
FD-101664,2026-01-29 06:49,Gulshan-e-Iqbal,Karahi,Hot,Medium,Bicycle,2.57,7,5245.0,36.0,4.0,53,50.0,55,No,150,5.0
FD-100719,2025-08-27 17:14,Gulshan-e-Iqbal,Pizza,Clear,Low,Car,4.55,2,1477.0,17.0,4.2,19,37.0,55,No,0,4.0
FD-100976,2025-09-15 21:50,Saddar,Desserts,Clear,Medium,Motorbike,6.03,8,4278.0,32.0,4.0,29,59.0,70,No,0,5.0
FD-102091,2026-01-24 07:02,Clifton,Desserts,Clear,Medium,Motorbike,4.07,3,1491.0,18.0,4.0,19,38.0,55,No,0,5.0
FD-101263,2026-02-01 05:56,DHA,Pizza,Clear,Medium,Motorbike,10.6,6,4882.0,26.0,4.9,25,67.0,70,No,0,5.0
FD-101274,2025-08-21 20:09,Saddar,Desserts,Rainy,Medium,Motorbike,2.86,4,1752.0,19.0,4.5,18,47.0,55,No,50,5.0
FD-100554,2026-03-16 14:56,DHA,Chinese,Clear,Medium,Motorbike,5.48,2,906.0,25.0,4.3,35,50.0,55,No,0,5.0
FD-100272,2025-07-16 12:35,Korangi,Fast Food,Hot,Low,Motorbike,3.71,1,826.0,16.0,4.4,8,31.0,55,No,0,5.0
FD-102093,2025-08-11 03:43,DHA,Fast Food,Clear,Low,Motorbike,7.31,8,3709.0,29.0,4.2,57,61.0,70,No,0,5.0
FD-100990,2026-02-20 11:32,Malir,Karahi,Clear,Low,Bicycle,2.57,3,2338.0,33.0,3.9,45,47.0,55,No,0,4.0
FD-101455,2026-04-19 18:22,Saddar,Pizza,Hot,Medium,Motorbike,5.78,2,1696.0,18.0,4.5,51,37.0,55,No,100,5.0
FD-101797,2026-03-29 02:54,PECHS,BBQ,Rainy,High,Motorbike,4.84,7,5171.0,32.0,4.7,57,66.0,55,Yes,0,4.0
FD-100537,2025-08-21 02:57,Saddar,Desserts,Rainy,High,Motorbike,7.57,2,1001.0,14.0,4.2,3,67.0,70,No,0,5.0
FD-100202,2025-11-18 18:07,North Nazimabad,Biryani,Dusty,High,Motorbike,2.37,2,784.0,15.0,4.5,30,31.0,55,No,0,4.0
FD-100470,2025-09-29 15:59,Saddar,BBQ,Hot,High,Motorbike,6.92,2,1375.0,24.0,4.7,25,61.0,70,No,100,4.0
FD-101952,2025-11-08 07:37,Korangi,Fast Food,Windy,Low,Car,7.89,1,736.0,10.0,4.5,17,40.0,70,No,100,5.0
FD-100846,2025-11-07 18:55,DHA,Chinese,Dusty,High,Motorbike,6.41,1,653.0,19.0,3.9,30,49.0,70,No,0,5.0
FD-101530,2025-12-21 17:30,Saddar,Karahi,Rainy,Low,Bicycle,3.75,6,3526.0,30.0,4.2,55,57.0,55,Yes,0,5.0
FD-100326,2026-02-22 13:04,North Nazimabad,BBQ,Clear,Low,Motorbike,3.92,5,2972.0,31.0,4.7,29,56.0,55,Yes,0,5.0
FD-101280,2026-05-30 16:32,Gulshan-e-Iqbal,Desserts,Hot,Medium,Motorbike,5.63,3,1975.0,24.0,4.6,47,45.0,55,No,0,5.0
FD-101125,2025-11-09 07:46,Gulshan-e-Iqbal,BBQ,Windy,Jam,Motorbike,5.56,2,1468.0,35.0,3.5,25,75.0,55,Yes,0,3.0
FD-101548,2025-11-27 03:37,North Nazimabad,BBQ,Clear,Low,Motorbike,3.2,7,2574.0,28.0,5.0,12,31.0,55,No,0,5.0
FD-101964,2026-01-07 08:36,North Nazimabad,Desserts,Windy,Low,Motorbike,1.48,1,400.0,10.0,4.1,5,16.0,55,No,0,5.0
FD-100412,2025-07-23 00:41,Gulshan-e-Iqbal,Fast Food,Windy,Medium,Car,6.99,7,3568.0,24.0,4.1,1,64.0,70,No,0,5.0
FD-102398,2026-02-26 13:11,DHA,Chinese,Clear,Low,Motorbike,4.9,1,741.0,16.0,4.8,44,42.0,55,No,0,5.0
FD-100393,2026-02-28 15:40,PECHS,Karahi,Hot,Medium,Motorbike,3.5,3,2031.0,23.0,4.4,25,37.0,55,No,0,5.0
FD-102045,2025-12-15 22:18,Malir,Biryani,Hot,Medium,Bicycle,5.45,8,4751.0,32.0,4.1,17,86.0,55,Yes,0,2.0
FD-100148,2026-05-30 09:03,Clifton,Desserts,Rainy,Medium,Motorbike,9.74,6,2108.0,19.0,4.5,58,63.0,70,No,0,5.0
FD-100124,2026-01-03 15:16,Gulshan-e-Iqbal,Biryani,Clear,High,Motorbike,5.14,8,6764.0,29.0,4.4,15,56.0,55,Yes,0,5.0
FD-101540,2025-10-17 03:39,PECHS,Biryani,Clear,Low,Motorbike,5.33,4,2953.0,23.0,4.3,52,41.0,55,No,0,5.0
FD-101730,2025-09-27 10:35,DHA,Chinese,Clear,High,Car,4.3,7,6039.0,21.0,4.3,15,47.0,55,No,150,5.0
FD-100102,2026-06-27 00:52,Clifton,Chinese,Clear,Medium,Motorbike,2.02,7,6002.0,33.0,4.3,38,36.0,55,No,0,4.0
FD-101531,2025-07-27 03:29,DHA,Chinese,Clear,High,Motorbike,6.7,4,1995.0,25.0,4.2,39,48.0,70,No,100,5.0
FD-101143,2026-05-25 13:51,Gulshan-e-Iqbal,BBQ,Hot,Jam,Motorbike,2.34,2,1523.0,24.0,4.1,19,52.0,55,No,100,5.0
FD-100407,2025-11-25 12:43,Gulshan-e-Iqbal,Chinese,Clear,Medium,Motorbike,10.25,6,3251.0,25.0,4.5,26,63.0,70,No,0,5.0
FD-101897,2025-12-01 13:19,Malir,Pizza,Clear,Low,Motorbike,1.57,2,1588.0,22.0,4.1,30,29.0,55,No,0,5.0
FD-101359,2026-03-01 13:45,North Nazimabad,Desserts,Clear,High,Motorbike,2.65,5,4497.0,25.0,4.5,1,39.0,55,No,100,5.0
FD-102367,2025-08-22 18:45,PECHS,Pizza,Clear,High,Motorbike,5.08,4,3210.0,19.0,4.9,0,48.0,55,No,150,5.0
FD-101740,2025-10-25 15:12,DHA,BBQ,Clear,Low,Motorbike,4.65,7,4351.0,42.0,4.6,24,56.0,55,Yes,0,5.0
FD-101993,2026-02-05 05:12,Malir,Biryani,Clear,Low,Car,3.83,6,4369.0,25.0,4.0,45,44.0,55,No,150,5.0
FD-102212,2025-07-12 13:50,Clifton,BBQ,Rainy,Medium,Motorbike,1.71,8,6653.0,41.0,4.5,30,63.0,55,Yes,0,5.0
FD-100780,2026-01-06 17:12,Clifton,Pizza,Dusty,Low,Motorbike,5.23,1,377.0,18.0,3.9,7,46.0,55,No,0,4.0
FD-100108,2025-09-23 08:14,Clifton,BBQ,Clear,High,Motorbike,3.61,5,3287.0,43.0,3.7,12,60.0,55,Yes,0,4.0
FD-101784,2026-05-05 17:48,Gulshan-e-Iqbal,Chinese,Clear,Low,Motorbike,7.32,6,2801.0,19.0,4.6,12,44.0,70,No,200,5.0
FD-101879,2026-04-16 13:35,Gulshan-e-Iqbal,Desserts,Hot,High,Car,7.68,7,5437.0,31.0,4.4,3,92.0,70,Yes,0,3.0
FD-100234,2025-09-04 16:21,DHA,Karahi,Clear,High,Car,3.74,2,1089.0,22.0,4.9,51,38.0,55,No,0,5.0
FD-102128,2025-07-07 13:14,Gulshan-e-Iqbal,Fast Food,Clear,High,Motorbike,4.96,7,6148.0,29.0,3.7,48,55.0,55,No,0,5.0
FD-100486,2025-09-25 18:08,DHA,BBQ,Rainy,Medium,Motorbike,7.41,5,2549.0,36.0,4.5,40,77.0,70,Yes,0,5.0
FD-100358,2025-08-27 19:54,DHA,Chinese,Clear,High,Motorbike,1.6,3,2241.0,20.0,4.5,13,26.0,55,No,150,5.0
FD-102211,2025-12-08 18:37,Saddar,Chinese,Clear,High,Motorbike,4.69,2,1153.0,25.0,4.7,46,48.0,55,No,0,5.0
FD-102315,2026-02-12 03:18,Clifton,Karahi,Clear,Medium,Motorbike,2.36,4,2617.0,28.0,3.8,36,36.0,55,No,0,5.0
FD-101141,2025-10-15 03:55,DHA,Chinese,Clear,High,Motorbike,5.94,2,854.0,17.0,4.2,7,46.0,55,No,0,5.0
FD-101529,2026-02-28 09:25,Clifton,Karahi,Clear,Low,Motorbike,5.82,1,873.0,25.0,4.4,57,43.0,55,No,0,5.0
FD-101626,2025-12-16 07:42,Gulshan-e-Iqbal,BBQ,Rainy,Medium,Motorbike,9.88,1,879.0,20.0,4.3,20,71.0,70,Yes,0,5.0
FD-101123,2026-06-12 19:32,Clifton,Biryani,Rainy,High,Motorbike,4.21,7,6136.0,32.0,3.9,49,68.0,55,Yes,0,5.0
FD-100825,2025-12-26 12:03,Gulshan-e-Iqbal,Desserts,Hot,Medium,Bicycle,3.76,6,3808.0,26.0,4.0,22,57.0,55,Yes,0,5.0
FD-102440,2025-08-19 15:52,PECHS,Desserts,Clear,Medium,Bicycle,2.15,2,1665.0,20.0,4.4,32,35.0,55,No,100,5.0
FD-100203,2025-11-17 06:10,DHA,Fast Food,Windy,High,Motorbike,11.79,5,4077.0,28.0,4.1,10,96.0,70,Yes,0,4.0
FD-101959,2026-05-31 21:21,Saddar,Karahi,Hot,High,Motorbike,1.86,8,3747.0,36.0,4.1,47,48.0,55,No,200,5.0
FD-100156,2025-09-13 08:04,Clifton,Fast Food,Clear,Medium,Motorbike,2.16,3,2356.0,18.0,4.0,10,31.0,55,No,100,5.0
FD-101719,2025-09-15 07:53,Saddar,Karahi,Hot,High,Bicycle,5.38,6,2423.0,27.0,3.9,0,83.0,55,Yes,0,3.0
FD-102446,2025-08-28 19:19,Korangi,Pizza,Hot,High,Motorbike,10.17,7,4598.0,28.0,4.4,36,78.0,70,Yes,0,4.0
FD-101247,2025-12-12 12:24,Clifton,Karahi,Windy,Medium,Car,7.07,2,1213.0,25.0,4.4,55,53.0,70,No,0,5.0
FD-100502,2026-03-28 04:44,DHA,Fast Food,Clear,Medium,Car,6.36,3,1823.0,21.0,3.9,31,46.0,70,No,0,5.0
FD-102090,2025-10-10 09:43,North Nazimabad,Karahi,Dusty,Medium,Motorbike,3.6,4,3338.0,35.0,5.0,42,44.0,55,No,50,5.0
FD-101789,2025-09-21 06:47,North Nazimabad,Biryani,Hot,Medium,Motorbike,5.38,7,4141.0,32.0,4.8,12,63.0,55,Yes,0,5.0
FD-100805,2025-07-17 08:40,Malir,Biryani,Clear,High,Motorbike,5.14,3,1321.0,25.0,4.3,55,42.0,55,No,0,5.0
FD-102052,2025-08-27 02:15,Gulshan-e-Iqbal,Fast Food,Clear,Medium,Motorbike,3.78,3,1075.0,14.0,4.6,15,27.0,55,No,150,5.0
FD-100404,2025-07-09 19:39,Korangi,Fast Food,Clear,Low,Motorbike,4.74,4,2142.0,20.0,4.4,17,31.0,55,No,0,5.0
FD-100974,2026-03-21 07:29,DHA,Fast Food,Clear,Low,Motorbike,1.25,2,1441.0,16.0,3.8,56,16.0,55,No,0,5.0
FD-100236,2025-12-23 19:39,Saddar,Karahi,Clear,Medium,Car,3.64,4,3528.0,32.0,5.0,8,45.0,55,No,0,5.0
FD-102126,2025-12-01 21:55,PECHS,Pizza,Clear,Medium,Motorbike,4.58,7,4993.0,28.0,4.6,42,51.0,55,No,150,5.0
FD-101998,2025-12-04 23:16,Saddar,Biryani,Hot,Medium,Motorbike,3.01,7,6189.0,32.0,4.0,9,47.0,55,No,0,5.0
FD-100827,2025-12-16 07:26,Malir,Pizza,Clear,Low,Motorbike,6.19,4,3513.0,20.0,4.4,16,33.0,70,No,0,5.0
FD-101284,2026-06-02 01:16,North Nazimabad,Biryani,Hot,Medium,Car,10.33,4,3105.0,26.0,5.0,48,70.0,70,No,0,5.0
FD-101493,2026-05-02 05:54,Clifton,Biryani,Dusty,Medium,Motorbike,6.24,3,1995.0,23.0,3.9,25,47.0,70,No,100,5.0
FD-101634,2026-03-05 19:44,PECHS,Chinese,Clear,Medium,Motorbike,4.12,6,2950.0,26.0,4.4,54,38.0,55,No,0,5.0
FD-100422,2026-04-16 19:34,PECHS,Chinese,Clear,Medium,Car,8.03,8,4337.0,24.0,5.0,49,51.0,70,No,150,5.0
FD-100520,2026-06-27 14:27,North Nazimabad,Pizza,Clear,Low,Motorbike,3.83,1,409.0,22.0,4.0,21,38.0,55,No,50,5.0
FD-101101,2025-09-07 03:13,Korangi,Karahi,Clear,Low,Motorbike,1.9,1,367.0,26.0,3.9,32,33.0,55,No,150,5.0
FD-100591,2025-07-23 18:22,Saddar,Fast Food,Dusty,High,Motorbike,8.53,4,2022.0,24.0,4.1,55,65.0,70,No,0,5.0
FD-101842,2026-01-18 08:27,Saddar,BBQ,Clear,Medium,Motorbike,9.98,3,2622.0,19.0,4.0,19,68.0,70,No,150,5.0
FD-100220,2025-10-31 18:41,Korangi,Karahi,Clear,High,Bicycle,2.32,2,1581.0,19.0,4.7,45,36.0,55,No,50,5.0
FD-100209,2025-12-06 21:30,Saddar,Pizza,Clear,High,Car,3.26,8,7055.0,32.0,3.5,15,64.0,55,Yes,0,4.0
FD-100303,2026-05-11 02:58,Korangi,Karahi,Clear,High,Motorbike,4.11,3,1302.0,21.0,4.5,20,35.0,55,No,0,5.0
FD-100592,2026-04-14 08:11,Saddar,Karahi,Clear,Medium,Motorbike,2.18,7,4085.0,36.0,4.4,33,43.0,55,No,0,5.0
FD-101903,2025-09-23 11:46,Malir,BBQ,Windy,Medium,Car,4.48,1,695.0,16.0,4.3,4,41.0,55,No,150,5.0
FD-102419,2026-01-29 06:09,PECHS,BBQ,Rainy,Medium,Motorbike,3.32,3,2037.0,27.0,4.3,1,51.0,55,No,0,5.0
FD-100756,2025-07-18 19:48,Korangi,Biryani,Clear,Medium,Car,6.46,2,1156.0,15.0,4.4,25,45.0,70,No,0,5.0
FD-101585,2026-05-21 09:54,Malir,Pizza,Clear,Jam,Bicycle,5.49,1,833.0,17.0,4.5,5,78.0,55,Yes,0,3.0
FD-101126,2025-09-06 00:33,Korangi,Desserts,Clear,Jam,Motorbike,1.89,8,5621.0,24.0,4.6,33,34.0,55,No,0,5.0
FD-100635,2025-10-17 04:44,North Nazimabad,Karahi,Hot,Medium,Motorbike,10.35,5,3802.0,27.0,4.4,39,70.0,70,No,0,5.0
FD-101220,2026-03-26 09:09,North Nazimabad,Biryani,Clear,High,Bicycle,1.88,5,2625.0,28.0,4.7,38,41.0,55,No,50,4.0
FD-100109,2025-12-26 20:13,PECHS,Desserts,Clear,Jam,Motorbike,2.14,2,1527.0,27.0,3.5,3,48.0,55,No,0,4.0
FD-100782,2026-05-10 02:12,DHA,Pizza,Clear,High,Motorbike,2.67,5,4368.0,24.0,4.1,40,41.0,55,No,0,5.0
FD-101382,2026-01-22 13:51,DHA,Chinese,Rainy,High,Motorbike,9.37,7,5523.0,30.0,4.2,46,98.0,70,Yes,0,4.0
FD-100716,2025-10-10 16:09,DHA,Karahi,Clear,Medium,Motorbike,7.31,1,881.0,23.0,4.6,28,55.0,70,No,0,4.0
FD-101900,2026-05-04 02:54,Clifton,Pizza,Clear,Low,Motorbike,5.02,6,3585.0,30.0,4.6,58,44.0,55,No,0,4.0
FD-100762,2025-08-02 05:18,Clifton,Fast Food,Windy,Low,Motorbike,3.9,6,3431.0,26.0,4.1,26,40.0,55,No,200,5.0
FD-100216,2025-10-01 06:04,Saddar,Karahi,Dusty,Medium,Motorbike,3.61,2,891.0,27.0,4.7,40,36.0,55,No,200,4.0
FD-102420,2025-09-08 20:08,PECHS,Fast Food,Clear,High,Motorbike,8.1,3,1822.0,20.0,4.4,24,64.0,70,No,0,5.0
FD-102399,2026-03-09 17:47,North Nazimabad,Biryani,Hot,High,Motorbike,6.43,7,4845.0,28.0,4.3,9,63.0,70,No,0,5.0
FD-101262,2026-04-23 06:37,Gulshan-e-Iqbal,Biryani,Clear,High,Motorbike,6.44,2,737.0,17.0,4.1,46,44.0,70,No,150,5.0
FD-100987,2026-02-26 08:38,Saddar,Pizza,Clear,High,Motorbike,4.19,3,1437.0,24.0,4.0,20,40.0,55,No,0,4.0
FD-101092,2025-10-17 13:12,Malir,Biryani,Clear,High,Motorbike,6.86,7,3591.0,35.0,4.4,20,82.0,70,Yes,0,5.0
FD-100289,2026-02-27 21:49,Korangi,Chinese,Clear,Medium,Motorbike,3.75,7,4388.0,26.0,3.8,10,47.0,55,No,150,5.0
FD-100777,2026-05-02 23:47,North Nazimabad,Karahi,Rainy,High,Motorbike,3.32,3,1999.0,26.0,4.2,37,56.0,55,Yes,0,4.0
FD-101350,2025-11-18 10:41,Clifton,Desserts,Clear,Low,Bicycle,3.62,2,1636.0,16.0,3.9,43,23.0,55,No,200,5.0
FD-101971,2025-11-05 08:19,Saddar,BBQ,Clear,High,Motorbike,5.29,3,1738.0,31.0,4.4,5,61.0,55,Yes,0,5.0
FD-100394,2025-07-09 11:20,DHA,Pizza,Clear,Low,Motorbike,4.78,3,2189.0,14.0,4.5,25,31.0,55,No,0,5.0
FD-100949,2025-12-17 16:15,Gulshan-e-Iqbal,BBQ,Rainy,High,Motorbike,4.88,7,3824.0,39.0,4.4,5,75.0,55,Yes,0,4.0
FD-101804,2026-04-29 10:04,PECHS,Pizza,Clear,Medium,Car,3.25,1,684.0,25.0,4.7,34,33.0,55,No,0,5.0
FD-101707,2025-11-27 03:44,North Nazimabad,BBQ,Rainy,Low,Motorbike,2.62,7,4898.0,25.0,4.3,58,41.0,55,No,150,5.0
FD-100478,2025-09-18 11:58,Clifton,Karahi,Hot,Low,Motorbike,5.6,3,2088.0,27.0,4.0,11,46.0,55,No,200,5.0
FD-100323,2025-07-12 18:32,Malir,Desserts,Clear,Medium,Motorbike,7.71,7,4783.0,24.0,4.6,58,55.0,70,No,0,5.0
FD-101536,2026-03-10 20:53,Gulshan-e-Iqbal,Fast Food,Clear,Low,Motorbike,7.32,1,836.0,19.0,5.0,17,50.0,70,No,0,5.0
FD-100325,2026-05-07 15:59,Saddar,Biryani,Windy,Jam,Motorbike,6.04,3,2198.0,21.0,4.5,59,60.0,70,No,150,5.0
FD-100292,2026-02-20 15:36,North Nazimabad,Biryani,Clear,Medium,Bicycle,4.23,2,1601.0,24.0,4.4,13,57.0,55,Yes,0,4.0
FD-101300,2026-03-31 05:04,North Nazimabad,Biryani,Clear,Low,Motorbike,2.35,3,2556.0,25.0,4.3,17,25.0,55,No,0,5.0
FD-101207,2026-03-26 02:26,Saddar,Biryani,Clear,High,Motorbike,5.98,1,504.0,22.0,4.2,3,59.0,55,Yes,0,5.0
FD-101597,2025-10-21 18:18,Gulshan-e-Iqbal,Desserts,Clear,Low,Motorbike,2.76,8,4965.0,29.0,5.0,22,36.0,55,No,0,5.0
FD-101668,2025-12-03 08:32,North Nazimabad,Biryani,Hot,Jam,Motorbike,2.6,6,3239.0,29.0,3.7,9,56.0,55,Yes,0,5.0
FD-102486,2026-06-25 22:36,Gulshan-e-Iqbal,Biryani,Windy,Jam,Car,2.93,7,2721.0,23.0,4.4,55,56.0,55,Yes,0,4.0
FD-102067,2026-04-28 16:51,Saddar,Pizza,Clear,High,Bicycle,3.36,6,3002.0,24.0,4.1,9,55.0,55,No,0,5.0
FD-101605,2026-04-06 05:41,Gulshan-e-Iqbal,Karahi,Clear,High,Motorbike,7.3,1,786.0,29.0,4.8,30,66.0,70,No,0,5.0
FD-101487,2026-02-09 03:38,Malir,Fast Food,Clear,Medium,Motorbike,2.54,5,3123.0,32.0,4.3,33,39.0,55,No,0,5.0
FD-100821,2025-12-15 09:11,Saddar,Chinese,Windy,Medium,Motorbike,11.42,8,3502.0,29.0,4.4,40,81.0,70,Yes,0,4.0
FD-101438,2026-02-08 12:56,PECHS,Karahi,Clear,Jam,Motorbike,4.18,8,3988.0,39.0,4.4,48,73.0,55,Yes,0,4.0
FD-102162,2026-06-30 11:36,PECHS,Desserts,Hot,Low,Motorbike,3.65,5,2949.0,20.0,4.6,51,28.0,55,No,0,5.0
FD-101327,2025-12-09 03:39,North Nazimabad,Desserts,Windy,Low,Motorbike,3.63,7,2866.0,24.0,4.7,31,48.0,55,No,0,5.0
FD-102264,2026-02-16 21:31,Saddar,Chinese,Hot,High,Motorbike,1.71,5,3975.0,37.0,4.4,42,57.0,55,Yes,0,4.0
FD-102054,2025-12-02 22:54,Malir,Biryani,Clear,Low,Bicycle,8.03,7,6281.0,23.0,4.1,22,77.0,70,Yes,0,5.0
FD-100034,2025-08-21 22:23,DHA,Pizza,Windy,Medium,Motorbike,3.4,8,4304.0,27.0,4.2,13,57.0,55,Yes,0,5.0
FD-100935,2026-01-04 20:40,PECHS,Pizza,Dusty,High,Motorbike,4.37,2,724.0,24.0,3.9,32,49.0,55,No,0,5.0
FD-100746,2026-02-22 10:49,Gulshan-e-Iqbal,Pizza,Windy,High,Motorbike,9.88,5,1965.0,23.0,4.1,12,81.0,70,Yes,0,4.0
FD-102409,2026-02-08 14:45,Malir,Desserts,Hot,Medium,Motorbike,5.37,3,1221.0,22.0,5.0,24,50.0,55,No,0,5.0
FD-101872,2026-06-26 04:10,Korangi,Karahi,Hot,Medium,Motorbike,6.53,5,2684.0,24.0,4.9,29,48.0,70,No,150,5.0
FD-101833,2026-02-25 07:05,PECHS,Fast Food,Clear,Low,Motorbike,2.31,6,3092.0,23.0,3.8,55,21.0,55,No,0,5.0
FD-101140,2025-07-08 05:52,Gulshan-e-Iqbal,Desserts,Dusty,Medium,Motorbike,3.34,3,1228.0,28.0,4.9,30,47.0,55,No,100,5.0
FD-102473,2026-04-14 04:10,Saddar,Chinese,Clear,High,Motorbike,6.18,3,2470.0,17.0,3.7,28,53.0,70,No,0,5.0
FD-100601,2026-06-16 12:21,Korangi,Desserts,Rainy,High,Motorbike,7.51,6,3012.0,29.0,4.9,48,80.0,70,Yes,0,5.0
FD-101640,2026-02-11 09:52,Malir,Karahi,Windy,High,Motorbike,8.64,6,3531.0,33.0,4.3,58,79.0,70,Yes,0,5.0
FD-100923,2025-08-12 09:59,PECHS,Chinese,Clear,Low,Motorbike,6.96,3,1650.0,21.0,4.3,6,44.0,70,No,0,5.0
FD-100009,2025-10-25 07:43,PECHS,BBQ,Clear,Medium,Bicycle,3.86,8,6886.0,37.0,4.5,35,59.0,55,Yes,0,4.0
FD-100062,2025-11-13 17:32,DHA,Desserts,Windy,Low,Motorbike,1.31,1,429.0,27.0,5.0,3,34.0,55,No,0,5.0
FD-100312,2026-05-28 05:46,Korangi,Fast Food,Clear,High,Motorbike,6.36,3,2133.0,20.0,4.2,19,48.0,70,No,50,5.0
FD-101641,2025-08-01 05:30,Clifton,Karahi,Hot,Jam,Motorbike,4.28,6,4408.0,31.0,3.8,17,67.0,55,Yes,0,5.0
FD-100357,2026-02-07 19:40,Saddar,Fast Food,Clear,Medium,Motorbike,2.22,2,1755.0,23.0,4.6,43,31.0,55,No,0,5.0
FD-101918,2026-04-05 05:02,Korangi,Fast Food,Dusty,Medium,Motorbike,7.44,5,3319.0,28.0,4.6,49,46.0,70,No,150,5.0
FD-100107,2026-06-02 04:58,Korangi,BBQ,Windy,Jam,Motorbike,6.18,7,5125.0,33.0,4.4,22,77.0,70,Yes,0,5.0
FD-101544,2025-08-31 09:54,North Nazimabad,Desserts,Clear,Medium,Motorbike,1.23,1,819.0,14.0,4.2,54,17.0,55,No,0,5.0
FD-100764,2025-07-02 01:40,Korangi,Desserts,Hot,Medium,Motorbike,2.31,3,1545.0,15.0,4.8,24,23.0,55,No,0,5.0
FD-101974,2025-12-15 16:43,Gulshan-e-Iqbal,Biryani,Clear,Low,Motorbike,4.29,1,374.0,9.0,3.7,47,16.0,55,No,100,5.0
FD-101002,2025-10-18 04:12,Malir,Biryani,Clear,Low,Motorbike,6.99,5,1960.0,23.0,4.7,27,40.0,70,No,0,5.0
FD-100271,2025-08-28 04:05,Korangi,Karahi,Hot,Low,Car,7.29,8,3928.0,25.0,4.6,57,66.0,70,No,150,5.0
FD-101587,2026-03-18 04:43,North Nazimabad,Biryani,Rainy,Low,Motorbike,2.45,1,761.0,18.0,3.9,21,34.0,55,No,0,5.0
FD-101729,2025-08-16 04:13,DHA,Karahi,Clear,Low,Car,5.21,7,5444.0,38.0,4.3,56,54.0,55,No,0,5.0
FD-100903,2026-05-11 20:18,Korangi,Pizza,Windy,Medium,Motorbike,5.06,7,5641.0,31.0,4.3,17,57.0,55,Yes,0,5.0
FD-100072,2025-12-06 15:41,Clifton,Karahi,Clear,Medium,Motorbike,4.33,8,5252.0,27.0,4.9,39,40.0,55,No,150,5.0
FD-101703,2025-10-08 06:46,North Nazimabad,Pizza,Clear,Medium,Bicycle,7.36,6,2575.0,33.0,4.6,58,80.0,70,Yes,0,5.0
FD-102171,2025-07-24 06:47,Saddar,Pizza,Clear,Low,Motorbike,6.86,7,6218.0,30.0,4.7,38,50.0,70,No,0,4.0
FD-101224,2025-10-10 02:47,DHA,Fast Food,Rainy,Medium,Motorbike,6.76,3,1665.0,26.0,4.4,57,69.0,70,No,0,5.0
FD-102495,2026-03-10 01:27,DHA,Pizza,Clear,Medium,Motorbike,1.66,3,1640.0,22.0,4.5,35,28.0,55,No,100,5.0
FD-101781,2026-05-20 00:52,DHA,Fast Food,Hot,High,Car,2.46,6,2763.0,34.0,4.2,11,45.0,55,No,0,5.0
FD-101283,2025-10-30 21:11,North Nazimabad,Biryani,Clear,Medium,Motorbike,6.0,4,3457.0,23.0,4.7,37,48.0,55,No,50,5.0
FD-101592,2025-09-29 05:38,PECHS,Chinese,Clear,Medium,Motorbike,5.37,7,2744.0,36.0,4.4,17,55.0,55,No,0,5.0
FD-101547,2026-05-31 01:47,Clifton,Fast Food,Dusty,High,Motorbike,10.5,3,1556.0,26.0,3.8,50,83.0,70,Yes,0,4.0
FD-100680,2025-11-13 12:40,Korangi,Biryani,Hot,Medium,Motorbike,7.31,2,1772.0,18.0,4.7,55,45.0,70,No,0,5.0
FD-100807,2026-05-08 23:33,North Nazimabad,Desserts,Rainy,High,Motorbike,6.28,2,1025.0,16.0,4.0,12,63.0,70,No,0,5.0
FD-100339,2025-10-31 00:47,North Nazimabad,Chinese,Hot,High,Motorbike,8.05,6,2854.0,32.0,4.9,55,74.0,70,Yes,0,4.0
FD-101059,2025-08-09 04:33,Gulshan-e-Iqbal,BBQ,Clear,Medium,Motorbike,4.6,8,3447.0,34.0,4.7,32,50.0,55,No,100,5.0
FD-101598,2026-05-13 07:37,Saddar,Desserts,Dusty,Medium,Motorbike,4.35,4,2330.0,30.0,5.0,58,49.0,55,No,200,5.0
FD-101310,2025-07-04 02:08,Gulshan-e-Iqbal,Karahi,Clear,Low,Car,13.32,1,461.0,17.0,4.6,55,57.0,70,No,0,5.0
FD-101652,2025-07-31 20:54,DHA,Pizza,Clear,Medium,Motorbike,4.37,4,1530.0,26.0,4.4,42,55.0,55,No,0,5.0
FD-100317,2026-01-08 12:43,Saddar,BBQ,Clear,Low,Motorbike,6.27,2,715.0,16.0,4.7,54,31.0,70,No,0,5.0
FD-100337,2026-01-19 01:39,Clifton,Desserts,Windy,High,Motorbike,5.15,1,820.0,21.0,4.2,16,52.0,55,No,0,5.0
FD-102484,2025-09-26 15:10,PECHS,Chinese,Clear,High,Motorbike,4.88,3,2254.0,15.0,4.2,33,34.0,55,No,0,5.0
FD-100456,2026-04-03 19:35,Saddar,Pizza,Clear,High,Motorbike,3.9,3,1317.0,26.0,4.8,52,38.0,55,No,0,5.0
FD-100629,2025-10-31 12:16,Saddar,BBQ,Clear,Medium,Motorbike,7.13,4,2732.0,33.0,4.9,26,55.0,70,No,0,5.0
FD-101988,2026-04-07 10:17,Saddar,Karahi,Clear,High,Car,9.21,1,897.0,22.0,4.9,58,68.0,70,No,100,5.0
FD-101133,2025-09-08 03:04,Clifton,Desserts,Clear,Low,Motorbike,5.27,4,1834.0,20.0,4.5,3,40.0,55,No,0,5.0
FD-100696,2025-07-24 02:23,Clifton,Pizza,Clear,High,Motorbike,3.83,4,1616.0,15.0,4.3,0,33.0,55,No,200,5.0
FD-101254,2026-02-14 23:40,PECHS,Desserts,Clear,Low,Bicycle,4.22,2,1367.0,18.0,4.9,26,37.0,55,No,0,5.0
FD-101534,2025-10-16 21:22,Malir,Biryani,Rainy,Medium,Motorbike,7.87,7,5681.0,24.0,5.0,26,65.0,70,No,200,5.0
FD-101333,2025-11-08 11:58,DHA,Karahi,Rainy,Low,Motorbike,4.31,2,742.0,22.0,4.5,50,39.0,55,No,50,5.0
FD-101538,2026-01-14 17:14,Malir,Fast Food,Clear,Jam,Motorbike,5.54,2,1398.0,13.0,4.5,57,50.0,55,No,0,5.0
FD-100362,2026-05-14 22:13,Clifton,Fast Food,Clear,Jam,Bicycle,5.43,3,1142.0,19.0,4.6,7,93.0,55,Yes,0,5.0
FD-101635,2025-12-15 21:54,DHA,Desserts,Clear,Medium,Car,2.88,7,4449.0,31.0,4.4,18,44.0,55,No,0,5.0
FD-101790,2026-01-04 02:33,PECHS,BBQ,Clear,Medium,Motorbike,4.06,5,2363.0,30.0,4.6,43,45.0,55,No,150,5.0
FD-101244,2025-11-04 19:02,Clifton,Pizza,Hot,Medium,Motorbike,3.35,1,547.0,23.0,4.3,51,35.0,55,No,200,5.0
FD-101767,2025-08-03 11:07,Clifton,Chinese,Hot,Jam,Motorbike,11.46,7,2762.0,28.0,4.3,24,108.0,70,Yes,0,3.0
FD-101982,2026-05-18 09:09,Korangi,Fast Food,Clear,Medium,Motorbike,13.06,6,2177.0,20.0,3.7,5,75.0,70,Yes,0,4.0
FD-100965,2026-02-17 18:34,North Nazimabad,Fast Food,Clear,Medium,Motorbike,6.05,6,2171.0,31.0,4.0,14,52.0,70,No,0,5.0
FD-100874,2025-08-11 11:44,Malir,Karahi,Dusty,Medium,Motorbike,3.39,1,593.0,21.0,4.1,27,34.0,55,No,0,5.0
FD-101038,2025-07-20 15:16,Malir,Desserts,Dusty,Low,Motorbike,4.19,5,3767.0,23.0,3.9,20,34.0,55,No,150,5.0
FD-100828,2026-04-12 15:08,Gulshan-e-Iqbal,Karahi,Hot,Low,Motorbike,3.41,6,3145.0,31.0,4.2,12,44.0,55,No,0,4.0
FD-102092,2026-01-04 06:35,Malir,Chinese,Clear,Jam,Motorbike,3.91,1,752.0,23.0,4.3,31,48.0,55,No,150,5.0
FD-100398,2025-09-24 12:27,PECHS,Chinese,Hot,Jam,Motorbike,8.11,7,6207.0,16.0,4.2,40,70.0,70,No,0,5.0
FD-100258,2025-08-14 09:26,DHA,Biryani,Rainy,Low,Motorbike,4.34,5,1755.0,28.0,4.0,5,53.0,55,No,50,5.0
FD-102026,2026-02-25 05:39,PECHS,Desserts,Clear,Low,Bicycle,2.61,2,1764.0,18.0,3.9,59,28.0,55,No,0,4.0
FD-100977,2025-07-19 23:06,Gulshan-e-Iqbal,Biryani,Clear,Medium,Motorbike,6.8,7,2507.0,27.0,4.9,10,46.0,70,No,200,5.0
FD-102281,2025-09-01 11:56,North Nazimabad,Biryani,Windy,Jam,Motorbike,5.17,8,3400.0,29.0,4.9,5,63.0,55,Yes,0,4.0
FD-100346,2026-03-13 02:27,North Nazimabad,Pizza,Clear,Medium,Motorbike,3.22,4,3134.0,17.0,4.1,30,22.0,55,No,0,5.0
FD-101197,2025-09-17 10:44,Korangi,Biryani,Dusty,Low,Car,4.0,8,3948.0,33.0,4.6,30,49.0,55,No,0,5.0
FD-101128,2026-01-16 23:02,Gulshan-e-Iqbal,Pizza,Clear,High,Motorbike,4.43,8,4604.0,46.0,4.7,40,60.0,55,Yes,0,5.0
FD-102414,2026-06-24 09:42,DHA,BBQ,Windy,Medium,Motorbike,2.98,2,739.0,25.0,4.6,17,40.0,55,No,150,5.0
FD-100211,2025-07-24 23:21,DHA,BBQ,Clear,Medium,Motorbike,5.67,8,6157.0,25.0,4.1,15,54.0,55,No,150,5.0
FD-101725,2025-10-22 08:31,Malir,BBQ,Rainy,High,Motorbike,7.99,8,3045.0,39.0,4.6,36,81.0,70,Yes,0,5.0
FD-101079,2026-03-29 06:15,North Nazimabad,Desserts,Clear,Jam,Motorbike,22.01,8,5045.0,28.0,4.1,56,180.0,70,Yes,0,1.0
FD-102186,2025-12-20 20:18,DHA,Chinese,Windy,High,Motorbike,6.36,2,1244.0,14.0,4.8,7,54.0,70,No,150,5.0
FD-101309,2026-02-25 06:25,DHA,BBQ,Rainy,High,Car,4.47,1,801.0,22.0,4.4,28,60.0,55,Yes,0,5.0
FD-100905,2025-08-09 17:05,Malir,Desserts,Clear,Medium,Motorbike,2.88,3,1705.0,12.0,5.0,54,18.0,55,No,0,4.0
FD-102257,2026-04-14 19:21,Saddar,BBQ,Clear,Medium,Motorbike,4.83,1,455.0,24.0,4.5,37,35.0,55,No,0,5.0
FD-100437,2026-02-12 04:42,North Nazimabad,Fast Food,Hot,High,Motorbike,4.08,5,1996.0,13.0,4.1,25,42.0,55,No,0,5.0
FD-100479,2025-10-29 01:11,Korangi,Pizza,Hot,Medium,Motorbike,4.79,7,5248.0,24.0,4.7,10,46.0,55,No,150,5.0
FD-100356,2026-04-30 07:33,Saddar,Karahi,Windy,High,Car,4.74,7,3553.0,35.0,4.4,30,60.0,55,Yes,0,5.0
FD-102432,2026-04-20 08:31,Korangi,Pizza,Clear,Low,Car,5.38,3,2568.0,17.0,4.2,5,43.0,55,No,200,4.0
FD-100721,2025-12-07 05:32,Korangi,BBQ,Clear,High,Motorbike,2.19,3,2187.0,37.0,4.4,42,48.0,55,No,100,5.0
FD-100440,2026-05-17 19:54,DHA,Pizza,Clear,High,Motorbike,8.77,5,3769.0,29.0,4.2,46,78.0,70,Yes,0,5.0
FD-101953,2025-08-04 14:10,Saddar,Fast Food,Rainy,Low,Motorbike,3.6,1,648.0,15.0,4.1,33,39.0,55,No,0,4.0
FD-101829,2026-06-08 07:26,North Nazimabad,Pizza,Windy,Medium,Motorbike,2.7,8,6842.0,18.0,4.7,33,34.0,55,No,200,5.0
FD-100880,2026-01-10 15:42,Clifton,Desserts,Clear,Medium,Motorbike,2.38,2,1640.0,15.0,3.6,26,24.0,55,No,200,5.0
FD-101514,2026-02-04 12:01,DHA,Desserts,Clear,Jam,Motorbike,5.26,6,5187.0,31.0,4.7,19,62.0,55,Yes,0,4.0
FD-101672,2025-10-24 05:12,PECHS,Pizza,Windy,Medium,Motorbike,9.19,7,5503.0,21.0,4.8,25,51.0,70,No,50,4.0
FD-101911,2025-12-07 01:20,Malir,Biryani,Clear,Medium,Motorbike,7.21,3,1807.0,22.0,4.5,23,59.0,70,No,100,4.0
FD-100834,2026-05-03 01:50,Malir,Biryani,Dusty,High,Motorbike,5.79,2,784.0,19.0,5.0,14,51.0,55,No,150,5.0
FD-101400,2025-09-18 06:20,North Nazimabad,Biryani,Hot,Medium,Motorbike,3.47,7,4632.0,29.0,4.3,38,41.0,55,No,0,4.0
FD-101056,2025-11-23 19:25,Korangi,Pizza,Windy,Jam,Motorbike,7.74,6,5064.0,28.0,4.9,26,78.0,70,Yes,0,5.0
FD-100748,2026-03-28 15:59,PECHS,Biryani,Clear,High,Motorbike,5.91,1,710.0,12.0,4.5,51,36.0,55,No,100,4.0
FD-101266,2025-08-24 19:16,Clifton,Karahi,Clear,Jam,Motorbike,6.3,6,4268.0,31.0,4.5,36,65.0,70,No,0,5.0
FD-100610,2025-07-03 15:41,DHA,Karahi,Clear,Low,Motorbike,5.63,3,2104.0,29.0,4.4,41,44.0,55,No,50,5.0
FD-102316,2026-06-17 15:59,North Nazimabad,Chinese,Clear,Medium,Motorbike,2.77,8,3104.0,27.0,4.4,30,36.0,55,No,0,5.0
FD-102497,2025-10-11 08:23,DHA,Karahi,Clear,Medium,Motorbike,5.49,4,3407.0,35.0,4.9,53,54.0,55,No,0,4.0
FD-100849,2025-12-02 22:32,DHA,Biryani,Clear,Low,Motorbike,14.28,8,5123.0,29.0,4.4,42,82.0,70,Yes,0,5.0
FD-101570,2025-12-17 16:44,Gulshan-e-Iqbal,Fast Food,Hot,Medium,Motorbike,3.01,3,1735.0,21.0,4.3,12,44.0,55,No,0,5.0
FD-101571,2025-10-11 01:42,Gulshan-e-Iqbal,Desserts,Rainy,Medium,Car,4.78,3,2611.0,15.0,4.5,9,54.0,55,No,0,5.0
FD-100473,2026-02-14 11:40,Clifton,Desserts,Clear,High,Motorbike,8.27,8,3463.0,30.0,4.1,8,73.0,70,Yes,0,5.0
FD-100431,2026-03-24 04:46,North Nazimabad,Biryani,Hot,High,Car,1.72,7,5975.0,31.0,4.5,42,39.0,55,No,0,5.0
FD-101170,2026-03-16 11:19,DHA,BBQ,Clear,Low,Motorbike,4.8,5,4340.0,31.0,4.0,39,39.0,55,No,200,5.0
FD-101243,2026-02-08 22:46,Gulshan-e-Iqbal,Desserts,Clear,High,Motorbike,2.6,5,2329.0,22.0,4.2,1,35.0,55,No,150,5.0
FD-101716,2025-08-09 14:02,Malir,BBQ,Clear,Medium,Motorbike,2.7,5,2830.0,25.0,5.0,49,33.0,55,No,50,5.0
FD-100509,2025-11-13 12:36,Saddar,BBQ,Rainy,Low,Motorbike,2.71,4,1508.0,32.0,4.9,35,52.0,55,No,200,5.0
FD-100507,2025-12-01 21:23,Gulshan-e-Iqbal,Desserts,Dusty,Medium,Bicycle,12.98,2,1790.0,25.0,4.1,22,126.0,70,Yes,0,2.0
FD-101542,2025-09-14 13:47,Gulshan-e-Iqbal,Fast Food,Hot,Low,Car,4.77,8,5821.0,22.0,5.0,19,59.0,55,Yes,0,5.0
FD-101146,2025-10-14 14:10,DHA,Chinese,Dusty,Medium,Motorbike,6.55,7,5922.0,19.0,4.3,24,53.0,70,No,0,5.0
FD-102369,2025-10-12 08:18,PECHS,Fast Food,Windy,High,Motorbike,3.64,2,769.0,15.0,4.2,30,41.0,55,No,0,4.0
FD-100403,2025-11-20 13:55,Malir,Pizza,Hot,High,Motorbike,2.89,7,5883.0,37.0,4.9,40,49.0,55,No,0,5.0
FD-100540,2025-10-16 03:25,DHA,Karahi,Hot,Low,Motorbike,5.93,2,1549.0,23.0,4.8,56,36.0,55,No,0,5.0
FD-102330,2026-01-07 09:44,PECHS,BBQ,Clear,Medium,Motorbike,3.76,4,1980.0,30.0,4.4,33,43.0,55,No,200,5.0
FD-100734,2026-05-02 20:11,DHA,Pizza,Clear,Low,Motorbike,4.88,4,2020.0,28.0,4.9,21,44.0,55,No,150,4.0
FD-100145,2026-04-03 14:21,Korangi,Pizza,Clear,Jam,Car,4.09,6,4994.0,28.0,4.4,23,63.0,55,Yes,0,5.0
FD-101265,2026-04-15 16:10,DHA,Desserts,Dusty,Low,Car,7.79,1,887.0,11.0,5.0,59,29.0,70,No,50,5.0
FD-101660,2026-03-18 19:06,PECHS,Fast Food,Hot,Jam,Car,12.21,7,6264.0,24.0,4.4,56,120.0,70,Yes,0,5.0
FD-100773,2026-04-07 11:05,DHA,Desserts,Clear,Low,Motorbike,8.73,4,2957.0,18.0,4.0,41,39.0,70,No,200,5.0
FD-100122,2026-06-20 19:30,Clifton,Biryani,Dusty,Jam,Motorbike,7.83,8,3131.0,38.0,4.0,57,99.0,70,Yes,0,3.0
FD-101801,2026-02-28 16:44,Saddar,Desserts,Windy,Medium,Motorbike,5.06,8,4021.0,32.0,4.3,52,61.0,55,Yes,0,5.0
FD-100578,2025-09-27 05:34,Malir,Desserts,Rainy,Jam,Motorbike,4.44,2,1611.0,12.0,4.2,45,48.0,55,No,0,4.0
FD-102118,2025-11-14 21:49,Saddar,Pizza,Hot,Medium,Motorbike,3.47,5,2728.0,27.0,4.6,15,51.0,55,No,100,5.0
FD-102424,2026-01-26 07:15,DHA,Chinese,Dusty,Jam,Car,2.99,5,2008.0,23.0,4.4,11,54.0,55,No,100,5.0
FD-102003,2025-12-17 06:35,Clifton,Karahi,Clear,Low,Bicycle,7.03,4,1509.0,30.0,4.8,44,59.0,70,No,0,4.0
FD-100708,2025-08-08 21:34,Clifton,Fast Food,Clear,Medium,Motorbike,6.01,4,3078.0,17.0,5.0,53,41.0,70,No,0,5.0
FD-100910,2026-02-20 22:08,Saddar,Pizza,Hot,Low,Bicycle,2.9,2,1317.0,22.0,4.1,48,45.0,55,No,50,5.0
FD-101697,2026-01-30 09:02,North Nazimabad,Pizza,Clear,High,Motorbike,2.76,3,1648.0,18.0,4.1,0,39.0,55,No,0,4.0
FD-102114,2026-03-06 10:21,North Nazimabad,Karahi,Clear,Medium,Motorbike,5.99,5,3718.0,33.0,3.9,35,61.0,55,Yes,0,4.0
FD-101627,2025-12-21 08:21,Korangi,Karahi,Hot,Low,Bicycle,3.58,6,4720.0,35.0,4.3,1,48.0,55,No,0,4.0
FD-100913,2025-12-14 00:08,Saddar,Chinese,Clear,High,Motorbike,5.22,3,1060.0,19.0,4.1,44,44.0,55,No,50,4.0
FD-102489,2025-10-11 18:18,Saddar,Pizza,Clear,High,Motorbike,1.79,1,858.0,18.0,3.9,43,30.0,55,No,150,4.0
FD-100054,2026-06-17 21:11,Saddar,Biryani,Clear,Jam,Motorbike,4.88,3,2616.0,12.0,4.8,59,45.0,55,No,0,5.0
FD-102110,2026-06-09 00:26,Clifton,BBQ,Rainy,Low,Motorbike,12.62,3,2258.0,29.0,4.2,22,83.0,70,Yes,0,5.0
FD-100618,2025-08-18 05:45,Gulshan-e-Iqbal,Desserts,Clear,High,Motorbike,2.51,1,440.0,24.0,5.0,52,28.0,55,No,50,5.0
FD-101380,2025-10-31 18:34,Korangi,BBQ,Clear,Low,Motorbike,6.27,6,3129.0,35.0,4.6,29,51.0,70,No,200,5.0
FD-101118,2026-03-16 20:10,DHA,Pizza,Dusty,Jam,Motorbike,3.23,5,2862.0,11.0,4.1,55,41.0,55,No,0,5.0
FD-100282,2025-08-02 19:46,PECHS,Biryani,Clear,Medium,Motorbike,4.2,7,4828.0,34.0,5.0,1,49.0,55,No,0,5.0
FD-100321,2026-06-24 12:06,Saddar,Karahi,Hot,Low,Motorbike,5.23,3,2385.0,32.0,4.6,18,53.0,55,No,0,4.0
FD-101946,2026-01-04 18:13,PECHS,Karahi,Clear,High,Motorbike,7.25,1,523.0,23.0,5.0,34,50.0,70,No,100,5.0
FD-102342,2025-07-15 21:43,Clifton,Fast Food,Hot,Low,Motorbike,9.55,7,5209.0,31.0,5.0,33,70.0,70,No,0,5.0
FD-102406,2025-07-08 04:26,Malir,BBQ,Dusty,Medium,Motorbike,6.55,8,3923.0,37.0,4.0,16,61.0,70,No,200,5.0
FD-102170,2026-06-05 08:41,PECHS,Desserts,Windy,High,Motorbike,5.71,6,4039.0,25.0,3.8,35,45.0,55,No,0,5.0
FD-101581,2026-05-23 05:39,Gulshan-e-Iqbal,Fast Food,Clear,Medium,Motorbike,4.66,8,3574.0,29.0,3.8,8,53.0,55,No,0,5.0
FD-102062,2026-01-10 09:28,DHA,Karahi,Clear,High,Bicycle,6.96,1,644.0,21.0,4.7,31,87.0,70,Yes,0,4.0
FD-100950,2026-02-20 22:02,Gulshan-e-Iqbal,Karahi,Clear,Jam,Motorbike,2.76,2,1617.0,21.0,4.3,7,41.0,55,No,150,5.0
FD-100438,2026-04-02 12:37,Gulshan-e-Iqbal,Chinese,Hot,Low,Motorbike,5.4,5,3636.0,24.0,4.0,46,40.0,55,No,50,5.0
FD-101601,2025-11-10 13:02,DHA,Chinese,Dusty,Low,Motorbike,5.1,6,3966.0,29.0,4.5,58,52.0,55,No,0,4.0
FD-101670,2026-04-25 21:52,North Nazimabad,Pizza,Clear,Medium,Motorbike,3.0,4,1699.0,22.0,4.1,18,40.0,55,No,0,5.0
FD-102152,2025-07-15 11:23,Saddar,BBQ,Clear,Low,Motorbike,3.54,4,1882.0,32.0,4.6,29,46.0,55,No,0,4.0
FD-100310,2025-11-17 07:53,PECHS,Karahi,Clear,Medium,Motorbike,6.29,3,1787.0,24.0,4.4,4,46.0,70,No,0,5.0
FD-100847,2026-02-20 18:57,Korangi,Pizza,Hot,Medium,Motorbike,2.14,3,2083.0,29.0,4.3,13,43.0,55,No,200,5.0
FD-100747,2026-04-19 10:18,Saddar,BBQ,Windy,High,Motorbike,1.89,2,1466.0,22.0,4.3,17,32.0,55,No,0,5.0
FD-101689,2025-07-17 02:53,Korangi,Chinese,Rainy,Medium,Motorbike,3.68,8,6768.0,31.0,4.4,32,52.0,55,No,50,5.0
FD-101549,2025-10-20 20:53,DHA,Biryani,Clear,High,Motorbike,8.85,5,1855.0,26.0,4.3,9,80.0,70,Yes,0,4.0
FD-101448,2026-05-07 13:57,Malir,Karahi,Clear,High,Motorbike,4.15,8,3291.0,36.0,5.0,19,64.0,55,Yes,0,4.0
FD-101066,2025-12-08 14:38,PECHS,Biryani,Hot,Medium,Car,4.9,4,2329.0,18.0,4.1,31,51.0,55,No,200,4.0
FD-100938,2026-05-25 04:10,Malir,Fast Food,Dusty,Low,Motorbike,8.34,1,531.0,20.0,4.2,34,48.0,70,No,0,5.0
FD-101838,2026-01-25 09:06,PECHS,Desserts,Hot,Medium,Motorbike,2.81,1,852.0,11.0,4.9,23,19.0,55,No,0,5.0
FD-102064,2025-10-08 18:35,Saddar,Desserts,Dusty,Medium,Motorbike,4.39,3,2168.0,23.0,4.7,1,45.0,55,No,100,5.0
FD-102459,2026-04-25 03:01,PECHS,Karahi,Clear,Medium,Motorbike,6.0,7,6110.0,28.0,4.1,34,51.0,55,No,200,5.0
FD-102363,2025-09-20 19:52,Clifton,Karahi,Clear,Low,Motorbike,2.28,3,1401.0,23.0,5.0,43,28.0,55,No,100,5.0
FD-100514,2025-08-14 02:57,North Nazimabad,BBQ,Clear,Low,Motorbike,5.6,2,920.0,26.0,4.7,59,36.0,55,No,0,5.0
FD-100257,2026-06-30 20:40,North Nazimabad,Desserts,Clear,Low,Motorbike,7.46,2,1329.0,18.0,4.2,14,51.0,70,No,100,4.0
FD-102156,2025-07-20 06:58,PECHS,Desserts,Clear,High,Car,6.65,2,1621.0,15.0,3.5,20,49.0,70,No,0,5.0
FD-102076,2026-01-04 03:33,PECHS,BBQ,Hot,Medium,Motorbike,6.85,2,771.0,19.0,4.0,8,48.0,70,No,100,5.0
FD-101744,2026-04-17 01:00,Saddar,Karahi,Clear,Medium,Motorbike,1.96,6,2401.0,22.0,4.4,0,25.0,55,No,100,5.0
FD-101513,2026-03-14 13:23,DHA,Pizza,Clear,Jam,Motorbike,4.36,1,522.0,14.0,4.1,41,41.0,55,No,0,5.0
FD-100463,2025-08-06 23:41,DHA,BBQ,Clear,Jam,Motorbike,3.06,3,1777.0,31.0,5.0,43,51.0,55,No,150,5.0
FD-100893,2025-12-15 15:05,Clifton,Pizza,Hot,Low,Bicycle,6.55,5,1816.0,27.0,3.9,48,58.0,70,No,0,5.0
FD-101070,2026-04-18 07:37,DHA,BBQ,Clear,Low,Bicycle,1.09,8,6278.0,43.0,4.0,52,45.0,55,No,0,4.0
FD-100876,2025-07-28 00:52,Saddar,Chinese,Clear,Low,Motorbike,5.18,7,4673.0,31.0,4.3,59,51.0,55,No,0,5.0
FD-101642,2025-09-02 01:28,Gulshan-e-Iqbal,Pizza,Hot,Low,Motorbike,2.74,7,5082.0,26.0,4.5,41,28.0,55,No,0,5.0
FD-100334,2025-11-02 21:11,Malir,Karahi,Windy,Low,Motorbike,9.38,3,2382.0,32.0,4.0,23,74.0,70,Yes,0,5.0
FD-102044,2025-12-25 18:25,Clifton,Pizza,Windy,Low,Motorbike,3.22,1,495.0,13.0,4.2,9,19.0,55,No,0,5.0
FD-100497,2026-04-24 03:59,Malir,Biryani,Hot,Low,Motorbike,2.74,3,1529.0,18.0,4.6,7,22.0,55,No,100,5.0
FD-100875,2025-10-28 16:56,DHA,Pizza,Dusty,Medium,Motorbike,6.53,5,3273.0,27.0,4.5,45,44.0,70,No,0,5.0
FD-101074,2026-02-16 22:44,DHA,Karahi,Dusty,Low,Motorbike,5.83,4,2271.0,22.0,3.7,55,43.0,55,No,100,5.0
FD-102491,2025-12-05 07:51,Saddar,Desserts,Hot,Low,Motorbike,4.48,2,768.0,18.0,5.0,43,28.0,55,No,0,5.0
FD-102105,2025-10-08 22:45,Korangi,Pizza,Hot,Low,Car,8.48,5,3792.0,32.0,4.3,23,72.0,70,Yes,0,5.0
FD-101384,2025-07-02 13:54,Malir,Biryani,Dusty,Medium,Motorbike,6.04,5,2015.0,26.0,4.5,27,59.0,70,No,0,5.0
FD-101230,2025-12-06 01:59,Korangi,BBQ,Dusty,High,Motorbike,4.52,4,3047.0,39.0,4.7,16,65.0,55,Yes,0,4.0
FD-102317,2025-08-26 22:02,PECHS,Desserts,Dusty,High,Motorbike,3.19,5,2001.0,15.0,5.0,2,35.0,55,No,0,5.0
FD-101204,2025-11-17 02:09,PECHS,Karahi,Hot,Jam,Car,2.23,5,3662.0,32.0,4.4,28,47.0,55,No,200,5.0
FD-101766,2025-08-25 12:38,PECHS,Karahi,Hot,Jam,Car,5.21,4,1466.0,42.0,4.3,9,89.0,55,Yes,0,3.0
FD-102387,2026-02-23 03:40,North Nazimabad,Fast Food,Clear,Medium,Motorbike,3.92,3,2072.0,31.0,4.4,11,51.0,55,No,150,5.0
FD-101718,2025-11-02 10:47,Clifton,Biryani,Hot,High,Motorbike,7.16,1,418.0,20.0,4.4,54,48.0,70,No,100,5.0
FD-101124,2025-11-13 03:05,Saddar,Pizza,Clear,Medium,Motorbike,8.79,3,1513.0,24.0,4.2,49,62.0,70,No,0,4.0
FD-101236,2025-09-15 13:18,Korangi,Karahi,Windy,Medium,Motorbike,3.12,4,2400.0,30.0,3.8,11,51.0,55,No,0,5.0
FD-100709,2025-09-17 10:55,DHA,Chinese,Rainy,Medium,Car,10.24,1,792.0,18.0,4.7,41,71.0,70,Yes,0,4.0
FD-100528,2026-04-28 04:25,Malir,Chinese,Hot,Jam,Bicycle,3.75,6,3847.0,29.0,4.5,26,72.0,55,Yes,0,4.0
FD-100811,2026-01-01 02:53,Clifton,BBQ,Clear,Low,Motorbike,2.21,3,2226.0,33.0,4.2,52,38.0,55,No,0,4.0
FD-101554,2025-08-04 16:30,DHA,Pizza,Clear,Low,Motorbike,6.54,8,6213.0,36.0,4.5,11,52.0,70,No,100,5.0
FD-100442,2026-01-14 22:49,Saddar,Desserts,Rainy,High,Motorbike,4.36,2,886.0,14.0,3.9,5,56.0,55,Yes,0,5.0
FD-101183,2026-03-13 21:10,DHA,Biryani,Clear,Medium,Motorbike,3.04,1,871.0,17.0,4.4,23,33.0,55,No,0,5.0
FD-102030,2026-04-15 12:29,Gulshan-e-Iqbal,Chinese,Rainy,Jam,Motorbike,3.09,6,3012.0,28.0,4.4,46,59.0,55,Yes,0,4.0
FD-101105,2026-03-28 07:30,DHA,Pizza,Windy,Medium,Motorbike,11.52,1,808.0,17.0,3.9,34,71.0,70,Yes,0,5.0
FD-101760,2026-01-14 19:22,Gulshan-e-Iqbal,Chinese,Clear,Low,Bicycle,6.78,7,3291.0,37.0,4.4,48,66.0,70,No,150,5.0
FD-102124,2026-05-29 23:00,Gulshan-e-Iqbal,Karahi,Rainy,High,Motorbike,2.09,7,5773.0,40.0,3.7,18,61.0,55,Yes,0,5.0
FD-100822,2026-02-15 17:52,PECHS,BBQ,Hot,High,Motorbike,4.09,3,1694.0,21.0,4.8,33,48.0,55,No,150,4.0
FD-101691,2026-01-01 05:34,North Nazimabad,Biryani,Rainy,Low,Motorbike,3.94,6,3129.0,26.0,4.3,20,43.0,55,No,0,5.0
FD-102443,2025-12-08 15:12,Korangi,Chinese,Clear,Low,Motorbike,5.52,3,1052.0,24.0,4.4,6,41.0,55,No,0,5.0
FD-101618,2026-01-25 23:15,DHA,BBQ,Clear,High,Car,5.93,4,3444.0,35.0,4.5,48,64.0,55,Yes,0,5.0
FD-101420,2025-09-18 05:35,Clifton,Fast Food,Clear,Medium,Car,6.65,1,651.0,21.0,4.5,30,54.0,70,No,150,5.0
FD-100002,2026-02-17 16:04,Korangi,Desserts,Clear,Low,Motorbike,3.92,8,3658.0,33.0,4.4,52,38.0,55,No,0,5.0
FD-101413,2026-04-25 21:03,DHA,Fast Food,Clear,Low,Car,9.55,4,3059.0,20.0,4.5,38,60.0,70,No,0,5.0
FD-101165,2025-11-23 10:22,Clifton,Pizza,Windy,Low,Motorbike,9.8,3,1472.0,23.0,4.4,52,56.0,70,No,0,5.0
FD-100626,2025-09-28 18:03,PECHS,Biryani,Windy,High,Motorbike,4.99,8,6169.0,25.0,4.3,13,60.0,55,Yes,0,5.0
FD-102380,2026-06-19 23:54,Korangi,Biryani,Clear,Medium,Motorbike,2.54,2,1025.0,28.0,4.6,25,37.0,55,No,0,4.0
FD-100870,2026-05-16 07:07,PECHS,Karahi,Clear,Low,Motorbike,7.88,4,3548.0,31.0,4.5,54,54.0,70,No,0,5.0
FD-101552,2025-07-28 22:54,Gulshan-e-Iqbal,Pizza,Clear,Medium,Motorbike,9.93,3,1278.0,21.0,4.4,25,64.0,70,No,0,5.0
FD-100943,2025-10-02 13:36,North Nazimabad,Pizza,Clear,Low,Motorbike,5.45,1,450.0,15.0,4.6,28,33.0,55,No,0,5.0
FD-100922,2025-08-23 16:25,PECHS,Chinese,Clear,Low,Motorbike,8.29,3,2282.0,21.0,4.5,8,46.0,70,No,0,5.0
FD-102035,2026-05-28 00:06,DHA,Pizza,Clear,High,Motorbike,5.56,1,524.0,15.0,4.7,36,38.0,55,No,0,5.0
FD-100504,2026-04-20 10:28,Saddar,Biryani,Clear,Low,Motorbike,4.87,2,882.0,25.0,3.8,30,30.0,55,No,0,5.0
FD-100391,2025-12-22 05:20,Gulshan-e-Iqbal,Chinese,Clear,Low,Car,5.34,4,2282.0,23.0,4.6,5,48.0,55,No,200,5.0
FD-101361,2026-06-20 20:45,Saddar,Chinese,Clear,Low,Motorbike,2.73,8,4088.0,28.0,4.2,31,40.0,55,No,0,5.0
FD-100946,2025-12-09 11:47,PECHS,Pizza,Windy,Low,Motorbike,5.86,2,863.0,25.0,4.5,11,46.0,55,No,0,5.0
FD-100866,2026-02-21 04:58,Clifton,BBQ,Clear,High,Bicycle,3.99,4,1744.0,16.0,4.2,19,59.0,55,Yes,0,5.0
FD-102434,2026-03-08 05:10,North Nazimabad,Desserts,Clear,Low,Motorbike,7.85,4,1406.0,24.0,4.8,48,43.0,70,No,0,5.0
FD-100068,2025-07-20 08:58,Korangi,Desserts,Windy,Medium,Motorbike,5.27,1,485.0,21.0,4.4,35,38.0,55,No,200,5.0
FD-100160,2026-05-11 22:01,Gulshan-e-Iqbal,BBQ,Rainy,High,Motorbike,2.69,6,4732.0,27.0,5.0,29,52.0,55,No,50,4.0
FD-101713,2025-11-10 05:20,DHA,Pizza,Clear,Medium,Bicycle,7.24,1,788.0,14.0,4.9,32,60.0,70,No,0,5.0
FD-101962,2025-10-31 21:38,Saddar,Chinese,Dusty,Jam,Motorbike,4.68,5,3227.0,25.0,4.0,31,67.0,55,Yes,0,4.0
FD-101997,2026-06-14 21:55,North Nazimabad,Chinese,Rainy,High,Motorbike,15.77,2,1378.0,31.0,4.9,40,128.0,70,Yes,0,2.0
FD-101018,2026-03-26 06:25,Clifton,Desserts,Clear,Low,Motorbike,1.43,3,1186.0,30.0,4.3,44,38.0,55,No,200,5.0
FD-100664,2025-12-17 20:51,PECHS,Fast Food,Hot,High,Car,5.41,1,710.0,18.0,4.4,48,52.0,55,No,50,5.0
FD-101073,2025-09-28 16:19,Saddar,Pizza,Windy,Low,Car,2.34,8,6038.0,29.0,4.9,20,33.0,55,No,100,5.0
FD-101331,2025-10-12 08:15,North Nazimabad,Desserts,Hot,Medium,Motorbike,1.59,6,2892.0,37.0,4.5,11,48.0,55,No,100,5.0
FD-102344,2025-08-11 00:43,Korangi,Pizza,Clear,Jam,Motorbike,8.45,5,1814.0,34.0,4.4,1,95.0,70,Yes,0,4.0
FD-100891,2026-05-17 22:23,North Nazimabad,Chinese,Clear,High,Motorbike,3.83,1,368.0,16.0,4.1,3,47.0,55,No,0,5.0
FD-102384,2025-07-01 23:50,DHA,Pizza,Clear,Medium,Bicycle,4.37,8,4610.0,36.0,4.7,10,63.0,55,Yes,0,3.0
FD-101472,2025-10-20 05:56,Korangi,Pizza,Dusty,Jam,Motorbike,5.2,4,1622.0,22.0,4.6,1,63.0,55,Yes,0,3.0
FD-101030,2025-10-04 00:51,DHA,Pizza,Hot,Medium,Motorbike,5.75,7,5132.0,32.0,4.3,39,59.0,55,Yes,0,5.0
FD-100132,2025-11-13 01:24,Korangi,Desserts,Hot,Jam,Motorbike,5.95,2,1487.0,17.0,4.6,29,64.0,55,Yes,0,5.0
FD-100213,2025-11-10 05:41,North Nazimabad,BBQ,Rainy,Jam,Motorbike,14.02,2,1333.0,30.0,4.9,9,140.0,70,Yes,0,1.0
FD-102069,2025-08-26 09:39,Clifton,Karahi,Clear,Low,Motorbike,7.11,4,3252.0,27.0,4.2,41,47.0,70,No,0,5.0
FD-100768,2025-12-14 19:22,Clifton,Biryani,Hot,Low,Motorbike,5.82,7,4887.0,17.0,5.0,4,30.0,55,No,50,4.0
FD-101786,2025-08-23 23:14,Gulshan-e-Iqbal,BBQ,Clear,Low,Motorbike,1.8,8,6826.0,37.0,4.7,3,48.0,55,No,0,5.0
FD-100059,2025-12-16 11:48,North Nazimabad,Desserts,Hot,Medium,Motorbike,1.47,1,694.0,8.0,4.4,19,10.0,55,No,0,5.0
FD-101936,2025-08-14 23:36,Clifton,BBQ,Clear,Low,Motorbike,3.61,1,515.0,33.0,4.9,20,39.0,55,No,0,5.0
FD-102221,2025-08-13 03:38,Korangi,Fast Food,Windy,Medium,Motorbike,5.64,7,5458.0,32.0,4.5,58,53.0,55,No,0,5.0
FD-100418,2026-02-01 07:04,Malir,Desserts,Clear,Low,Motorbike,4.26,1,675.0,18.0,4.4,38,27.0,55,No,200,5.0
FD-102226,2025-12-06 14:05,Clifton,Pizza,Rainy,Jam,Motorbike,3.09,4,1987.0,27.0,4.2,43,63.0,55,Yes,0,4.0
FD-100909,2026-05-06 11:43,Saddar,Karahi,Windy,Medium,Motorbike,2.94,2,816.0,29.0,4.4,4,39.0,55,No,50,5.0
FD-101045,2025-09-03 18:17,PECHS,Desserts,Hot,Medium,Motorbike,6.77,7,4768.0,33.0,4.4,3,64.0,70,No,0,5.0
FD-101625,2025-11-29 04:23,Gulshan-e-Iqbal,Chinese,Clear,Low,Motorbike,6.07,3,2016.0,16.0,4.9,10,32.0,70,No,0,5.0
FD-100429,2025-07-13 05:45,DHA,Karahi,Clear,Medium,Motorbike,4.72,6,2202.0,33.0,3.8,16,47.0,55,No,0,5.0
FD-101862,2026-05-04 02:49,Clifton,Chinese,Clear,Medium,Motorbike,4.38,8,6142.0,27.0,4.8,33,42.0,55,No,0,5.0
FD-101541,2026-03-30 10:41,DHA,Desserts,Clear,Medium,Motorbike,5.24,1,612.0,16.0,4.3,27,38.0,55,No,150,5.0
FD-101009,2026-03-31 07:38,DHA,BBQ,Clear,High,Motorbike,1.78,8,6625.0,34.0,4.5,33,42.0,55,No,200,5.0
FD-100633,2025-09-22 18:35,Clifton,Chinese,Clear,Medium,Car,6.92,5,2228.0,24.0,3.8,19,57.0,70,No,0,5.0
FD-101308,2025-10-20 15:51,Malir,Chinese,Hot,Jam,Motorbike,10.51,4,1720.0,26.0,4.4,27,99.0,70,Yes,0,3.0
FD-100919,2026-05-10 17:51,PECHS,Fast Food,Clear,Medium,Motorbike,2.33,8,3988.0,28.0,4.2,38,39.0,55,No,50,4.0
FD-100916,2026-02-01 04:26,Saddar,Desserts,Rainy,Jam,Bicycle,9.27,2,1708.0,19.0,4.9,26,145.0,70,Yes,0,5.0
FD-100474,2026-05-27 16:37,North Nazimabad,Karahi,Clear,Low,Motorbike,3.14,3,1446.0,27.0,4.8,52,35.0,55,No,200,5.0
FD-100249,2026-06-17 01:50,DHA,Karahi,Dusty,Low,Motorbike,4.24,6,4584.0,38.0,4.1,51,48.0,55,No,0,5.0
FD-100786,2026-04-06 04:11,Gulshan-e-Iqbal,Chinese,Hot,Low,Motorbike,5.67,2,1379.0,14.0,4.0,11,38.0,55,No,0,5.0
FD-101364,2025-10-10 21:46,Gulshan-e-Iqbal,Pizza,Clear,Medium,Motorbike,7.06,4,3333.0,25.0,4.1,45,59.0,70,No,200,5.0
FD-100892,2025-09-19 06:41,DHA,Karahi,Clear,Medium,Motorbike,6.27,3,2628.0,29.0,4.5,18,46.0,70,No,0,5.0
FD-100139,2026-04-03 07:50,Malir,Chinese,Clear,Medium,Car,4.27,2,1204.0,19.0,4.4,42,39.0,55,No,0,4.0
FD-102255,2025-12-10 03:56,Malir,Biryani,Dusty,Medium,Motorbike,5.62,5,4036.0,28.0,4.7,20,51.0,55,No,0,5.0
FD-101972,2026-02-16 17:07,Gulshan-e-Iqbal,Pizza,Hot,High,Motorbike,8.05,7,5817.0,35.0,4.2,18,77.0,70,Yes,0,5.0
FD-101765,2026-04-27 12:56,Saddar,Karahi,Hot,Medium,Motorbike,3.67,5,3210.0,31.0,4.6,19,48.0,55,No,0,5.0
FD-100135,2026-06-13 04:20,DHA,Fast Food,Dusty,Low,Car,4.16,1,862.0,11.0,4.4,43,34.0,55,No,0,4.0
FD-100088,2026-06-24 03:45,DHA,Fast Food,Clear,Medium,Motorbike,11.74,2,888.0,14.0,5.0,11,65.0,70,No,0,5.0
FD-101505,2025-09-22 08:24,North Nazimabad,Desserts,Rainy,Medium,Car,1.8,7,3199.0,26.0,3.9,52,39.0,55,No,100,5.0
FD-102313,2025-12-31 10:00,Clifton,Chinese,Hot,Medium,Motorbike,3.02,2,1542.0,23.0,4.1,24,40.0,55,No,200,4.0
FD-101643,2026-05-12 03:42,North Nazimabad,Desserts,Clear,Medium,Bicycle,5.66,7,3849.0,27.0,4.3,42,63.0,55,Yes,0,3.0
FD-100897,2025-12-18 06:28,Saddar,Biryani,Rainy,Medium,Motorbike,5.37,2,1456.0,22.0,4.0,21,57.0,55,Yes,0,5.0
FD-101992,2025-12-30 10:46,Gulshan-e-Iqbal,Karahi,Clear,High,Motorbike,5.93,6,2816.0,27.0,4.3,0,58.0,55,Yes,0,5.0
FD-101884,2025-09-15 03:34,Clifton,BBQ,Rainy,Medium,Car,7.7,6,3210.0,28.0,3.6,42,71.0,70,Yes,0,5.0
FD-100511,2026-03-30 11:25,Malir,Biryani,Hot,High,Car,3.23,3,1730.0,21.0,4.1,18,39.0,55,No,0,4.0
FD-101445,2026-04-22 04:12,Malir,BBQ,Clear,Jam,Car,4.93,1,657.0,27.0,4.4,19,66.0,55,Yes,0,4.0
FD-101414,2025-10-31 12:57,PECHS,Chinese,Hot,Medium,Bicycle,8.2,6,2544.0,30.0,4.2,16,98.0,70,Yes,0,3.0
FD-101297,2025-12-24 01:09,DHA,Fast Food,Clear,Low,Motorbike,4.6,2,1113.0,17.0,4.9,55,29.0,55,No,100,5.0
FD-100983,2025-09-14 10:00,PECHS,Desserts,Clear,Medium,Motorbike,4.99,8,2811.0,36.0,4.5,54,49.0,55,No,0,5.0
FD-101985,2025-07-17 17:07,PECHS,Desserts,Clear,Low,Car,2.3,6,4864.0,33.0,4.6,33,38.0,55,No,0,5.0
FD-101986,2026-04-30 02:15,Gulshan-e-Iqbal,Desserts,Clear,Medium,Motorbike,5.82,3,1589.0,25.0,4.6,25,42.0,55,No,150,5.0
FD-100881,2025-12-12 00:45,Saddar,BBQ,Hot,High,Motorbike,3.93,3,1396.0,24.0,4.4,26,50.0,55,No,0,5.0
FD-100130,2026-06-03 16:10,Gulshan-e-Iqbal,Biryani,Clear,Jam,Motorbike,2.61,1,585.0,23.0,5.0,3,31.0,55,No,200,5.0
FD-100199,2025-11-20 10:11,Clifton,Chinese,Clear,Medium,Car,4.98,8,3757.0,34.0,3.8,16,62.0,55,Yes,0,5.0
FD-101107,2025-11-18 23:25,Gulshan-e-Iqbal,Karahi,Clear,Low,Motorbike,1.52,4,3517.0,26.0,4.3,40,28.0,55,No,0,5.0
FD-101147,2025-08-02 21:53,Clifton,Chinese,Hot,Low,Motorbike,3.13,6,3334.0,22.0,4.0,39,34.0,55,No,0,5.0
FD-102181,2026-01-21 22:36,Malir,Pizza,Clear,Medium,Motorbike,5.46,3,1308.0,16.0,4.4,10,46.0,55,No,150,5.0
FD-100195,2025-12-05 22:39,Malir,Pizza,Hot,High,Car,2.98,2,734.0,27.0,4.5,47,47.0,55,No,0,5.0
FD-101172,2026-04-11 13:14,PECHS,Karahi,Clear,Medium,Motorbike,2.54,2,1677.0,25.0,4.1,23,38.0,55,No,100,4.0
FD-100260,2025-08-26 15:22,Clifton,Pizza,Clear,Medium,Motorbike,3.44,6,5392.0,26.0,4.4,59,44.0,55,No,0,5.0
FD-101039,2026-01-18 08:58,Malir,Karahi,Clear,Medium,Motorbike,7.69,5,3434.0,30.0,4.4,16,56.0,70,No,0,5.0
FD-100595,2025-11-12 12:41,Malir,Desserts,Clear,Low,Motorbike,3.47,4,3017.0,25.0,5.0,46,28.0,55,No,0,5.0
FD-100625,2026-06-15 12:25,Malir,Fast Food,Clear,Medium,Car,8.61,8,4871.0,42.0,4.3,46,75.0,70,Yes,0,4.0
FD-101771,2025-07-10 18:49,North Nazimabad,Biryani,Clear,High,Motorbike,10.42,5,2733.0,20.0,3.9,47,70.0,70,No,0,4.0
FD-100097,2025-07-26 22:15,Malir,Fast Food,Clear,High,Motorbike,12.83,1,576.0,14.0,4.4,13,98.0,70,Yes,0,4.0
FD-101752,2026-02-21 12:50,PECHS,Karahi,Hot,Jam,Motorbike,9.33,7,3625.0,39.0,4.6,36,96.0,70,Yes,0,4.0
FD-101600,2025-09-18 07:10,DHA,Pizza,Clear,High,Motorbike,1.74,3,1537.0,19.0,4.3,59,19.0,55,No,0,5.0
FD-101960,2026-04-03 06:51,Gulshan-e-Iqbal,BBQ,Clear,Medium,Motorbike,3.33,5,4415.0,32.0,4.4,34,47.0,55,No,50,5.0
FD-100419,2025-09-17 05:31,Clifton,Karahi,Clear,Low,Bicycle,4.6,6,4005.0,30.0,4.5,55,52.0,55,No,100,5.0
FD-101396,2026-05-03 05:39,Malir,Chinese,Rainy,High,Motorbike,15.57,6,2139.0,24.0,5.0,46,109.0,70,Yes,0,2.0
FD-101969,2025-12-30 18:10,Gulshan-e-Iqbal,Fast Food,Hot,Low,Motorbike,3.1,2,1178.0,16.0,3.7,44,19.0,55,No,0,5.0
FD-102458,2025-11-10 17:21,North Nazimabad,BBQ,Dusty,Jam,Motorbike,4.12,1,759.0,28.0,4.4,1,60.0,55,Yes,0,4.0
FD-100843,2025-10-26 20:35,Korangi,Pizza,Clear,High,Motorbike,8.16,2,1621.0,13.0,4.5,27,63.0,70,No,0,5.0
FD-100722,2025-11-01 10:42,PECHS,Pizza,Clear,High,Motorbike,3.05,3,1938.0,20.0,4.0,32,30.0,55,No,150,4.0
FD-100575,2025-12-10 23:54,PECHS,BBQ,Rainy,Jam,Car,7.56,5,3249.0,41.0,4.0,41,120.0,70,Yes,0,2.0
FD-101943,2025-12-10 18:51,Saddar,BBQ,Dusty,Low,Motorbike,1.77,4,2770.0,25.0,4.2,34,31.0,55,No,150,5.0
FD-100025,2025-08-17 17:21,Gulshan-e-Iqbal,Fast Food,Rainy,Medium,Motorbike,5.6,2,1133.0,9.0,4.0,59,36.0,55,No,0,5.0
FD-101504,2026-05-22 19:05,Clifton,Fast Food,Clear,Medium,Motorbike,6.53,8,7016.0,32.0,4.1,30,62.0,70,No,0,5.0
FD-101661,2026-01-29 13:14,DHA,BBQ,Dusty,Jam,Motorbike,2.82,7,4440.0,37.0,4.7,11,71.0,55,Yes,0,3.0
FD-100790,2026-02-02 13:47,North Nazimabad,Karahi,Clear,Medium,Motorbike,2.3,6,4708.0,31.0,3.9,35,45.0,55,No,0,5.0
FD-101533,2025-10-08 07:50,North Nazimabad,Fast Food,Clear,Low,Motorbike,8.13,1,706.0,17.0,4.4,7,40.0,70,No,0,5.0
FD-100907,2026-04-23 15:34,Korangi,Karahi,Hot,Low,Motorbike,4.72,6,4976.0,34.0,4.4,48,47.0,55,No,0,5.0
FD-100770,2026-06-15 06:42,North Nazimabad,Fast Food,Clear,Jam,Motorbike,6.91,3,1227.0,20.0,3.8,59,64.0,70,No,200,5.0
FD-101477,2025-08-17 22:16,Clifton,Karahi,Clear,Low,Motorbike,3.4,3,1473.0,25.0,3.8,32,50.0,55,No,0,4.0
FD-101111,2026-02-07 14:45,North Nazimabad,Pizza,Clear,Medium,Car,5.56,8,4048.0,39.0,4.0,36,69.0,55,Yes,0,4.0
FD-100937,2026-02-27 03:03,Saddar,Fast Food,Clear,Jam,Motorbike,2.55,4,2955.0,29.0,4.9,23,43.0,55,No,150,4.0
FD-101374,2025-09-23 06:46,DHA,Fast Food,Rainy,Low,Bicycle,4.71,8,4889.0,32.0,4.0,23,68.0,55,Yes,0,4.0
FD-100187,2025-10-19 06:48,Clifton,Chinese,Clear,Low,Motorbike,5.09,5,2292.0,15.0,4.3,16,36.0,55,No,200,4.0
FD-101849,2025-07-22 05:30,DHA,Fast Food,Dusty,Low,Motorbike,5.88,2,713.0,17.0,4.4,10,41.0,55,No,100,5.0
FD-102265,2026-01-20 05:06,North Nazimabad,Pizza,Hot,High,Motorbike,4.85,2,1718.0,19.0,4.3,34,51.0,55,No,100,5.0
FD-101040,2026-03-28 09:23,DHA,Karahi,Hot,Jam,Car,1.74,2,833.0,21.0,4.3,8,37.0,55,No,0,5.0
FD-100454,2025-07-18 19:14,Gulshan-e-Iqbal,Karahi,Hot,Medium,Bicycle,3.1,1,609.0,17.0,4.6,55,33.0,55,No,50,5.0
FD-101889,2025-09-03 07:30,North Nazimabad,Biryani,Clear,Medium,Car,4.16,7,5185.0,22.0,3.9,6,43.0,55,No,50,5.0
FD-100499,2025-08-01 07:59,DHA,Biryani,Dusty,High,Motorbike,1.06,8,6406.0,22.0,4.9,56,26.0,55,No,0,5.0
FD-101769,2026-05-10 20:54,Saddar,Desserts,Hot,High,Motorbike,6.49,8,4438.0,28.0,3.6,29,78.0,70,Yes,0,4.0
FD-102154,2025-07-05 14:09,Korangi,Desserts,Clear,Low,Motorbike,4.14,4,2866.0,27.0,4.3,9,47.0,55,No,50,5.0
FD-102333,2025-12-31 20:02,Korangi,Biryani,Clear,Jam,Car,8.03,7,6288.0,33.0,4.3,21,102.0,70,Yes,0,4.0
FD-102374,2026-06-21 19:43,Korangi,Biryani,Windy,Jam,Motorbike,4.21,6,2608.0,35.0,4.3,13,68.0,55,Yes,0,4.0
FD-100955,2026-01-09 21:24,Malir,Desserts,Hot,High,Motorbike,4.89,1,564.0,15.0,4.3,2,45.0,55,No,0,5.0
FD-100939,2026-04-06 23:28,DHA,Pizza,Rainy,Medium,Car,1.54,5,3665.0,27.0,4.8,43,38.0,55,No,50,5.0
FD-101658,2026-02-06 21:35,DHA,BBQ,Windy,Medium,Motorbike,3.04,4,1432.0,35.0,4.4,6,49.0,55,No,0,5.0
FD-102343,2026-02-20 03:14,Clifton,Chinese,Clear,Jam,Motorbike,3.94,1,777.0,28.0,4.9,48,45.0,55,No,0,5.0
FD-102009,2026-05-20 10:55,Gulshan-e-Iqbal,Biryani,Windy,Low,Motorbike,5.51,6,5161.0,31.0,4.4,54,45.0,55,No,0,5.0
FD-101406,2026-06-29 19:52,Gulshan-e-Iqbal,BBQ,Hot,Medium,Motorbike,1.71,2,1380.0,31.0,4.2,30,44.0,55,No,200,5.0
FD-101252,2025-07-22 10:18,Malir,Chinese,Clear,Medium,Motorbike,6.63,3,1558.0,24.0,4.1,35,52.0,70,No,0,5.0
FD-101060,2025-09-19 11:15,Saddar,BBQ,Clear,Medium,Car,3.65,7,3476.0,33.0,3.9,43,46.0,55,No,50,5.0
FD-100645,2026-04-09 21:52,Malir,Fast Food,Clear,Low,Motorbike,9.96,7,6197.0,25.0,4.3,34,61.0,70,No,0,5.0
FD-100089,2025-08-28 21:14,North Nazimabad,Fast Food,Dusty,Medium,Motorbike,5.58,6,3319.0,25.0,4.6,39,57.0,55,Yes,0,5.0
FD-100644,2025-07-15 07:22,North Nazimabad,Biryani,Clear,Medium,Motorbike,6.99,5,1810.0,26.0,4.1,25,52.0,70,No,100,5.0
FD-101496,2026-01-30 09:32,Korangi,BBQ,Clear,Jam,Motorbike,1.0,7,6018.0,35.0,4.3,57,44.0,55,No,100,5.0
FD-101742,2026-04-16 02:46,PECHS,Desserts,Hot,Medium,Motorbike,5.47,1,672.0,16.0,4.2,8,36.0,55,No,50,5.0
FD-100484,2025-09-30 01:33,Clifton,Biryani,Hot,Low,Motorbike,2.61,3,1075.0,16.0,4.0,59,23.0,55,No,100,5.0
FD-101470,2025-12-13 08:59,Clifton,Pizza,Rainy,High,Motorbike,8.62,2,894.0,25.0,4.9,23,70.0,70,No,0,5.0
FD-102029,2025-11-27 00:23,Clifton,Pizza,Clear,Jam,Car,5.08,6,2676.0,25.0,4.4,34,63.0,55,Yes,0,5.0
FD-100568,2026-05-14 22:12,PECHS,Desserts,Windy,Low,Car,0.73,7,3822.0,29.0,4.4,47,37.0,55,No,200,5.0
FD-102136,2026-06-13 22:35,North Nazimabad,Chinese,Hot,Low,Motorbike,7.86,2,759.0,26.0,4.8,16,56.0,70,No,0,5.0
FD-101896,2026-05-01 03:21,Clifton,Pizza,Hot,Low,Motorbike,5.01,6,4910.0,32.0,4.4,42,48.0,55,No,0,4.0
FD-101329,2026-01-16 15:26,Gulshan-e-Iqbal,Fast Food,Dusty,Medium,Motorbike,2.45,2,855.0,14.0,4.8,52,23.0,55,No,200,5.0
FD-100551,2025-07-05 03:12,Saddar,Pizza,Clear,Low,Motorbike,4.17,2,1706.0,11.0,4.6,7,23.0,55,No,0,5.0
FD-102183,2025-09-29 06:13,Korangi,Karahi,Rainy,Jam,Motorbike,6.3,4,2086.0,34.0,4.4,12,92.0,70,Yes,0,4.0
FD-101875,2025-10-31 16:01,DHA,Biryani,Rainy,Low,Motorbike,6.23,1,485.0,17.0,4.8,32,48.0,70,No,50,4.0
FD-101490,2026-02-03 18:22,Saddar,Karahi,Hot,Medium,Motorbike,3.57,8,5343.0,35.0,4.5,40,47.0,55,No,100,4.0
FD-101181,2026-01-20 22:41,Saddar,Fast Food,Clear,Medium,Motorbike,6.08,8,6647.0,33.0,4.3,54,63.0,70,No,0,5.0
FD-101708,2025-11-29 08:19,DHA,Karahi,Dusty,Low,Motorbike,8.3,7,3684.0,40.0,4.3,23,71.0,70,Yes,0,5.0
FD-101175,2026-01-22 04:17,Clifton,BBQ,Hot,High,Motorbike,5.86,3,1596.0,32.0,3.8,18,62.0,55,Yes,0,4.0
FD-100267,2025-10-09 21:04,Clifton,Biryani,Dusty,Low,Motorbike,6.44,8,6729.0,34.0,4.8,11,54.0,70,No,200,5.0
FD-102056,2025-11-29 00:14,Saddar,Chinese,Hot,Low,Bicycle,8.56,4,2082.0,18.0,4.9,12,65.0,70,No,0,4.0
FD-101720,2026-03-03 13:19,North Nazimabad,Biryani,Hot,Medium,Motorbike,7.05,1,843.0,21.0,4.9,54,54.0,70,No,200,5.0
FD-102203,2026-03-21 04:55,Gulshan-e-Iqbal,Biryani,Clear,Medium,Motorbike,2.34,7,5637.0,25.0,4.7,31,46.0,55,No,0,5.0
FD-100639,2026-06-11 20:18,PECHS,Biryani,Clear,Jam,Motorbike,3.09,7,5674.0,35.0,4.5,16,57.0,55,Yes,0,5.0
FD-101711,2025-07-14 11:23,Malir,BBQ,Clear,High,Car,3.54,8,2890.0,30.0,4.6,24,49.0,55,No,0,4.0
FD-100941,2025-09-17 18:00,North Nazimabad,Biryani,Rainy,High,Car,7.16,7,4950.0,24.0,4.5,19,81.0,70,Yes,0,5.0
FD-101463,2025-11-25 04:33,Malir,Biryani,Hot,Medium,Motorbike,8.65,8,5542.0,35.0,4.4,34,73.0,70,Yes,0,5.0
FD-101011,2026-06-25 23:38,Korangi,Karahi,Dusty,Medium,Car,3.27,2,1226.0,26.0,4.5,11,50.0,55,No,50,4.0
FD-100529,2025-09-10 20:54,Clifton,Fast Food,Dusty,Jam,Car,5.23,4,2678.0,20.0,4.9,49,71.0,55,Yes,0,4.0
FD-101377,2026-03-29 04:40,PECHS,Desserts,Hot,Medium,Motorbike,2.47,8,4977.0,41.0,4.0,24,55.0,55,No,0,5.0
FD-102081,2025-10-19 18:34,PECHS,Karahi,Rainy,Jam,Car,4.06,7,2499.0,38.0,4.0,8,80.0,55,Yes,0,3.0
FD-102055,2026-02-01 07:33,Malir,BBQ,Clear,Jam,Motorbike,2.98,7,4466.0,29.0,4.5,28,48.0,55,No,150,5.0
FD-101799,2026-03-20 03:03,Clifton,Fast Food,Dusty,Low,Motorbike,3.9,7,4186.0,27.0,4.4,35,45.0,55,No,150,5.0
FD-100051,2026-04-02 12:57,PECHS,Chinese,Clear,Low,Motorbike,2.49,3,2672.0,21.0,4.4,1,23.0,55,No,200,4.0
FD-100745,2025-10-13 13:23,Clifton,Fast Food,Clear,Medium,Motorbike,3.11,3,2245.0,22.0,4.8,16,37.0,55,No,0,4.0
FD-100125,2026-04-01 10:54,PECHS,Fast Food,Clear,Low,Car,2.7,6,2519.0,29.0,4.4,11,38.0,55,No,50,5.0
FD-102385,2026-03-28 00:12,DHA,Karahi,Clear,Medium,Motorbike,1.18,6,4969.0,42.0,4.4,24,47.0,55,No,0,4.0
FD-101154,2026-05-04 08:39,North Nazimabad,Chinese,Clear,Low,Motorbike,3.52,4,3150.0,25.0,4.3,40,30.0,55,No,50,5.0
FD-100423,2026-04-16 17:33,Korangi,Chinese,Windy,Medium,Car,4.22,8,6233.0,29.0,4.5,38,46.0,55,No,100,5.0
FD-100163,2026-01-19 07:06,Saddar,Chinese,Hot,Jam,Motorbike,6.92,2,1753.0,15.0,4.6,40,59.0,70,No,0,5.0
FD-100318,2026-05-02 02:14,Clifton,BBQ,Windy,Jam,Motorbike,7.26,6,5134.0,41.0,4.2,30,90.0,70,Yes,0,5.0
FD-100763,2025-11-08 09:59,Malir,Fast Food,Clear,Medium,Motorbike,5.87,4,2833.0,22.0,4.4,33,42.0,55,No,150,5.0
FD-100579,2025-11-28 11:36,Clifton,Chinese,Clear,Low,Motorbike,1.75,5,3975.0,16.0,4.6,4,20.0,55,No,0,5.0
FD-100634,2025-08-14 01:39,Malir,Karahi,Rainy,High,Motorbike,1.4,5,3275.0,33.0,4.4,21,56.0,55,Yes,0,4.0
FD-102287,2026-01-21 07:30,DHA,Desserts,Clear,Low,Motorbike,10.64,1,803.0,14.0,4.7,37,45.0,70,No,50,5.0
FD-100914,2025-09-10 08:13,PECHS,BBQ,Windy,Medium,Motorbike,7.45,6,3356.0,30.0,4.7,39,62.0,70,No,0,4.0
FD-100612,2025-11-06 17:06,Korangi,Chinese,Hot,Low,Car,12.89,1,625.0,11.0,4.6,18,54.0,70,No,150,5.0
FD-100361,2026-03-25 16:57,PECHS,BBQ,Clear,Low,Motorbike,3.2,1,358.0,21.0,4.1,8,21.0,55,No,0,5.0
FD-100609,2025-07-21 22:32,PECHS,Biryani,Clear,Medium,Car,8.93,2,1398.0,23.0,4.6,53,70.0,70,No,0,5.0
FD-101659,2026-06-09 10:30,Clifton,Chinese,Hot,Medium,Car,5.04,7,4560.0,31.0,4.2,42,62.0,55,Yes,0,4.0
FD-101945,2025-12-08 00:43,Saddar,Chinese,Windy,Low,Motorbike,6.66,1,739.0,25.0,4.2,0,34.0,70,No,0,5.0
FD-100458,2026-05-08 11:06,Gulshan-e-Iqbal,Chinese,Dusty,High,Motorbike,3.54,3,2700.0,18.0,4.5,55,34.0,55,No,200,5.0
FD-100517,2025-12-21 07:08,Malir,Desserts,Clear,Low,Motorbike,5.21,5,2893.0,26.0,4.8,10,36.0,55,No,0,5.0
FD-100383,2026-04-04 00:23,Gulshan-e-Iqbal,BBQ,Rainy,Low,Motorbike,8.46,8,5563.0,38.0,3.5,45,83.0,70,Yes,0,4.0
FD-100426,2025-09-30 01:15,Gulshan-e-Iqbal,Fast Food,Clear,Low,Motorbike,1.38,3,1492.0,11.0,3.6,38,20.0,55,No,100,5.0
FD-101967,2025-12-21 12:39,DHA,Fast Food,Clear,Medium,Motorbike,2.86,3,2593.0,18.0,4.8,35,23.0,55,No,100,4.0
FD-102357,2026-02-10 21:54,Korangi,Chinese,Windy,High,Motorbike,7.64,5,3875.0,31.0,4.4,7,82.0,70,Yes,0,4.0
FD-101852,2026-02-02 05:03,Korangi,BBQ,Windy,High,Motorbike,8.8,2,1461.0,23.0,4.4,38,65.0,70,No,0,4.0
FD-101818,2025-07-01 06:16,Gulshan-e-Iqbal,BBQ,Clear,Low,Bicycle,6.88,4,2711.0,27.0,3.9,24,64.0,70,No,0,4.0
FD-101229,2025-09-17 19:08,DHA,Fast Food,Rainy,Medium,Bicycle,13.07,5,3967.0,29.0,4.6,31,205.0,70,Yes,0,1.0
FD-102437,2025-10-15 17:13,Gulshan-e-Iqbal,Biryani,Clear,Low,Car,1.09,7,6260.0,27.0,4.1,18,32.0,55,No,0,4.0
FD-101899,2026-05-25 21:38,DHA,Karahi,Clear,Medium,Motorbike,3.68,6,5008.0,31.0,4.1,20,54.0,55,No,0,5.0
FD-102142,2025-12-12 07:54,Korangi,Karahi,Windy,Medium,Car,5.64,2,1124.0,25.0,4.4,35,46.0,55,No,0,5.0
FD-100462,2025-12-01 11:21,Clifton,Biryani,Dusty,Medium,Motorbike,1.84,5,3212.0,20.0,4.9,8,27.0,55,No,0,5.0
FD-100319,2026-01-25 10:45,Gulshan-e-Iqbal,Fast Food,Clear,Jam,Motorbike,5.26,4,3521.0,28.0,4.4,21,62.0,55,Yes,0,4.0
FD-100175,2026-05-12 16:35,Korangi,Fast Food,Clear,Medium,Car,2.03,7,4296.0,24.0,4.4,9,35.0,55,No,0,4.0
FD-101052,2026-03-21 02:07,PECHS,Chinese,Hot,Low,Motorbike,5.25,6,2117.0,34.0,4.1,6,47.0,55,No,50,5.0
FD-100557,2025-10-05 13:00,Clifton,Chinese,Clear,Medium,Motorbike,3.91,1,679.0,14.0,4.4,41,32.0,55,No,150,5.0
FD-102088,2026-02-04 19:36,PECHS,Biryani,Dusty,Low,Motorbike,1.61,2,806.0,17.0,4.2,16,18.0,55,No,0,5.0
FD-101122,2026-05-07 12:50,Clifton,Biryani,Dusty,Medium,Motorbike,10.81,4,2852.0,27.0,4.9,7,69.0,70,No,0,5.0
FD-100824,2026-01-30 22:27,North Nazimabad,Chinese,Clear,Medium,Bicycle,6.98,7,3980.0,36.0,4.4,46,86.0,70,Yes,0,4.0
FD-101783,2025-07-17 16:22,Clifton,Desserts,Clear,Low,Motorbike,5.1,8,6369.0,34.0,4.4,0,54.0,55,No,150,5.0
FD-102496,2025-08-18 15:38,North Nazimabad,Karahi,Clear,Low,Motorbike,3.72,2,1213.0,23.0,3.9,21,35.0,55,No,0,5.0
FD-102005,2026-01-04 02:18,Clifton,Pizza,Clear,High,Motorbike,6.11,4,2682.0,25.0,4.9,42,57.0,70,No,0,5.0
FD-100570,2026-04-11 07:48,Gulshan-e-Iqbal,Biryani,Clear,High,Motorbike,7.52,2,1609.0,20.0,4.1,52,64.0,70,No,0,5.0
FD-100371,2025-10-19 19:22,Clifton,Pizza,Clear,Low,Bicycle,6.09,2,1652.0,13.0,4.8,34,48.0,70,No,0,5.0
FD-100343,2026-05-20 04:03,Korangi,Fast Food,Hot,Low,Motorbike,4.15,6,4159.0,28.0,4.4,59,38.0,55,No,0,5.0
FD-101022,2025-10-09 07:54,Korangi,Fast Food,Clear,Medium,Motorbike,11.69,2,1198.0,14.0,4.0,59,55.0,70,No,100,4.0
FD-101164,2025-11-20 21:06,Malir,Fast Food,Rainy,Low,Motorbike,3.04,5,3357.0,24.0,4.0,54,48.0,55,No,50,5.0
FD-101370,2025-07-03 09:49,Saddar,Karahi,Clear,Medium,Car,3.16,7,3446.0,33.0,4.0,47,47.0,55,No,0,5.0
FD-101296,2025-08-14 04:22,Malir,Fast Food,Clear,High,Motorbike,6.67,3,1647.0,25.0,4.2,56,51.0,70,No,150,5.0
FD-101824,2025-11-26 09:53,North Nazimabad,Desserts,Dusty,Medium,Motorbike,1.93,1,894.0,24.0,3.9,13,39.0,55,No,200,5.0
FD-102348,2025-07-09 11:47,Clifton,Karahi,Clear,Low,Motorbike,5.96,2,811.0,28.0,4.4,57,44.0,55,No,0,5.0
FD-100991,2025-09-26 12:50,Clifton,Desserts,Windy,Low,Motorbike,7.23,4,2083.0,25.0,4.9,28,40.0,70,No,0,5.0
FD-100166,2025-07-23 09:21,North Nazimabad,BBQ,Dusty,Medium,Car,3.78,2,1154.0,28.0,3.7,8,50.0,55,No,0,5.0
FD-100247,2025-07-08 14:19,PECHS,Pizza,Clear,Medium,Motorbike,9.95,6,5221.0,23.0,4.4,24,69.0,70,No,0,4.0
FD-102199,2026-05-04 05:04,Saddar,Chinese,Clear,Medium,Motorbike,4.13,5,4251.0,16.0,4.7,25,29.0,55,No,200,4.0
FD-101667,2026-03-21 03:23,Gulshan-e-Iqbal,Karahi,Clear,Medium,Motorbike,2.86,7,4554.0,39.0,5.0,47,49.0,55,No,100,5.0
FD-100998,2025-11-10 07:44,Clifton,Desserts,Rainy,Medium,Bicycle,5.05,1,595.0,12.0,4.1,29,58.0,55,Yes,0,5.0
FD-101890,2026-05-31 02:33,Saddar,Biryani,Clear,Medium,Car,3.32,8,5701.0,31.0,5.0,40,41.0,55,No,50,5.0
FD-101292,2026-04-08 03:03,Clifton,Karahi,Hot,Low,Bicycle,2.52,5,1830.0,24.0,4.2,7,33.0,55,No,0,5.0
FD-100889,2025-07-20 02:45,Gulshan-e-Iqbal,Biryani,Hot,Medium,Motorbike,3.22,3,2489.0,19.0,4.6,59,26.0,55,No,150,5.0
FD-100341,2025-09-22 04:30,Malir,BBQ,Hot,Low,Motorbike,3.41,4,2093.0,39.0,4.6,50,45.0,55,No,0,5.0
FD-102285,2025-08-14 21:22,PECHS,Pizza,Rainy,Low,Bicycle,2.32,8,4408.0,31.0,4.1,18,63.0,55,Yes,0,5.0
FD-102353,2025-12-02 07:36,Clifton,Chinese,Clear,High,Motorbike,2.53,2,1025.0,8.0,4.3,37,21.0,55,No,50,5.0
FD-102335,2026-04-17 15:54,PECHS,Biryani,Hot,Jam,Motorbike,2.21,4,3532.0,23.0,4.3,13,39.0,55,No,0,5.0
FD-100336,2026-04-27 11:36,Clifton,Chinese,Rainy,Medium,Car,7.07,2,760.0,27.0,5.0,6,69.0,70,No,150,5.0
FD-101927,2026-05-20 23:54,Saddar,Chinese,Clear,High,Motorbike,2.84,2,986.0,20.0,4.8,1,36.0,55,No,0,5.0
FD-101728,2025-09-16 21:05,PECHS,Desserts,Clear,High,Car,6.46,5,3394.0,28.0,4.2,22,72.0,70,Yes,0,5.0
FD-101887,2026-03-08 09:53,North Nazimabad,Fast Food,Clear,Medium,Bicycle,6.53,5,1889.0,22.0,4.5,44,64.0,70,No,0,5.0
FD-101158,2026-01-15 22:53,Clifton,BBQ,Clear,High,Bicycle,5.48,5,3846.0,37.0,4.5,40,94.0,55,Yes,0,3.0
FD-100969,2026-05-29 09:21,Clifton,Pizza,Hot,Jam,Motorbike,5.41,8,6775.0,32.0,3.8,46,70.0,55,Yes,0,4.0
FD-100006,2026-05-12 17:43,Saddar,Desserts,Clear,Jam,Motorbike,5.01,3,1550.0,15.0,4.2,6,54.0,55,No,0,5.0
FD-100727,2026-04-21 02:18,Malir,Biryani,Windy,Low,Motorbike,2.72,5,2015.0,29.0,5.0,4,37.0,55,No,150,5.0
FD-100039,2025-08-29 02:12,Malir,Desserts,Rainy,Low,Motorbike,9.97,8,2961.0,29.0,4.6,47,77.0,70,Yes,0,4.0
FD-100587,2026-01-10 13:47,Gulshan-e-Iqbal,Chinese,Rainy,High,Motorbike,7.64,2,1548.0,20.0,4.6,14,79.0,70,Yes,0,4.0
FD-101469,2026-03-13 00:12,Gulshan-e-Iqbal,Biryani,Clear,Low,Motorbike,7.05,4,1922.0,18.0,4.4,55,34.0,70,No,100,4.0
FD-102061,2025-08-24 02:19,Korangi,Biryani,Windy,Low,Motorbike,4.17,6,3321.0,30.0,4.5,22,45.0,55,No,0,5.0
FD-101312,2026-05-22 13:14,DHA,Chinese,Hot,Low,Motorbike,4.9,6,2479.0,26.0,4.2,14,49.0,55,No,0,5.0
FD-101608,2026-04-05 09:08,Clifton,Pizza,Dusty,High,Motorbike,10.73,1,837.0,19.0,4.2,28,83.0,70,Yes,0,4.0
FD-102002,2025-10-27 23:51,North Nazimabad,Desserts,Clear,High,Motorbike,3.25,1,817.0,20.0,3.9,18,33.0,55,No,0,5.0
FD-101802,2026-03-06 03:34,Gulshan-e-Iqbal,Biryani,Dusty,Jam,Motorbike,6.48,5,2608.0,16.0,4.4,38,61.0,70,No,0,5.0
FD-102256,2025-08-16 22:01,Saddar,BBQ,Hot,Low,Car,2.25,6,4532.0,34.0,3.7,4,50.0,55,No,0,5.0
FD-101314,2025-09-26 04:01,Korangi,Fast Food,Hot,High,Car,3.51,6,2283.0,28.0,4.9,50,42.0,55,No,0,5.0
FD-100887,2025-10-28 23:25,Korangi,Chinese,Hot,Jam,Motorbike,8.47,2,1491.0,22.0,4.2,15,82.0,70,Yes,0,5.0
FD-100092,2025-07-07 06:25,Malir,Desserts,Hot,Medium,Motorbike,1.07,2,1358.0,15.0,4.3,29,24.0,55,No,150,5.0
FD-100623,2026-04-10 12:01,DHA,Fast Food,Rainy,Medium,Motorbike,3.87,1,586.0,15.0,4.6,11,39.0,55,No,0,5.0
FD-102442,2026-05-18 07:32,DHA,Chinese,Clear,Medium,Car,4.51,3,1772.0,27.0,3.6,11,51.0,55,No,100,4.0
FD-101027,2026-03-28 01:45,Gulshan-e-Iqbal,Desserts,Windy,Medium,Motorbike,9.68,3,2436.0,25.0,5.0,34,63.0,70,No,200,5.0
FD-101347,2025-10-24 22:41,Clifton,Karahi,Hot,High,Motorbike,2.18,7,4721.0,28.0,3.9,36,53.0,55,No,0,5.0
FD-100632,2025-10-20 15:10,Gulshan-e-Iqbal,Fast Food,Clear,Medium,Motorbike,5.34,8,5750.0,32.0,4.1,48,49.0,55,No,0,5.0
FD-100767,2026-05-19 12:54,Clifton,BBQ,Clear,High,Motorbike,10.03,2,1771.0,26.0,3.8,55,74.0,70,Yes,0,5.0
FD-101251,2026-02-22 20:00,DHA,Pizza,Dusty,Medium,Motorbike,8.26,7,4470.0,31.0,3.8,46,74.0,70,Yes,0,5.0
FD-101184,2025-08-23 06:38,North Nazimabad,Chinese,Hot,High,Motorbike,6.95,8,4418.0,27.0,4.9,44,59.0,70,No,200,5.0
FD-101808,2026-05-18 08:19,North Nazimabad,Desserts,Clear,Medium,Motorbike,2.3,2,1091.0,11.0,4.3,8,20.0,55,No,150,5.0
FD-100155,2025-07-12 01:02,Gulshan-e-Iqbal,Chinese,Hot,High,Motorbike,8.84,8,6586.0,30.0,4.0,10,77.0,70,Yes,0,5.0
FD-100007,2025-10-31 01:48,Clifton,Chinese,Dusty,Medium,Car,2.59,8,4172.0,33.0,4.8,7,37.0,55,No,100,5.0
FD-102312,2025-10-01 07:51,Saddar,Pizza,Dusty,Medium,Motorbike,14.31,8,6117.0,28.0,4.4,50,85.0,70,Yes,0,3.0
FD-101337,2026-02-09 13:51,Clifton,Karahi,Clear,Low,Motorbike,5.88,3,1449.0,33.0,4.7,36,56.0,55,Yes,0,4.0
FD-101206,2025-10-26 22:07,Saddar,Biryani,Hot,Low,Motorbike,3.15,4,1841.0,24.0,4.4,34,38.0,55,No,0,5.0
FD-100269,2026-04-14 08:59,Gulshan-e-Iqbal,Biryani,Hot,Low,Motorbike,3.53,6,4719.0,28.0,4.3,58,37.0,55,No,100,4.0
FD-100045,2025-11-19 16:12,Saddar,Chinese,Hot,Low,Motorbike,2.68,8,4944.0,26.0,4.7,33,36.0,55,No,50,5.0
FD-100896,2026-03-24 15:20,Saddar,Karahi,Hot,High,Motorbike,2.88,2,1553.0,33.0,4.3,31,51.0,55,No,0,5.0
FD-101589,2026-05-16 09:48,Malir,Fast Food,Clear,Low,Motorbike,4.09,2,1218.0,19.0,4.6,4,28.0,55,No,0,5.0
FD-100752,2026-05-04 08:31,Malir,Karahi,Clear,Jam,Motorbike,6.21,6,4374.0,36.0,4.0,16,86.0,70,Yes,0,4.0
FD-100617,2025-08-25 07:01,Gulshan-e-Iqbal,Desserts,Hot,Jam,Motorbike,2.02,5,1898.0,32.0,4.2,8,46.0,55,No,200,5.0
FD-100390,2025-09-06 03:16,Clifton,Fast Food,Dusty,Low,Motorbike,2.92,4,3555.0,33.0,4.0,8,47.0,55,No,0,5.0
FD-100301,2025-08-15 15:44,Korangi,Pizza,Rainy,Low,Motorbike,3.95,3,1960.0,23.0,4.3,40,48.0,55,No,0,5.0
FD-101015,2026-03-28 12:03,North Nazimabad,Pizza,Hot,Medium,Motorbike,9.1,3,2216.0,17.0,4.4,22,56.0,70,No,0,5.0
FD-101471,2026-01-04 15:09,PECHS,Desserts,Rainy,Medium,Car,3.98,5,2348.0,21.0,4.6,4,49.0,55,No,200,4.0
FD-100972,2026-04-16 10:31,Malir,Karahi,Clear,Low,Car,4.17,7,4086.0,41.0,4.5,22,56.0,55,Yes,0,5.0
FD-101710,2026-06-28 16:40,Malir,Pizza,Clear,Medium,Motorbike,4.33,3,2679.0,21.0,4.5,56,38.0,55,No,0,5.0
FD-102284,2025-07-11 18:01,Saddar,Biryani,Clear,Medium,Motorbike,6.09,4,3570.0,16.0,4.4,26,43.0,70,No,0,5.0
FD-101397,2026-04-05 10:04,PECHS,Biryani,Clear,Medium,Motorbike,8.54,4,3239.0,28.0,4.7,58,58.0,70,No,0,5.0
FD-101391,2025-08-20 11:07,Gulshan-e-Iqbal,Karahi,Dusty,Medium,Motorbike,0.79,7,4659.0,25.0,4.4,58,43.0,55,No,0,5.0
FD-101509,2025-12-28 22:43,Gulshan-e-Iqbal,BBQ,Hot,Low,Motorbike,4.92,8,4069.0,40.0,4.1,12,69.0,55,Yes,0,5.0
FD-102182,2025-12-14 01:39,Korangi,Biryani,Clear,Medium,Motorbike,1.27,6,4502.0,33.0,3.8,19,40.0,55,No,0,5.0
FD-100749,2025-09-08 02:41,DHA,BBQ,Clear,High,Bicycle,12.3,7,2477.0,49.0,4.2,48,161.0,70,Yes,0,1.0
FD-102415,2025-11-25 16:29,Gulshan-e-Iqbal,Chinese,Windy,Medium,Motorbike,3.04,3,1771.0,25.0,4.5,37,42.0,55,No,0,5.0
FD-100794,2025-08-25 14:08,Korangi,Pizza,Clear,Medium,Motorbike,4.33,2,1113.0,21.0,4.3,44,42.0,55,No,100,5.0
FD-100572,2026-01-28 05:06,Korangi,Fast Food,Clear,High,Motorbike,2.41,8,3709.0,36.0,4.9,3,44.0,55,No,0,5.0
FD-101200,2025-10-18 00:38,Malir,Karahi,Clear,High,Car,1.97,2,1079.0,25.0,4.1,52,30.0,55,No,0,4.0
FD-100069,2026-04-23 02:05,DHA,BBQ,Clear,Low,Motorbike,7.61,5,4453.0,34.0,4.4,11,55.0,70,No,200,4.0
FD-100313,2026-01-24 17:26,PECHS,Desserts,Windy,Medium,Car,5.28,4,1781.0,24.0,5.0,28,53.0,55,No,0,5.0
FD-101615,2025-09-10 12:32,DHA,Karahi,Clear,High,Motorbike,2.64,2,1744.0,26.0,4.4,41,38.0,55,No,200,5.0
FD-100564,2026-03-26 19:45,North Nazimabad,Fast Food,Clear,Medium,Motorbike,4.61,5,3724.0,33.0,4.6,15,49.0,55,No,150,5.0
FD-100851,2025-09-20 15:43,Saddar,Biryani,Hot,Medium,Motorbike,2.47,4,3562.0,12.0,4.4,44,22.0,55,No,200,4.0
FD-102074,2025-10-30 17:42,PECHS,Biryani,Clear,High,Motorbike,6.96,5,4048.0,17.0,4.3,15,45.0,70,No,0,4.0
FD-102166,2026-03-02 12:59,DHA,Chinese,Clear,Low,Motorbike,8.82,8,3136.0,25.0,4.4,1,56.0,70,No,100,4.0
FD-101085,2025-08-17 15:41,PECHS,Fast Food,Clear,Low,Motorbike,2.57,5,1865.0,23.0,5.0,13,23.0,55,No,0,5.0
FD-100489,2025-10-28 16:32,Korangi,Fast Food,Clear,Jam,Motorbike,4.62,3,1669.0,11.0,4.4,42,40.0,55,No,0,5.0
FD-101083,2025-07-25 12:33,Saddar,Fast Food,Clear,Jam,Motorbike,3.52,4,2542.0,16.0,4.9,55,33.0,55,No,0,5.0
FD-101869,2026-06-16 02:37,Gulshan-e-Iqbal,Karahi,Hot,Low,Motorbike,0.92,3,2297.0,24.0,4.6,52,27.0,55,No,0,5.0
FD-100200,2026-06-14 12:12,Malir,Karahi,Clear,Low,Motorbike,2.86,5,2108.0,34.0,4.2,57,39.0,55,No,50,5.0
FD-101606,2026-04-18 23:00,Clifton,Chinese,Clear,Medium,Motorbike,4.32,4,2953.0,18.0,4.4,24,31.0,55,No,0,4.0
FD-100268,2026-06-08 19:15,Saddar,Pizza,Windy,Medium,Motorbike,4.58,2,1195.0,8.0,4.7,35,27.0,55,No,0,5.0
FD-101278,2025-08-27 21:18,Gulshan-e-Iqbal,Desserts,Clear,Medium,Motorbike,4.02,3,2361.0,18.0,4.5,16,38.0,55,No,150,5.0
FD-101255,2025-10-08 08:28,Korangi,Fast Food,Windy,Low,Bicycle,5.27,5,1903.0,26.0,4.7,4,68.0,55,Yes,0,4.0
FD-100137,2026-06-07 14:28,Saddar,Fast Food,Clear,Medium,Motorbike,9.75,1,634.0,22.0,4.6,13,70.0,70,No,0,5.0
FD-102350,2026-04-10 03:31,PECHS,Desserts,Rainy,Low,Car,5.44,7,5852.0,25.0,4.4,16,60.0,55,Yes,0,5.0
FD-101593,2026-06-25 12:52,Clifton,Pizza,Clear,High,Motorbike,4.0,5,2339.0,27.0,4.4,26,49.0,55,No,50,4.0
FD-102080,2025-08-27 16:48,DHA,Chinese,Hot,Medium,Motorbike,2.97,6,4793.0,26.0,4.1,25,38.0,55,No,0,5.0
FD-101081,2026-04-25 14:56,North Nazimabad,Karahi,Clear,Medium,Motorbike,2.68,8,6452.0,38.0,3.7,43,57.0,55,Yes,0,4.0
FD-100863,2026-05-17 18:04,PECHS,Fast Food,Clear,Jam,Bicycle,5.4,6,4753.0,21.0,4.2,11,92.0,55,Yes,0,3.0
FD-100147,2025-10-20 07:30,Saddar,Fast Food,Windy,Jam,Motorbike,7.89,4,3056.0,24.0,3.9,17,75.0,70,Yes,0,5.0
FD-100242,2026-04-11 22:59,North Nazimabad,Pizza,Hot,High,Motorbike,8.42,1,400.0,19.0,4.2,44,66.0,70,No,0,5.0
FD-101433,2025-08-18 00:50,PECHS,Biryani,Clear,Low,Motorbike,2.07,7,2808.0,26.0,4.6,1,37.0,55,No,0,5.0
FD-100367,2025-07-19 03:57,Clifton,Karahi,Clear,Medium,Car,1.57,3,1217.0,30.0,3.9,49,36.0,55,No,0,5.0
FD-100461,2026-06-18 15:01,Gulshan-e-Iqbal,Fast Food,Clear,Low,Motorbike,3.69,3,2287.0,20.0,4.3,10,28.0,55,No,0,5.0
FD-101026,2026-06-13 07:54,Saddar,Pizza,Windy,Low,Motorbike,6.57,3,1807.0,16.0,4.2,41,33.0,70,No,0,5.0
FD-100324,2026-06-16 13:44,PECHS,Fast Food,Dusty,High,Motorbike,3.32,6,2997.0,29.0,4.4,11,63.0,55,Yes,0,5.0
FD-101192,2025-08-06 10:05,Korangi,Biryani,Hot,Medium,Motorbike,2.25,7,5287.0,18.0,4.3,15,32.0,55,No,0,5.0
FD-100772,2025-07-05 20:49,DHA,Fast Food,Windy,Low,Motorbike,3.62,3,1628.0,24.0,4.5,53,35.0,55,No,0,5.0
FD-101907,2025-07-27 04:55,Saddar,Karahi,Hot,Medium,Motorbike,2.08,3,1362.0,24.0,4.3,33,26.0,55,No,0,5.0
FD-102445,2025-09-01 23:13,PECHS,BBQ,Clear,Low,Motorbike,4.85,5,3606.0,33.0,4.9,47,43.0,55,No,0,5.0
FD-102320,2025-07-14 13:59,Korangi,Pizza,Clear,Medium,Motorbike,3.29,5,2666.0,26.0,4.2,47,53.0,55,No,150,5.0
FD-101853,2026-01-02 01:21,Saddar,Desserts,Clear,High,Motorbike,3.2,7,4901.0,32.0,4.5,22,41.0,55,No,0,5.0
FD-100788,2025-08-27 09:28,Gulshan-e-Iqbal,Fast Food,Windy,Medium,Car,3.0,2,1177.0,19.0,4.6,58,31.0,55,No,0,5.0
FD-100065,2026-04-23 09:46,Clifton,BBQ,Hot,Low,Motorbike,6.21,8,6093.0,40.0,4.5,56,57.0,70,No,0,5.0
FD-100246,2025-08-18 13:00,Clifton,Desserts,Clear,Medium,Motorbike,5.24,2,1224.0,19.0,4.4,19,43.0,55,No,0,5.0
FD-100964,2026-04-28 02:56,Saddar,Fast Food,Windy,Medium,Motorbike,6.7,7,5617.0,22.0,4.9,33,44.0,70,No,50,5.0
FD-100295,2026-05-17 01:11,Clifton,Chinese,Hot,High,Motorbike,1.07,6,2658.0,21.0,4.3,1,29.0,55,No,150,5.0
FD-101387,2025-08-14 07:56,Malir,Pizza,Clear,High,Bicycle,9.66,3,1341.0,24.0,4.6,54,106.0,70,Yes,0,3.0
FD-100854,2025-09-22 01:50,Gulshan-e-Iqbal,Fast Food,Clear,Medium,Motorbike,2.6,5,1929.0,30.0,4.4,47,41.0,55,No,0,5.0
FD-100433,2026-04-07 02:04,Gulshan-e-Iqbal,Pizza,Windy,Medium,Motorbike,3.65,4,1729.0,27.0,4.0,48,44.0,55,No,0,4.0
FD-100637,2025-12-03 15:47,Korangi,Pizza,Clear,Low,Motorbike,4.14,3,1294.0,17.0,4.1,43,22.0,55,No,200,4.0
FD-100676,2026-01-09 04:36,North Nazimabad,Fast Food,Clear,Jam,Car,6.74,1,625.0,16.0,4.8,16,71.0,70,Yes,0,5.0
FD-102433,2026-05-11 20:13,North Nazimabad,Pizza,Hot,Medium,Motorbike,6.65,1,867.0,29.0,4.5,18,56.0,70,No,0,5.0
FD-100277,2026-04-23 14:13,Clifton,Fast Food,Clear,Low,Motorbike,9.66,1,575.0,21.0,4.8,43,50.0,70,No,50,5.0
FD-101102,2025-10-20 15:05,PECHS,Desserts,Clear,Medium,Motorbike,10.1,1,404.0,25.0,4.7,22,55.0,70,No,0,5.0
FD-100757,2025-10-16 04:15,Clifton,BBQ,Clear,Low,Car,4.33,7,6135.0,38.0,3.9,46,58.0,55,Yes,0,5.0
FD-100477,2026-01-08 00:18,Malir,Fast Food,Clear,Low,Motorbike,3.14,1,718.0,19.0,4.5,35,26.0,55,No,50,5.0
FD-100126,2026-02-14 01:02,Saddar,Desserts,Dusty,High,Motorbike,1.54,1,351.0,18.0,4.1,18,32.0,55,No,0,4.0
FD-101174,2026-02-07 20:25,Gulshan-e-Iqbal,Chinese,Clear,Jam,Motorbike,3.54,2,1587.0,18.0,4.7,44,45.0,55,No,0,5.0
FD-101408,2025-10-27 05:41,Korangi,Karahi,Clear,Low,Car,4.27,6,2426.0,33.0,4.9,22,48.0,55,No,100,4.0
FD-102377,2026-01-30 21:46,Korangi,Pizza,Clear,High,Motorbike,1.17,6,3734.0,30.0,4.4,34,36.0,55,No,0,5.0
FD-100459,2026-05-11 16:23,Gulshan-e-Iqbal,Desserts,Rainy,Low,Motorbike,3.06,5,1935.0,19.0,4.4,9,44.0,55,No,0,5.0
FD-102471,2025-08-04 14:55,Gulshan-e-Iqbal,Karahi,Dusty,Medium,Motorbike,5.83,3,2334.0,25.0,3.8,56,57.0,55,Yes,0,5.0
FD-100838,2026-04-29 18:45,PECHS,Desserts,Rainy,Low,Motorbike,7.6,6,3989.0,33.0,3.7,52,72.0,70,Yes,0,5.0
FD-100798,2026-05-22 17:17,Korangi,Karahi,Rainy,Medium,Motorbike,2.58,7,5775.0,37.0,4.6,16,60.0,55,Yes,0,5.0
FD-101095,2025-08-18 20:34,Gulshan-e-Iqbal,BBQ,Clear,Jam,Motorbike,2.06,4,2192.0,25.0,4.3,13,48.0,55,No,50,4.0
FD-100304,2025-12-31 00:07,PECHS,BBQ,Windy,High,Motorbike,4.42,8,5256.0,36.0,3.9,42,55.0,55,No,0,5.0
FD-101714,2025-12-14 08:27,Gulshan-e-Iqbal,Pizza,Clear,Medium,Car,3.16,5,2481.0,28.0,4.7,33,42.0,55,No,100,5.0
FD-101313,2025-07-09 09:19,Korangi,Desserts,Rainy,Low,Motorbike,7.64,6,4881.0,32.0,5.0,24,63.0,70,No,0,5.0
FD-100224,2026-03-20 15:22,Saddar,Pizza,Hot,Low,Bicycle,4.42,2,1372.0,25.0,4.5,49,49.0,55,No,150,5.0
FD-102013,2026-04-11 13:36,Gulshan-e-Iqbal,BBQ,Hot,Low,Motorbike,7.19,1,686.0,14.0,4.3,12,42.0,70,No,100,5.0
FD-101492,2026-06-02 23:18,Clifton,Chinese,Clear,Low,Motorbike,6.27,4,3167.0,16.0,4.2,28,39.0,70,No,150,5.0
FD-101295,2025-12-04 14:40,Gulshan-e-Iqbal,Karahi,Hot,Medium,Motorbike,1.86,7,4154.0,29.0,4.0,19,36.0,55,No,200,5.0
FD-101925,2026-03-27 00:35,PECHS,Biryani,Dusty,Low,Car,3.23,8,6794.0,40.0,4.2,42,58.0,55,Yes,0,5.0
FD-100441,2025-09-30 07:10,DHA,Biryani,Hot,Low,Motorbike,4.07,5,3754.0,30.0,4.2,29,33.0,55,No,50,5.0
FD-102098,2026-02-22 19:01,North Nazimabad,Chinese,Clear,High,Motorbike,3.58,4,3520.0,13.0,4.1,22,35.0,55,No,0,5.0
FD-100281,2026-02-14 05:27,Gulshan-e-Iqbal,Pizza,Hot,High,Bicycle,2.19,5,2234.0,27.0,4.4,41,50.0,55,No,0,5.0
FD-100265,2026-01-05 06:10,Korangi,Karahi,Hot,High,Motorbike,11.2,8,3452.0,39.0,5.0,44,90.0,70,Yes,0,3.0
FD-101241,2026-02-22 03:45,Clifton,BBQ,Windy,High,Motorbike,5.07,2,830.0,18.0,3.7,14,45.0,55,No,0,5.0
FD-100490,2026-01-03 15:28,Malir,Desserts,Rainy,Medium,Motorbike,3.57,4,2075.0,25.0,4.3,48,51.0,55,No,50,4.0
FD-101948,2025-10-21 21:18,Korangi,Pizza,Hot,Medium,Motorbike,12.15,5,2211.0,23.0,4.4,48,81.0,70,Yes,0,4.0
FD-101805,2025-11-12 00:21,DHA,Karahi,Clear,Low,Motorbike,7.31,8,4856.0,43.0,4.5,0,63.0,70,No,150,4.0
FD-100073,2026-04-19 04:31,Malir,Pizza,Rainy,Medium,Motorbike,1.74,4,3104.0,31.0,4.0,12,46.0,55,No,200,5.0
FD-102107,2025-12-06 08:27,Gulshan-e-Iqbal,Karahi,Clear,Jam,Motorbike,3.43,5,4394.0,31.0,4.4,20,54.0,55,No,0,5.0
FD-100056,2025-12-15 06:14,Gulshan-e-Iqbal,Fast Food,Hot,Low,Car,6.32,5,2869.0,22.0,4.3,40,43.0,70,No,0,5.0
FD-100818,2026-03-02 00:29,Malir,BBQ,Clear,High,Car,3.04,5,3375.0,31.0,3.9,16,53.0,55,No,0,5.0
FD-100352,2026-03-03 16:24,PECHS,Chinese,Clear,Medium,Motorbike,15.08,2,1737.0,17.0,4.3,7,81.0,70,Yes,0,4.0
FD-101726,2026-04-12 20:38,Gulshan-e-Iqbal,BBQ,Clear,High,Motorbike,2.17,7,5205.0,37.0,5.0,8,53.0,55,No,0,5.0
FD-101021,2025-08-11 17:48,Korangi,Desserts,Hot,Low,Motorbike,3.5,6,3678.0,29.0,4.3,13,45.0,55,No,100,5.0
FD-100158,2026-04-07 15:36,Saddar,Fast Food,Clear,Low,Motorbike,4.55,3,1364.0,19.0,4.9,33,32.0,55,No,150,5.0
FD-101743,2026-04-18 18:58,DHA,Fast Food,Clear,High,Motorbike,1.44,5,3890.0,25.0,5.0,30,34.0,55,No,0,5.0
FD-100024,2026-06-20 10:31,Malir,Pizza,Hot,High,Motorbike,5.39,2,813.0,9.0,4.4,55,32.0,55,No,0,4.0
FD-100783,2025-11-25 18:31,North Nazimabad,Chinese,Clear,High,Motorbike,2.25,8,6656.0,34.0,3.9,45,44.0,55,No,0,5.0
FD-100649,2026-02-27 21:46,DHA,Desserts,Clear,Low,Motorbike,1.65,8,5071.0,26.0,4.4,14,35.0,55,No,100,5.0
FD-101426,2026-05-13 06:43,DHA,Desserts,Clear,High,Motorbike,4.98,1,424.0,24.0,4.4,0,46.0,55,No,200,5.0
FD-102222,2026-02-28 15:45,Malir,Fast Food,Clear,Medium,Car,3.71,2,1526.0,16.0,4.6,48,28.0,55,No,200,5.0
FD-101063,2025-12-25 02:19,PECHS,Karahi,Clear,Low,Motorbike,7.07,3,1603.0,31.0,4.3,14,49.0,70,No,100,5.0
FD-101905,2026-05-28 04:44,PECHS,Biryani,Rainy,Medium,Motorbike,3.1,2,1714.0,15.0,4.1,14,40.0,55,No,200,5.0
FD-100860,2026-02-20 03:18,Gulshan-e-Iqbal,Karahi,Clear,High,Car,3.8,2,721.0,31.0,4.2,16,63.0,55,Yes,0,4.0
FD-100064,2026-03-09 20:00,North Nazimabad,Biryani,Clear,Jam,Motorbike,2.93,3,1958.0,23.0,4.8,53,47.0,55,No,150,5.0
FD-100986,2025-12-18 04:03,North Nazimabad,Desserts,Clear,Low,Motorbike,10.96,3,1418.0,20.0,4.1,58,52.0,70,No,0,5.0
FD-101567,2026-03-26 03:07,Korangi,Karahi,Clear,Jam,Motorbike,6.0,1,486.0,16.0,5.0,35,49.0,55,No,0,5.0
FD-100677,2025-10-07 16:09,Saddar,Karahi,Dusty,Jam,Bicycle,3.18,1,661.0,26.0,4.3,27,64.0,55,Yes,0,4.0
FD-101279,2025-08-18 18:48,PECHS,Biryani,Windy,Medium,Bicycle,7.11,8,4682.0,34.0,4.3,27,98.0,70,Yes,0,3.0
FD-100297,2026-05-10 03:30,PECHS,Fast Food,Clear,Low,Motorbike,5.72,4,2078.0,26.0,4.7,33,42.0,55,No,0,4.0
FD-101518,2025-08-01 12:03,North Nazimabad,Pizza,Hot,High,Motorbike,8.39,3,1799.0,21.0,4.5,15,68.0,70,No,0,5.0
FD-102248,2026-04-17 13:17,Korangi,Biryani,Hot,High,Motorbike,5.13,6,2617.0,22.0,4.5,22,51.0,55,No,100,5.0
FD-101394,2025-12-12 18:01,Gulshan-e-Iqbal,Fast Food,Dusty,Low,Car,3.65,1,530.0,5.0,4.5,21,23.0,55,No,0,5.0
FD-101323,2025-10-23 18:29,Malir,Biryani,Dusty,Medium,Motorbike,6.26,4,3461.0,27.0,5.0,36,53.0,70,No,0,5.0
FD-100217,2025-10-23 17:27,PECHS,Karahi,Clear,Low,Car,10.72,1,637.0,18.0,4.6,41,57.0,70,No,0,5.0
FD-101931,2026-04-26 07:22,Clifton,Desserts,Clear,Medium,Bicycle,8.91,2,1083.0,22.0,4.7,49,83.0,70,Yes,0,4.0
FD-101134,2025-12-08 13:36,DHA,Biryani,Dusty,High,Motorbike,3.72,7,3373.0,36.0,4.7,49,62.0,55,Yes,0,4.0
FD-100118,2026-04-13 18:52,DHA,Desserts,Clear,Medium,Motorbike,3.61,5,4294.0,25.0,4.5,57,37.0,55,No,0,5.0
FD-102308,2025-11-29 17:55,Gulshan-e-Iqbal,Pizza,Clear,Low,Motorbike,4.21,2,1335.0,23.0,3.9,21,38.0,55,No,200,5.0
FD-101620,2025-09-26 03:42,Malir,Pizza,Hot,Low,Car,4.23,2,860.0,22.0,4.6,8,41.0,55,No,50,5.0
FD-100182,2026-01-11 16:33,Korangi,Karahi,Clear,High,Motorbike,11.87,3,2552.0,25.0,4.4,11,85.0,70,Yes,0,4.0
FD-100733,2025-10-20 01:48,Clifton,Desserts,Clear,Jam,Motorbike,6.09,2,838.0,18.0,4.3,3,61.0,70,No,50,5.0
FD-102303,2025-08-18 17:59,PECHS,Biryani,Dusty,High,Car,12.01,8,6576.0,29.0,4.2,7,103.0,70,Yes,0,5.0
FD-101759,2025-12-26 07:42,Korangi,BBQ,Dusty,Low,Motorbike,4.08,1,394.0,22.0,4.4,34,40.0,55,No,200,4.0
FD-100252,2025-11-12 04:27,North Nazimabad,Fast Food,Rainy,Medium,Motorbike,12.42,8,6255.0,31.0,5.0,48,87.0,70,Yes,0,3.0
FD-101480,2025-09-28 01:13,Saddar,Karahi,Hot,Low,Car,4.22,2,1280.0,26.0,5.0,14,45.0,55,No,0,5.0
FD-101193,2025-11-02 22:36,Clifton,Karahi,Clear,High,Motorbike,3.07,3,1476.0,25.0,5.0,5,41.0,55,No,50,5.0
FD-100541,2025-08-03 09:22,North Nazimabad,Chinese,Clear,Medium,Car,1.48,1,355.0,14.0,3.8,44,24.0,55,No,200,5.0
FD-100797,2025-10-24 07:29,Clifton,Desserts,Dusty,Jam,Motorbike,5.1,8,5259.0,29.0,4.9,12,60.0,55,Yes,0,4.0
FD-101269,2025-12-14 02:47,PECHS,Chinese,Hot,Medium,Car,3.55,2,1094.0,20.0,4.8,4,37.0,55,No,0,5.0
FD-101639,2025-11-29 07:16,Clifton,Pizza,Rainy,Medium,Motorbike,5.53,7,4032.0,29.0,4.1,0,66.0,55,Yes,0,5.0
FD-101677,2025-10-23 21:24,Saddar,Fast Food,Rainy,Low,Motorbike,2.84,5,3254.0,28.0,4.4,13,57.0,55,Yes,0,5.0
FD-100989,2026-01-19 02:38,PECHS,Biryani,Clear,Medium,Bicycle,3.61,7,4762.0,32.0,4.7,24,57.0,55,Yes,0,5.0
FD-100259,2025-08-16 08:19,Korangi,Biryani,Hot,Medium,Motorbike,4.06,8,4021.0,31.0,4.8,3,46.0,55,No,0,4.0
FD-101468,2026-03-20 03:26,North Nazimabad,Chinese,Dusty,Jam,Motorbike,10.85,2,1666.0,25.0,4.3,47,86.0,70,Yes,0,4.0
FD-100995,2026-05-08 20:58,PECHS,Fast Food,Rainy,Low,Motorbike,3.54,3,2191.0,27.0,4.6,2,58.0,55,Yes,0,5.0
FD-100081,2025-09-14 17:26,Saddar,BBQ,Hot,Medium,Motorbike,5.23,7,5333.0,32.0,4.8,48,55.0,55,No,0,5.0
FD-100582,2025-07-28 03:21,PECHS,Desserts,Dusty,Low,Motorbike,5.26,8,4897.0,30.0,3.5,26,50.0,55,No,0,5.0
FD-102094,2025-12-07 15:47,Gulshan-e-Iqbal,Biryani,Hot,Medium,Motorbike,4.83,5,4150.0,25.0,3.9,10,51.0,55,No,150,5.0
FD-101545,2026-01-01 20:49,Clifton,Desserts,Dusty,Medium,Motorbike,2.79,6,2134.0,29.0,4.4,54,55.0,55,No,0,5.0
FD-100970,2025-08-28 12:22,North Nazimabad,Biryani,Clear,Low,Motorbike,5.24,7,4238.0,23.0,4.4,20,35.0,55,No,150,4.0
FD-102472,2026-03-27 01:31,Gulshan-e-Iqbal,Fast Food,Clear,Low,Motorbike,4.64,7,4247.0,24.0,4.4,27,42.0,55,No,0,5.0
FD-100951,2026-02-05 12:24,DHA,Chinese,Hot,Medium,Motorbike,3.58,3,2379.0,31.0,4.0,56,46.0,55,No,0,5.0
FD-100924,2026-02-09 05:02,PECHS,Fast Food,Hot,Jam,Motorbike,3.6,3,1870.0,28.0,4.5,0,54.0,55,No,50,5.0
FD-100954,2026-03-05 09:59,Saddar,Fast Food,Clear,Low,Motorbike,4.98,6,3002.0,25.0,4.7,12,42.0,55,No,200,5.0
FD-101655,2025-11-11 02:46,Korangi,BBQ,Clear,Low,Car,6.51,8,6302.0,34.0,4.6,14,67.0,70,No,200,5.0
FD-101610,2025-08-20 19:13,Malir,Pizza,Clear,Jam,Motorbike,3.67,2,1054.0,21.0,4.7,20,40.0,55,No,0,5.0
FD-102010,2025-10-18 19:40,North Nazimabad,BBQ,Rainy,Low,Car,2.33,1,708.0,25.0,4.3,44,46.0,55,No,50,4.0
FD-101205,2025-11-16 04:26,DHA,Desserts,Rainy,High,Motorbike,4.48,1,503.0,17.0,4.4,48,55.0,55,No,0,5.0
FD-100080,2026-04-22 15:24,DHA,Pizza,Clear,High,Motorbike,4.0,6,3587.0,28.0,4.0,19,48.0,55,No,100,4.0
FD-102204,2026-03-05 19:32,PECHS,BBQ,Hot,Low,Motorbike,6.65,8,5700.0,35.0,4.8,31,56.0,70,No,100,5.0
FD-102294,2025-07-02 05:16,Clifton,Biryani,Hot,Medium,Motorbike,9.28,4,3435.0,23.0,4.3,55,63.0,70,No,0,4.0
FD-101564,2026-06-09 00:39,Malir,Pizza,Windy,High,Bicycle,5.01,7,4927.0,30.0,4.4,46,82.0,55,Yes,0,3.0
FD-100228,2025-12-04 14:46,Saddar,Karahi,Hot,Low,Motorbike,4.49,3,2693.0,20.0,4.2,4,45.0,55,No,100,5.0
FD-100380,2026-06-30 13:39,DHA,Pizza,Clear,Low,Motorbike,3.42,5,4209.0,29.0,4.3,53,46.0,55,No,0,5.0
FD-102247,2026-05-24 20:51,Clifton,BBQ,Windy,Medium,Motorbike,4.93,3,1895.0,21.0,4.4,47,45.0,55,No,200,5.0
FD-100164,2025-12-28 12:30,Gulshan-e-Iqbal,Biryani,Hot,Medium,Motorbike,8.61,1,621.0,15.0,4.8,32,47.0,70,No,0,5.0
FD-101798,2025-12-09 11:11,Gulshan-e-Iqbal,Pizza,Clear,High,Motorbike,3.05,8,5823.0,33.0,4.1,6,46.0,55,No,0,5.0
FD-102015,2025-12-15 02:49,Malir,Fast Food,Clear,Medium,Car,3.86,1,452.0,17.0,4.0,8,32.0,55,No,150,5.0
FD-101815,2026-05-25 23:41,Korangi,BBQ,Hot,Jam,Motorbike,4.49,5,3159.0,37.0,4.1,39,66.0,55,Yes,0,5.0
FD-100185,2025-10-12 08:37,Malir,Fast Food,Clear,Medium,Motorbike,3.1,4,1633.0,21.0,4.1,24,32.0,55,No,0,5.0
FD-100093,2025-08-09 02:00,Saddar,BBQ,Clear,Medium,Car,9.3,6,4575.0,33.0,4.5,3,74.0,70,Yes,0,4.0
FD-101474,2025-07-17 05:06,PECHS,Desserts,Rainy,Medium,Bicycle,2.28,3,2008.0,14.0,4.5,4,36.0,55,No,200,5.0
FD-101190,2026-06-04 06:39,PECHS,Pizza,Hot,Medium,Car,2.02,8,4798.0,26.0,4.6,11,33.0,55,No,100,5.0
FD-102077,2025-08-20 09:25,DHA,Chinese,Clear,High,Motorbike,2.12,8,6848.0,37.0,4.2,41,50.0,55,No,0,5.0
FD-100701,2026-04-16 13:22,North Nazimabad,Chinese,Windy,Low,Car,16.24,3,2092.0,13.0,4.9,32,80.0,70,Yes,0,5.0
FD-102279,2025-08-22 09:59,Saddar,Fast Food,Clear,Jam,Motorbike,7.95,8,5195.0,28.0,3.7,46,90.0,70,Yes,0,3.0
FD-102393,2025-10-12 00:26,DHA,Karahi,Hot,Low,Motorbike,3.92,5,1766.0,31.0,4.2,34,50.0,55,No,0,5.0
FD-101353,2026-01-06 09:54,Saddar,Biryani,Rainy,High,Motorbike,5.75,7,6183.0,29.0,4.3,21,68.0,55,Yes,0,5.0
FD-101696,2026-06-12 13:46,Saddar,Fast Food,Hot,Low,Motorbike,12.41,4,3196.0,27.0,4.1,26,73.0,70,Yes,0,5.0
FD-102006,2026-05-09 17:40,Korangi,Desserts,Clear,Low,Motorbike,6.8,3,1413.0,22.0,3.9,35,49.0,70,No,0,5.0
FD-100607,2025-08-02 17:40,Gulshan-e-Iqbal,BBQ,Clear,Jam,Motorbike,9.12,4,3337.0,28.0,4.6,53,81.0,70,Yes,0,4.0
FD-101454,2026-02-26 06:35,Clifton,Fast Food,Clear,Low,Motorbike,3.66,4,1645.0,24.0,4.5,41,27.0,55,No,100,5.0
FD-102481,2026-06-25 18:55,DHA,Pizza,Hot,High,Motorbike,10.93,4,2685.0,20.0,4.9,27,70.0,70,No,0,4.0
FD-101177,2026-02-13 13:33,Clifton,Karahi,Clear,Low,Car,8.44,5,3531.0,34.0,4.1,24,74.0,70,Yes,0,5.0
FD-100322,2025-11-06 18:03,Gulshan-e-Iqbal,Desserts,Clear,Medium,Bicycle,4.11,1,518.0,12.0,4.2,40,34.0,55,No,0,4.0
FD-101582,2026-01-13 10:24,Saddar,BBQ,Hot,High,Motorbike,5.18,2,1255.0,33.0,5.0,8,61.0,55,Yes,0,4.0
FD-100353,2025-09-24 22:23,DHA,Chinese,Clear,High,Motorbike,5.51,5,1948.0,20.0,4.6,12,57.0,55,Yes,0,5.0
FD-101788,2026-01-05 16:36,Malir,Fast Food,Clear,High,Motorbike,3.81,7,3048.0,31.0,4.2,15,46.0,55,No,0,5.0
FD-102382,2025-09-14 00:20,Clifton,Chinese,Clear,Low,Motorbike,2.7,7,4744.0,33.0,4.6,5,31.0,55,No,0,5.0
FD-102047,2026-03-22 22:20,Malir,Pizza,Clear,Low,Motorbike,6.74,2,804.0,26.0,4.3,23,56.0,70,No,150,5.0
FD-100900,2026-01-08 15:50,PECHS,Chinese,Clear,High,Car,4.2,5,3317.0,25.0,4.2,55,50.0,55,No,0,5.0
FD-101550,2026-04-07 15:27,DHA,Chinese,Clear,Medium,Motorbike,4.37,7,3130.0,22.0,4.4,47,31.0,55,No,50,5.0
FD-101857,2026-06-08 02:57,North Nazimabad,Pizza,Clear,Low,Motorbike,3.7,2,1420.0,18.0,4.6,11,28.0,55,No,50,5.0
FD-101303,2026-06-24 23:14,Gulshan-e-Iqbal,BBQ,Hot,High,Motorbike,3.37,6,4629.0,42.0,4.4,11,62.0,55,Yes,0,5.0
FD-102011,2025-12-07 08:32,North Nazimabad,Biryani,Clear,High,Motorbike,4.09,5,2861.0,26.0,4.5,51,43.0,55,No,0,5.0
FD-100981,2026-06-13 05:06,Clifton,Desserts,Windy,Medium,Motorbike,5.77,4,2381.0,22.0,4.5,34,44.0,55,No,0,5.0
FD-101481,2026-02-11 01:56,Malir,BBQ,Clear,Jam,Motorbike,7.81,4,2723.0,36.0,4.6,44,91.0,70,Yes,0,4.0
FD-101051,2025-09-13 08:57,Malir,Pizza,Clear,Medium,Motorbike,2.0,6,4687.0,27.0,4.7,41,24.0,55,No,0,5.0
FD-102189,2025-09-09 01:58,PECHS,Desserts,Rainy,Low,Motorbike,5.35,1,650.0,18.0,3.9,46,45.0,55,No,0,5.0
FD-102402,2026-06-13 19:31,Korangi,Biryani,Clear,High,Car,3.62,5,2316.0,20.0,4.5,4,47.0,55,No,200,5.0
FD-102368,2026-03-17 14:55,Malir,Karahi,Clear,Jam,Motorbike,3.16,6,3686.0,19.0,4.2,6,48.0,55,No,0,5.0
FD-100510,2026-05-06 05:34,Gulshan-e-Iqbal,Desserts,Clear,Medium,Motorbike,1.93,7,5114.0,29.0,4.2,43,30.0,55,No,0,4.0
FD-102386,2025-12-31 15:11,Malir,Biryani,Windy,High,Motorbike,5.17,3,2696.0,24.0,4.4,1,55.0,55,No,0,5.0
FD-100536,2025-11-12 14:31,PECHS,Pizza,Hot,Medium,Motorbike,6.68,8,5985.0,25.0,4.4,38,81.0,70,Yes,0,5.0
FD-102324,2025-07-07 19:27,North Nazimabad,Desserts,Clear,Medium,Motorbike,3.36,5,3950.0,31.0,4.3,54,39.0,55,No,100,5.0
FD-102263,2025-11-29 07:46,Saddar,Chinese,Clear,Low,Motorbike,2.8,6,4275.0,25.0,4.3,38,28.0,55,No,150,5.0
FD-102441,2025-08-20 09:00,DHA,BBQ,Clear,Medium,Motorbike,6.55,5,3007.0,29.0,4.6,11,48.0,70,No,0,5.0
FD-101428,2026-04-15 23:13,Gulshan-e-Iqbal,Karahi,Clear,Jam,Motorbike,7.47,7,3721.0,36.0,4.3,0,88.0,70,Yes,0,3.0
FD-101169,2025-11-21 15:12,DHA,Chinese,Windy,Jam,Motorbike,6.68,1,430.0,27.0,4.4,45,70.0,70,No,0,5.0
FD-100142,2025-09-17 10:54,Malir,Fast Food,Clear,Jam,Motorbike,14.47,4,2984.0,12.0,4.6,49,99.0,70,Yes,0,4.0
FD-101423,2026-03-02 20:23,Saddar,Biryani,Clear,Medium,Motorbike,7.86,1,594.0,6.0,3.9,23,68.0,70,No,0,5.0
FD-100689,2025-07-21 06:28,PECHS,Chinese,Clear,Medium,Car,10.37,3,1442.0,29.0,4.1,10,77.0,70,Yes,0,5.0
FD-101803,2026-05-12 20:41,Malir,Karahi,Windy,Medium,Motorbike,2.84,2,709.0,29.0,4.4,32,44.0,55,No,0,4.0
FD-100469,2025-10-25 20:14,Clifton,Karahi,Clear,Medium,Motorbike,5.3,6,2468.0,35.0,4.1,26,67.0,55,Yes,0,4.0
FD-101758,2026-05-10 03:31,Saddar,BBQ,Clear,Low,Motorbike,1.75,3,2657.0,39.0,4.6,15,41.0,55,No,50,5.0
FD-101568,2025-11-02 09:48,Malir,Karahi,Rainy,Medium,Car,4.18,1,749.0,25.0,3.7,59,55.0,55,No,0,4.0
FD-102252,2025-09-25 13:06,Gulshan-e-Iqbal,Karahi,Clear,High,Motorbike,4.91,8,2841.0,36.0,4.4,40,62.0,55,Yes,0,4.0
FD-100672,2025-11-27 04:57,PECHS,Pizza,Rainy,Jam,Motorbike,5.77,2,1117.0,17.0,4.5,34,67.0,55,Yes,0,5.0
FD-101644,2025-08-23 14:58,Gulshan-e-Iqbal,Fast Food,Hot,Jam,Motorbike,4.86,6,3024.0,22.0,4.8,7,61.0,55,Yes,0,4.0
FD-102059,2026-01-01 20:02,Korangi,Pizza,Hot,Medium,Bicycle,13.21,1,557.0,18.0,4.3,29,126.0,70,Yes,0,2.0
FD-101528,2025-08-12 13:35,Gulshan-e-Iqbal,Biryani,Hot,Low,Motorbike,9.22,4,2459.0,21.0,4.7,10,61.0,70,No,200,5.0
FD-102401,2025-12-19 00:22,Clifton,Pizza,Hot,High,Motorbike,2.75,8,5946.0,25.0,4.1,41,33.0,55,No,0,4.0
FD-101858,2025-11-24 07:53,Gulshan-e-Iqbal,Fast Food,Rainy,High,Car,4.61,8,6074.0,36.0,4.6,30,71.0,55,Yes,0,4.0
FD-100190,2025-11-05 10:13,Korangi,Karahi,Hot,High,Car,1.9,3,1173.0,26.0,4.4,52,32.0,55,No,100,5.0
FD-100159,2025-10-24 13:19,DHA,Desserts,Hot,High,Bicycle,5.59,6,5007.0,29.0,4.7,50,87.0,55,Yes,0,3.0
FD-102346,2026-06-01 19:05,PECHS,BBQ,Hot,Medium,Motorbike,6.21,7,3019.0,39.0,4.9,53,61.0,70,No,0,5.0
FD-101444,2025-10-08 20:41,PECHS,Fast Food,Clear,Jam,Motorbike,4.63,2,1130.0,21.0,4.0,26,58.0,55,Yes,0,5.0
FD-100758,2025-09-08 12:02,PECHS,Desserts,Clear,Medium,Motorbike,6.22,1,865.0,16.0,4.2,38,40.0,70,No,0,5.0
FD-100957,2026-01-25 11:44,North Nazimabad,Biryani,Hot,High,Motorbike,5.73,8,4328.0,28.0,3.9,57,55.0,55,No,0,5.0
FD-100984,2026-01-07 10:57,PECHS,Karahi,Clear,Low,Bicycle,1.57,1,752.0,23.0,3.8,36,35.0,55,No,0,4.0
FD-102416,2026-04-05 15:15,Saddar,Chinese,Dusty,High,Car,4.9,7,4784.0,28.0,4.3,40,51.0,55,No,0,5.0
FD-101594,2025-07-30 18:14,DHA,Karahi,Windy,Low,Car,5.45,3,1850.0,23.0,4.0,18,43.0,55,No,100,5.0
FD-101923,2025-09-23 22:27,Malir,Fast Food,Clear,Low,Motorbike,9.78,8,6720.0,31.0,4.4,9,66.0,70,No,0,5.0
FD-100813,2026-04-05 14:24,Korangi,Karahi,Clear,Medium,Car,5.67,4,2994.0,24.0,4.4,53,50.0,55,No,0,5.0
FD-102216,2026-06-24 07:12,Clifton,Karahi,Clear,High,Motorbike,3.93,6,3267.0,34.0,4.3,31,50.0,55,No,200,5.0
FD-101837,2025-11-26 09:31,Malir,Karahi,Hot,Jam,Car,6.1,7,3957.0,37.0,4.5,48,85.0,70,Yes,0,5.0
FD-102082,2025-11-08 20:15,North Nazimabad,Chinese,Rainy,Medium,Bicycle,3.87,7,3692.0,29.0,4.6,48,67.0,55,Yes,0,4.0
FD-102331,2026-01-02 03:19,PECHS,Biryani,Dusty,Medium,Motorbike,5.25,2,1027.0,15.0,4.5,2,38.0,55,No,150,5.0
FD-100877,2025-07-06 13:26,PECHS,Fast Food,Clear,High,Motorbike,5.31,1,382.0,23.0,4.4,54,50.0,55,No,0,5.0
FD-102185,2026-04-09 02:21,Saddar,Fast Food,Hot,Medium,Car,5.22,3,2316.0,21.0,4.3,42,44.0,55,No,150,4.0
FD-101213,2025-09-04 06:46,PECHS,Chinese,Clear,Low,Motorbike,15.19,1,891.0,21.0,3.9,56,72.0,70,Yes,0,5.0
FD-100585,2025-11-17 07:37,PECHS,Biryani,Windy,Medium,Car,10.19,3,2121.0,29.0,4.7,36,105.0,70,Yes,0,4.0
FD-102150,2026-06-26 14:32,North Nazimabad,Chinese,Hot,Low,Bicycle,3.93,4,2127.0,18.0,4.5,28,52.0,55,No,200,5.0
FD-101418,2025-11-07 06:22,PECHS,Fast Food,Hot,High,Motorbike,7.78,2,889.0,23.0,4.2,45,56.0,70,No,0,5.0
FD-101385,2026-03-05 01:49,Saddar,Fast Food,Clear,Low,Motorbike,3.47,7,3051.0,28.0,4.2,0,31.0,55,No,150,5.0
FD-101458,2026-01-18 15:53,DHA,Pizza,Dusty,Medium,Motorbike,6.23,5,4053.0,22.0,4.7,14,56.0,70,No,0,5.0
FD-100614,2026-01-14 10:26,Saddar,Chinese,Clear,Low,Car,3.61,7,3500.0,20.0,4.0,45,36.0,55,No,0,5.0
FD-100223,2025-07-29 09:09,Korangi,Pizza,Dusty,Medium,Car,6.21,5,1902.0,28.0,4.5,55,56.0,70,No,50,5.0
FD-100476,2025-10-21 21:14,PECHS,Chinese,Hot,Medium,Motorbike,8.47,1,360.0,12.0,4.7,8,52.0,70,No,200,5.0
FD-100374,2026-02-05 20:20,Gulshan-e-Iqbal,BBQ,Windy,Jam,Motorbike,1.73,8,5656.0,44.0,4.4,39,59.0,55,Yes,0,5.0
FD-101401,2025-09-15 12:31,Gulshan-e-Iqbal,Chinese,Clear,High,Motorbike,6.09,8,2989.0,22.0,4.4,10,50.0,70,No,150,5.0
FD-100929,2025-08-20 02:42,DHA,Chinese,Windy,Low,Bicycle,6.06,7,3002.0,27.0,4.3,17,60.0,70,No,0,5.0
FD-101645,2025-11-21 22:44,Clifton,Chinese,Hot,High,Motorbike,3.28,8,6626.0,28.0,5.0,28,50.0,55,No,200,5.0
FD-101537,2025-12-23 03:32,Gulshan-e-Iqbal,Pizza,Dusty,Low,Motorbike,3.03,6,4188.0,28.0,4.4,19,39.0,55,No,0,5.0
FD-102466,2026-02-18 01:15,Malir,Chinese,Clear,High,Motorbike,6.71,4,2761.0,11.0,4.2,1,48.0,70,No,150,5.0
FD-101954,2025-12-04 09:11,North Nazimabad,Karahi,Rainy,Low,Motorbike,2.68,2,1275.0,29.0,4.1,44,40.0,55,No,0,5.0
FD-102135,2025-09-27 18:06,Saddar,Chinese,Clear,Low,Motorbike,8.42,3,1264.0,26.0,4.7,52,47.0,70,No,0,5.0
FD-102338,2026-06-15 01:36,Saddar,BBQ,Clear,High,Motorbike,3.66,7,4591.0,32.0,4.3,24,53.0,55,No,0,5.0
FD-101753,2026-04-15 06:07,DHA,Biryani,Hot,Low,Car,6.67,8,6775.0,37.0,3.7,27,66.0,70,No,50,5.0
FD-102022,2025-10-18 10:29,Malir,BBQ,Hot,High,Motorbike,5.27,8,3680.0,39.0,4.3,19,63.0,55,Yes,0,5.0
FD-102087,2026-01-01 06:57,Malir,Karahi,Clear,High,Motorbike,2.27,3,1605.0,18.0,4.6,7,26.0,55,No,0,5.0
FD-100027,2025-11-09 08:14,PECHS,Biryani,Hot,Low,Car,6.2,8,5032.0,29.0,4.6,42,50.0,70,No,50,5.0
FD-101155,2025-10-07 18:03,DHA,Karahi,Clear,Medium,Motorbike,6.06,4,1932.0,25.0,4.1,44,50.0,70,No,200,5.0
FD-100233,2025-07-24 14:52,Malir,BBQ,Clear,High,Motorbike,6.38,1,593.0,23.0,4.8,42,64.0,70,No,0,5.0
FD-101270,2026-05-31 07:42,Malir,Desserts,Clear,Medium,Motorbike,1.51,1,390.0,22.0,3.7,25,27.0,55,No,0,5.0
FD-101937,2025-11-12 16:29,PECHS,Biryani,Clear,Low,Motorbike,3.54,1,805.0,18.0,4.5,52,25.0,55,No,150,5.0
FD-102499,2026-02-09 22:43,Saddar,Desserts,Windy,Medium,Car,8.37,2,826.0,9.0,4.1,54,60.0,70,No,150,5.0
FD-100774,2026-06-19 08:16,DHA,Chinese,Windy,Medium,Car,3.4,7,4187.0,30.0,4.8,6,41.0,55,No,0,5.0
FD-101135,2026-06-25 15:41,DHA,Karahi,Hot,Medium,Bicycle,7.18,4,1636.0,23.0,3.9,56,74.0,70,Yes,0,5.0
FD-100464,2025-11-02 13:07,North Nazimabad,Fast Food,Clear,Jam,Motorbike,5.52,6,3851.0,32.0,4.1,5,79.0,55,Yes,0,4.0
FD-101104,2026-04-24 17:50,North Nazimabad,Karahi,Windy,Jam,Motorbike,7.17,7,4387.0,32.0,4.1,19,85.0,70,Yes,0,4.0
FD-100079,2026-06-21 14:36,Saddar,Chinese,Clear,High,Motorbike,7.96,1,403.0,15.0,4.5,35,62.0,70,No,200,5.0
FD-101153,2025-11-26 17:28,PECHS,Chinese,Clear,High,Car,6.43,1,778.0,19.0,4.7,22,57.0,70,No,100,4.0
FD-101304,2026-03-30 20:49,PECHS,Chinese,Hot,Medium,Motorbike,10.85,1,875.0,26.0,4.9,51,73.0,70,Yes,0,4.0
FD-101807,2025-10-28 01:01,Malir,Karahi,Windy,Medium,Car,4.61,5,2729.0,29.0,4.6,24,46.0,55,No,0,4.0
FD-101679,2025-08-31 00:12,PECHS,Biryani,Clear,Low,Motorbike,5.84,6,4896.0,26.0,4.1,38,40.0,55,No,0,5.0
FD-100606,2026-04-30 23:52,Clifton,Fast Food,Clear,Jam,Car,5.22,2,1284.0,11.0,3.6,27,57.0,55,Yes,0,4.0
FD-101302,2025-12-02 04:45,North Nazimabad,BBQ,Hot,Low,Motorbike,4.63,1,676.0,15.0,4.9,21,33.0,55,No,0,5.0
FD-100723,2025-11-04 06:01,Gulshan-e-Iqbal,Desserts,Clear,Medium,Bicycle,2.98,3,2076.0,17.0,4.8,39,28.0,55,No,0,5.0
FD-102244,2026-02-05 18:41,PECHS,Fast Food,Clear,Low,Bicycle,3.01,5,2830.0,26.0,4.1,45,38.0,55,No,100,5.0
FD-100100,2025-09-29 16:19,Malir,Desserts,Clear,High,Motorbike,10.9,6,3840.0,27.0,4.4,24,82.0,70,Yes,0,4.0
FD-102132,2026-02-19 01:17,North Nazimabad,Karahi,Hot,Medium,Motorbike,1.63,2,1275.0,25.0,4.4,9,34.0,55,No,0,4.0
FD-100133,2025-12-05 13:37,North Nazimabad,Biryani,Dusty,Medium,Motorbike,3.05,5,3119.0,28.0,4.2,46,49.0,55,No,0,5.0
FD-101097,2025-10-21 03:40,PECHS,Desserts,Clear,Low,Motorbike,2.67,5,3443.0,16.0,3.8,2,23.0,55,No,50,5.0
FD-100492,2025-09-09 11:59,Malir,Fast Food,Windy,Medium,Motorbike,3.87,1,867.0,24.0,4.7,22,42.0,55,No,150,5.0
FD-100744,2026-03-20 14:52,DHA,BBQ,Clear,Medium,Motorbike,5.21,5,2398.0,34.0,4.0,38,57.0,55,Yes,0,5.0
FD-100636,2026-04-01 10:13,PECHS,Pizza,Clear,High,Motorbike,10.31,5,2597.0,26.0,4.2,2,77.0,70,Yes,0,4.0
FD-100785,2026-05-20 02:00,PECHS,Biryani,Clear,Medium,Bicycle,3.84,1,412.0,24.0,4.4,15,48.0,55,No,0,4.0
FD-102310,2025-12-05 03:50,DHA,Pizza,Clear,Low,Motorbike,3.17,4,1438.0,19.0,4.7,6,34.0,55,No,0,5.0
FD-100460,2025-10-01 17:46,DHA,Chinese,Windy,Medium,Bicycle,4.96,4,2364.0,25.0,4.5,2,65.0,55,Yes,0,5.0
FD-101750,2025-09-24 13:42,Clifton,Fast Food,Hot,Low,Motorbike,3.43,3,1780.0,21.0,3.9,7,45.0,55,No,200,5.0
FD-100542,2025-07-02 04:13,North Nazimabad,Biryani,Rainy,High,Motorbike,4.27,4,2658.0,24.0,4.1,17,53.0,55,No,0,5.0
FD-100812,2026-01-12 06:31,Saddar,Fast Food,Hot,High,Motorbike,5.25,7,5621.0,29.0,4.6,26,50.0,55,No,150,4.0
FD-100506,2025-07-19 04:41,PECHS,Desserts,Hot,High,Motorbike,2.11,8,6013.0,29.0,4.6,17,37.0,55,No,50,5.0
FD-100898,2026-05-12 04:56,PECHS,Pizza,Clear,High,Car,4.71,3,2033.0,23.0,5.0,39,45.0,55,No,0,5.0
FD-100332,2025-10-15 12:12,Saddar,Desserts,Clear,Jam,Motorbike,11.1,8,5032.0,27.0,4.0,25,109.0,70,Yes,0,2.0
FD-100283,2026-03-09 18:44,Gulshan-e-Iqbal,Chinese,Dusty,High,Motorbike,5.1,3,1984.0,21.0,4.3,32,48.0,55,No,100,5.0
FD-101120,2026-02-13 22:52,North Nazimabad,Desserts,Clear,Medium,Motorbike,13.19,7,4980.0,27.0,4.6,40,82.0,70,Yes,0,4.0
FD-101966,2026-04-02 06:51,Gulshan-e-Iqbal,Karahi,Clear,Medium,Motorbike,4.26,2,1467.0,24.0,5.0,37,35.0,55,No,0,5.0
FD-101557,2025-07-28 15:31,DHA,Fast Food,Clear,High,Motorbike,4.84,8,3294.0,33.0,4.7,3,58.0,55,Yes,0,5.0
FD-100186,2026-02-20 23:22,Gulshan-e-Iqbal,Chinese,Hot,Medium,Motorbike,4.47,8,4199.0,32.0,3.7,10,48.0,55,No,0,5.0
FD-100453,2026-05-18 18:55,PECHS,BBQ,Hot,High,Motorbike,4.22,1,755.0,25.0,4.4,9,45.0,55,No,50,5.0
FD-102073,2025-11-14 13:36,North Nazimabad,Chinese,Windy,High,Motorbike,2.22,3,1216.0,21.0,4.1,0,45.0,55,No,200,5.0
FD-102327,2025-12-30 23:55,North Nazimabad,Fast Food,Hot,Low,Motorbike,4.39,4,1529.0,14.0,4.6,50,29.0,55,No,150,5.0
FD-100498,2025-11-08 18:25,Saddar,Biryani,Clear,Medium,Motorbike,3.42,3,1720.0,23.0,4.5,2,38.0,55,No,0,5.0
FD-101288,2025-07-29 01:47,Korangi,BBQ,Clear,High,Motorbike,1.85,5,2376.0,34.0,4.4,16,45.0,55,No,0,5.0
FD-101209,2026-05-11 19:27,DHA,Karahi,Clear,High,Motorbike,2.36,5,4098.0,29.0,4.1,1,40.0,55,No,150,5.0
FD-102405,2025-12-06 09:41,North Nazimabad,Chinese,Clear,High,Car,2.39,1,542.0,26.0,4.7,29,31.0,55,No,0,5.0
FD-101816,2026-02-07 02:40,North Nazimabad,BBQ,Clear,Low,Motorbike,4.86,1,745.0,18.0,5.0,47,21.0,55,No,0,5.0
FD-101704,2025-07-19 09:18,Clifton,Fast Food,Clear,High,Motorbike,1.92,7,5864.0,34.0,4.2,48,42.0,55,No,50,5.0
FD-100063,2025-07-13 11:47,Malir,Fast Food,Dusty,High,Motorbike,2.9,2,1484.0,31.0,4.7,46,42.0,55,No,150,5.0
FD-101519,2026-03-30 15:18,Clifton,Pizza,Windy,Medium,Motorbike,3.94,2,898.0,17.0,4.7,56,33.0,55,No,100,5.0
FD-101499,2026-01-02 07:01,DHA,Biryani,Hot,Jam,Motorbike,8.79,3,1926.0,20.0,4.5,30,81.0,70,Yes,0,5.0
FD-100552,2026-03-21 02:19,North Nazimabad,BBQ,Clear,High,Motorbike,2.95,1,616.0,18.0,5.0,53,31.0,55,No,0,5.0
FD-101108,2025-11-04 04:10,Malir,Fast Food,Hot,Medium,Motorbike,4.06,2,1270.0,20.0,4.3,3,38.0,55,No,0,4.0
FD-100669,2025-07-08 03:40,PECHS,Fast Food,Hot,Medium,Motorbike,2.67,1,815.0,20.0,4.2,2,38.0,55,No,0,5.0
FD-100311,2026-02-13 11:25,Korangi,Fast Food,Clear,Medium,Motorbike,6.89,2,731.0,23.0,4.8,58,42.0,70,No,0,5.0
FD-101217,2025-08-21 15:31,Saddar,Pizza,Clear,Medium,Motorbike,5.84,3,2402.0,23.0,4.7,27,46.0,55,No,200,4.0
FD-100784,2025-08-01 14:41,Clifton,BBQ,Clear,Low,Motorbike,5.1,5,4214.0,34.0,4.6,23,48.0,55,No,0,4.0
FD-102462,2025-10-08 13:43,Gulshan-e-Iqbal,Karahi,Hot,Low,Motorbike,6.11,2,1498.0,23.0,3.9,47,53.0,70,No,0,5.0
FD-102410,2026-05-17 23:06,Saddar,BBQ,Hot,Low,Motorbike,1.66,6,3279.0,35.0,4.5,19,46.0,55,No,100,5.0
FD-102266,2026-01-20 02:31,Gulshan-e-Iqbal,Desserts,Dusty,Medium,Car,8.17,2,1742.0,24.0,4.2,1,75.0,70,Yes,0,4.0
FD-100119,2026-02-22 16:42,Saddar,Karahi,Hot,Low,Motorbike,3.76,2,961.0,23.0,4.2,55,35.0,55,No,50,4.0
FD-101453,2026-02-19 03:09,DHA,Fast Food,Clear,Low,Motorbike,6.24,7,5439.0,24.0,4.3,6,38.0,70,No,0,5.0
FD-100351,2025-12-22 20:21,Gulshan-e-Iqbal,Biryani,Hot,Jam,Motorbike,7.26,4,3200.0,15.0,4.5,32,74.0,70,Yes,0,4.0
FD-101485,2026-06-21 14:56,DHA,Chinese,Dusty,Low,Motorbike,6.63,4,2182.0,21.0,4.8,42,38.0,70,No,50,4.0
FD-100405,2025-10-18 18:59,North Nazimabad,BBQ,Clear,Low,Motorbike,3.21,7,3114.0,32.0,4.2,29,33.0,55,No,0,4.0
FD-100052,2025-11-02 04:50,Malir,Biryani,Clear,Low,Motorbike,2.31,4,1863.0,23.0,4.3,18,28.0,55,No,0,5.0
FD-100381,2026-02-16 11:26,Korangi,Fast Food,Clear,Medium,Car,3.72,5,3397.0,33.0,4.4,32,57.0,55,Yes,0,5.0
FD-101721,2026-02-07 05:57,Saddar,Biryani,Clear,Low,Motorbike,5.74,7,4869.0,41.0,4.5,37,57.0,55,Yes,0,5.0
FD-101987,2026-03-17 07:42,PECHS,Pizza,Hot,High,Car,3.2,2,1061.0,17.0,4.0,17,40.0,55,No,50,5.0
FD-101025,2025-09-20 08:00,PECHS,Biryani,Clear,Jam,Bicycle,2.9,6,2876.0,27.0,4.4,4,60.0,55,Yes,0,4.0
FD-100538,2026-01-13 06:20,DHA,Biryani,Clear,High,Motorbike,2.42,5,2416.0,23.0,4.2,19,40.0,55,No,0,5.0
FD-101436,2026-04-21 06:08,Gulshan-e-Iqbal,Pizza,Clear,Low,Car,4.05,6,4687.0,23.0,4.5,30,34.0,55,No,200,5.0
FD-100663,2025-07-31 18:55,Clifton,Desserts,Dusty,Medium,Motorbike,8.83,5,4484.0,34.0,4.3,39,69.0,70,No,0,5.0
FD-100512,2025-07-23 02:29,Saddar,Biryani,Clear,High,Motorbike,2.29,1,650.0,22.0,4.5,34,30.0,55,No,150,5.0
FD-101457,2026-06-18 03:57,Clifton,Biryani,Windy,Low,Car,2.1,6,3922.0,32.0,4.4,28,41.0,55,No,150,5.0
FD-102201,2026-04-13 17:37,DHA,Chinese,Hot,High,Motorbike,12.52,5,4280.0,18.0,4.2,16,77.0,70,Yes,0,4.0
FD-101291,2025-11-08 14:56,North Nazimabad,Biryani,Rainy,Low,Motorbike,6.81,3,1420.0,13.0,4.2,16,49.0,70,No,100,5.0
FD-101757,2026-01-26 11:49,Gulshan-e-Iqbal,Biryani,Hot,Medium,Motorbike,7.57,4,2534.0,21.0,4.1,59,53.0,70,No,0,5.0
FD-101614,2025-11-16 22:14,Gulshan-e-Iqbal,Biryani,Hot,High,Motorbike,4.23,6,2229.0,32.0,4.6,56,58.0,55,Yes,0,5.0
FD-101882,2026-01-26 08:09,Korangi,Biryani,Hot,High,Motorbike,5.76,8,4296.0,35.0,4.2,52,65.0,55,Yes,0,5.0
FD-100369,2026-06-01 03:49,Korangi,Chinese,Hot,High,Motorbike,8.28,5,2256.0,26.0,4.4,29,72.0,70,Yes,0,4.0
FD-102236,2025-11-14 21:10,Korangi,Pizza,Windy,Low,Motorbike,7.52,7,6198.0,27.0,4.6,28,57.0,70,No,0,5.0
FD-101196,2026-01-04 17:38,North Nazimabad,Desserts,Dusty,Low,Motorbike,8.79,3,2371.0,25.0,4.5,59,68.0,70,No,150,4.0
FD-101112,2025-12-20 09:34,Clifton,Desserts,Clear,Medium,Bicycle,11.71,4,3162.0,24.0,4.7,23,106.0,70,Yes,0,2.0
FD-102115,2025-08-13 16:33,PECHS,Chinese,Clear,Medium,Motorbike,4.01,1,877.0,21.0,4.1,56,36.0,55,No,200,5.0
FD-101221,2026-01-01 18:40,Malir,Chinese,Hot,High,Motorbike,3.91,6,2263.0,25.0,4.0,44,39.0,55,No,150,5.0
FD-100717,2026-02-25 19:13,North Nazimabad,Karahi,Hot,Medium,Motorbike,5.61,6,4027.0,27.0,4.7,9,46.0,55,No,0,5.0
FD-101372,2025-10-26 20:44,PECHS,Pizza,Hot,Low,Car,4.72,6,2286.0,26.0,4.9,5,48.0,55,No,150,4.0
FD-101990,2026-04-27 21:50,PECHS,Chinese,Hot,Medium,Car,3.71,1,430.0,15.0,4.1,32,33.0,55,No,0,5.0
FD-101305,2025-11-24 11:08,Gulshan-e-Iqbal,Fast Food,Clear,Medium,Motorbike,9.95,2,721.0,24.0,4.8,10,64.0,70,No,50,5.0
FD-100671,2025-11-01 21:03,North Nazimabad,Biryani,Rainy,Medium,Motorbike,7.49,2,1469.0,27.0,3.8,0,77.0,70,Yes,0,5.0
FD-102239,2026-06-12 03:15,Korangi,BBQ,Hot,Low,Motorbike,1.63,3,1080.0,32.0,4.5,27,36.0,55,No,0,5.0
FD-100641,2026-06-13 01:41,Clifton,Desserts,Clear,Medium,Bicycle,2.36,1,771.0,25.0,4.7,31,24.0,55,No,0,4.0
FD-100128,2026-03-09 08:40,Korangi,Chinese,Clear,High,Motorbike,3.87,6,5105.0,24.0,4.5,22,48.0,55,No,100,5.0
FD-102195,2026-02-12 00:38,PECHS,Desserts,Windy,Low,Motorbike,3.17,1,829.0,9.0,5.0,45,10.0,55,No,0,4.0
FD-102123,2026-04-21 22:25,Clifton,Chinese,Clear,High,Motorbike,4.99,4,2715.0,30.0,4.3,48,44.0,55,No,0,5.0
FD-102228,2025-07-23 12:25,PECHS,Chinese,Clear,Low,Motorbike,8.01,6,2101.0,21.0,4.0,48,41.0,70,No,150,5.0
FD-100531,2025-07-24 05:30,Korangi,Biryani,Clear,High,Motorbike,2.12,2,1765.0,18.0,4.3,7,29.0,55,No,100,5.0
FD-101920,2025-09-25 01:14,PECHS,Pizza,Hot,Low,Motorbike,6.61,2,924.0,17.0,4.8,0,38.0,70,No,0,5.0
FD-100449,2026-01-23 05:19,DHA,Desserts,Rainy,Medium,Motorbike,2.33,7,4164.0,25.0,4.5,24,44.0,55,No,0,5.0
FD-100816,2025-11-08 05:44,Saddar,Desserts,Clear,Low,Motorbike,4.2,6,4267.0,25.0,4.4,29,31.0,55,No,0,5.0
FD-102078,2026-03-15 20:50,Saddar,Chinese,Clear,Medium,Motorbike,6.23,2,1724.0,13.0,3.8,50,41.0,70,No,0,5.0
FD-100091,2026-04-06 18:24,PECHS,Karahi,Clear,Medium,Motorbike,8.19,7,4724.0,34.0,4.3,17,68.0,70,No,150,5.0
FD-101616,2026-03-21 10:25,North Nazimabad,BBQ,Rainy,High,Car,4.06,6,4770.0,35.0,4.2,0,70.0,55,Yes,0,3.0
FD-100657,2025-08-14 02:27,Korangi,Pizza,Clear,High,Motorbike,7.7,3,1284.0,16.0,5.0,58,47.0,70,No,200,5.0
FD-102033,2026-06-27 06:44,Clifton,Karahi,Hot,Medium,Motorbike,9.02,3,1873.0,34.0,4.4,11,67.0,70,No,150,5.0
FD-100605,2025-12-14 08:55,North Nazimabad,BBQ,Rainy,Low,Motorbike,2.4,8,4759.0,34.0,4.5,4,59.0,55,Yes,0,5.0
FD-102359,2026-04-14 16:40,PECHS,Karahi,Clear,Low,Bicycle,6.08,4,1940.0,30.0,4.4,45,67.0,70,No,0,5.0
FD-100370,2025-12-31 19:44,Malir,Fast Food,Clear,Low,Car,1.64,7,5847.0,25.0,4.4,58,17.0,55,No,200,5.0
FD-101699,2026-03-05 16:14,Korangi,Desserts,Hot,Low,Motorbike,4.45,1,579.0,16.0,4.5,25,35.0,55,No,200,5.0
FD-100214,2026-02-17 15:33,Korangi,Karahi,Windy,Medium,Motorbike,7.06,4,1828.0,38.0,5.0,40,61.0,70,No,150,5.0
FD-102362,2025-10-17 08:28,Gulshan-e-Iqbal,Desserts,Hot,Low,Motorbike,6.17,3,1272.0,33.0,4.0,34,57.0,70,No,200,5.0
FD-100090,2026-02-27 05:41,Korangi,Desserts,Clear,Jam,Motorbike,6.06,2,1349.0,16.0,4.8,8,59.0,70,No,150,5.0
FD-102223,2026-02-11 14:41,North Nazimabad,Karahi,Windy,Medium,Bicycle,6.36,7,4076.0,38.0,4.0,32,88.0,70,Yes,0,3.0
FD-101876,2026-03-04 19:34,North Nazimabad,Pizza,Windy,High,Motorbike,5.47,2,1512.0,18.0,5.0,25,48.0,55,No,0,5.0
FD-100852,2026-05-17 17:00,Korangi,Chinese,Clear,Low,Bicycle,5.43,8,4611.0,31.0,5.0,42,57.0,55,Yes,0,5.0
FD-102360,2026-06-05 22:33,Korangi,Karahi,Windy,Medium,Motorbike,7.29,7,2535.0,33.0,4.5,13,82.0,70,Yes,0,4.0
FD-102066,2026-05-04 07:45,Korangi,Chinese,Clear,Low,Motorbike,3.03,5,3332.0,26.0,4.6,31,30.0,55,No,0,5.0
FD-100330,2025-08-03 11:26,Malir,BBQ,Clear,Low,Motorbike,5.79,3,1372.0,28.0,4.6,46,39.0,55,No,100,5.0
FD-102245,2025-07-31 22:30,PECHS,Karahi,Hot,Medium,Car,2.53,3,1562.0,13.0,4.3,25,27.0,55,No,0,5.0
FD-101762,2025-08-15 17:49,Gulshan-e-Iqbal,Desserts,Clear,High,Motorbike,3.44,6,2602.0,24.0,4.4,48,36.0,55,No,0,5.0
FD-101171,2026-05-03 15:06,North Nazimabad,Fast Food,Clear,Medium,Motorbike,2.16,8,4360.0,29.0,4.3,32,37.0,55,No,100,5.0
FD-100309,2026-04-02 12:15,Malir,Desserts,Clear,Low,Motorbike,2.82,7,5210.0,26.0,4.5,31,34.0,55,No,100,5.0
FD-101068,2026-06-28 08:25,DHA,Karahi,Clear,High,Motorbike,5.21,4,3599.0,32.0,4.0,1,58.0,55,Yes,0,5.0
FD-100060,2026-03-23 15:20,PECHS,Pizza,Clear,Medium,Motorbike,2.12,4,2259.0,14.0,4.3,40,16.0,55,No,0,5.0
FD-101912,2025-09-05 00:12,Malir,Chinese,Hot,High,Motorbike,3.03,5,2823.0,26.0,4.8,16,47.0,55,No,0,5.0
FD-101324,2025-09-14 10:59,DHA,Desserts,Dusty,High,Motorbike,8.95,6,5368.0,32.0,4.9,39,73.0,70,Yes,0,5.0
FD-101435,2026-05-26 13:34,Saddar,Chinese,Clear,Medium,Motorbike,8.47,3,1949.0,24.0,4.7,9,58.0,70,No,0,5.0
FD-101951,2025-09-30 01:47,North Nazimabad,Fast Food,Clear,High,Motorbike,7.8,3,2373.0,21.0,4.2,1,55.0,70,No,50,5.0
FD-100475,2025-08-08 19:14,Korangi,Desserts,Hot,Jam,Bicycle,10.0,6,4479.0,40.0,4.9,28,165.0,70,Yes,0,1.0
FD-100057,2025-07-02 00:53,Malir,Chinese,Clear,Medium,Bicycle,7.02,5,3972.0,19.0,4.4,32,67.0,70,No,0,5.0
FD-101348,2026-04-26 07:03,Clifton,Biryani,Hot,Medium,Motorbike,1.1,3,1340.0,24.0,4.0,40,28.0,55,No,200,5.0
FD-101338,2026-04-09 03:19,North Nazimabad,Desserts,Hot,Low,Motorbike,8.7,1,593.0,26.0,4.5,22,56.0,70,No,0,5.0
FD-101715,2025-12-17 01:46,PECHS,Biryani,Hot,Jam,Bicycle,1.09,6,3758.0,33.0,4.3,37,47.0,55,No,50,5.0
FD-102243,2025-07-31 13:12,Saddar,BBQ,Clear,Low,Motorbike,5.38,2,1466.0,24.0,4.3,5,47.0,55,No,200,5.0
FD-100331,2026-05-23 10:33,Clifton,Karahi,Dusty,Medium,Bicycle,3.33,1,588.0,30.0,4.6,21,51.0,55,No,0,5.0
FD-100804,2026-05-26 14:35,DHA,Pizza,Hot,Low,Motorbike,6.05,8,2979.0,28.0,4.6,20,51.0,70,No,150,5.0
FD-100335,2026-03-13 10:40,North Nazimabad,Pizza,Hot,Low,Motorbike,9.74,7,5124.0,31.0,4.2,34,63.0,70,No,0,5.0
FD-100196,2025-09-22 13:30,Gulshan-e-Iqbal,Desserts,Hot,High,Motorbike,6.22,3,1518.0,17.0,4.1,56,55.0,70,No,150,5.0
FD-102280,2025-09-06 10:29,PECHS,Pizza,Clear,Medium,Motorbike,5.06,2,1325.0,18.0,4.1,49,36.0,55,No,150,5.0
FD-100123,2025-10-03 15:23,Clifton,BBQ,Dusty,Low,Motorbike,3.47,2,1149.0,25.0,4.3,45,41.0,55,No,0,5.0
FD-100743,2026-06-21 19:29,DHA,Pizza,Clear,High,Motorbike,6.04,4,3399.0,22.0,4.2,47,53.0,70,No,0,5.0
FD-100620,2025-09-15 11:53,North Nazimabad,Fast Food,Clear,Jam,Motorbike,4.77,7,3192.0,29.0,3.8,55,69.0,55,Yes,0,4.0
FD-100751,2025-08-02 14:56,Malir,Biryani,Clear,Medium,Bicycle,3.42,7,4638.0,30.0,5.0,26,56.0,55,Yes,0,4.0
FD-101478,2025-10-07 13:10,Clifton,Fast Food,Windy,Medium,Motorbike,3.45,6,4719.0,26.0,4.7,41,51.0,55,No,0,5.0
FD-101791,2025-07-18 06:45,DHA,Desserts,Clear,Low,Motorbike,4.68,4,3035.0,30.0,4.1,41,44.0,55,No,0,4.0
FD-102352,2026-01-14 02:09,PECHS,Biryani,Clear,Low,Motorbike,3.36,2,846.0,14.0,4.5,32,21.0,55,No,0,5.0
FD-102233,2026-06-17 23:07,Clifton,Fast Food,Clear,Jam,Bicycle,6.87,6,4066.0,28.0,5.0,34,113.0,70,Yes,0,3.0
FD-100447,2025-08-12 20:48,Gulshan-e-Iqbal,BBQ,Rainy,Medium,Car,9.25,8,5991.0,37.0,4.2,24,97.0,70,Yes,0,4.0
FD-101881,2025-11-03 23:07,North Nazimabad,Desserts,Clear,Low,Car,1.8,3,2261.0,19.0,5.0,47,20.0,55,No,200,5.0
FD-100010,2025-11-08 12:33,Clifton,Karahi,Clear,Low,Car,4.32,8,6245.0,40.0,5.0,57,50.0,55,No,0,5.0
FD-101486,2026-03-05 03:50,Korangi,Desserts,Clear,Low,Motorbike,8.32,5,3873.0,35.0,4.0,27,63.0,70,No,0,5.0
FD-102291,2025-11-23 02:15,Malir,BBQ,Clear,Medium,Car,10.04,2,1383.0,33.0,4.9,26,81.0,70,Yes,0,4.0
FD-101795,2025-11-19 12:18,Korangi,Pizza,Clear,Low,Motorbike,2.68,2,755.0,15.0,4.4,19,22.0,55,No,0,4.0
FD-100170,2026-05-07 23:50,PECHS,Desserts,Clear,Low,Bicycle,4.87,6,2965.0,22.0,4.5,51,48.0,55,No,50,5.0
FD-100908,2026-02-10 18:10,North Nazimabad,Pizza,Rainy,High,Car,11.95,5,2663.0,32.0,4.9,12,113.0,70,Yes,0,3.0
FD-100274,2026-04-27 15:11,PECHS,Biryani,Dusty,Medium,Motorbike,3.65,7,4868.0,28.0,4.3,29,41.0,55,No,200,4.0
FD-100948,2026-02-26 16:49,Gulshan-e-Iqbal,BBQ,Clear,Low,Motorbike,5.87,4,1422.0,26.0,4.5,36,41.0,55,No,200,5.0
FD-100667,2025-07-05 03:03,DHA,Fast Food,Clear,Medium,Motorbike,2.08,7,3083.0,28.0,4.3,48,35.0,55,No,0,5.0
FD-100766,2026-05-19 20:27,DHA,Pizza,Clear,Low,Motorbike,3.41,6,3080.0,23.0,4.6,26,39.0,55,No,0,5.0
FD-101461,2026-05-16 03:38,Saddar,Fast Food,Rainy,Medium,Motorbike,7.07,3,1976.0,36.0,4.2,26,77.0,70,Yes,0,4.0
FD-101921,2025-12-30 02:39,North Nazimabad,Chinese,Hot,High,Motorbike,6.0,1,558.0,12.0,4.3,18,34.0,55,No,0,5.0
FD-100279,2026-03-01 14:47,DHA,Desserts,Clear,Low,Motorbike,7.09,2,1406.0,19.0,4.7,50,37.0,70,No,50,5.0
FD-101235,2025-11-10 03:39,Malir,Fast Food,Windy,Medium,Motorbike,4.34,3,1167.0,26.0,4.4,48,43.0,55,No,0,5.0
FD-101930,2026-01-30 22:14,DHA,Desserts,Clear,Medium,Car,3.98,2,1514.0,20.0,4.8,26,41.0,55,No,0,5.0
FD-100399,2025-10-06 13:18,Clifton,Desserts,Rainy,Medium,Motorbike,2.66,2,1769.0,18.0,4.3,18,42.0,55,No,0,5.0
FD-101034,2025-08-09 03:10,DHA,Pizza,Clear,Medium,Motorbike,6.48,5,4354.0,29.0,4.4,28,45.0,70,No,0,5.0
FD-101194,2026-04-21 10:59,PECHS,Karahi,Clear,Jam,Car,3.26,7,3797.0,38.0,4.5,17,68.0,55,Yes,0,4.0
FD-102144,2025-11-10 09:59,Korangi,Chinese,Clear,High,Motorbike,4.54,5,2567.0,25.0,4.5,57,41.0,55,No,50,5.0
FD-102323,2026-06-17 12:14,Korangi,Fast Food,Windy,Medium,Motorbike,6.18,8,3236.0,28.0,4.2,27,54.0,70,No,0,5.0
FD-101779,2025-10-10 19:34,North Nazimabad,Chinese,Windy,Jam,Motorbike,12.5,1,415.0,11.0,4.4,30,95.0,70,Yes,0,3.0
FD-100942,2026-05-20 13:10,North Nazimabad,Biryani,Clear,Jam,Car,3.91,6,3648.0,28.0,4.2,18,64.0,55,Yes,0,5.0
FD-102455,2026-04-30 05:30,DHA,Pizza,Dusty,Jam,Car,3.62,3,1050.0,21.0,4.2,57,50.0,55,No,100,5.0
FD-100599,2025-12-31 03:23,Gulshan-e-Iqbal,Karahi,Clear,High,Motorbike,7.18,2,1563.0,25.0,4.4,19,62.0,70,No,0,4.0
FD-101754,2026-05-13 07:38,Korangi,Desserts,Hot,Medium,Motorbike,7.91,7,3984.0,28.0,4.4,15,62.0,70,No,0,5.0
FD-101368,2025-09-21 09:48,North Nazimabad,Fast Food,Dusty,Medium,Bicycle,5.29,1,558.0,31.0,4.1,55,66.0,55,Yes,0,5.0
FD-101432,2026-01-30 04:37,Clifton,Desserts,Clear,Jam,Motorbike,2.77,1,801.0,12.0,3.6,58,24.0,55,No,150,5.0
FD-101271,2025-10-06 17:20,Gulshan-e-Iqbal,Karahi,Clear,Medium,Motorbike,2.87,1,684.0,22.0,4.4,19,27.0,55,No,0,5.0
FD-100038,2025-09-05 23:15,Gulshan-e-Iqbal,Chinese,Hot,High,Motorbike,1.84,4,2159.0,22.0,4.4,59,35.0,55,No,0,5.0
FD-101424,2026-04-05 22:48,Clifton,Chinese,Dusty,High,Motorbike,4.92,4,2754.0,24.0,4.6,38,60.0,55,Yes,0,4.0
FD-100198,2026-04-11 16:32,Korangi,Fast Food,Hot,High,Motorbike,4.42,7,2586.0,35.0,5.0,22,54.0,55,No,0,4.0
FD-101473,2026-01-14 13:21,Saddar,Pizza,Clear,Low,Motorbike,3.98,8,5767.0,30.0,4.9,47,40.0,55,No,0,5.0
FD-101144,2025-12-02 22:12,Gulshan-e-Iqbal,BBQ,Clear,High,Motorbike,2.44,1,572.0,17.0,4.1,55,34.0,55,No,0,5.0
FD-100787,2026-06-07 10:29,Saddar,Pizza,Clear,Low,Motorbike,3.4,8,4616.0,33.0,4.6,47,39.0,55,No,200,4.0
FD-100432,2025-12-14 14:24,North Nazimabad,Pizza,Clear,Medium,Car,7.04,7,4849.0,31.0,4.7,45,70.0,70,No,0,5.0
FD-101223,2025-07-26 09:28,PECHS,Biryani,Clear,Medium,Motorbike,4.96,8,4287.0,33.0,4.5,58,41.0,55,No,150,5.0
FD-101701,2025-09-13 15:19,Gulshan-e-Iqbal,Fast Food,Clear,Medium,Motorbike,3.06,6,4021.0,34.0,4.4,26,49.0,55,No,0,5.0
FD-101517,2025-07-24 10:40,DHA,Karahi,Hot,Medium,Car,7.37,6,2446.0,33.0,3.9,57,65.0,70,No,0,5.0
FD-101572,2025-10-26 12:11,North Nazimabad,Chinese,Dusty,Medium,Motorbike,3.82,6,3016.0,35.0,4.9,36,51.0,55,No,0,4.0
FD-102068,2026-01-12 11:31,DHA,Biryani,Windy,High,Bicycle,4.66,1,710.0,13.0,4.3,12,54.0,55,No,100,4.0
FD-101756,2025-10-02 19:46,DHA,Desserts,Clear,Jam,Motorbike,3.01,3,2050.0,16.0,4.4,12,31.0,55,No,100,5.0
FD-100836,2026-02-16 08:49,Korangi,Pizza,Dusty,Jam,Motorbike,8.23,3,1670.0,20.0,4.4,3,87.0,70,Yes,0,4.0
FD-102375,2026-06-07 13:40,Korangi,Fast Food,Hot,High,Car,4.64,4,3327.0,22.0,4.3,41,59.0,55,Yes,0,5.0
FD-101062,2026-05-11 20:20,Korangi,Karahi,Hot,Medium,Car,10.03,8,6061.0,33.0,4.4,46,82.0,70,Yes,0,5.0
FD-100662,2026-06-04 14:32,PECHS,Karahi,Rainy,Low,Motorbike,2.3,2,1691.0,23.0,3.8,3,57.0,55,Yes,0,5.0
FD-100219,2025-08-05 08:17,PECHS,Desserts,Clear,Medium,Bicycle,9.31,8,3217.0,26.0,3.3,7,93.0,70,Yes,0,4.0
FD-100191,2026-06-19 08:15,Gulshan-e-Iqbal,Biryani,Dusty,Low,Motorbike,4.08,1,558.0,25.0,5.0,53,18.0,55,No,0,5.0
FD-100344,2025-12-02 18:42,Gulshan-e-Iqbal,Biryani,Clear,Low,Motorbike,5.68,7,4143.0,23.0,5.0,13,38.0,55,No,0,5.0
FD-102444,2026-06-19 06:02,Malir,Pizza,Clear,Jam,Bicycle,8.64,7,3903.0,31.0,4.0,56,131.0,70,Yes,0,2.0
FD-100779,2026-05-03 09:28,North Nazimabad,Pizza,Hot,Jam,Car,7.62,3,1907.0,25.0,3.8,40,91.0,70,Yes,0,4.0
FD-100237,2025-08-01 15:43,DHA,Fast Food,Rainy,Jam,Motorbike,7.74,4,2235.0,19.0,4.5,46,81.0,70,Yes,0,4.0
FD-102164,2026-04-26 02:27,Clifton,Biryani,Dusty,Low,Car,3.09,7,5172.0,28.0,4.4,47,38.0,55,No,0,4.0
FD-100181,2026-04-18 09:25,PECHS,Pizza,Clear,Medium,Car,1.44,1,874.0,23.0,3.8,50,25.0,55,No,200,5.0
FD-102004,2025-10-14 09:30,DHA,BBQ,Dusty,Jam,Bicycle,5.99,6,2653.0,38.0,4.6,38,113.0,55,Yes,0,2.0
FD-100833,2026-01-17 07:45,Malir,Fast Food,Clear,High,Motorbike,3.11,2,1219.0,13.0,4.5,7,34.0,55,No,100,5.0
FD-102276,2025-11-13 21:59,PECHS,Fast Food,Dusty,Jam,Motorbike,2.13,6,3603.0,25.0,4.4,13,51.0,55,No,100,5.0
FD-101069,2026-02-04 23:38,Gulshan-e-Iqbal,Desserts,Hot,Medium,Motorbike,6.51,1,614.0,17.0,4.6,48,34.0,70,No,0,5.0
FD-102085,2026-06-03 03:57,North Nazimabad,Biryani,Dusty,High,Car,2.31,6,2129.0,25.0,4.4,31,43.0,55,No,50,5.0
FD-101275,2026-01-18 18:57,Clifton,BBQ,Clear,High,Car,3.76,4,3560.0,38.0,4.6,33,57.0,55,Yes,0,5.0
FD-100129,2025-07-14 11:23,Clifton,Fast Food,Clear,Low,Motorbike,5.68,4,1535.0,27.0,4.4,36,39.0,55,No,0,5.0
FD-102083,2025-09-23 08:02,Clifton,BBQ,Clear,Medium,Bicycle,5.44,2,1508.0,18.0,4.4,53,52.0,55,No,0,5.0
FD-100544,2025-07-09 08:51,Gulshan-e-Iqbal,Desserts,Rainy,Medium,Car,1.91,4,2533.0,27.0,4.5,50,42.0,55,No,100,5.0
FD-102215,2026-01-27 21:15,North Nazimabad,Pizza,Rainy,Medium,Motorbike,6.87,2,1681.0,27.0,4.8,55,72.0,70,Yes,0,5.0
FD-102269,2026-02-11 10:03,North Nazimabad,Pizza,Clear,Low,Motorbike,6.38,7,3381.0,18.0,4.8,0,38.0,70,No,0,5.0
FD-101573,2025-09-24 16:50,Korangi,BBQ,Clear,High,Car,4.49,5,4246.0,30.0,5.0,59,38.0,55,No,150,5.0
FD-102371,2026-01-11 10:39,Gulshan-e-Iqbal,Karahi,Dusty,Medium,Motorbike,4.82,1,876.0,17.0,4.3,11,36.0,55,No,50,5.0
FD-101776,2025-07-18 17:42,Clifton,Biryani,Dusty,Medium,Motorbike,11.75,3,2545.0,18.0,4.3,22,72.0,70,Yes,0,5.0
FD-102208,2026-01-27 01:00,DHA,Chinese,Hot,Medium,Motorbike,2.49,4,1898.0,23.0,4.6,6,37.0,55,No,100,5.0
FD-100050,2026-01-17 19:32,Saddar,Biryani,Clear,High,Car,4.73,6,4383.0,28.0,4.8,51,48.0,55,No,0,5.0
FD-102336,2026-01-13 01:16,DHA,BBQ,Hot,Medium,Motorbike,3.37,5,4157.0,33.0,4.4,47,39.0,55,No,200,5.0
FD-101839,2026-05-06 06:08,Malir,Chinese,Clear,Low,Motorbike,2.41,4,1713.0,26.0,4.2,24,32.0,55,No,0,5.0
FD-100562,2026-02-15 05:47,Korangi,Fast Food,Clear,High,Motorbike,2.29,2,1371.0,19.0,4.7,41,22.0,55,No,0,5.0
FD-101376,2025-07-07 13:42,Malir,Fast Food,Rainy,Medium,Motorbike,3.74,5,4481.0,23.0,4.1,55,62.0,55,Yes,0,4.0
FD-102448,2025-09-09 18:54,North Nazimabad,Karahi,Clear,Low,Motorbike,5.03,6,2331.0,37.0,4.2,28,52.0,55,No,50,5.0
FD-101934,2025-09-19 13:59,Saddar,BBQ,Clear,Medium,Motorbike,3.37,4,1793.0,34.0,4.7,55,48.0,55,No,0,5.0
FD-101546,2025-10-08 11:29,North Nazimabad,Fast Food,Clear,Medium,Car,2.48,4,1447.0,19.0,4.6,9,30.0,55,No,150,5.0
FD-101467,2025-12-04 12:39,Clifton,Chinese,Clear,Medium,Motorbike,11.42,8,4738.0,31.0,4.2,48,70.0,70,No,0,5.0
FD-102086,2025-11-01 13:53,PECHS,Pizza,Hot,High,Bicycle,7.19,3,2114.0,17.0,4.4,23,88.0,70,Yes,0,4.0
FD-101484,2025-08-06 05:18,Gulshan-e-Iqbal,Karahi,Windy,Low,Motorbike,5.06,6,3398.0,28.0,4.1,17,44.0,55,No,0,5.0
FD-101462,2025-09-01 14:55,DHA,BBQ,Clear,High,Bicycle,2.88,8,6565.0,39.0,4.3,38,71.0,55,Yes,0,5.0
FD-100792,2026-02-22 10:57,DHA,Biryani,Dusty,Medium,Motorbike,9.67,2,1125.0,21.0,5.0,48,63.0,70,No,100,5.0
FD-101345,2025-10-13 03:04,Korangi,Desserts,Hot,Medium,Motorbike,3.25,6,3073.0,27.0,3.9,44,43.0,55,No,0,5.0
FD-100111,2025-10-03 07:47,Malir,Fast Food,Clear,Medium,Bicycle,1.75,6,3114.0,24.0,4.3,46,32.0,55,No,0,5.0
FD-102155,2025-12-14 10:36,Malir,Karahi,Dusty,Medium,Bicycle,4.21,3,2285.0,25.0,4.4,49,50.0,55,No,0,5.0
FD-102095,2025-09-28 23:39,Korangi,Chinese,Clear,Low,Motorbike,5.27,6,3398.0,28.0,4.6,32,34.0,55,No,0,5.0
FD-100789,2026-01-09 09:03,Malir,Fast Food,Dusty,High,Motorbike,3.0,3,2031.0,24.0,4.3,52,35.0,55,No,50,5.0
FD-102267,2025-09-25 01:11,Gulshan-e-Iqbal,BBQ,Hot,High,Motorbike,2.25,7,3012.0,40.0,4.5,28,51.0,55,No,50,5.0
FD-100776,2025-08-28 22:11,Malir,Biryani,Windy,Medium,Car,2.71,7,3597.0,24.0,4.0,55,40.0,55,No,0,5.0
FD-101285,2026-04-22 12:05,Malir,Fast Food,Windy,Medium,Bicycle,5.44,6,2278.0,31.0,4.3,35,73.0,55,Yes,0,3.0
FD-101163,2025-12-01 01:32,Clifton,Pizza,Hot,Low,Motorbike,7.64,8,5330.0,31.0,3.6,40,51.0,70,No,150,5.0
FD-102355,2026-03-08 01:47,North Nazimabad,Biryani,Windy,High,Motorbike,12.86,4,2162.0,25.0,4.4,30,96.0,70,Yes,0,3.0
FD-100524,2026-04-17 22:21,Malir,Biryani,Rainy,Low,Bicycle,4.01,7,5028.0,30.0,4.7,48,66.0,55,Yes,0,5.0
FD-101665,2025-12-22 05:24,Korangi,Biryani,Hot,Low,Motorbike,5.13,7,4136.0,26.0,4.5,41,41.0,55,No,0,5.0
FD-100658,2025-12-23 14:20,PECHS,Desserts,Clear,High,Bicycle,6.11,2,1123.0,29.0,4.6,39,92.0,70,Yes,0,4.0
FD-102464,2026-05-08 22:07,Saddar,Chinese,Hot,Low,Car,3.17,8,6095.0,32.0,4.5,35,49.0,55,No,0,4.0
FD-101811,2025-10-17 01:52,Korangi,BBQ,Clear,Medium,Motorbike,6.54,5,2894.0,44.0,4.9,27,62.0,70,No,0,5.0
FD-102163,2025-11-06 04:30,PECHS,BBQ,Dusty,Low,Motorbike,5.85,7,5230.0,32.0,4.7,22,55.0,55,No,0,5.0
FD-101460,2026-02-15 02:17,PECHS,Karahi,Rainy,High,Car,3.55,7,3527.0,35.0,4.7,22,69.0,55,Yes,0,4.0
FD-101195,2025-12-23 07:14,Saddar,Chinese,Windy,Low,Motorbike,4.07,1,352.0,19.0,5.0,1,41.0,55,No,0,5.0
FD-101369,2026-04-27 20:23,PECHS,Pizza,Clear,High,Car,4.82,3,2362.0,27.0,4.1,47,59.0,55,Yes,0,5.0
FD-102396,2025-11-02 03:07,Malir,Biryani,Clear,Medium,Motorbike,11.04,6,5073.0,24.0,4.6,24,63.0,70,No,150,5.0
FD-100030,2025-12-13 00:49,Saddar,BBQ,Clear,High,Car,4.3,6,4345.0,36.0,3.7,2,63.0,55,Yes,0,4.0
FD-100040,2025-12-15 07:19,PECHS,Fast Food,Clear,Medium,Bicycle,3.3,3,1522.0,17.0,4.7,4,45.0,55,No,0,4.0
FD-101737,2025-11-21 16:39,Korangi,Fast Food,Dusty,Low,Motorbike,2.21,4,1449.0,14.0,4.6,6,25.0,55,No,150,4.0
FD-101375,2025-07-19 07:51,Clifton,Desserts,Clear,Medium,Car,4.1,6,4901.0,41.0,4.6,8,75.0,55,Yes,0,3.0
FD-101575,2025-11-27 13:55,North Nazimabad,Chinese,Clear,High,Motorbike,4.99,6,4441.0,22.0,3.9,15,53.0,55,No,0,4.0
FD-102121,2025-09-04 19:31,North Nazimabad,BBQ,Windy,Low,Motorbike,2.29,1,561.0,27.0,3.7,10,31.0,55,No,100,5.0
FD-101846,2025-12-07 16:27,Malir,Fast Food,Clear,Low,Car,5.17,4,1447.0,26.0,4.5,12,39.0,55,No,0,5.0
FD-100736,2026-06-07 11:48,Korangi,Karahi,Clear,Medium,Car,6.78,5,2749.0,39.0,4.2,44,64.0,70,No,0,5.0
FD-100992,2026-01-19 12:25,Korangi,Fast Food,Clear,Medium,Motorbike,10.19,6,4482.0,27.0,4.1,13,77.0,70,Yes,0,4.0
FD-100414,2026-05-09 10:36,DHA,Desserts,Clear,High,Car,5.39,4,2887.0,20.0,3.7,41,47.0,55,No,0,4.0
FD-100979,2025-11-15 04:10,North Nazimabad,Chinese,Clear,Medium,Motorbike,5.1,2,1059.0,16.0,4.8,38,39.0,55,No,0,5.0
FD-101167,2026-03-09 20:09,Korangi,Pizza,Clear,High,Motorbike,2.2,6,4100.0,27.0,4.8,40,49.0,55,No,100,4.0
FD-100017,2025-11-14 08:56,Malir,BBQ,Rainy,Jam,Motorbike,4.53,5,4049.0,37.0,5.0,16,72.0,55,Yes,0,4.0
FD-102421,2025-09-29 23:57,Malir,Karahi,Clear,Medium,Motorbike,2.12,4,3568.0,27.0,4.4,47,34.0,55,No,150,5.0
FD-102304,2026-03-19 22:59,Clifton,Desserts,Hot,Low,Motorbike,2.79,2,1228.0,15.0,4.3,34,24.0,55,No,50,5.0
FD-100973,2025-10-12 02:50,DHA,Fast Food,Rainy,Low,Motorbike,4.03,7,6279.0,37.0,4.7,15,62.0,55,Yes,0,5.0
FD-100808,2026-06-19 07:09,DHA,Fast Food,Rainy,Low,Motorbike,3.5,3,2522.0,24.0,4.8,28,45.0,55,No,50,5.0
FD-100590,2026-06-21 01:20,North Nazimabad,Chinese,Hot,Jam,Motorbike,7.83,1,768.0,25.0,4.1,25,78.0,70,Yes,0,4.0
FD-100574,2025-11-30 10:05,Clifton,Pizza,Hot,Low,Motorbike,4.94,7,2713.0,27.0,4.4,44,39.0,55,No,50,4.0
FD-100083,2026-02-16 08:34,North Nazimabad,Chinese,Dusty,High,Car,7.54,3,2055.0,17.0,3.9,3,69.0,70,No,0,5.0
FD-100227,2026-01-16 01:14,North Nazimabad,Pizza,Hot,Medium,Bicycle,6.21,2,897.0,14.0,4.5,32,57.0,70,No,0,4.0
FD-102365,2025-07-14 11:23,DHA,Desserts,Clear,Jam,Motorbike,3.62,5,4312.0,20.0,3.9,29,39.0,55,No,0,5.0
FD-100642,2025-07-05 02:37,North Nazimabad,Desserts,Clear,Low,Motorbike,3.26,7,3478.0,25.0,4.4,8,40.0,55,No,100,5.0
FD-100791,2025-08-05 11:27,PECHS,Chinese,Clear,Low,Car,4.84,5,2757.0,25.0,4.1,4,33.0,55,No,100,5.0
FD-101840,2025-09-22 21:58,Malir,Pizza,Clear,Low,Car,3.54,2,919.0,19.0,4.5,20,27.0,55,No,0,5.0
FD-101186,2026-01-30 05:31,Gulshan-e-Iqbal,Fast Food,Clear,Medium,Motorbike,5.27,4,2681.0,25.0,4.4,24,46.0,55,No,100,5.0
FD-102175,2026-03-08 12:43,Clifton,Fast Food,Rainy,Medium,Motorbike,2.62,3,1193.0,27.0,4.4,27,48.0,55,No,0,4.0
FD-102072,2026-01-25 17:00,Gulshan-e-Iqbal,Chinese,Clear,High,Motorbike,4.45,2,798.0,21.0,4.4,46,38.0,55,No,100,5.0
FD-102480,2025-12-14 11:31,North Nazimabad,Karahi,Clear,Medium,Motorbike,1.8,1,552.0,30.0,4.5,16,35.0,55,No,0,5.0
FD-101130,2025-12-25 16:33,DHA,Desserts,Rainy,High,Motorbike,6.8,1,769.0,18.0,5.0,54,61.0,70,No,150,5.0
FD-102438,2025-12-25 11:48,Gulshan-e-Iqbal,Karahi,Clear,Medium,Car,12.27,3,2001.0,24.0,4.8,14,79.0,70,Yes,0,4.0
FD-102112,2025-12-01 14:23,Saddar,Karahi,Clear,Medium,Motorbike,5.71,3,2365.0,22.0,4.8,3,47.0,55,No,100,5.0
FD-101847,2026-06-17 14:40,Gulshan-e-Iqbal,Pizza,Clear,Low,Car,2.29,5,4199.0,33.0,3.6,58,52.0,55,No,200,5.0
FD-101198,2026-01-31 16:28,DHA,Fast Food,Windy,Low,Motorbike,6.54,3,1833.0,19.0,4.0,20,48.0,70,No,0,5.0
FD-101201,2026-05-13 05:07,Korangi,Karahi,Windy,Low,Motorbike,11.0,4,1424.0,25.0,4.2,51,72.0,70,Yes,0,5.0
FD-101365,2025-11-04 14:18,PECHS,Biryani,Hot,Low,Motorbike,4.77,7,4831.0,34.0,4.0,54,59.0,55,Yes,0,4.0
FD-100884,2025-10-20 07:21,Gulshan-e-Iqbal,BBQ,Clear,Low,Car,2.51,5,2317.0,30.0,4.0,18,34.0,55,No,0,5.0
FD-102463,2026-04-04 12:31,Korangi,BBQ,Hot,Medium,Motorbike,9.27,5,1930.0,31.0,4.2,12,82.0,70,Yes,0,4.0
FD-100720,2026-03-25 23:11,North Nazimabad,Pizza,Windy,High,Motorbike,4.5,1,523.0,10.0,4.7,51,28.0,55,No,0,5.0
FD-102159,2026-06-01 07:00,Korangi,Fast Food,Clear,Medium,Motorbike,3.55,5,4091.0,25.0,3.9,1,41.0,55,No,0,5.0
FD-102041,2026-03-26 14:40,DHA,Pizza,Clear,High,Motorbike,6.39,6,4464.0,32.0,4.0,10,71.0,70,Yes,0,4.0
FD-102200,2025-07-31 11:32,Korangi,Fast Food,Hot,Low,Motorbike,1.81,1,864.0,12.0,4.0,7,23.0,55,No,0,5.0
FD-101446,2026-04-05 14:25,Gulshan-e-Iqbal,Fast Food,Clear,High,Motorbike,8.75,7,2732.0,28.0,4.3,16,78.0,70,Yes,0,5.0
FD-100409,2025-10-28 10:50,PECHS,Fast Food,Clear,High,Motorbike,5.1,1,850.0,24.0,4.6,20,50.0,55,No,0,5.0
FD-100451,2026-01-24 20:25,Saddar,Fast Food,Windy,Low,Car,4.28,2,1053.0,18.0,4.3,27,43.0,55,No,200,5.0
FD-101975,2025-08-03 07:09,Clifton,BBQ,Clear,Low,Motorbike,3.88,2,912.0,19.0,4.7,37,27.0,55,No,0,5.0
FD-101115,2026-04-03 01:36,Malir,Karahi,Rainy,Low,Bicycle,8.07,8,5000.0,36.0,4.4,40,87.0,70,Yes,0,3.0
FD-100284,2025-07-15 04:58,Saddar,Biryani,Dusty,Medium,Motorbike,6.17,7,3616.0,28.0,4.3,40,52.0,70,No,0,5.0
FD-100886,2026-04-30 02:19,Saddar,Pizza,Clear,High,Car,13.04,7,5991.0,29.0,4.5,50,105.0,70,Yes,0,3.0
FD-102116,2026-03-03 10:01,Clifton,Karahi,Clear,Low,Motorbike,4.66,8,6472.0,34.0,3.8,57,55.0,55,No,0,5.0
FD-100611,2026-05-29 03:05,North Nazimabad,Desserts,Windy,Low,Motorbike,4.83,3,2211.0,29.0,4.2,46,45.0,55,No,200,5.0
FD-101383,2025-12-05 18:33,DHA,Biryani,Dusty,High,Motorbike,7.74,2,948.0,18.0,4.4,16,57.0,70,No,0,5.0
FD-102079,2025-08-22 15:51,Clifton,Biryani,Windy,Medium,Motorbike,2.99,1,641.0,18.0,4.3,10,39.0,55,No,0,5.0
FD-101360,2025-10-29 08:26,North Nazimabad,Desserts,Hot,Low,Motorbike,10.78,1,808.0,18.0,4.7,53,52.0,70,No,200,5.0
FD-100183,2025-07-19 05:58,DHA,Fast Food,Windy,Medium,Bicycle,1.37,1,379.0,14.0,4.9,14,25.0,55,No,0,5.0
FD-101690,2026-04-04 08:54,Gulshan-e-Iqbal,Pizza,Hot,Medium,Motorbike,10.16,1,626.0,16.0,4.6,0,56.0,70,No,0,5.0
FD-100117,2025-08-24 19:27,DHA,Desserts,Hot,Low,Bicycle,1.53,8,5474.0,28.0,4.3,32,36.0,55,No,200,4.0
FD-102048,2026-02-08 01:44,Gulshan-e-Iqbal,BBQ,Clear,Low,Motorbike,10.15,6,5330.0,36.0,4.8,6,68.0,70,No,200,5.0
FD-101093,2026-02-17 01:17,DHA,Karahi,Clear,Jam,Motorbike,7.34,7,3984.0,39.0,4.4,25,84.0,70,Yes,0,4.0
FD-100384,2026-01-10 14:46,DHA,Biryani,Clear,Medium,Car,5.17,2,1571.0,19.0,4.6,32,54.0,55,No,0,5.0
FD-102046,2025-11-07 10:43,Gulshan-e-Iqbal,Desserts,Hot,Medium,Motorbike,6.19,4,2487.0,31.0,4.3,27,63.0,70,No,200,5.0
FD-100553,2025-11-16 13:05,Gulshan-e-Iqbal,Karahi,Hot,Medium,Motorbike,1.2,1,731.0,16.0,4.7,22,29.0,55,No,0,4.0
FD-100958,2026-04-08 12:27,Gulshan-e-Iqbal,Biryani,Clear,Low,Motorbike,4.28,7,5266.0,23.0,4.5,12,38.0,55,No,200,5.0
FD-100087,2025-12-17 17:55,Saddar,BBQ,Clear,High,Car,5.55,1,499.0,17.0,4.6,20,53.0,55,No,0,5.0
FD-101906,2025-08-20 10:55,Clifton,Pizza,Clear,High,Motorbike,3.66,5,1824.0,31.0,4.7,29,37.0,55,No,0,5.0
FD-100631,2026-03-10 08:15,DHA,Fast Food,Clear,High,Motorbike,4.62,5,3143.0,16.0,4.2,42,38.0,55,No,0,4.0
FD-100702,2025-08-04 17:16,DHA,Desserts,Rainy,Low,Motorbike,7.35,2,1663.0,17.0,4.4,7,354.0,70,No,0,5.0
FD-100425,2025-08-27 01:18,North Nazimabad,Pizza,Windy,Medium,Motorbike,8.93,4,3398.0,22.0,4.3,37,57.0,70,No,150,4.0
FD-101617,2025-12-16 03:45,Clifton,Karahi,Clear,High,Car,3.53,5,3788.0,37.0,5.0,36,48.0,55,No,200,5.0
FD-101094,2026-05-13 02:12,Korangi,Fast Food,Hot,Low,Car,6.3,7,5318.0,31.0,4.5,1,50.0,70,No,200,5.0
FD-100741,2025-09-30 14:45,PECHS,Fast Food,Rainy,Medium,Motorbike,3.14,3,1546.0,18.0,3.6,45,49.0,55,No,200,5.0
FD-100037,2026-05-17 15:51,PECHS,Desserts,Dusty,Jam,Motorbike,7.82,4,2202.0,27.0,4.4,30,80.0,70,Yes,0,5.0
FD-101023,2025-12-25 15:21,DHA,Biryani,Hot,High,Bicycle,6.72,3,2388.0,27.0,3.9,37,88.0,70,Yes,0,4.0
FD-100576,2025-07-20 04:01,Malir,Fast Food,Hot,Medium,Motorbike,4.59,6,2413.0,19.0,4.1,49,36.0,55,No,50,4.0
FD-101449,2026-02-23 23:38,Gulshan-e-Iqbal,Pizza,Dusty,Low,Motorbike,8.66,8,4680.0,29.0,4.1,14,63.0,70,No,0,5.0
FD-102167,2025-09-19 17:47,Clifton,Pizza,Hot,Low,Motorbike,9.26,7,5203.0,31.0,4.9,49,62.0,70,No,150,4.0
FD-101188,2026-01-27 03:19,Saddar,Biryani,Windy,Low,Motorbike,7.31,7,5722.0,22.0,5.0,47,42.0,70,No,0,5.0
FD-102194,2026-03-01 06:08,DHA,Fast Food,Windy,High,Motorbike,11.97,6,4589.0,30.0,4.9,55,91.0,70,Yes,0,4.0
FD-100450,2026-03-07 06:12,Korangi,BBQ,Dusty,Low,Motorbike,7.29,3,1539.0,25.0,4.0,59,49.0,70,No,0,5.0
FD-101576,2025-08-08 12:09,Malir,Karahi,Clear,Medium,Car,1.53,5,3225.0,31.0,4.4,3,35.0,55,No,200,5.0
FD-101717,2026-03-27 01:34,Gulshan-e-Iqbal,Biryani,Hot,Low,Bicycle,2.29,7,3556.0,26.0,4.4,49,31.0,55,No,0,4.0
FD-101968,2026-03-12 21:40,Saddar,BBQ,Dusty,Low,Motorbike,8.95,3,1257.0,20.0,4.3,0,58.0,70,No,0,5.0
FD-100809,2025-08-07 12:56,Korangi,Fast Food,Clear,Medium,Motorbike,4.27,1,408.0,18.0,4.1,1,39.0,55,No,0,5.0
FD-102151,2026-06-21 22:34,Malir,Chinese,Clear,High,Car,8.14,4,1848.0,18.0,4.4,59,62.0,70,No,50,5.0
FD-100740,2026-05-16 00:59,PECHS,Pizza,Clear,Jam,Motorbike,3.35,3,1820.0,20.0,3.9,56,40.0,55,No,200,5.0
FD-101403,2025-12-22 06:07,Malir,Biryani,Clear,Medium,Bicycle,4.26,2,1016.0,21.0,4.8,46,49.0,55,No,0,5.0
FD-100755,2026-05-19 01:05,Gulshan-e-Iqbal,Biryani,Hot,Low,Motorbike,3.74,3,1925.0,25.0,4.3,0,42.0,55,No,0,5.0
FD-100888,2026-06-26 20:43,Gulshan-e-Iqbal,Chinese,Hot,High,Car,9.96,1,882.0,9.0,4.3,35,76.0,70,Yes,0,4.0
FD-101736,2026-06-07 03:04,North Nazimabad,Fast Food,Clear,Medium,Car,4.08,3,1592.0,23.0,4.5,27,33.0,55,No,0,5.0
FD-101671,2025-12-23 21:58,Gulshan-e-Iqbal,Pizza,Dusty,Low,Motorbike,1.87,5,3236.0,28.0,5.0,37,43.0,55,No,200,5.0
FD-101566,2025-12-29 00:29,Malir,Desserts,Clear,Medium,Bicycle,2.47,4,1476.0,17.0,4.4,27,32.0,55,No,0,5.0
FD-101219,2025-12-22 15:58,Malir,BBQ,Hot,Jam,Motorbike,5.1,7,6154.0,41.0,4.1,45,84.0,55,Yes,0,3.0
FD-101234,2025-10-01 19:04,Malir,BBQ,Clear,High,Motorbike,3.82,4,3053.0,29.0,4.4,20,48.0,55,No,200,5.0
FD-101033,2026-01-03 04:51,DHA,BBQ,Hot,Medium,Motorbike,3.62,2,1629.0,19.0,4.8,32,36.0,55,No,50,5.0
FD-100940,2025-07-24 08:36,Korangi,Desserts,Hot,Medium,Motorbike,2.19,2,1509.0,23.0,4.5,5,28.0,55,No,200,5.0
FD-102475,2025-11-27 03:39,Gulshan-e-Iqbal,Fast Food,Hot,Low,Motorbike,2.27,5,4370.0,21.0,4.0,26,29.0,55,No,0,5.0
FD-101525,2025-10-15 03:13,North Nazimabad,BBQ,Clear,Jam,Motorbike,6.04,4,3252.0,33.0,4.9,30,71.0,70,Yes,0,5.0
FD-101506,2025-08-04 11:21,Korangi,Chinese,Clear,Low,Motorbike,2.47,7,6112.0,29.0,4.5,24,37.0,55,No,0,5.0
FD-100188,2026-04-20 10:33,Malir,Chinese,Clear,Low,Motorbike,4.38,2,1209.0,25.0,3.9,46,37.0,55,No,50,5.0
FD-100472,2025-07-26 18:55,Malir,Chinese,Clear,Low,Motorbike,3.39,4,3005.0,21.0,4.2,45,21.0,55,No,0,5.0
FD-101955,2026-02-05 18:33,DHA,BBQ,Hot,Low,Motorbike,4.03,1,626.0,24.0,4.4,56,35.0,55,No,0,4.0
FD-101237,2025-11-16 09:51,North Nazimabad,Desserts,Hot,High,Motorbike,8.28,3,2412.0,21.0,5.0,49,58.0,70,No,0,5.0
FD-101495,2025-08-07 14:00,North Nazimabad,Chinese,Dusty,Medium,Bicycle,4.14,8,3910.0,40.0,4.6,1,75.0,55,Yes,0,4.0
FD-101425,2025-12-16 13:35,North Nazimabad,Pizza,Clear,Low,Motorbike,8.43,7,3259.0,35.0,4.4,22,61.0,70,No,100,5.0
FD-100994,2025-09-06 19:42,North Nazimabad,Desserts,Clear,Low,Motorbike,6.49,2,1024.0,25.0,4.5,3,48.0,70,No,200,5.0
FD-101995,2026-04-07 22:42,DHA,Chinese,Clear,Medium,Motorbike,1.51,2,892.0,22.0,4.9,29,34.0,55,No,0,5.0
FD-101782,2026-04-09 02:39,PECHS,Biryani,Hot,Medium,Motorbike,5.76,4,1873.0,16.0,4.6,58,31.0,55,No,0,5.0
FD-102241,2025-09-15 23:50,Korangi,BBQ,Clear,High,Motorbike,2.0,1,603.0,29.0,4.1,30,37.0,55,No,150,4.0
FD-102309,2026-05-12 00:06,DHA,Biryani,Clear,Medium,Motorbike,3.85,2,919.0,19.0,4.5,56,29.0,55,No,0,5.0
FD-101089,2026-03-04 04:20,North Nazimabad,Biryani,Clear,Medium,Motorbike,3.9,6,3349.0,27.0,3.8,22,40.0,55,No,0,5.0
FD-100815,2026-05-10 05:52,DHA,BBQ,Clear,Jam,Motorbike,8.06,5,4342.0,27.0,4.1,14,76.0,70,Yes,0,5.0
FD-100925,2026-05-03 18:54,DHA,BBQ,Dusty,Jam,Motorbike,3.41,3,1829.0,23.0,4.4,11,51.0,55,No,100,5.0
FD-100613,2025-12-02 02:35,PECHS,Pizza,Hot,Low,Bicycle,6.13,3,1561.0,6.0,4.1,53,39.0,70,No,100,5.0
FD-102000,2025-12-08 17:57,Malir,BBQ,Hot,Low,Motorbike,5.12,8,5882.0,42.0,5.0,20,59.0,55,Yes,0,5.0
FD-101527,2026-04-20 21:25,PECHS,Karahi,Clear,Medium,Car,11.12,5,4500.0,28.0,4.2,31,83.0,70,Yes,0,4.0
FD-100435,2026-06-06 10:08,DHA,Desserts,Rainy,Low,Motorbike,1.72,7,3988.0,33.0,4.3,54,50.0,55,No,0,5.0
FD-101638,2025-07-29 02:37,Gulshan-e-Iqbal,Pizza,Clear,Medium,Bicycle,1.44,5,3140.0,25.0,4.8,50,33.0,55,No,0,5.0
FD-100753,2026-06-27 05:09,PECHS,BBQ,Rainy,Low,Bicycle,3.84,8,3699.0,36.0,4.4,55,67.0,55,Yes,0,4.0
FD-100534,2025-10-14 18:51,Clifton,Karahi,Dusty,Medium,Motorbike,4.17,3,1403.0,25.0,4.6,54,45.0,55,No,0,5.0
FD-100556,2026-03-12 12:38,Gulshan-e-Iqbal,Pizza,Dusty,Jam,Motorbike,3.62,6,5144.0,30.0,4.4,34,60.0,55,Yes,0,5.0
FD-101832,2025-08-05 03:42,DHA,Desserts,Clear,Medium,Motorbike,5.21,3,2069.0,24.0,4.1,0,45.0,55,No,0,5.0
FD-101583,2025-07-07 20:31,Gulshan-e-Iqbal,BBQ,Clear,Jam,Motorbike,4.77,1,455.0,24.0,4.6,58,58.0,55,Yes,0,4.0
FD-102036,2025-09-29 15:35,Malir,Fast Food,Clear,High,Motorbike,3.35,7,4355.0,30.0,4.4,30,44.0,55,No,0,5.0
FD-102065,2025-12-13 01:01,PECHS,BBQ,Hot,Low,Motorbike,5.12,3,2647.0,34.0,4.9,30,45.0,55,No,100,5.0
FD-101800,2025-09-10 09:12,Gulshan-e-Iqbal,Chinese,Hot,Medium,Car,12.22,5,4485.0,28.0,4.5,5,83.0,70,Yes,0,4.0
FD-100165,2026-03-05 06:09,PECHS,Biryani,Clear,Medium,Motorbike,2.15,1,517.0,18.0,3.8,20,28.0,55,No,50,5.0
FD-100963,2026-01-08 05:11,PECHS,Biryani,Clear,Jam,Motorbike,2.81,3,2647.0,11.0,4.7,0,28.0,55,No,0,4.0
FD-102498,2026-05-06 19:10,Korangi,Fast Food,Clear,High,Motorbike,4.55,7,3764.0,29.0,4.7,9,56.0,55,Yes,0,5.0
FD-100602,2025-08-17 22:21,Saddar,Chinese,Hot,Medium,Motorbike,10.87,7,3666.0,30.0,4.0,56,70.0,70,No,0,5.0
FD-100140,2026-04-25 19:53,Clifton,BBQ,Hot,Medium,Motorbike,7.14,3,1337.0,31.0,4.6,52,52.0,70,No,150,5.0
FD-102191,2025-07-16 12:17,DHA,Fast Food,Dusty,High,Motorbike,0.93,5,3464.0,18.0,4.0,10,25.0,55,No,50,5.0
FD-101317,2025-09-07 18:04,DHA,Desserts,Rainy,Low,Motorbike,4.64,5,2854.0,24.0,4.3,27,48.0,55,No,100,4.0
FD-101622,2026-06-27 18:28,Saddar,Chinese,Clear,Low,Car,1.11,2,1143.0,24.0,3.5,44,24.0,55,No,0,5.0
FD-100103,2026-04-07 21:44,North Nazimabad,Chinese,Hot,Low,Motorbike,4.41,2,982.0,13.0,4.7,25,33.0,55,No,0,5.0
FD-100350,2026-02-02 02:03,Clifton,Chinese,Rainy,Low,Motorbike,3.29,5,1786.0,28.0,4.2,26,49.0,55,No,0,5.0
FD-101173,2026-06-26 06:04,Clifton,Desserts,Clear,Low,Motorbike,6.42,6,2620.0,28.0,4.0,10,50.0,70,No,150,4.0
FD-100855,2026-02-09 20:55,Gulshan-e-Iqbal,Karahi,Hot,Jam,Motorbike,4.27,7,5475.0,38.0,4.3,44,72.0,55,Yes,0,4.0
FD-100832,2025-11-10 04:24,Clifton,Karahi,Windy,High,Car,3.45,1,772.0,21.0,4.4,18,44.0,55,No,0,4.0
FD-101980,2026-02-20 01:25,Korangi,Chinese,Hot,High,Motorbike,3.66,7,3355.0,34.0,4.6,12,49.0,55,No,0,4.0
FD-102306,2025-09-02 16:46,Saddar,Chinese,Clear,Jam,Motorbike,5.21,5,1946.0,21.0,4.2,28,58.0,55,Yes,0,4.0
FD-102461,2025-09-22 02:05,Saddar,Karahi,Dusty,Low,Motorbike,4.69,4,1494.0,29.0,4.2,10,48.0,55,No,0,5.0
FD-101584,2025-10-05 23:56,Saddar,Chinese,Windy,Medium,Car,3.07,6,3379.0,22.0,4.3,10,42.0,55,No,100,5.0
FD-101844,2026-06-02 23:18,Korangi,Pizza,Hot,High,Motorbike,2.31,6,3559.0,25.0,4.7,58,31.0,55,No,0,4.0
FD-100360,2025-11-26 03:53,PECHS,Chinese,Clear,Low,Motorbike,2.86,6,3003.0,23.0,4.4,15,34.0,55,No,200,4.0
FD-100280,2026-05-15 07:33,PECHS,BBQ,Dusty,High,Motorbike,2.21,2,1539.0,22.0,4.4,39,38.0,55,No,0,5.0
FD-100329,2026-03-25 16:17,PECHS,Desserts,Clear,High,Motorbike,3.17,5,2814.0,25.0,4.2,4,44.0,55,No,50,5.0
FD-100120,2026-05-21 21:41,PECHS,Biryani,Clear,Low,Motorbike,3.92,6,4195.0,32.0,4.4,14,55.0,55,No,0,5.0
FD-102429,2026-02-06 11:02,Malir,Fast Food,Clear,Medium,Motorbike,3.74,4,3226.0,19.0,5.0,20,32.0,55,No,200,5.0
FD-100801,2025-08-12 04:00,PECHS,Desserts,Hot,Jam,Motorbike,6.64,2,923.0,18.0,4.4,30,63.0,70,No,0,5.0
FD-100013,2026-04-19 11:23,Saddar,Karahi,Clear,High,Motorbike,7.55,2,769.0,25.0,5.0,8,66.0,70,No,200,5.0
FD-101476,2025-12-18 03:07,Korangi,Chinese,Clear,High,Car,5.47,2,1078.0,15.0,4.0,0,56.0,55,Yes,0,4.0
FD-102063,2025-08-12 23:14,Clifton,Fast Food,Hot,Low,Motorbike,1.41,1,701.0,26.0,4.3,27,30.0,55,No,0,5.0
FD-101888,2026-05-30 13:06,DHA,Pizza,Clear,Low,Bicycle,6.24,5,3506.0,23.0,3.8,8,72.0,70,Yes,0,4.0
FD-101017,2025-12-28 03:19,Gulshan-e-Iqbal,BBQ,Hot,Low,Motorbike,2.68,3,2550.0,25.0,5.0,2,30.0,55,No,100,4.0
FD-101157,2026-04-08 03:41,Gulshan-e-Iqbal,Chinese,Windy,Low,Motorbike,6.67,6,2289.0,26.0,3.5,7,55.0,70,No,0,5.0
FD-101318,2026-06-17 16:25,Clifton,Desserts,Hot,Medium,Motorbike,2.5,5,1953.0,23.0,4.1,35,41.0,55,No,0,5.0
FD-102332,2026-04-22 20:26,DHA,Desserts,Hot,High,Motorbike,6.15,6,2811.0,22.0,4.0,43,58.0,70,No,50,5.0
FD-100603,2026-04-29 01:01,DHA,Fast Food,Clear,Jam,Car,2.07,1,782.0,25.0,4.5,54,38.0,55,No,0,5.0
FD-101498,2026-01-30 07:20,PECHS,Pizza,Hot,Medium,Car,7.36,8,5670.0,33.0,4.6,24,63.0,70,No,0,5.0
FD-102274,2025-07-25 10:55,Gulshan-e-Iqbal,Biryani,Hot,Medium,Motorbike,4.39,8,5315.0,31.0,4.5,59,44.0,55,No,0,5.0
FD-102016,2026-02-19 11:12,Gulshan-e-Iqbal,Pizza,Clear,Medium,Motorbike,4.82,3,1810.0,27.0,4.3,19,47.0,55,No,0,4.0
FD-102301,2026-03-16 19:18,PECHS,Desserts,Clear,Medium,Motorbike,4.39,7,3055.0,25.0,4.3,10,45.0,55,No,0,5.0
FD-100496,2026-06-03 14:32,DHA,Karahi,Windy,Medium,Motorbike,4.09,8,4130.0,38.0,4.8,20,58.0,55,Yes,0,4.0
FD-101810,2025-08-26 02:25,Saddar,Pizza,Clear,High,Motorbike,1.82,5,4383.0,25.0,4.5,59,33.0,55,No,150,5.0
FD-100256,2026-01-04 06:19,North Nazimabad,Pizza,Rainy,High,Motorbike,4.66,5,3908.0,20.0,4.0,11,51.0,55,No,200,4.0
FD-102286,2025-10-23 23:31,North Nazimabad,Pizza,Dusty,Medium,Motorbike,5.84,3,1701.0,21.0,4.2,35,41.0,55,No,0,5.0
FD-102423,2026-02-07 03:34,DHA,Fast Food,Clear,High,Motorbike,7.88,3,1612.0,25.0,4.2,0,64.0,70,No,0,5.0
FD-101891,2026-01-07 04:09,PECHS,Biryani,Hot,High,Motorbike,6.72,7,4668.0,30.0,4.3,53,62.0,70,No,0,5.0
FD-101358,2025-09-04 12:55,Gulshan-e-Iqbal,Fast Food,Clear,Medium,Bicycle,10.71,8,4994.0,39.0,4.4,51,110.0,70,Yes,0,1.0
FD-100029,2026-05-14 20:15,Malir,Fast Food,Dusty,High,Motorbike,6.66,6,2520.0,23.0,4.2,31,63.0,70,No,0,5.0
FD-100566,2025-10-19 21:45,Gulshan-e-Iqbal,Karahi,Dusty,Medium,Motorbike,3.43,7,5851.0,25.0,5.0,0,67.0,55,Yes,0,5.0
FD-100031,2026-06-23 00:26,Clifton,Fast Food,Clear,Medium,Motorbike,3.76,8,4488.0,35.0,4.5,37,48.0,55,No,50,5.0
FD-101624,2026-03-05 07:08,North Nazimabad,Biryani,Dusty,Medium,Motorbike,7.01,2,843.0,13.0,4.3,48,45.0,70,No,0,5.0
FD-102148,2025-07-09 14:26,Gulshan-e-Iqbal,Pizza,Hot,Medium,Motorbike,3.06,3,1215.0,21.0,3.6,8,51.0,55,No,0,5.0
FD-102426,2025-12-01 19:11,PECHS,BBQ,Rainy,High,Motorbike,7.97,5,3070.0,28.0,4.4,54,78.0,70,Yes,0,5.0
FD-101064,2026-03-08 00:42,DHA,Karahi,Clear,Medium,Motorbike,6.2,4,2301.0,30.0,3.7,58,54.0,70,No,100,5.0
FD-100016,2026-05-29 14:24,Clifton,BBQ,Clear,Low,Motorbike,3.58,8,5298.0,47.0,4.1,44,65.0,55,Yes,0,4.0
FD-100917,2025-11-04 16:00,DHA,Fast Food,Hot,Medium,Car,6.46,7,3631.0,20.0,4.8,20,50.0,70,No,0,5.0
FD-100683,2025-09-23 04:20,DHA,Pizza,Rainy,Jam,Motorbike,8.56,6,2102.0,27.0,4.6,56,101.0,70,Yes,0,3.0
FD-102345,2026-04-11 19:16,PECHS,Biryani,Clear,Jam,Motorbike,4.3,6,4477.0,27.0,4.2,23,53.0,55,No,0,5.0
FD-101264,2026-03-24 12:06,Clifton,BBQ,Windy,Low,Motorbike,8.45,6,3300.0,25.0,4.2,25,64.0,70,No,0,5.0
FD-101814,2026-03-15 20:48,Gulshan-e-Iqbal,Karahi,Clear,Low,Motorbike,1.95,1,607.0,18.0,4.2,22,31.0,55,No,0,4.0
FD-100691,2025-08-03 08:05,PECHS,Pizza,Windy,Medium,Motorbike,7.35,4,2027.0,17.0,4.4,34,42.0,70,No,200,5.0
FD-102111,2026-01-14 15:20,Saddar,Desserts,Hot,Low,Motorbike,1.46,5,2530.0,25.0,4.5,56,27.0,55,No,50,5.0
FD-101817,2026-01-15 18:39,Korangi,Chinese,Clear,Low,Motorbike,4.92,8,5283.0,33.0,3.9,4,45.0,55,No,50,4.0
FD-100535,2026-06-30 19:32,PECHS,Fast Food,Windy,Medium,Motorbike,2.15,5,3958.0,22.0,4.4,49,37.0,55,No,0,4.0
FD-101010,2026-04-14 01:16,PECHS,Pizza,Windy,High,Motorbike,7.34,4,1599.0,25.0,4.5,35,68.0,70,No,200,4.0
FD-101343,2026-04-12 11:51,Saddar,Biryani,Hot,High,Car,3.4,4,3186.0,27.0,4.6,28,47.0,55,No,0,5.0
FD-101273,2025-10-27 10:13,PECHS,Fast Food,Clear,Low,Motorbike,4.56,7,3807.0,43.0,4.2,15,57.0,55,Yes,0,5.0
FD-101562,2025-11-16 09:17,North Nazimabad,BBQ,Dusty,Jam,Motorbike,3.13,7,5650.0,27.0,4.1,6,57.0,55,Yes,0,5.0
FD-102373,2025-12-28 17:59,North Nazimabad,BBQ,Rainy,High,Bicycle,10.7,3,2106.0,30.0,4.4,8,147.0,70,Yes,0,1.0
FD-101286,2025-07-28 08:51,Saddar,Karahi,Hot,Medium,Motorbike,3.32,5,3256.0,35.0,4.4,45,45.0,55,No,50,5.0
FD-101258,2026-04-17 15:19,DHA,Biryani,Hot,High,Motorbike,10.92,6,2321.0,37.0,4.5,50,87.0,70,Yes,0,4.0
FD-101050,2025-08-16 16:40,Gulshan-e-Iqbal,Pizza,Windy,High,Motorbike,5.3,4,3313.0,19.0,4.8,21,45.0,55,No,0,5.0
FD-101831,2026-06-16 00:06,Saddar,BBQ,Dusty,High,Motorbike,2.19,7,5425.0,42.0,4.3,41,54.0,55,No,0,5.0
FD-102108,2026-05-29 01:00,PECHS,Desserts,Clear,Medium,Motorbike,2.44,4,3590.0,11.0,4.1,36,25.0,55,No,0,5.0
FD-101351,2025-10-03 19:58,DHA,Desserts,Dusty,High,Motorbike,4.25,1,749.0,21.0,3.8,31,46.0,55,No,100,5.0
FD-101950,2025-11-15 12:52,Korangi,Karahi,Clear,Medium,Car,3.24,2,1264.0,28.0,5.0,21,46.0,55,No,200,5.0
FD-100168,2026-01-26 03:05,Gulshan-e-Iqbal,Fast Food,Clear,Medium,Motorbike,1.99,3,1459.0,22.0,5.0,31,13.0,55,No,50,4.0
FD-102383,2026-01-01 03:26,DHA,Karahi,Clear,High,Motorbike,2.03,5,2565.0,34.0,4.1,30,43.0,55,No,0,5.0
FD-101520,2026-02-03 02:08,Saddar,Desserts,Rainy,Medium,Motorbike,5.62,5,3504.0,24.0,4.4,15,59.0,55,Yes,0,5.0
FD-101004,2026-02-26 06:41,Saddar,Desserts,Dusty,Low,Motorbike,5.63,1,802.0,32.0,4.3,47,44.0,55,No,0,5.0
FD-102053,2025-12-12 08:23,DHA,Desserts,Hot,High,Motorbike,5.21,7,3348.0,27.0,4.6,57,47.0,55,No,0,5.0
FD-101488,2025-09-08 09:40,DHA,BBQ,Hot,High,Motorbike,4.8,2,810.0,21.0,4.3,43,39.0,55,No,50,5.0
FD-100193,2026-05-07 19:34,DHA,Biryani,Clear,Jam,Car,6.88,7,3302.0,28.0,4.3,21,83.0,70,Yes,0,4.0
FD-102268,2025-10-28 19:52,Malir,Biryani,Clear,High,Motorbike,3.61,6,2466.0,28.0,4.5,38,36.0,55,No,0,5.0
FD-102328,2025-11-01 20:34,PECHS,Pizza,Clear,Medium,Motorbike,10.69,7,2638.0,20.0,3.7,22,66.0,70,No,0,5.0
FD-101451,2025-07-28 05:37,PECHS,Desserts,Rainy,Medium,Car,6.75,4,2159.0,25.0,4.5,50,66.0,70,No,0,5.0
FD-100563,2026-06-28 17:02,Gulshan-e-Iqbal,Fast Food,Hot,High,Bicycle,5.21,3,1561.0,32.0,4.5,48,82.0,55,Yes,0,4.0
FD-101822,2025-08-30 15:09,Saddar,BBQ,Hot,Medium,Bicycle,5.93,8,3777.0,25.0,4.4,59,84.0,55,Yes,0,3.0
FD-100775,2025-11-10 00:09,Gulshan-e-Iqbal,Desserts,Clear,High,Car,4.49,8,6423.0,31.0,3.9,42,57.0,55,Yes,0,5.0
FD-101724,2025-08-29 15:44,Korangi,Karahi,Clear,Medium,Motorbike,5.06,2,805.0,19.0,4.9,6,40.0,55,No,0,5.0
FD-101983,2026-04-05 07:15,Saddar,Karahi,Hot,Medium,Motorbike,8.74,8,4750.0,45.0,4.4,48,81.0,70,Yes,0,4.0
FD-100673,2026-02-15 16:44,Saddar,Chinese,Clear,Jam,Motorbike,0.94,6,2961.0,30.0,4.7,31,33.0,55,No,100,5.0
FD-100666,2026-01-19 05:46,Korangi,Pizza,Rainy,High,Motorbike,1.78,8,2894.0,35.0,4.6,24,58.0,55,Yes,0,5.0
FD-100143,2026-03-07 15:03,Saddar,Chinese,Windy,Medium,Motorbike,5.69,3,2412.0,18.0,3.8,27,40.0,55,No,0,4.0
FD-100655,2025-11-08 01:52,DHA,Fast Food,Windy,Low,Motorbike,1.66,3,2038.0,14.0,4.4,12,17.0,55,No,0,4.0
FD-100408,2026-05-25 16:35,North Nazimabad,Fast Food,Hot,Medium,Motorbike,2.34,6,2410.0,43.0,4.8,54,46.0,55,No,0,5.0
FD-100386,2025-08-08 02:22,Saddar,BBQ,Clear,Low,Motorbike,5.12,4,1741.0,30.0,4.2,19,43.0,55,No,200,5.0
FD-101058,2026-06-19 23:04,Clifton,Biryani,Hot,Low,Motorbike,2.99,5,4125.0,37.0,4.5,54,42.0,55,No,200,5.0
FD-101596,2025-07-18 05:54,Gulshan-e-Iqbal,Biryani,Hot,Medium,Motorbike,7.38,6,2523.0,25.0,4.3,7,60.0,70,No,200,5.0
FD-101836,2026-06-19 19:12,Saddar,Chinese,Clear,Low,Bicycle,4.83,6,4563.0,30.0,5.0,56,45.0,55,No,0,5.0
FD-100844,2025-11-02 13:04,DHA,Biryani,Rainy,Low,Motorbike,4.91,4,3497.0,16.0,4.4,37,52.0,55,No,0,5.0
FD-100695,2026-03-10 16:09,Saddar,Desserts,Hot,Low,Motorbike,6.84,1,827.0,15.0,4.5,28,38.0,70,No,0,4.0
FD-100110,2025-07-02 23:07,North Nazimabad,Desserts,Hot,Jam,Car,2.21,8,6110.0,30.0,3.9,42,47.0,55,No,0,5.0
FD-101182,2026-03-17 03:49,Korangi,Chinese,Windy,Jam,Motorbike,6.38,2,1387.0,19.0,4.4,13,64.0,70,No,0,5.0
FD-101422,2026-01-18 13:54,PECHS,Desserts,Clear,Low,Motorbike,2.98,1,418.0,17.0,4.7,20,30.0,55,No,0,5.0
FD-100700,2026-02-15 15:02,Korangi,BBQ,Hot,Low,Motorbike,5.05,4,1842.0,20.0,5.0,27,29.0,55,No,0,5.0
FD-101774,2025-09-18 09:31,North Nazimabad,Pizza,Hot,High,Bicycle,7.39,4,3462.0,19.0,4.3,0,91.0,70,Yes,0,4.0
FD-100760,2025-07-06 09:30,Gulshan-e-Iqbal,Biryani,Clear,Medium,Motorbike,8.24,3,2089.0,24.0,4.4,30,53.0,70,No,0,5.0
FD-100750,2026-04-12 23:24,Gulshan-e-Iqbal,Biryani,Hot,Medium,Motorbike,12.16,8,4567.0,36.0,4.5,39,83.0,70,Yes,0,3.0
FD-100872,2026-06-30 08:19,Saddar,Desserts,Windy,High,Car,3.48,6,3649.0,28.0,4.4,37,40.0,55,No,150,4.0
FD-101019,2026-01-27 00:25,North Nazimabad,Biryani,Windy,Low,Car,3.23,6,3807.0,30.0,4.3,41,45.0,55,No,0,5.0
FD-102271,2026-04-04 19:43,Clifton,Chinese,Clear,High,Car,10.84,2,1587.0,14.0,4.3,17,80.0,70,Yes,0,4.0
FD-101189,2026-03-13 00:31,Gulshan-e-Iqbal,Desserts,Clear,Low,Motorbike,8.38,8,6388.0,30.0,4.5,57,52.0,70,No,100,5.0
FD-101129,2026-01-21 22:25,Malir,Chinese,Hot,High,Bicycle,4.55,7,2971.0,32.0,5.0,34,82.0,55,Yes,0,4.0
FD-100699,2026-03-12 11:41,Clifton,Desserts,Hot,Medium,Motorbike,4.41,6,2301.0,33.0,4.4,27,55.0,55,No,0,5.0
FD-101249,2025-12-16 05:07,Gulshan-e-Iqbal,Karahi,Hot,High,Bicycle,3.88,3,1417.0,26.0,4.3,55,61.0,55,Yes,0,5.0
FD-100628,2026-04-11 07:07,Saddar,Fast Food,Dusty,Low,Motorbike,4.09,4,1719.0,19.0,4.8,58,29.0,55,No,150,5.0
FD-102389,2025-09-08 11:26,Korangi,Desserts,Windy,Low,Bicycle,3.4,4,1484.0,15.0,4.4,29,45.0,55,No,0,5.0
FD-100584,2025-11-09 01:50,Saddar,BBQ,Hot,Medium,Bicycle,5.11,8,3278.0,35.0,4.8,33,72.0,55,Yes,0,4.0
FD-102412,2026-03-08 21:25,Gulshan-e-Iqbal,Desserts,Hot,Medium,Motorbike,3.43,4,1566.0,13.0,4.9,21,34.0,55,No,100,5.0
FD-102468,2026-02-17 14:15,Gulshan-e-Iqbal,Chinese,Clear,Low,Car,6.3,7,2898.0,28.0,4.1,17,55.0,70,No,150,5.0
FD-100856,2025-07-27 05:44,North Nazimabad,Desserts,Hot,Low,Motorbike,2.74,4,2102.0,31.0,4.3,4,44.0,55,No,0,5.0
FD-101494,2025-09-13 19:51,DHA,Desserts,Windy,Jam,Motorbike,3.4,1,845.0,18.0,4.7,13,39.0,55,No,0,5.0
FD-101813,2025-08-23 04:03,Saddar,Desserts,Clear,High,Motorbike,5.34,3,2636.0,21.0,3.9,15,55.0,55,No,0,5.0
FD-102153,2026-03-10 05:53,North Nazimabad,Pizza,Rainy,Low,Motorbike,1.92,1,389.0,24.0,4.4,5,40.0,55,No,0,5.0
FD-101654,2025-10-14 05:08,Saddar,Biryani,Dusty,Low,Motorbike,8.29,6,3097.0,25.0,3.8,6,50.0,70,No,0,5.0
FD-101924,2026-03-14 22:43,North Nazimabad,Biryani,Clear,Medium,Motorbike,2.79,6,4258.0,18.0,4.0,47,45.0,55,No,150,5.0
FD-100920,2025-09-17 17:39,Clifton,Pizza,Clear,High,Motorbike,3.19,8,4677.0,34.0,4.8,24,44.0,55,No,150,5.0
FD-100189,2025-08-14 03:59,Malir,BBQ,Clear,Medium,Motorbike,2.07,5,4329.0,28.0,5.0,34,245.0,55,No,0,5.0
FD-101942,2025-09-08 21:05,Clifton,Chinese,Dusty,High,Motorbike,1.85,3,1279.0,25.0,4.6,17,46.0,55,No,0,4.0
FD-101909,2026-04-11 11:11,Saddar,Karahi,Clear,Medium,Motorbike,5.85,6,3620.0,29.0,3.9,31,49.0,55,No,200,5.0
FD-102001,2025-08-24 12:50,North Nazimabad,Desserts,Hot,Low,Motorbike,5.03,8,3744.0,31.0,4.3,32,50.0,55,No,0,5.0
FD-100820,2025-07-30 02:03,Clifton,Chinese,Hot,High,Motorbike,7.35,6,2642.0,31.0,4.4,24,70.0,70,No,0,5.0
FD-101674,2026-04-09 19:02,Clifton,Pizza,Windy,Medium,Motorbike,5.89,5,3062.0,24.0,4.5,52,46.0,55,No,200,5.0
FD-101268,2025-11-17 05:57,Korangi,Biryani,Clear,High,Motorbike,2.8,1,735.0,16.0,4.6,9,23.0,55,No,0,5.0
FD-100971,2025-07-21 10:46,Gulshan-e-Iqbal,Biryani,Clear,Low,Car,3.12,5,1871.0,15.0,4.3,14,24.0,55,No,200,4.0
FD-101663,2026-01-28 21:27,Malir,Biryani,Dusty,Medium,Motorbike,9.22,7,2649.0,24.0,3.9,0,67.0,70,No,50,5.0
FD-100862,2025-07-10 18:50,Clifton,Chinese,Windy,Low,Motorbike,2.75,1,465.0,16.0,4.6,15,24.0,55,No,100,5.0
FD-101242,2026-02-17 22:52,Malir,Desserts,Clear,Low,Motorbike,9.98,4,2328.0,21.0,4.5,26,53.0,70,No,0,5.0
FD-101793,2025-12-15 15:43,Korangi,BBQ,Clear,High,Motorbike,3.47,4,2321.0,25.0,4.2,8,40.0,55,No,0,5.0
FD-101613,2025-09-20 20:52,PECHS,Fast Food,Clear,Low,Motorbike,3.23,4,2359.0,21.0,4.2,16,44.0,55,No,200,5.0
FD-100543,2025-07-30 00:40,PECHS,Karahi,Windy,High,Bicycle,5.76,8,6354.0,35.0,4.9,21,89.0,55,Yes,0,3.0
FD-100829,2025-07-23 18:13,Clifton,BBQ,Dusty,Medium,Motorbike,11.01,1,687.0,24.0,4.4,24,70.0,70,No,0,5.0
FD-102242,2026-05-13 13:09,Malir,Fast Food,Clear,High,Motorbike,4.27,1,483.0,20.0,4.2,6,52.0,55,No,0,5.0
FD-100448,2026-03-31 00:36,DHA,Chinese,Hot,Jam,Bicycle,3.26,2,1568.0,17.0,4.2,44,56.0,55,Yes,0,4.0
FD-100138,2025-07-18 03:10,Gulshan-e-Iqbal,Fast Food,Dusty,Low,Motorbike,4.89,6,5161.0,29.0,4.0,36,45.0,55,No,0,4.0
FD-100968,2025-07-07 14:09,Clifton,Desserts,Rainy,High,Motorbike,5.92,2,977.0,20.0,3.8,5,63.0,55,Yes,0,5.0
FD-101099,2026-04-13 06:06,PECHS,Pizza,Clear,Low,Motorbike,3.08,2,969.0,17.0,4.1,0,29.0,55,No,100,5.0
FD-101586,2026-06-04 13:45,DHA,Fast Food,Rainy,Medium,Bicycle,2.5,2,1729.0,28.0,3.9,26,64.0,55,Yes,0,5.0
FD-101590,2025-10-17 21:28,North Nazimabad,Pizza,Hot,Medium,Motorbike,8.1,2,932.0,16.0,4.6,7,55.0,70,No,0,5.0
FD-100927,2025-07-07 22:16,Clifton,Pizza,Clear,Low,Motorbike,3.42,2,1171.0,16.0,4.6,13,35.0,55,No,0,4.0
FD-101371,2025-10-02 09:09,PECHS,Biryani,Windy,Low,Car,4.45,1,837.0,18.0,4.1,25,37.0,55,No,100,5.0
FD-100718,2025-09-29 05:40,Malir,Chinese,Hot,Medium,Car,5.86,3,1684.0,21.0,4.4,34,48.0,55,No,50,5.0
FD-100245,2025-11-15 08:07,Gulshan-e-Iqbal,Fast Food,Clear,Medium,Car,5.53,3,1836.0,24.0,4.2,27,49.0,55,No,50,5.0
FD-100697,2025-09-08 07:38,Korangi,Chinese,Windy,Medium,Motorbike,3.04,2,1145.0,19.0,4.8,8,33.0,55,No,100,5.0
FD-100201,2025-09-13 11:47,PECHS,Biryani,Clear,Low,Motorbike,1.54,6,4997.0,19.0,4.3,14,21.0,55,No,0,5.0
FD-100455,2025-09-11 01:41,North Nazimabad,Fast Food,Windy,Medium,Bicycle,3.44,6,3238.0,34.0,5.0,13,61.0,55,Yes,0,4.0
FD-101621,2026-02-01 02:28,Clifton,BBQ,Clear,Medium,Car,2.42,4,2396.0,26.0,4.4,19,36.0,55,No,150,5.0
FD-102454,2026-01-27 15:39,North Nazimabad,Pizza,Clear,Low,Motorbike,2.73,5,3349.0,21.0,4.6,33,31.0,55,No,50,5.0
FD-101152,2025-07-15 08:10,Clifton,Chinese,Clear,Medium,Motorbike,1.95,2,1393.0,15.0,4.6,20,25.0,55,No,0,5.0
FD-100116,2026-02-05 22:20,Gulshan-e-Iqbal,Desserts,Clear,Medium,Car,8.92,6,3664.0,32.0,4.6,27,81.0,70,Yes,0,5.0
FD-102376,2026-06-15 10:10,PECHS,Biryani,Windy,Medium,Motorbike,3.93,1,891.0,19.0,4.9,34,34.0,55,No,0,5.0
FD-101479,2026-02-24 16:19,Malir,Karahi,Clear,Medium,Motorbike,6.88,8,3780.0,42.0,4.6,52,62.0,70,No,0,5.0
FD-100850,2026-03-23 18:10,Saddar,Pizza,Clear,High,Motorbike,7.61,4,2553.0,23.0,4.4,19,63.0,70,No,0,5.0
FD-100731,2026-06-22 16:24,Korangi,Biryani,Dusty,Low,Motorbike,6.68,2,1718.0,27.0,4.4,24,51.0,70,No,50,5.0
FD-100218,2025-07-07 14:08,Saddar,Karahi,Rainy,Medium,Car,3.41,2,1211.0,21.0,3.9,47,47.0,55,No,0,5.0
FD-100865,2026-05-31 21:07,Gulshan-e-Iqbal,Biryani,Clear,High,Motorbike,2.14,1,692.0,13.0,4.5,29,33.0,55,No,0,5.0
FD-100106,2026-04-13 03:24,Malir,BBQ,Dusty,Low,Motorbike,9.68,2,1286.0,25.0,4.1,42,54.0,70,No,50,4.0
FD-102184,2025-10-18 23:32,Malir,Desserts,Hot,Medium,Motorbike,2.82,5,2426.0,26.0,4.7,7,38.0,55,No,0,5.0
FD-102277,2026-05-27 14:22,Malir,BBQ,Clear,Medium,Motorbike,2.1,5,2033.0,32.0,4.1,44,50.0,55,No,0,5.0
FD-102214,2026-06-30 14:05,Saddar,Biryani,Windy,Low,Motorbike,4.95,5,2633.0,27.0,4.2,38,44.0,55,No,0,5.0
FD-100205,2025-12-15 13:00,DHA,Fast Food,Clear,Medium,Bicycle,4.61,2,1715.0,22.0,4.3,0,71.0,55,Yes,0,4.0
FD-102483,2025-08-31 00:43,North Nazimabad,Pizza,Clear,Low,Motorbike,5.28,8,6111.0,34.0,4.7,52,39.0,55,No,100,5.0
FD-101287,2025-08-08 06:14,DHA,Karahi,Windy,Medium,Car,3.22,6,3518.0,25.0,4.4,0,40.0,55,No,100,5.0
FD-100781,2026-05-13 04:49,Gulshan-e-Iqbal,Pizza,Hot,Medium,Motorbike,6.88,8,5032.0,33.0,4.2,21,61.0,70,No,150,5.0
FD-101299,2026-06-18 15:55,Clifton,BBQ,Hot,Medium,Motorbike,5.06,2,1792.0,28.0,4.4,26,38.0,55,No,0,5.0
FD-102439,2026-05-22 18:22,DHA,Biryani,Clear,Low,Car,3.54,8,6531.0,36.0,5.0,12,45.0,55,No,0,5.0
FD-100299,2026-04-16 04:57,DHA,Biryani,Windy,Low,Motorbike,6.3,7,4025.0,34.0,4.1,29,49.0,70,No,50,5.0
FD-101675,2026-03-01 23:54,North Nazimabad,Fast Food,Dusty,Medium,Motorbike,2.32,7,3855.0,30.0,4.5,25,48.0,55,No,150,5.0
FD-102113,2025-09-13 18:16,Malir,Desserts,Dusty,Low,Motorbike,5.78,4,2347.0,32.0,4.9,36,53.0,55,No,0,4.0
FD-101465,2025-07-04 11:21,Saddar,Fast Food,Clear,Jam,Bicycle,4.84,3,2158.0,16.0,4.5,13,74.0,55,Yes,0,5.0
FD-101020,2026-03-10 02:33,Gulshan-e-Iqbal,Karahi,Clear,Low,Motorbike,4.5,4,2445.0,20.0,4.6,55,30.0,55,No,200,4.0
FD-101048,2026-03-22 17:16,DHA,Chinese,Windy,High,Bicycle,6.09,8,7026.0,33.0,4.0,26,90.0,70,Yes,0,4.0
FD-102325,2026-01-23 15:05,DHA,Pizza,Clear,Jam,Motorbike,5.14,4,2095.0,22.0,4.7,15,59.0,55,Yes,0,5.0
FD-100997,2025-07-03 13:06,PECHS,Chinese,Hot,Jam,Motorbike,2.32,5,4188.0,31.0,4.8,13,51.0,55,No,0,5.0
FD-102404,2025-08-01 22:52,Gulshan-e-Iqbal,BBQ,Dusty,Medium,Motorbike,9.01,4,3335.0,38.0,4.5,56,84.0,70,Yes,0,4.0
FD-101136,2025-07-16 20:12,Gulshan-e-Iqbal,Desserts,Dusty,Low,Motorbike,3.68,4,1463.0,24.0,4.5,56,37.0,55,No,0,5.0
FD-101035,2026-05-03 05:20,Gulshan-e-Iqbal,Karahi,Hot,Medium,Motorbike,9.68,4,2032.0,32.0,4.8,51,73.0,70,Yes,0,4.0
FD-100561,2026-04-25 07:26,Gulshan-e-Iqbal,Desserts,Rainy,High,Motorbike,3.03,7,3987.0,25.0,4.4,51,53.0,55,No,0,5.0
FD-102229,2026-02-18 12:40,PECHS,Biryani,Clear,High,Motorbike,7.56,8,3597.0,21.0,5.0,18,53.0,70,No,100,5.0
FD-101657,2025-10-23 07:03,Saddar,Biryani,Clear,High,Motorbike,3.76,2,802.0,21.0,4.5,31,34.0,55,No,150,5.0
FD-101739,2026-05-25 12:53,North Nazimabad,Fast Food,Clear,Medium,Motorbike,4.3,2,1655.0,23.0,4.4,57,49.0,55,No,200,5.0
FD-101443,2026-04-21 23:41,DHA,Karahi,Clear,High,Motorbike,3.77,1,544.0,33.0,4.4,59,50.0,55,No,150,5.0
FD-101483,2026-06-11 13:40,North Nazimabad,Desserts,Clear,Medium,Car,7.79,1,658.0,16.0,4.7,54,61.0,70,No,200,5.0
FD-102101,2025-11-19 08:02,PECHS,Biryani,Hot,Low,Motorbike,7.59,3,2050.0,29.0,4.1,20,59.0,70,No,0,5.0
FD-101588,2026-04-16 12:21,Clifton,BBQ,Hot,Jam,Motorbike,3.78,8,2942.0,35.0,4.3,42,58.0,55,Yes,0,5.0
FD-101437,2025-11-12 09:03,Malir,Pizza,Hot,Medium,Motorbike,1.46,6,2748.0,24.0,3.7,1,36.0,55,No,0,5.0
FD-101949,2025-10-23 01:17,DHA,BBQ,Clear,High,Motorbike,7.43,1,748.0,26.0,4.4,26,61.0,70,No,0,4.0
FD-100300,2025-08-29 06:08,DHA,Biryani,Hot,Medium,Motorbike,2.33,6,4382.0,23.0,4.6,8,37.0,55,No,0,5.0
FD-102356,2025-11-10 19:01,Korangi,Desserts,Clear,Medium,Bicycle,5.25,3,2580.0,25.0,4.2,27,73.0,55,Yes,0,4.0
FD-100670,2026-01-22 21:10,Clifton,BBQ,Clear,Medium,Motorbike,7.09,4,3246.0,25.0,4.6,30,58.0,70,No,0,5.0
FD-100583,2025-11-06 19:00,North Nazimabad,Karahi,Clear,Low,Motorbike,2.7,4,3038.0,25.0,4.6,23,38.0,55,No,0,5.0
FD-101228,2026-02-09 01:48,Clifton,Karahi,Clear,Medium,Motorbike,6.26,3,2261.0,30.0,3.8,36,54.0,70,No,150,5.0
FD-101764,2026-05-02 04:56,Saddar,Biryani,Hot,Low,Car,5.44,2,1031.0,13.0,4.5,54,31.0,55,No,0,5.0
FD-100215,2025-12-18 21:53,Saddar,Pizza,Clear,Low,Motorbike,7.12,3,1237.0,25.0,5.0,31,46.0,70,No,0,5.0
FD-102418,2026-05-13 16:07,Clifton,BBQ,Dusty,High,Motorbike,3.86,4,2693.0,24.0,4.4,13,45.0,55,No,100,5.0
FD-101919,2025-07-23 08:32,DHA,BBQ,Clear,Medium,Motorbike,3.81,5,4243.0,31.0,4.0,23,45.0,55,No,0,5.0
FD-101580,2026-06-29 12:27,North Nazimabad,Fast Food,Clear,Medium,Motorbike,3.44,6,2715.0,26.0,3.9,36,38.0,55,No,200,5.0
FD-100457,2025-11-19 16:59,Gulshan-e-Iqbal,Chinese,Hot,High,Car,4.59,8,3364.0,25.0,5.0,25,62.0,55,Yes,0,4.0
FD-101294,2026-03-29 07:54,Gulshan-e-Iqbal,BBQ,Dusty,Medium,Motorbike,7.18,1,445.0,24.0,4.4,48,55.0,70,No,0,5.0
FD-102196,2026-04-19 12:55,PECHS,Pizza,Dusty,Medium,Motorbike,8.78,4,3024.0,32.0,4.0,38,72.0,70,Yes,0,5.0
FD-101870,2025-07-30 14:09,Malir,Desserts,Clear,High,Car,4.27,1,606.0,20.0,4.3,49,49.0,55,No,0,5.0
FD-101893,2025-08-22 22:19,PECHS,Desserts,Rainy,Low,Car,9.1,5,3996.0,31.0,4.1,51,85.0,70,Yes,0,3.0
FD-100684,2026-05-22 10:12,Saddar,Fast Food,Clear,Medium,Car,5.98,2,1659.0,20.0,3.9,58,40.0,55,No,0,4.0
FD-100707,2025-11-16 08:15,Clifton,BBQ,Hot,Medium,Motorbike,3.49,6,4516.0,38.0,4.7,42,54.0,55,No,100,5.0
FD-102361,2026-03-28 12:59,North Nazimabad,Karahi,Clear,Low,Motorbike,8.34,5,3068.0,34.0,4.4,12,63.0,70,No,0,5.0
FD-101735,2025-10-31 21:36,PECHS,Biryani,Rainy,Medium,Car,4.41,6,4643.0,26.0,4.3,54,60.0,55,Yes,0,5.0
FD-101071,2025-10-27 14:17,Korangi,Desserts,Clear,Jam,Motorbike,6.14,6,3663.0,16.0,4.5,24,64.0,70,No,0,5.0
FD-101694,2026-04-23 06:50,DHA,Pizza,Clear,High,Motorbike,2.9,6,4130.0,22.0,4.1,53,29.0,55,No,200,5.0
FD-100799,2025-08-11 10:42,Malir,Karahi,Clear,Medium,Motorbike,6.36,5,1939.0,25.0,3.9,35,52.0,70,No,0,5.0
FD-101629,2025-12-13 13:09,Malir,Desserts,Clear,Medium,Motorbike,5.17,4,2186.0,19.0,4.4,30,37.0,55,No,50,4.0
FD-101148,2026-06-19 13:43,Saddar,Karahi,Windy,Low,Bicycle,7.89,6,5361.0,29.0,4.4,20,79.0,70,Yes,0,5.0
FD-100113,2025-08-21 19:39,Clifton,BBQ,Windy,Low,Motorbike,12.53,2,1678.0,25.0,4.2,42,62.0,70,No,0,5.0
FD-100567,2025-10-03 17:54,DHA,Fast Food,Clear,Medium,Bicycle,3.49,1,563.0,17.0,4.4,49,40.0,55,No,0,5.0
FD-102390,2026-04-12 20:55,PECHS,Biryani,Clear,High,Motorbike,6.54,6,5012.0,30.0,4.4,15,76.0,70,Yes,0,5.0
FD-100503,2025-12-09 14:02,Clifton,Fast Food,Clear,Low,Motorbike,2.24,3,2011.0,21.0,4.3,30,33.0,55,No,0,4.0
FD-100967,2026-05-01 00:23,PECHS,Biryani,Clear,High,Motorbike,4.68,3,2645.0,24.0,4.6,12,41.0,55,No,0,5.0
FD-101277,2025-12-31 23:54,PECHS,Desserts,Clear,Low,Motorbike,4.42,7,5185.0,25.0,4.6,46,29.0,55,No,200,5.0
FD-101346,2026-06-19 13:36,Gulshan-e-Iqbal,Fast Food,Clear,High,Motorbike,3.24,2,716.0,25.0,4.6,19,39.0,55,No,0,5.0
FD-100980,2025-12-08 02:40,PECHS,Fast Food,Dusty,Medium,Motorbike,1.26,5,3945.0,27.0,4.5,19,31.0,55,No,0,5.0
FD-102220,2025-09-20 11:11,DHA,Pizza,Clear,Medium,Motorbike,6.59,6,2282.0,22.0,4.3,17,46.0,70,No,50,4.0
FD-101127,2025-10-11 06:07,Saddar,Chinese,Clear,High,Motorbike,6.95,2,991.0,21.0,4.4,15,54.0,70,No,0,5.0
FD-100192,2026-04-09 17:24,Malir,Fast Food,Clear,Medium,Motorbike,5.49,1,642.0,17.0,3.8,29,37.0,55,No,100,5.0
FD-102431,2025-12-22 23:07,North Nazimabad,Biryani,Clear,Medium,Motorbike,5.0,7,2675.0,33.0,3.9,42,48.0,55,No,0,5.0
FD-100446,2026-01-28 12:11,Gulshan-e-Iqbal,Karahi,Rainy,Medium,Motorbike,5.12,7,2902.0,46.0,4.1,12,77.0,55,Yes,0,4.0
FD-101416,2025-08-26 16:20,DHA,BBQ,Hot,Jam,Motorbike,4.76,8,6582.0,42.0,4.5,25,75.0,55,Yes,0,4.0
FD-100296,2025-11-12 17:58,PECHS,BBQ,Clear,Medium,Motorbike,5.9,4,2183.0,34.0,4.9,23,50.0,55,No,50,5.0
FD-100316,2026-01-23 10:09,Clifton,Fast Food,Clear,Low,Motorbike,4.09,1,737.0,16.0,4.4,7,32.0,55,No,50,5.0
FD-100704,2025-12-02 05:00,PECHS,Chinese,Windy,Jam,Car,2.82,7,2717.0,30.0,4.8,54,49.0,55,No,0,5.0
FD-100771,2025-09-25 19:10,North Nazimabad,Karahi,Clear,Low,Car,4.37,3,1740.0,25.0,4.5,2,41.0,55,No,0,4.0
FD-100902,2026-03-13 22:11,Malir,Pizza,Hot,Medium,Motorbike,3.12,2,1710.0,24.0,4.7,38,37.0,55,No,0,5.0
FD-101335,2026-06-28 02:34,PECHS,Chinese,Hot,High,Bicycle,7.28,8,6810.0,32.0,3.9,21,104.0,70,Yes,0,3.0
FD-101014,2025-07-14 11:23,PECHS,Pizza,Windy,Medium,Motorbike,2.1,2,1499.0,25.0,4.0,42,20.0,55,No,150,5.0
FD-100527,2026-05-21 07:52,DHA,Desserts,Hot,Jam,Car,3.63,8,5938.0,33.0,4.2,50,67.0,55,Yes,0,4.0
FD-100488,2026-01-28 22:25,PECHS,Desserts,Clear,Medium,Motorbike,8.03,3,2532.0,11.0,4.5,17,45.0,70,No,0,5.0
FD-101349,2026-03-28 07:08,PECHS,Pizza,Clear,Jam,Bicycle,6.79,6,3287.0,26.0,4.6,18,107.0,70,Yes,0,2.0
FD-100047,2025-08-12 07:56,Korangi,BBQ,Hot,Low,Motorbike,9.57,5,4229.0,29.0,4.2,0,56.0,70,No,0,5.0
FD-102283,2025-10-26 10:36,PECHS,Biryani,Hot,High,Motorbike,4.27,3,1177.0,20.0,4.3,40,45.0,55,No,100,5.0
FD-100901,2025-09-08 16:33,PECHS,Biryani,Clear,High,Motorbike,9.25,8,7082.0,23.0,4.7,19,65.0,70,No,0,5.0
FD-101551,2025-08-06 00:26,Malir,Fast Food,Hot,Low,Car,3.98,4,2857.0,36.0,4.2,9,57.0,55,Yes,0,4.0
FD-102298,2026-03-29 15:52,Gulshan-e-Iqbal,Karahi,Hot,High,Car,14.94,2,1498.0,21.0,4.3,38,109.0,70,Yes,0,1.0
FD-102032,2026-03-03 04:53,Korangi,Biryani,Clear,High,Motorbike,3.59,5,2988.0,31.0,3.8,16,51.0,55,No,50,5.0
FD-101411,2025-11-14 09:09,North Nazimabad,BBQ,Hot,Low,Bicycle,4.8,1,589.0,20.0,4.7,48,41.0,55,No,0,4.0
FD-100679,2026-05-09 06:49,PECHS,Desserts,Clear,Jam,Motorbike,8.17,7,3692.0,36.0,5.0,35,85.0,70,Yes,0,5.0
FD-100615,2026-01-09 17:00,Saddar,Chinese,Clear,Medium,Motorbike,11.32,1,892.0,26.0,4.4,7,109.0,70,Yes,0,3.0
FD-101042,2026-01-21 21:56,Gulshan-e-Iqbal,Desserts,Clear,Jam,Motorbike,5.21,6,3192.0,26.0,4.4,54,67.0,55,Yes,0,4.0
FD-101819,2025-12-08 21:21,DHA,Pizza,Clear,Medium,Motorbike,3.81,2,972.0,17.0,4.1,21,34.0,55,No,0,5.0
FD-100221,2026-06-26 14:32,PECHS,Fast Food,Rainy,Low,Motorbike,3.07,2,1426.0,17.0,4.1,19,43.0,55,No,0,5.0
FD-101330,2025-10-24 04:03,DHA,BBQ,Dusty,Medium,Bicycle,3.33,5,1996.0,33.0,4.6,54,53.0,55,No,0,4.0
FD-102366,2026-05-05 15:12,DHA,Chinese,Clear,High,Motorbike,3.8,1,863.0,19.0,3.8,35,35.0,55,No,0,5.0
FD-100993,2025-08-18 05:14,PECHS,Biryani,Clear,Medium,Car,4.08,6,5189.0,22.0,4.2,39,32.0,55,No,200,4.0
FD-102319,2025-11-30 22:33,Gulshan-e-Iqbal,Chinese,Rainy,Medium,Bicycle,4.5,1,768.0,14.0,5.0,51,66.0,55,Yes,0,4.0
FD-102427,2025-08-21 20:17,Korangi,Desserts,Clear,High,Motorbike,2.79,4,3176.0,25.0,4.3,7,44.0,55,No,50,5.0
FD-100349,2026-06-24 21:22,Malir,Biryani,Clear,Medium,Motorbike,6.83,3,2296.0,11.0,4.3,25,49.0,70,No,0,5.0
FD-101150,2025-07-29 00:59,DHA,Pizza,Clear,Low,Motorbike,3.53,1,794.0,17.0,4.9,0,32.0,55,No,0,5.0
FD-100550,2026-06-27 20:30,North Nazimabad,Pizza,Windy,Medium,Motorbike,3.6,2,1741.0,26.0,4.6,10,54.0,55,No,0,4.0
FD-100417,2025-11-22 12:42,Korangi,Chinese,Dusty,Low,Motorbike,5.2,6,5016.0,30.0,4.4,29,49.0,55,No,0,5.0
FD-102133,2026-05-22 15:07,DHA,Biryani,Clear,Low,Motorbike,7.11,1,594.0,14.0,4.7,24,31.0,70,No,0,5.0
FD-101041,2026-06-15 10:47,DHA,Desserts,Windy,Medium,Motorbike,4.98,4,2519.0,20.0,4.2,51,37.0,55,No,0,5.0
FD-101681,2025-11-04 17:29,Korangi,Pizza,Dusty,Low,Motorbike,6.38,8,5193.0,39.0,3.9,11,62.0,70,No,0,5.0
FD-100044,2025-10-30 04:50,Saddar,Pizza,Clear,High,Motorbike,1.15,3,2036.0,19.0,4.3,42,19.0,55,No,0,5.0
FD-100286,2025-08-02 03:21,Saddar,Karahi,Clear,Medium,Motorbike,5.38,3,2686.0,25.0,4.6,11,240.0,55,No,150,5.0
FD-100588,2025-08-17 09:24,Malir,Fast Food,Hot,Low,Car,6.25,4,2638.0,21.0,4.3,41,36.0,70,No,0,5.0
FD-100355,2026-02-01 05:02,North Nazimabad,Biryani,Clear,High,Bicycle,4.35,1,878.0,20.0,5.0,26,50.0,55,No,0,4.0
FD-100810,2026-05-01 15:43,North Nazimabad,Desserts,Rainy,Medium,Motorbike,5.0,3,1302.0,19.0,4.2,35,52.0,55,No,0,5.0
FD-101503,2025-10-25 08:52,Malir,Pizza,Dusty,Jam,Motorbike,2.46,8,3379.0,34.0,3.9,4,60.0,55,Yes,0,5.0
FD-101340,2026-05-25 10:45,Clifton,Chinese,Clear,Low,Motorbike,1.31,4,2216.0,23.0,4.8,52,20.0,55,No,0,5.0
FD-102120,2025-12-17 18:39,PECHS,Desserts,Clear,Medium,Car,6.87,4,3248.0,20.0,4.4,24,56.0,70,No,100,5.0
FD-101006,2025-08-30 16:29,Gulshan-e-Iqbal,Karahi,Hot,Medium,Motorbike,4.89,7,4778.0,35.0,4.1,37,59.0,55,Yes,0,5.0
FD-101843,2025-10-08 20:39,Malir,BBQ,Hot,Medium,Motorbike,5.08,6,3335.0,26.0,4.2,28,51.0,55,No,0,5.0
FD-100793,2026-04-27 16:42,Korangi,BBQ,Rainy,Medium,Motorbike,2.64,3,1301.0,20.0,4.5,16,41.0,55,No,0,5.0
FD-100178,2025-09-16 13:21,Gulshan-e-Iqbal,Chinese,Clear,High,Motorbike,6.03,6,2304.0,28.0,4.7,37,63.0,70,No,0,5.0
FD-101892,2026-05-12 09:55,Saddar,Desserts,Clear,Medium,Motorbike,6.74,4,1716.0,27.0,4.4,33,54.0,70,No,0,5.0
FD-101008,2026-05-25 18:20,Clifton,Karahi,Clear,Medium,Motorbike,11.42,1,514.0,16.0,4.6,51,57.0,70,No,200,5.0
FD-100845,2026-03-28 04:29,DHA,Pizza,Clear,High,Car,6.56,1,627.0,18.0,5.0,27,48.0,70,No,0,5.0
FD-101553,2025-08-21 22:13,Malir,Desserts,Clear,High,Motorbike,4.71,1,452.0,12.0,4.4,57,43.0,55,No,0,4.0
FD-101904,2025-09-13 17:35,Clifton,Desserts,Hot,Low,Motorbike,1.46,8,6091.0,28.0,4.0,19,39.0,55,No,200,5.0
FD-101854,2025-12-05 10:10,Malir,Desserts,Rainy,Jam,Motorbike,5.18,2,1293.0,23.0,5.0,21,74.0,55,Yes,0,4.0
FD-101078,2025-12-08 11:03,North Nazimabad,Fast Food,Clear,High,Motorbike,7.76,2,1189.0,13.0,4.6,24,50.0,70,No,100,5.0
FD-101507,2026-03-14 11:18,Malir,Pizza,Hot,Medium,Car,3.19,8,5749.0,31.0,4.3,48,39.0,55,No,0,5.0
FD-102210,2026-02-25 14:40,Saddar,Desserts,Dusty,High,Car,2.82,3,2459.0,20.0,4.9,42,42.0,55,No,0,5.0
FD-101226,2026-05-17 17:14,PECHS,BBQ,Hot,Jam,Car,6.8,6,3658.0,31.0,4.0,24,88.0,70,Yes,0,4.0
FD-100581,2025-07-06 03:25,North Nazimabad,Desserts,Hot,Medium,Motorbike,2.24,6,3067.0,26.0,4.2,36,38.0,55,No,0,5.0
FD-102457,2025-07-13 12:27,North Nazimabad,Desserts,Clear,Jam,Motorbike,5.82,3,1991.0,15.0,3.8,33,57.0,55,Yes,0,5.0
FD-100251,2026-03-16 00:30,Saddar,Biryani,Clear,Low,Motorbike,2.45,5,3510.0,25.0,4.3,4,29.0,55,No,0,5.0
FD-101604,2025-08-29 22:26,DHA,Desserts,Clear,Medium,Motorbike,6.77,8,4182.0,31.0,4.2,19,66.0,70,No,150,4.0
FD-101434,2025-10-27 04:29,Malir,Desserts,Clear,Medium,Motorbike,3.58,5,2108.0,30.0,4.8,39,38.0,55,No,50,5.0
FD-101682,2025-11-27 17:19,Gulshan-e-Iqbal,BBQ,Hot,Medium,Motorbike,4.19,4,3521.0,37.0,4.7,23,53.0,55,No,150,5.0
FD-101379,2026-01-22 15:24,PECHS,Karahi,Clear,High,Bicycle,5.16,4,1887.0,23.0,4.4,37,69.0,55,Yes,0,4.0
FD-100194,2025-08-20 06:09,DHA,Biryani,Clear,Medium,Motorbike,2.76,3,2013.0,17.0,4.6,18,29.0,55,No,0,5.0
FD-102347,2026-04-07 07:59,Gulshan-e-Iqbal,Fast Food,Clear,Medium,Motorbike,5.35,5,1846.0,25.0,4.7,23,47.0,55,No,150,5.0
FD-101685,2025-10-04 20:25,Saddar,Karahi,Hot,Low,Motorbike,4.41,4,3588.0,22.0,4.6,30,44.0,55,No,0,5.0
FD-102370,2025-09-18 13:56,DHA,Biryani,Clear,Medium,Motorbike,3.28,4,2392.0,28.0,4.2,23,49.0,55,No,0,5.0
FD-102358,2025-12-12 12:23,DHA,Pizza,Clear,Low,Motorbike,1.18,7,5548.0,35.0,4.2,7,34.0,55,No,0,5.0
FD-101865,2025-07-14 05:11,Gulshan-e-Iqbal,Fast Food,Hot,Jam,Motorbike,4.04,7,5315.0,17.0,3.7,19,44.0,55,No,0,5.0
FD-101741,2025-10-24 11:31,Saddar,Fast Food,Clear,High,Bicycle,2.5,3,1354.0,11.0,3.9,2,33.0,55,No,0,4.0
FD-100101,2026-05-20 15:34,Saddar,Fast Food,Clear,Medium,Motorbike,3.11,3,2019.0,18.0,5.0,21,31.0,55,No,50,5.0
FD-100032,2025-09-13 15:45,Saddar,Karahi,Clear,Low,Motorbike,8.4,2,914.0,23.0,4.0,7,49.0,70,No,0,4.0
FD-100945,2026-01-14 16:18,North Nazimabad,Karahi,Hot,Low,Motorbike,7.13,7,3673.0,25.0,4.1,53,57.0,70,No,0,5.0
FD-100686,2026-03-20 05:53,Clifton,BBQ,Clear,Low,Motorbike,5.59,1,518.0,27.0,4.2,26,42.0,55,No,0,5.0
FD-100725,2025-11-22 08:25,North Nazimabad,Chinese,Clear,Medium,Bicycle,7.3,8,5366.0,40.0,4.7,11,86.0,70,Yes,0,4.0
FD-100559,2025-07-27 19:05,DHA,Pizza,Hot,Low,Motorbike,5.62,1,872.0,20.0,4.3,36,37.0,55,No,50,5.0
FD-102139,2026-06-29 18:17,Malir,Fast Food,Clear,High,Motorbike,5.51,1,648.0,25.0,3.4,0,52.0,55,No,200,5.0
FD-101630,2026-06-01 15:29,PECHS,Chinese,Clear,Low,Motorbike,2.64,1,495.0,12.0,5.0,3,17.0,55,No,200,5.0
FD-101003,2025-08-31 04:53,Clifton,Biryani,Clear,Low,Car,2.33,3,2483.0,25.0,4.8,13,33.0,55,No,0,4.0
FD-101973,2026-01-30 07:43,DHA,Pizza,Clear,Medium,Motorbike,8.05,8,6309.0,30.0,5.0,20,59.0,70,No,200,5.0
FD-101439,2025-11-01 22:35,North Nazimabad,Karahi,Hot,Medium,Motorbike,4.6,1,582.0,24.0,4.4,14,44.0,55,No,50,5.0
FD-100604,2026-03-09 22:17,Korangi,Karahi,Hot,Jam,Car,2.26,4,1705.0,39.0,4.1,42,65.0,55,Yes,0,5.0
FD-100308,2025-12-30 18:58,DHA,Karahi,Clear,Low,Motorbike,1.3,3,1848.0,24.0,4.4,4,23.0,55,No,100,5.0
FD-102456,2026-04-21 16:25,Gulshan-e-Iqbal,BBQ,Clear,High,Car,5.86,1,644.0,25.0,4.7,7,56.0,55,Yes,0,5.0
FD-102397,2026-04-11 08:28,Malir,Desserts,Hot,Low,Motorbike,3.5,2,1594.0,17.0,4.7,34,23.0,55,No,0,4.0
FD-101523,2025-12-13 13:12,Korangi,Desserts,Rainy,Medium,Motorbike,7.16,6,3958.0,22.0,4.4,48,66.0,70,No,50,5.0
FD-102075,2026-01-12 11:43,Malir,BBQ,Rainy,Low,Motorbike,4.09,1,828.0,17.0,4.0,15,42.0,55,No,0,5.0
FD-100765,2025-12-23 16:07,Malir,Fast Food,Hot,Low,Motorbike,7.03,8,5400.0,24.0,4.3,50,45.0,70,No,200,5.0
FD-101835,2026-01-28 11:16,Saddar,Desserts,Clear,High,Motorbike,6.4,8,4854.0,31.0,4.2,31,61.0,70,No,0,5.0
FD-100184,2026-02-25 03:04,Korangi,Karahi,Clear,High,Car,4.61,6,2273.0,31.0,4.2,22,52.0,55,No,0,5.0
FD-100406,2026-02-07 09:17,Korangi,Biryani,Hot,Medium,Car,4.92,4,3500.0,29.0,4.7,56,54.0,55,No,0,5.0
FD-100911,2025-10-12 09:03,Malir,Desserts,Hot,Low,Motorbike,14.55,2,1258.0,25.0,4.7,4,53.0,70,No,150,5.0
FD-101049,2025-12-17 06:12,North Nazimabad,Pizza,Windy,Medium,Car,2.28,5,3563.0,19.0,4.7,29,28.0,55,No,0,5.0
FD-101231,2025-07-02 06:58,Malir,Fast Food,Clear,Medium,Motorbike,5.89,5,3027.0,22.0,4.5,0,49.0,55,No,200,5.0
FD-102218,2025-11-08 23:12,Malir,Biryani,Rainy,Medium,Motorbike,5.82,8,6892.0,27.0,4.1,10,63.0,55,Yes,0,5.0
FD-100858,2026-01-23 12:21,Clifton,Desserts,Clear,Medium,Motorbike,7.11,7,5559.0,35.0,4.9,37,63.0,70,No,0,4.0
FD-101526,2026-04-06 00:47,Malir,Desserts,Rainy,Medium,Car,3.39,1,372.0,9.0,4.2,4,36.0,55,No,0,5.0
FD-101631,2026-04-27 19:38,Malir,Pizza,Hot,Medium,Motorbike,3.66,6,3385.0,28.0,4.9,49,37.0,55,No,50,5.0
FD-101632,2026-03-17 15:22,Gulshan-e-Iqbal,BBQ,Clear,Low,Motorbike,4.78,6,4199.0,35.0,3.7,22,55.0,55,No,0,5.0
FD-101633,2026-01-05 12:55,Gulshan-e-Iqbal,Desserts,Clear,Low,Motorbike,1.06,8,4941.0,23.0,4.8,13,35.0,55,No,50,5.0
FD-100665,2026-03-07 16:09,North Nazimabad,Karahi,Clear,Medium,Bicycle,4.46,4,3341.0,29.0,4.9,2,57.0,55,Yes,0,5.0
FD-101574,2026-06-19 06:21,Gulshan-e-Iqbal,BBQ,Clear,Jam,Car,2.39,4,3189.0,34.0,4.5,59,49.0,55,No,150,4.0
FD-101417,2026-04-19 13:31,PECHS,Karahi,Clear,Low,Motorbike,5.07,5,3026.0,33.0,4.7,7,56.0,55,Yes,0,4.0
FD-101602,2025-08-25 04:57,Malir,Pizza,Dusty,High,Motorbike,7.07,6,5350.0,26.0,3.9,36,72.0,70,Yes,0,5.0
FD-100363,2026-05-01 06:27,PECHS,BBQ,Dusty,Jam,Motorbike,1.71,1,864.0,30.0,4.0,4,43.0,55,No,150,4.0
FD-100494,2025-07-22 03:37,North Nazimabad,Pizza,Rainy,Low,Car,7.18,8,3860.0,26.0,4.2,27,61.0,70,No,0,5.0
FD-102119,2026-03-31 01:05,Malir,Chinese,Clear,Low,Motorbike,4.21,2,1669.0,22.0,4.1,42,43.0,55,No,50,5.0
FD-101392,2026-03-02 14:51,Gulshan-e-Iqbal,BBQ,Dusty,Low,Motorbike,1.21,7,3075.0,40.0,4.1,6,57.0,55,Yes,0,4.0
FD-100415,2026-03-15 18:01,Saddar,Karahi,Hot,High,Motorbike,7.59,6,3003.0,42.0,4.5,30,74.0,70,Yes,0,5.0
FD-101678,2026-02-01 07:46,Gulshan-e-Iqbal,Pizza,Rainy,Medium,Motorbike,7.66,2,1011.0,23.0,5.0,45,61.0,70,No,0,5.0
FD-102349,2026-03-10 03:46,North Nazimabad,Fast Food,Rainy,Medium,Motorbike,5.17,7,5635.0,25.0,3.9,23,60.0,55,Yes,0,4.0
FD-100061,2025-08-01 16:48,North Nazimabad,Chinese,Clear,Low,Car,2.5,8,4185.0,27.0,4.9,47,29.0,55,No,0,5.0
FD-101979,2026-06-19 14:39,DHA,Pizza,Clear,Medium,Motorbike,2.35,8,4572.0,30.0,4.1,31,43.0,55,No,0,4.0
FD-100008,2026-06-19 11:09,Korangi,Pizza,Clear,Jam,Bicycle,4.49,7,3624.0,28.0,4.5,42,79.0,55,Yes,0,4.0
FD-102490,2025-12-05 01:59,Gulshan-e-Iqbal,Desserts,Clear,Jam,Bicycle,5.88,4,2586.0,26.0,4.3,55,86.0,55,Yes,0,3.0
FD-100427,2026-06-11 02:20,Saddar,Chinese,Windy,Low,Bicycle,8.12,1,576.0,14.0,3.8,44,60.0,70,No,0,5.0
FD-102180,2026-01-06 08:30,DHA,Pizza,Rainy,Medium,Motorbike,5.06,4,2648.0,26.0,4.8,30,54.0,55,No,0,4.0
FD-101916,2026-04-21 16:18,North Nazimabad,Pizza,Dusty,Low,Motorbike,1.94,5,2297.0,24.0,3.8,39,32.0,55,No,0,5.0
FD-101393,2026-03-13 10:55,North Nazimabad,BBQ,Clear,High,Motorbike,5.16,6,2315.0,35.0,4.5,28,56.0,55,Yes,0,5.0
FD-101307,2026-01-10 04:28,PECHS,Fast Food,Hot,Medium,Motorbike,4.04,8,6927.0,36.0,4.5,6,52.0,55,No,150,5.0
FD-102147,2025-08-09 21:30,DHA,Karahi,Windy,High,Motorbike,11.13,8,3674.0,39.0,4.9,6,102.0,70,Yes,0,5.0
FD-101669,2026-01-07 23:11,Malir,Chinese,Clear,Low,Bicycle,3.22,6,2889.0,28.0,4.3,28,47.0,55,No,0,5.0
FD-101941,2026-06-14 12:52,Korangi,Fast Food,Clear,High,Motorbike,3.27,2,1168.0,14.0,4.5,39,30.0,55,No,50,5.0
FD-102237,2025-07-27 00:27,Gulshan-e-Iqbal,Biryani,Clear,Medium,Motorbike,5.73,1,798.0,11.0,4.2,23,26.0,55,No,0,5.0
FD-100796,2025-10-27 16:59,Korangi,Fast Food,Clear,Jam,Motorbike,6.11,8,6917.0,25.0,3.9,36,80.0,70,Yes,0,4.0
FD-101456,2026-06-28 13:32,DHA,Karahi,Hot,Jam,Motorbike,8.9,6,2104.0,35.0,4.0,17,102.0,70,Yes,0,3.0
FD-102037,2026-02-16 22:07,Korangi,Fast Food,Hot,Medium,Motorbike,6.04,7,5723.0,31.0,4.5,13,61.0,70,No,0,5.0
FD-102417,2025-09-30 08:11,Clifton,Biryani,Hot,Low,Car,2.33,2,1307.0,16.0,4.2,15,33.0,55,No,200,5.0
FD-100294,2025-11-04 22:59,Clifton,Biryani,Rainy,Medium,Motorbike,7.83,5,1902.0,25.0,4.4,15,77.0,70,Yes,0,4.0
FD-102188,2025-12-12 02:31,North Nazimabad,Biryani,Rainy,High,Motorbike,6.32,2,1356.0,18.0,4.3,46,66.0,70,No,0,5.0
FD-102190,2025-09-01 20:12,Clifton,Chinese,Clear,High,Motorbike,2.61,7,5253.0,18.0,4.7,47,32.0,55,No,100,5.0
FD-100210,2025-10-04 17:10,Gulshan-e-Iqbal,Desserts,Hot,High,Car,11.64,4,1904.0,25.0,4.9,12,94.0,70,Yes,0,4.0
FD-101751,2025-11-28 16:37,PECHS,Biryani,Hot,Medium,Motorbike,4.63,5,3623.0,24.0,4.9,23,38.0,55,No,150,5.0
FD-101047,2026-02-28 14:50,Clifton,Karahi,Clear,Low,Motorbike,5.47,2,1010.0,21.0,4.5,4,40.0,55,No,0,5.0
FD-102460,2025-12-22 09:09,Gulshan-e-Iqbal,Desserts,Windy,Medium,Car,5.7,6,5020.0,21.0,4.5,47,41.0,55,No,0,4.0
FD-101366,2025-12-12 22:46,Gulshan-e-Iqbal,Pizza,Hot,Medium,Car,3.16,6,2931.0,24.0,4.0,23,50.0,55,No,0,5.0
FD-100264,2026-03-05 07:03,Malir,Karahi,Clear,Jam,Motorbike,4.02,5,4351.0,30.0,4.3,8,62.0,55,Yes,0,5.0
FD-100653,2026-06-19 18:39,North Nazimabad,Biryani,Clear,Jam,Motorbike,2.86,6,2361.0,33.0,4.2,17,61.0,55,Yes,0,5.0
FD-101061,2025-12-14 16:19,PECHS,Karahi,Rainy,High,Motorbike,2.1,5,3966.0,32.0,3.7,27,58.0,55,Yes,0,5.0
FD-101354,2025-11-06 10:45,Saddar,Chinese,Windy,Medium,Motorbike,4.97,4,1532.0,25.0,5.0,59,42.0,55,No,0,4.0
FD-102018,2026-06-28 20:47,Korangi,Biryani,Windy,High,Motorbike,4.2,7,5235.0,22.0,4.6,38,45.0,55,No,0,4.0
FD-101233,2026-03-13 01:00,North Nazimabad,BBQ,Dusty,High,Bicycle,5.58,3,1240.0,35.0,4.4,12,90.0,55,Yes,0,3.0
FD-100487,2025-11-29 21:44,DHA,Fast Food,Clear,Jam,Motorbike,5.32,7,5411.0,22.0,3.7,32,71.0,55,Yes,0,4.0
FD-100004,2026-04-17 07:54,Clifton,Fast Food,Hot,Medium,Motorbike,3.68,7,4157.0,25.0,5.0,26,40.0,55,No,0,5.0
FD-102100,2025-12-06 17:03,PECHS,Pizza,Hot,Medium,Motorbike,5.23,7,3071.0,26.0,3.7,54,47.0,55,No,0,5.0
FD-101293,2025-12-04 15:17,DHA,Desserts,Clear,Low,Motorbike,2.01,4,1724.0,23.0,4.2,51,18.0,55,No,150,5.0
FD-100682,2026-06-07 20:16,Korangi,BBQ,Clear,Jam,Motorbike,6.08,7,5005.0,35.0,4.0,13,88.0,70,Yes,0,3.0
FD-101991,2025-08-08 03:03,PECHS,Desserts,Hot,Medium,Motorbike,10.77,3,2440.0,18.0,4.1,24,65.0,70,No,50,5.0
FD-102146,2025-07-22 14:42,Saddar,Karahi,Clear,High,Motorbike,5.81,3,2628.0,15.0,4.4,20,49.0,55,No,50,5.0
FD-101024,2026-05-04 02:42,Gulshan-e-Iqbal,Fast Food,Clear,Low,Bicycle,5.23,5,4264.0,24.0,4.1,44,50.0,55,No,150,4.0
FD-100014,2025-09-07 09:53,Korangi,Desserts,Hot,Low,Motorbike,6.33,3,1792.0,23.0,3.6,55,45.0,70,No,0,5.0
FD-100571,2025-07-08 14:45,Clifton,Fast Food,Hot,Low,Car,1.36,6,5054.0,27.0,4.5,29,37.0,55,No,0,5.0
FD-102278,2026-04-28 03:01,Clifton,Desserts,Hot,Low,Motorbike,9.18,2,1621.0,24.0,4.2,21,55.0,70,No,100,5.0
FD-101362,2026-04-25 21:29,Korangi,Chinese,Hot,Medium,Motorbike,0.98,5,3676.0,26.0,4.3,29,37.0,55,No,0,5.0
FD-100365,2026-03-31 02:53,Saddar,Biryani,Rainy,Jam,Motorbike,4.03,6,4522.0,33.0,4.8,20,76.0,55,Yes,0,4.0
FD-100547,2026-03-17 16:22,Korangi,Karahi,Clear,Low,Motorbike,5.26,8,3747.0,37.0,4.7,32,50.0,55,No,50,5.0
FD-101898,2025-10-22 12:58,Gulshan-e-Iqbal,Biryani,Clear,High,Bicycle,3.87,3,1462.0,25.0,4.1,51,58.0,55,Yes,0,5.0
FD-101427,2026-05-10 23:35,Saddar,Karahi,Clear,Medium,Motorbike,9.8,7,2690.0,38.0,5.0,8,68.0,70,No,0,5.0
FD-101475,2025-08-06 01:29,Clifton,Biryani,Hot,Low,Bicycle,1.46,2,870.0,22.0,4.7,57,25.0,55,No,0,5.0
FD-101666,2026-01-28 12:57,DHA,Desserts,Clear,High,Motorbike,7.61,2,1563.0,19.0,4.4,13,58.0,70,No,50,5.0
FD-100519,2026-03-26 21:07,PECHS,BBQ,Clear,Medium,Motorbike,5.84,6,2756.0,40.0,4.2,6,72.0,55,Yes,0,5.0
FD-100883,2026-03-22 02:48,PECHS,Fast Food,Clear,Jam,Car,3.89,8,3504.0,30.0,4.7,36,60.0,55,Yes,0,5.0
FD-102321,2026-03-08 22:56,Gulshan-e-Iqbal,Desserts,Clear,Low,Car,4.82,8,4270.0,25.0,3.9,20,60.0,55,Yes,0,4.0
FD-100597,2025-10-11 08:23,Clifton,Fast Food,Windy,Medium,Motorbike,7.96,4,1618.0,26.0,4.5,12,54.0,70,No,0,5.0
FD-100161,2026-05-18 11:42,Clifton,Karahi,Clear,Medium,Motorbike,2.6,7,4225.0,34.0,4.3,14,52.0,55,No,150,5.0
FD-101381,2025-12-28 14:12,North Nazimabad,Karahi,Clear,Medium,Motorbike,4.16,2,957.0,24.0,4.2,35,44.0,55,No,50,5.0
FD-101561,2026-02-06 02:31,North Nazimabad,BBQ,Clear,High,Motorbike,8.38,1,651.0,25.0,4.5,21,62.0,70,No,0,5.0
FD-100099,2025-12-20 05:49,Malir,Karahi,Hot,High,Motorbike,6.82,4,2960.0,21.0,4.5,8,60.0,70,No,0,5.0
FD-100112,2025-09-09 01:59,Saddar,BBQ,Rainy,High,Motorbike,5.48,5,3349.0,23.0,3.8,48,67.0,55,Yes,0,4.0
FD-101028,2025-12-27 08:50,Saddar,BBQ,Clear,Medium,Car,1.27,4,2857.0,28.0,4.1,35,36.0,55,No,50,5.0
FD-101748,2025-07-16 07:27,PECHS,Pizza,Clear,Medium,Motorbike,2.8,5,2433.0,21.0,4.0,8,32.0,55,No,0,5.0
FD-100041,2025-11-01 21:01,PECHS,Desserts,Hot,Low,Car,4.0,2,889.0,25.0,4.8,31,50.0,55,No,200,5.0
FD-101075,2025-11-24 19:15,Saddar,BBQ,Clear,Low,Car,5.41,5,3275.0,33.0,5.0,6,52.0,55,No,0,5.0
FD-101386,2025-08-03 04:36,Korangi,Karahi,Rainy,High,Motorbike,11.12,4,2658.0,33.0,4.7,27,100.0,70,Yes,0,3.0
FD-101922,2026-03-15 18:14,PECHS,Desserts,Hot,Jam,Motorbike,1.36,2,963.0,19.0,4.6,12,29.0,55,No,0,5.0
FD-101103,2026-04-28 22:27,PECHS,Fast Food,Clear,Medium,Bicycle,8.87,8,5057.0,24.0,4.8,56,90.0,70,Yes,0,4.0
FD-100003,2026-01-18 04:15,Saddar,BBQ,Clear,Low,Motorbike,9.14,4,2701.0,23.0,5.0,29,45.0,70,No,100,5.0
FD-102176,2025-10-24 17:15,North Nazimabad,Fast Food,Clear,High,Motorbike,2.44,1,598.0,20.0,4.6,45,32.0,55,No,150,5.0
FD-100152,2026-04-18 09:10,Gulshan-e-Iqbal,BBQ,Rainy,Low,Motorbike,8.42,1,375.0,28.0,4.7,45,60.0,70,No,150,5.0
FD-101091,2025-08-20 00:25,Gulshan-e-Iqbal,Desserts,Rainy,High,Motorbike,4.85,4,2092.0,29.0,4.6,29,64.0,55,Yes,0,4.0
FD-102391,2026-03-21 14:19,DHA,Chinese,Clear,Medium,Motorbike,5.37,6,2373.0,28.0,4.2,15,62.0,55,Yes,0,4.0
FD-100146,2026-04-14 19:07,North Nazimabad,Pizza,Clear,Low,Motorbike,2.84,8,4047.0,31.0,4.4,55,36.0,55,No,0,5.0
FD-101775,2025-08-22 01:33,DHA,Chinese,Windy,Low,Motorbike,5.96,8,3882.0,34.0,4.6,45,53.0,55,No,0,5.0
FD-101114,2025-09-02 19:26,Saddar,Pizza,Clear,Medium,Motorbike,5.66,8,3082.0,30.0,4.4,54,44.0,55,No,50,5.0
FD-101902,2026-02-14 14:09,DHA,BBQ,Clear,High,Motorbike,3.94,2,1111.0,29.0,4.2,31,60.0,55,Yes,0,5.0
FD-101218,2026-04-25 06:53,Gulshan-e-Iqbal,Biryani,Windy,Low,Car,1.55,4,2904.0,25.0,4.5,1,28.0,55,No,0,5.0
FD-101267,2025-07-23 20:09,DHA,Chinese,Clear,Medium,Motorbike,2.72,6,4260.0,24.0,5.0,12,41.0,55,No,0,5.0
FD-101609,2025-09-15 02:24,Saddar,BBQ,Clear,Low,Motorbike,3.02,6,2946.0,38.0,4.4,6,45.0,55,No,0,4.0
FD-102307,2025-10-23 16:25,Gulshan-e-Iqbal,Karahi,Clear,Low,Car,8.12,3,2502.0,29.0,4.1,14,59.0,70,No,0,5.0
FD-101559,2026-03-04 23:20,Gulshan-e-Iqbal,Fast Food,Dusty,Medium,Motorbike,9.15,7,4401.0,35.0,4.1,31,77.0,70,Yes,0,4.0
FD-100104,2025-08-28 15:08,PECHS,BBQ,Clear,Medium,Car,9.28,4,2984.0,25.0,4.4,5,68.0,70,No,0,5.0
FD-100857,2025-11-28 05:14,Korangi,Fast Food,Hot,Medium,Motorbike,4.75,8,5836.0,31.0,3.8,59,49.0,55,No,200,5.0
FD-100549,2026-05-29 22:57,Korangi,BBQ,Hot,Medium,Motorbike,4.17,3,2218.0,21.0,3.9,41,43.0,55,No,150,5.0
FD-102411,2025-08-27 18:22,DHA,Pizza,Hot,Medium,Motorbike,2.59,6,4439.0,23.0,4.6,57,30.0,55,No,0,5.0
FD-100565,2025-08-03 05:38,Clifton,Pizza,Clear,High,Motorbike,3.77,6,3567.0,24.0,4.3,52,40.0,55,No,200,4.0
FD-102174,2025-12-10 05:13,Korangi,Fast Food,Clear,High,Motorbike,4.15,1,843.0,14.0,3.9,40,27.0,55,No,100,5.0
FD-102470,2025-09-04 16:39,North Nazimabad,Fast Food,Hot,Low,Motorbike,2.26,7,3748.0,26.0,4.7,37,34.0,55,No,0,5.0
FD-101806,2025-08-10 08:43,Clifton,Desserts,Clear,Medium,Car,4.12,1,745.0,14.0,3.9,40,29.0,55,No,0,5.0
FD-100643,2025-10-28 15:41,DHA,Chinese,Clear,Medium,Motorbike,8.82,1,419.0,21.0,4.4,19,56.0,70,No,0,4.0
FD-100648,2026-01-31 07:28,Malir,Desserts,Clear,Medium,Motorbike,9.23,1,396.0,10.0,5.0,15,48.0,70,No,0,5.0
FD-100254,2025-11-09 10:19,North Nazimabad,BBQ,Clear,Medium,Bicycle,3.59,2,1474.0,20.0,4.0,13,51.0,55,No,200,5.0
FD-100960,2025-07-25 10:57,Korangi,Desserts,Clear,Low,Car,2.5,2,778.0,22.0,4.6,23,28.0,55,No,0,5.0
FD-101910,2026-03-24 20:33,Gulshan-e-Iqbal,Karahi,Clear,Low,Motorbike,2.62,2,1066.0,26.0,4.2,8,45.0,55,No,0,5.0
FD-102102,2026-01-05 14:31,Gulshan-e-Iqbal,Karahi,Clear,Medium,Motorbike,3.59,6,2661.0,34.0,4.2,44,44.0,55,No,0,5.0
FD-100867,2025-07-24 22:31,Saddar,Chinese,Hot,Medium,Motorbike,10.35,4,3294.0,23.0,4.8,44,68.0,70,No,0,5.0
FD-102251,2025-12-28 12:13,Malir,Biryani,Clear,Medium,Motorbike,3.45,7,5295.0,25.0,4.5,40,38.0,55,No,0,4.0
FD-100724,2026-04-10 20:27,Saddar,Fast Food,Hot,Medium,Motorbike,2.52,5,3215.0,25.0,4.2,0,42.0,55,No,0,5.0
FD-102014,2025-07-19 12:22,Korangi,Fast Food,Clear,Low,Car,8.35,1,832.0,19.0,4.6,37,50.0,70,No,100,5.0
FD-100020,2026-03-24 06:45,Korangi,Desserts,Rainy,Low,Motorbike,10.07,5,2858.0,21.0,4.6,30,62.0,70,No,0,5.0
FD-101421,2025-11-10 23:49,North Nazimabad,Fast Food,Rainy,Low,Motorbike,6.9,5,4094.0,28.0,4.1,26,72.0,70,Yes,0,5.0
FD-100726,2025-12-16 03:45,PECHS,Chinese,Windy,High,Motorbike,2.64,5,2148.0,25.0,4.4,32,48.0,55,No,0,5.0
FD-100444,2025-12-16 22:57,PECHS,Fast Food,Dusty,Low,Motorbike,1.16,8,7115.0,33.0,4.7,9,48.0,55,No,50,5.0
FD-101732,2025-10-29 00:31,Clifton,Karahi,Clear,Medium,Bicycle,8.98,1,880.0,21.0,4.2,56,77.0,70,Yes,0,5.0
FD-100988,2026-03-22 06:25,Gulshan-e-Iqbal,Karahi,Windy,Low,Motorbike,3.74,5,2300.0,39.0,4.2,35,48.0,55,No,0,5.0
FD-100396,2026-06-07 08:01,DHA,Karahi,Clear,Medium,Motorbike,1.49,1,476.0,17.0,4.9,8,24.0,55,No,0,4.0
FD-102165,2026-02-07 10:16,Korangi,Biryani,Dusty,Medium,Motorbike,4.93,3,1922.0,22.0,3.8,44,45.0,55,No,0,5.0
FD-102160,2026-05-27 02:27,Clifton,BBQ,Hot,Medium,Motorbike,7.85,2,1263.0,25.0,4.4,26,59.0,70,No,0,5.0
FD-101215,2026-05-16 12:00,Malir,BBQ,Hot,High,Motorbike,6.07,4,1417.0,30.0,4.6,29,60.0,70,No,0,4.0
FD-101522,2025-10-30 13:39,Gulshan-e-Iqbal,Desserts,Clear,Low,Motorbike,5.58,5,3197.0,18.0,3.9,57,36.0,55,No,200,5.0
FD-102436,2026-02-14 00:25,North Nazimabad,Desserts,Clear,Low,Motorbike,14.56,2,1250.0,13.0,4.3,2,60.0,70,No,150,5.0
FD-100533,2025-12-30 15:52,PECHS,Biryani,Clear,Medium,Motorbike,5.38,2,929.0,29.0,4.8,32,41.0,55,No,150,4.0
FD-102494,2025-07-15 04:06,Clifton,Pizza,Rainy,Medium,Car,8.28,8,5092.0,26.0,4.4,15,79.0,70,Yes,0,4.0
FD-100848,2025-07-08 10:12,Korangi,Desserts,Clear,Low,Bicycle,10.95,7,4706.0,30.0,4.1,41,88.0,70,Yes,0,3.0
FD-100049,2025-09-06 17:03,Clifton,Karahi,Hot,Low,Motorbike,4.49,4,1997.0,31.0,4.6,33,46.0,55,No,100,5.0
FD-101276,2026-01-14 06:54,Clifton,BBQ,Clear,Low,Motorbike,3.42,1,463.0,21.0,4.9,48,23.0,55,No,200,5.0
FD-101917,2025-12-31 07:06,Saddar,Desserts,Rainy,High,Bicycle,11.06,1,735.0,18.0,4.4,3,135.0,70,Yes,0,2.0
FD-100046,2026-02-18 18:52,Clifton,Pizza,Clear,Medium,Motorbike,3.97,2,707.0,21.0,4.9,31,37.0,55,No,0,5.0
FD-102071,2026-06-19 09:14,Saddar,Chinese,Clear,Medium,Motorbike,3.17,6,3327.0,24.0,4.5,54,43.0,55,No,150,5.0
FD-100861,2025-12-08 12:10,Clifton,BBQ,Clear,High,Bicycle,9.73,3,1774.0,27.0,4.7,29,111.0,70,Yes,0,3.0
FD-102341,2026-06-28 07:14,Gulshan-e-Iqbal,Karahi,Clear,Low,Motorbike,7.04,6,4828.0,34.0,4.6,57,56.0,70,No,0,5.0
FD-102031,2025-11-28 04:48,PECHS,Pizza,Clear,Medium,Car,7.21,1,702.0,25.0,4.3,49,45.0,70,No,150,4.0
FD-100402,2026-06-17 09:02,Saddar,Biryani,Rainy,High,Motorbike,3.51,4,1739.0,22.0,3.7,13,48.0,55,No,0,5.0
FD-102179,2025-12-22 01:57,Gulshan-e-Iqbal,Chinese,Windy,Medium,Motorbike,3.57,7,4575.0,26.0,4.4,22,47.0,55,No,0,5.0
FD-101113,2025-10-14 21:47,North Nazimabad,Desserts,Hot,High,Motorbike,1.43,7,4176.0,29.0,4.5,36,37.0,55,No,0,4.0
FD-100127,2025-08-12 18:28,North Nazimabad,Fast Food,Clear,High,Motorbike,3.79,7,5056.0,41.0,3.9,3,61.0,55,Yes,0,5.0
FD-100803,2025-11-14 00:13,Malir,BBQ,Clear,Low,Motorbike,1.7,6,3679.0,33.0,4.4,7,45.0,55,No,100,5.0
FD-100275,2025-10-01 10:19,DHA,Biryani,Clear,Jam,Motorbike,2.53,8,6648.0,41.0,4.6,34,50.0,55,No,0,5.0
FD-101500,2025-07-28 00:26,PECHS,BBQ,Clear,Low,Motorbike,4.0,2,1772.0,29.0,4.3,40,35.0,55,No,150,5.0
FD-100287,2025-07-29 10:41,Malir,Fast Food,Clear,Low,Motorbike,3.08,1,571.0,20.0,4.6,45,23.0,55,No,150,4.0
FD-100518,2025-11-29 02:32,Clifton,Karahi,Windy,Jam,Bicycle,3.01,1,437.0,24.0,4.1,4,65.0,55,Yes,0,4.0
FD-102482,2026-06-01 07:47,North Nazimabad,BBQ,Clear,High,Car,6.1,2,1587.0,29.0,4.7,5,61.0,70,No,150,5.0
FD-100500,2026-06-23 17:22,North Nazimabad,Pizza,Dusty,High,Motorbike,3.2,6,3179.0,28.0,3.8,8,61.0,55,Yes,0,4.0
FD-100594,2026-03-03 18:59,Clifton,Biryani,Clear,Medium,Bicycle,1.63,4,2177.0,22.0,4.5,21,36.0,55,No,0,5.0
FD-102297,2025-12-10 23:28,North Nazimabad,Biryani,Hot,Low,Motorbike,1.06,3,1356.0,21.0,4.4,6,26.0,55,No,0,4.0
FD-100693,2026-01-30 03:40,Malir,Fast Food,Clear,Medium,Motorbike,3.31,3,1640.0,23.0,4.9,2,43.0,55,No,0,5.0
FD-100795,2026-02-09 21:38,PECHS,Fast Food,Clear,High,Bicycle,3.91,5,4165.0,28.0,4.1,54,64.0,55,Yes,0,5.0
FD-100315,2026-01-04 14:00,Korangi,Fast Food,Rainy,High,Motorbike,8.36,5,3629.0,32.0,5.0,41,92.0,70,Yes,0,4.0
FD-102259,2025-11-04 05:19,North Nazimabad,Desserts,Hot,Low,Motorbike,2.55,7,4627.0,34.0,4.3,2,44.0,55,No,0,5.0
FD-101407,2026-01-17 20:00,Gulshan-e-Iqbal,Biryani,Hot,High,Car,12.38,3,2496.0,34.0,4.4,50,112.0,70,Yes,0,3.0
FD-100359,2025-11-28 04:30,DHA,Karahi,Clear,Jam,Motorbike,3.66,7,5929.0,33.0,4.6,31,56.0,55,Yes,0,4.0
FD-100347,2026-05-08 02:42,Gulshan-e-Iqbal,Biryani,Clear,Medium,Car,1.53,2,1204.0,26.0,5.0,38,25.0,55,No,0,5.0
FD-101290,2025-09-11 13:09,PECHS,Pizza,Hot,Medium,Motorbike,2.28,8,5615.0,33.0,4.4,27,46.0,55,No,0,5.0
FD-101723,2026-03-13 18:00,Saddar,Chinese,Windy,Low,Motorbike,4.9,2,995.0,27.0,4.4,47,41.0,55,No,0,5.0
FD-101709,2025-11-17 10:50,Malir,BBQ,Clear,Low,Motorbike,2.12,5,2557.0,32.0,4.1,20,37.0,55,No,0,5.0
FD-101999,2025-09-19 23:00,PECHS,Karahi,Windy,Medium,Motorbike,5.73,2,1657.0,21.0,4.7,13,39.0,55,No,200,5.0
FD-100011,2025-11-20 09:44,PECHS,Chinese,Hot,Low,Motorbike,10.82,2,1506.0,23.0,3.7,6,60.0,70,No,0,5.0
FD-101098,2025-08-12 12:46,Korangi,BBQ,Clear,Jam,Car,13.65,2,1101.0,27.0,4.4,15,131.0,70,Yes,0,2.0
FD-101216,2026-03-23 13:53,PECHS,Desserts,Clear,Medium,Motorbike,1.27,3,1377.0,29.0,4.5,41,32.0,55,No,0,5.0
FD-100890,2025-07-05 11:15,DHA,Fast Food,Rainy,Jam,Motorbike,3.87,5,3553.0,15.0,3.8,53,46.0,55,No,0,5.0
FD-100176,2025-09-27 12:13,Saddar,Desserts,Clear,High,Car,8.01,2,1562.0,19.0,4.5,17,64.0,70,No,150,5.0
FD-101978,2025-08-26 18:38,Malir,Desserts,Rainy,High,Motorbike,3.91,5,4497.0,31.0,4.1,15,60.0,55,Yes,0,4.0
FD-101812,2025-12-04 17:04,Clifton,Desserts,Clear,Medium,Motorbike,5.42,6,3766.0,33.0,4.1,12,53.0,55,No,0,5.0
FD-102225,2025-10-27 00:01,DHA,Biryani,Hot,Medium,Motorbike,5.6,7,3997.0,21.0,4.4,56,40.0,55,No,0,5.0
FD-100070,2026-06-08 07:47,Korangi,Pizza,Hot,Medium,Motorbike,4.86,4,1969.0,23.0,4.2,22,50.0,55,No,0,4.0
FD-101106,2026-02-25 07:54,North Nazimabad,Pizza,Clear,High,Motorbike,7.18,1,625.0,17.0,4.8,28,45.0,70,No,0,4.0
FD-100174,2025-09-25 02:23,DHA,Desserts,Dusty,Medium,Car,16.36,5,2301.0,16.0,5.0,54,84.0,70,Yes,0,5.0
FD-100678,2025-09-25 12:10,DHA,Biryani,Rainy,Low,Motorbike,3.13,7,5557.0,32.0,4.3,11,52.0,55,No,0,5.0
FD-102122,2026-02-13 13:15,DHA,Chinese,Clear,Medium,Car,4.38,1,358.0,23.0,4.0,44,49.0,55,No,0,5.0
FD-100169,2025-12-18 09:28,Saddar,Biryani,Clear,Medium,Motorbike,2.61,1,587.0,14.0,3.9,37,28.0,55,No,0,5.0
FD-100439,2026-01-27 08:00,Clifton,Desserts,Rainy,Medium,Car,2.16,2,1578.0,20.0,4.4,8,40.0,55,No,0,4.0
FD-100483,2025-10-04 12:24,PECHS,Biryani,Clear,High,Motorbike,7.76,2,813.0,19.0,4.1,58,56.0,70,No,150,4.0
FD-101828,2025-07-28 22:11,Malir,BBQ,Rainy,Low,Motorbike,3.6,4,3519.0,29.0,5.0,46,57.0,55,Yes,0,5.0
FD-101680,2025-11-11 11:12,Gulshan-e-Iqbal,Biryani,Clear,Medium,Motorbike,6.1,4,3284.0,29.0,4.4,41,47.0,70,No,0,4.0
FD-100273,2026-06-26 00:21,Clifton,Pizza,Rainy,Medium,Motorbike,4.59,5,3354.0,23.0,4.4,40,48.0,55,No,0,5.0
FD-102249,2025-07-06 01:44,Korangi,BBQ,Clear,High,Bicycle,5.85,8,5030.0,44.0,3.7,14,107.0,55,Yes,0,2.0
FD-101208,2026-06-07 17:41,DHA,Pizza,Hot,Low,Motorbike,3.89,5,3562.0,26.0,5.0,52,27.0,55,No,0,5.0
FD-102311,2026-02-21 10:14,North Nazimabad,Pizza,Clear,High,Motorbike,7.43,4,3561.0,29.0,4.4,54,65.0,70,No,0,4.0
FD-101827,2026-03-23 04:40,Korangi,Pizza,Clear,High,Motorbike,7.61,6,3253.0,23.0,4.7,26,66.0,70,No,0,5.0
FD-100086,2026-03-29 01:54,Malir,BBQ,Clear,High,Motorbike,4.39,6,4493.0,31.0,4.0,0,54.0,55,No,0,5.0
FD-101044,2025-07-28 02:56,DHA,Pizza,Hot,Medium,Motorbike,2.95,5,2410.0,22.0,4.2,54,32.0,55,No,0,5.0
FD-101210,2025-09-20 20:40,Korangi,BBQ,Clear,Medium,Motorbike,3.78,2,1562.0,24.0,3.4,19,48.0,55,No,200,5.0
FD-102351,2026-01-10 00:21,DHA,Pizza,Clear,Jam,Motorbike,3.28,4,2303.0,18.0,4.0,36,40.0,55,No,0,5.0
FD-101431,2026-06-09 15:30,North Nazimabad,Fast Food,Clear,Medium,Motorbike,2.42,3,2260.0,27.0,4.0,19,40.0,55,No,150,5.0
FD-101057,2025-09-01 10:34,Gulshan-e-Iqbal,Pizza,Clear,Low,Motorbike,3.91,5,1941.0,32.0,3.7,51,39.0,55,No,0,5.0
FD-101914,2026-03-07 12:02,North Nazimabad,Fast Food,Clear,Low,Motorbike,5.6,2,1652.0,29.0,4.4,57,34.0,55,No,0,4.0
FD-100555,2025-10-21 16:33,North Nazimabad,Biryani,Clear,High,Motorbike,3.7,3,1820.0,27.0,4.5,53,48.0,55,No,50,5.0
FD-101202,2026-06-20 01:40,Saddar,Karahi,Windy,Low,Motorbike,13.63,5,2822.0,34.0,4.3,45,76.0,70,Yes,0,4.0
FD-100904,2025-10-06 10:59,Clifton,Pizza,Windy,Medium,Bicycle,3.94,8,5626.0,38.0,4.0,9,64.0,55,Yes,0,4.0
FD-101199,2026-01-12 13:52,North Nazimabad,Desserts,Hot,Medium,Motorbike,3.04,2,889.0,21.0,4.3,4,44.0,55,No,50,5.0
FD-102232,2026-06-01 12:23,Malir,Fast Food,Clear,Medium,Motorbike,7.77,4,2436.0,26.0,4.3,5,60.0,70,No,0,5.0
FD-101161,2025-12-25 21:14,North Nazimabad,Karahi,Clear,Low,Motorbike,7.46,2,1008.0,31.0,4.9,8,63.0,70,No,100,5.0
FD-100558,2026-06-19 18:54,Malir,Biryani,Rainy,High,Motorbike,4.86,8,4921.0,29.0,4.4,46,60.0,55,Yes,0,5.0
FD-100769,2026-05-22 20:43,Clifton,Fast Food,Clear,Low,Motorbike,3.12,2,883.0,17.0,4.4,1,30.0,55,No,100,5.0
FD-101830,2026-01-06 02:42,North Nazimabad,Chinese,Hot,Medium,Motorbike,2.81,5,2327.0,23.0,4.3,1,34.0,55,No,0,4.0
FD-101880,2025-12-04 18:33,Gulshan-e-Iqbal,Pizza,Hot,Low,Motorbike,3.77,5,4342.0,21.0,3.9,27,34.0,55,No,0,5.0
FD-100151,2026-04-13 16:12,North Nazimabad,Karahi,Windy,Medium,Motorbike,3.02,2,1474.0,5.0,4.4,57,19.0,55,No,0,5.0
FD-101404,2025-08-08 10:38,North Nazimabad,Fast Food,Clear,Medium,Motorbike,2.48,5,3748.0,22.0,5.0,1,33.0,55,No,0,5.0
FD-100525,2025-07-07 02:16,DHA,Biryani,Clear,Low,Motorbike,3.85,8,6740.0,30.0,5.0,0,43.0,55,No,0,5.0
FD-100023,2026-02-06 10:49,Malir,Pizza,Rainy,Jam,Motorbike,4.1,8,5716.0,35.0,4.3,53,70.0,55,Yes,0,4.0
FD-101901,2026-05-11 22:23,Saddar,Biryani,Dusty,Medium,Car,6.88,2,1458.0,21.0,3.8,23,59.0,70,No,50,5.0
FD-100624,2026-05-28 02:27,Gulshan-e-Iqbal,Fast Food,Clear,High,Motorbike,6.4,5,4485.0,26.0,4.6,20,59.0,70,No,0,5.0
FD-102051,2026-04-03 13:31,Gulshan-e-Iqbal,Fast Food,Hot,Low,Car,4.13,6,3120.0,25.0,4.1,16,46.0,55,No,0,5.0
FD-101245,2026-04-14 14:33,Malir,Pizza,Windy,Medium,Motorbike,8.17,1,502.0,11.0,4.0,6,58.0,70,No,100,5.0
FD-100410,2026-02-18 05:14,Malir,Chinese,Dusty,Medium,Motorbike,7.83,5,2067.0,23.0,4.4,17,61.0,70,No,150,4.0
FD-101855,2026-04-26 14:58,DHA,Karahi,Clear,Low,Motorbike,6.4,3,2237.0,24.0,4.5,34,48.0,70,No,0,5.0
FD-100071,2025-10-06 22:51,Korangi,Fast Food,Hot,Medium,Motorbike,2.85,1,830.0,18.0,4.5,34,37.0,55,No,0,5.0
FD-102400,2026-01-16 21:26,DHA,BBQ,Clear,Low,Motorbike,4.08,7,2891.0,31.0,4.1,7,43.0,55,No,150,5.0
FD-101301,2025-07-10 06:11,Korangi,Pizza,Hot,Medium,Motorbike,2.38,5,1831.0,25.0,4.2,33,33.0,55,No,0,5.0
FD-100288,2026-02-05 08:09,North Nazimabad,Pizza,Clear,Jam,Bicycle,1.99,7,3258.0,30.0,4.4,16,49.0,55,No,200,5.0
FD-100912,2025-09-19 11:02,Malir,BBQ,Hot,Jam,Motorbike,4.67,1,816.0,20.0,3.9,38,50.0,55,No,0,5.0
FD-100466,2025-10-08 18:07,Clifton,Fast Food,Windy,High,Motorbike,2.46,6,3389.0,28.0,4.5,3,40.0,55,No,0,4.0
FD-100839,2026-02-23 03:40,North Nazimabad,Desserts,Clear,High,Motorbike,7.74,3,1419.0,21.0,4.5,43,59.0,70,No,50,5.0
FD-101515,2026-03-20 20:30,DHA,Pizza,Clear,Medium,Motorbike,5.63,5,2381.0,22.0,4.7,50,39.0,55,No,100,5.0
FD-101326,2026-06-14 21:52,North Nazimabad,Desserts,Clear,Medium,Motorbike,5.71,2,981.0,22.0,4.4,22,48.0,55,No,0,5.0
FD-100416,2025-11-06 23:46,Gulshan-e-Iqbal,Desserts,Windy,Medium,Motorbike,4.84,5,2278.0,26.0,4.4,16,48.0,55,No,0,5.0
FD-100036,2025-07-16 01:32,Korangi,Desserts,Clear,Medium,Motorbike,7.33,1,752.0,18.0,4.0,48,46.0,70,No,0,5.0
FD-101142,2026-05-15 06:14,DHA,BBQ,Rainy,Low,Motorbike,7.14,1,645.0,22.0,4.5,54,49.0,70,No,0,5.0
FD-100366,2025-09-07 10:26,Gulshan-e-Iqbal,Biryani,Clear,Low,Car,5.02,2,1481.0,16.0,4.3,42,25.0,55,No,0,4.0
FD-100094,2025-10-22 18:16,Saddar,Chinese,Clear,High,Car,14.24,6,3465.0,27.0,4.3,38,107.0,70,Yes,0,3.0
FD-100430,2026-01-19 23:16,Saddar,BBQ,Windy,High,Motorbike,6.53,5,4076.0,35.0,4.4,59,66.0,70,No,150,5.0
FD-101607,2026-03-13 13:06,DHA,Pizza,Windy,Low,Motorbike,5.3,3,1321.0,25.0,4.7,52,44.0,55,No,0,5.0
FD-102477,2025-08-20 17:05,Gulshan-e-Iqbal,Desserts,Clear,High,Motorbike,8.17,1,882.0,12.0,4.4,8,52.0,70,No,100,5.0
FD-101796,2025-11-12 21:49,Malir,Desserts,Clear,Low,Motorbike,8.26,8,3592.0,22.0,5.0,16,57.0,70,No,200,5.0
FD-101794,2025-10-17 18:36,Gulshan-e-Iqbal,Fast Food,Clear,Low,Motorbike,3.96,5,4484.0,16.0,4.5,52,26.0,55,No,150,5.0
FD-100690,2025-08-01 01:14,Clifton,BBQ,Clear,Medium,Motorbike,6.16,3,2424.0,37.0,4.4,18,60.0,70,No,0,5.0
FD-102187,2026-02-06 02:22,Gulshan-e-Iqbal,Karahi,Clear,Low,Motorbike,5.21,4,2188.0,29.0,4.3,6,45.0,55,No,50,5.0
FD-102103,2026-01-15 22:39,Malir,Chinese,Clear,Low,Bicycle,3.66,1,359.0,20.0,4.6,6,45.0,55,No,0,4.0
FD-102027,2026-06-30 07:18,Korangi,BBQ,Clear,Medium,Motorbike,4.07,4,3566.0,31.0,4.2,30,42.0,55,No,0,4.0
FD-101768,2026-01-22 01:16,Korangi,Biryani,Clear,Low,Motorbike,4.83,6,5145.0,21.0,4.7,10,35.0,55,No,0,5.0
FD-101001,2025-09-10 09:26,Malir,Chinese,Rainy,Medium,Motorbike,4.39,3,2512.0,23.0,5.0,16,56.0,55,Yes,0,5.0
FD-102057,2025-10-28 21:42,DHA,Fast Food,Hot,Low,Motorbike,5.13,7,4884.0,30.0,4.7,21,55.0,55,No,0,4.0
FD-100066,2025-10-31 12:55,PECHS,Chinese,Rainy,Low,Motorbike,5.07,2,1007.0,19.0,4.2,52,41.0,55,No,0,5.0
FD-102099,2026-03-26 07:23,North Nazimabad,Desserts,Clear,Low,Motorbike,4.03,1,480.0,14.0,4.8,57,26.0,55,No,150,5.0
FD-100654,2026-06-22 18:07,DHA,Pizza,Hot,Jam,Motorbike,4.72,5,2280.0,25.0,4.2,7,59.0,55,Yes,0,5.0
FD-102007,2026-06-14 14:21,Malir,Desserts,Windy,Low,Motorbike,1.53,3,1137.0,23.0,4.1,44,37.0,55,No,200,5.0
FD-100421,2025-12-31 14:37,North Nazimabad,Pizza,Clear,Low,Motorbike,11.05,4,2932.0,17.0,4.7,54,53.0,70,No,0,5.0
FD-101238,2025-09-23 23:20,North Nazimabad,Biryani,Clear,Medium,Motorbike,2.28,8,5371.0,32.0,4.0,37,33.0,55,No,0,5.0
FD-101388,2025-09-18 18:09,Saddar,BBQ,Dusty,High,Motorbike,8.39,3,1149.0,30.0,4.3,44,72.0,70,Yes,0,5.0
FD-100819,2026-02-02 11:38,DHA,Chinese,Windy,Jam,Motorbike,4.46,1,671.0,21.0,4.1,22,48.0,55,No,0,5.0
FD-101864,2026-02-22 13:09,PECHS,Karahi,Clear,Medium,Motorbike,6.62,8,2971.0,29.0,4.6,14,65.0,70,No,100,5.0
FD-101648,2025-12-26 14:42,PECHS,Chinese,Dusty,Medium,Motorbike,6.61,2,1289.0,27.0,4.0,26,75.0,70,Yes,0,5.0
FD-100320,2025-12-27 05:46,Korangi,Biryani,Clear,High,Motorbike,5.24,8,6578.0,31.0,4.7,28,59.0,55,Yes,0,5.0
FD-101087,2026-05-02 16:05,North Nazimabad,Biryani,Clear,Low,Motorbike,7.26,6,2144.0,29.0,4.5,42,45.0,70,No,100,5.0
FD-102058,2026-03-28 11:58,Malir,Biryani,Clear,Medium,Motorbike,7.05,8,4880.0,33.0,4.7,5,60.0,70,No,0,5.0
FD-101731,2026-02-15 04:31,North Nazimabad,Chinese,Clear,Low,Car,2.31,4,3512.0,32.0,4.3,19,32.0,55,No,0,5.0
FD-102275,2025-09-11 03:16,Gulshan-e-Iqbal,Fast Food,Clear,Medium,Motorbike,5.84,5,2728.0,37.0,4.0,6,61.0,55,Yes,0,4.0
FD-100895,2025-08-27 17:51,Korangi,Pizza,Clear,High,Car,12.34,2,1507.0,19.0,4.4,8,89.0,70,Yes,0,5.0
FD-102318,2025-12-09 20:08,North Nazimabad,Chinese,Clear,Jam,Motorbike,17.01,2,1680.0,14.0,4.4,49,142.0,70,Yes,0,1.0
FD-100931,2026-01-10 09:33,PECHS,Karahi,Dusty,Low,Motorbike,4.5,5,2170.0,22.0,4.5,26,40.0,55,No,0,5.0
FD-101139,2026-04-09 16:12,North Nazimabad,Pizza,Rainy,Medium,Motorbike,1.74,8,4041.0,26.0,4.1,51,41.0,55,No,0,5.0
FD-101289,2025-09-22 20:08,North Nazimabad,Pizza,Hot,Low,Car,4.52,8,4007.0,32.0,4.3,25,58.0,55,Yes,0,5.0
FD-100652,2025-09-08 21:12,Saddar,BBQ,Clear,Jam,Motorbike,3.22,1,473.0,28.0,4.4,25,58.0,55,Yes,0,5.0
FD-100373,2026-05-29 00:22,DHA,BBQ,Clear,Medium,Bicycle,2.63,8,6246.0,33.0,4.0,52,43.0,55,No,100,5.0
FD-101298,2026-02-04 08:31,Gulshan-e-Iqbal,Desserts,Dusty,Low,Motorbike,1.42,4,2652.0,32.0,4.5,40,37.0,55,No,150,5.0
FD-101578,2025-10-24 02:00,Korangi,Biryani,Clear,Medium,Bicycle,6.16,3,1269.0,25.0,4.6,57,86.0,70,Yes,0,4.0
FD-101825,2025-09-12 01:05,Korangi,Chinese,Clear,Medium,Motorbike,5.62,1,493.0,17.0,3.9,53,36.0,55,No,0,5.0
FD-100048,2026-01-17 08:14,DHA,Chinese,Hot,Low,Motorbike,3.44,4,2992.0,20.0,4.7,27,30.0,55,No,200,5.0
FD-101851,2026-04-12 04:06,PECHS,BBQ,Clear,Medium,Motorbike,4.82,7,5758.0,34.0,4.4,8,57.0,55,Yes,0,5.0
FD-101947,2025-07-26 05:56,Saddar,Pizza,Rainy,Low,Motorbike,5.29,6,4823.0,28.0,4.1,15,54.0,55,No,0,5.0
FD-102235,2025-09-22 07:03,PECHS,Pizza,Clear,Low,Motorbike,8.28,4,1651.0,27.0,4.5,56,36.0,70,No,0,5.0
FD-100600,2025-10-10 11:54,PECHS,Pizza,Hot,High,Motorbike,5.98,7,5654.0,36.0,4.1,17,60.0,55,Yes,0,5.0
FD-100042,2025-10-03 12:22,Korangi,Chinese,Clear,Low,Motorbike,5.63,2,1101.0,24.0,5.0,8,38.0,55,No,200,5.0
FD-100173,2026-01-13 09:53,Saddar,Chinese,Windy,Medium,Car,5.7,4,2635.0,25.0,4.0,36,55.0,55,No,0,5.0
FD-101131,2025-10-29 18:12,Malir,Biryani,Clear,Low,Bicycle,4.26,5,2567.0,25.0,4.3,40,48.0,55,No,100,4.0
FD-101895,2025-09-24 20:08,Malir,Karahi,Rainy,Medium,Motorbike,11.53,8,3245.0,37.0,4.8,45,127.0,70,Yes,0,2.0
FD-101257,2026-04-01 01:34,Clifton,Desserts,Hot,Jam,Motorbike,4.31,5,2470.0,20.0,4.1,40,50.0,55,No,200,5.0
FD-101409,2025-09-06 21:52,Clifton,Karahi,Clear,Low,Motorbike,9.05,1,503.0,20.0,4.2,51,59.0,70,No,200,5.0
FD-100548,2026-06-01 03:51,Saddar,Chinese,Hot,Medium,Bicycle,3.19,6,5271.0,28.0,4.3,30,54.0,55,No,150,5.0
FD-100397,2025-07-21 04:15,North Nazimabad,Fast Food,Hot,Low,Car,3.04,7,4505.0,34.0,4.6,58,39.0,55,No,0,5.0
FD-102381,2026-03-03 17:22,Saddar,Biryani,Clear,Medium,Motorbike,1.48,6,2155.0,25.0,4.5,0,36.0,55,No,0,4.0
FD-102302,2025-12-11 19:08,Malir,BBQ,Clear,High,Motorbike,7.97,5,4284.0,34.0,4.8,8,68.0,70,No,0,4.0
FD-101110,2025-11-16 19:43,Gulshan-e-Iqbal,Karahi,Clear,Low,Motorbike,3.31,4,2435.0,31.0,4.5,48,39.0,55,No,0,5.0
FD-102017,2026-04-10 16:58,DHA,Biryani,Clear,High,Motorbike,5.29,8,6469.0,35.0,4.2,55,53.0,55,No,50,4.0
FD-101877,2026-03-22 09:54,PECHS,Biryani,Windy,Medium,Motorbike,8.93,7,4405.0,24.0,4.6,44,58.0,70,No,0,5.0
FD-101185,2026-04-23 08:37,Clifton,BBQ,Rainy,Low,Motorbike,3.78,7,3743.0,31.0,4.3,55,53.0,55,No,0,5.0
FD-101082,2026-06-16 16:02,Gulshan-e-Iqbal,Desserts,Windy,Low,Motorbike,3.78,7,5945.0,26.0,5.0,43,36.0,55,No,150,5.0
FD-102040,2026-04-05 03:25,North Nazimabad,Fast Food,Dusty,Medium,Motorbike,3.47,3,1905.0,20.0,4.4,29,39.0,55,No,150,5.0
FD-100482,2026-04-06 02:58,Gulshan-e-Iqbal,Biryani,Clear,High,Bicycle,2.43,3,1859.0,21.0,4.8,13,45.0,55,No,150,5.0
FD-102193,2025-07-30 08:50,Saddar,Chinese,Hot,Medium,Motorbike,5.55,6,2367.0,20.0,4.1,32,41.0,55,No,0,4.0
FD-101378,2026-06-10 20:15,Saddar,Fast Food,Hot,Low,Car,2.99,4,2698.0,22.0,4.4,22,42.0,55,No,0,5.0
FD-100692,2025-09-03 05:18,PECHS,Biryani,Windy,Medium,Car,2.97,1,686.0,16.0,3.9,56,29.0,55,No,0,5.0
FD-101389,2025-08-01 04:14,Malir,Biryani,Hot,Medium,Motorbike,2.77,5,4431.0,25.0,4.6,21,37.0,55,No,100,5.0
FD-100302,2026-02-27 14:40,PECHS,Chinese,Clear,High,Motorbike,5.98,1,413.0,12.0,4.2,29,45.0,55,No,50,5.0
FD-101913,2025-08-31 04:45,Korangi,Fast Food,Clear,Medium,Car,5.66,7,2520.0,25.0,3.7,23,50.0,55,No,0,4.0
FD-100608,2025-07-24 14:27,Saddar,Pizza,Windy,High,Motorbike,7.53,7,5507.0,28.0,3.9,37,74.0,70,Yes,0,5.0
FD-101792,2025-07-13 07:39,Korangi,Pizza,Clear,High,Motorbike,1.91,5,4362.0,25.0,5.0,38,24.0,55,No,150,5.0
FD-100012,2025-10-28 04:14,Clifton,Biryani,Hot,Medium,Bicycle,5.38,2,1072.0,24.0,4.1,18,62.0,55,Yes,0,5.0
FD-102430,2025-08-06 20:03,Malir,Chinese,Windy,Low,Motorbike,7.59,3,1868.0,23.0,4.5,34,55.0,70,No,0,5.0
FD-102129,2025-09-11 04:38,Saddar,Chinese,Hot,Medium,Motorbike,10.3,1,768.0,9.0,3.7,47,43.0,70,No,0,5.0
FD-100873,2025-09-12 03:46,PECHS,BBQ,Clear,Low,Motorbike,5.28,3,1767.0,25.0,4.6,31,46.0,55,No,0,5.0
FD-101705,2026-04-19 21:31,Clifton,Karahi,Hot,Low,Motorbike,1.92,8,4479.0,40.0,5.0,15,60.0,55,Yes,0,5.0
FD-100647,2025-09-18 00:38,Malir,Karahi,Rainy,Medium,Motorbike,2.92,6,2428.0,32.0,4.2,5,49.0,55,No,0,5.0
FD-100250,2025-11-26 06:39,Saddar,Pizza,Windy,High,Motorbike,2.17,4,2042.0,19.0,4.5,51,38.0,55,No,150,5.0
FD-100627,2025-11-02 23:22,Gulshan-e-Iqbal,Biryani,Clear,Medium,Motorbike,7.29,6,3301.0,29.0,4.7,30,50.0,70,No,50,5.0
FD-101595,2025-10-19 20:07,PECHS,Chinese,Rainy,Medium,Bicycle,3.07,2,962.0,18.0,4.1,17,57.0,55,Yes,0,5.0
FD-100262,2025-07-12 18:45,Malir,BBQ,Clear,Medium,Bicycle,1.7,7,2477.0,38.0,4.6,47,49.0,55,No,0,5.0
FD-101037,2026-06-17 00:04,North Nazimabad,Chinese,Hot,Low,Motorbike,1.27,1,896.0,26.0,4.4,59,28.0,55,No,0,5.0
FD-101646,2026-05-12 19:56,Clifton,Biryani,Clear,High,Car,3.64,4,3291.0,26.0,4.0,54,41.0,55,No,0,5.0
FD-102125,2025-11-06 07:45,Malir,BBQ,Rainy,High,Motorbike,7.93,5,3162.0,34.0,4.5,57,86.0,70,Yes,0,4.0
FD-100802,2026-06-12 20:52,North Nazimabad,Chinese,Hot,High,Bicycle,3.3,2,1505.0,16.0,4.7,12,52.0,55,No,150,5.0
FD-101976,2026-06-01 15:34,Gulshan-e-Iqbal,Biryani,Hot,Low,Motorbike,9.58,7,2815.0,42.0,4.1,10,79.0,70,Yes,0,5.0
FD-100095,2025-12-10 05:40,DHA,Fast Food,Clear,Low,Motorbike,4.55,3,1246.0,29.0,4.5,16,36.0,55,No,150,5.0
FD-101332,2026-01-20 00:04,Gulshan-e-Iqbal,Karahi,Hot,Medium,Motorbike,13.03,7,4697.0,26.0,4.5,22,81.0,70,Yes,0,5.0
FD-102329,2025-08-13 13:59,PECHS,Desserts,Hot,Low,Motorbike,2.12,2,1406.0,21.0,4.0,32,41.0,55,No,50,5.0
FD-100650,2025-08-23 17:09,DHA,Karahi,Clear,Medium,Motorbike,8.66,3,1273.0,28.0,4.4,43,59.0,70,No,0,5.0
FD-101603,2025-07-20 11:03,Korangi,Pizza,Clear,Jam,Motorbike,3.19,2,1475.0,25.0,4.3,29,40.0,55,No,0,5.0
FD-101599,2026-05-23 08:56,PECHS,Karahi,Clear,Low,Car,9.59,5,2261.0,29.0,5.0,25,65.0,70,No,0,5.0
FD-100149,2026-06-15 11:42,Malir,Pizza,Clear,Low,Car,6.44,8,6967.0,26.0,5.0,25,46.0,70,No,200,5.0
FD-100084,2025-08-09 00:46,PECHS,BBQ,Clear,Low,Motorbike,1.37,2,1283.0,34.0,4.1,59,33.0,55,No,0,5.0
FD-101958,2026-03-23 02:00,North Nazimabad,Biryani,Clear,Jam,Motorbike,12.33,4,3217.0,27.0,4.4,18,118.0,70,Yes,0,1.0
FD-100754,2026-03-16 17:23,Gulshan-e-Iqbal,BBQ,Clear,Low,Motorbike,10.76,6,2365.0,34.0,4.6,3,70.0,70,No,0,5.0
FD-102492,2025-11-17 07:44,Saddar,Desserts,Rainy,Medium,Bicycle,7.11,6,2886.0,31.0,4.7,2,93.0,70,Yes,0,4.0
FD-100999,2026-04-02 17:40,Saddar,Fast Food,Dusty,Low,Motorbike,6.81,7,5175.0,23.0,4.3,10,51.0,70,No,50,5.0
FD-101412,2026-06-22 20:48,Malir,Biryani,Clear,Medium,Motorbike,4.48,8,6711.0,38.0,3.9,38,64.0,55,Yes,0,5.0
FD-101016,2026-03-31 23:55,Gulshan-e-Iqbal,Biryani,Rainy,Medium,Car,7.48,2,1264.0,14.0,4.1,8,57.0,70,No,50,5.0
FD-101430,2026-02-20 07:31,North Nazimabad,BBQ,Clear,Medium,Motorbike,5.7,3,1998.0,25.0,4.6,13,46.0,55,No,0,4.0
FD-100651,2025-10-18 22:07,Malir,Biryani,Windy,Medium,Motorbike,10.82,1,394.0,11.0,4.8,51,63.0,70,No,200,5.0
FD-100586,2026-06-25 05:47,Clifton,Chinese,Dusty,High,Motorbike,4.02,6,4396.0,34.0,3.7,3,59.0,55,Yes,0,5.0
FD-101702,2026-02-01 13:58,Gulshan-e-Iqbal,Pizza,Clear,Jam,Motorbike,3.85,8,4444.0,21.0,4.8,9,45.0,55,No,0,5.0
FD-101511,2025-10-03 16:36,Clifton,Karahi,Dusty,Jam,Motorbike,2.8,5,3491.0,34.0,4.9,0,47.0,55,No,50,5.0
FD-102260,2026-02-02 11:40,Korangi,Karahi,Clear,Low,Motorbike,7.36,2,1505.0,24.0,4.4,58,48.0,70,No,50,5.0
FD-101926,2026-02-03 16:49,North Nazimabad,Biryani,Rainy,High,Bicycle,3.57,6,4342.0,34.0,4.5,11,74.0,55,Yes,0,3.0
FD-100739,2025-08-25 23:46,DHA,BBQ,Hot,Jam,Motorbike,11.76,3,1227.0,28.0,4.8,20,108.0,70,Yes,0,3.0
FD-101179,2025-11-29 01:49,Malir,Pizza,Clear,Medium,Motorbike,10.27,1,394.0,23.0,3.7,3,72.0,70,Yes,0,5.0
FD-101637,2025-08-04 17:30,Korangi,Pizza,Clear,Medium,Motorbike,13.2,6,4829.0,27.0,4.8,36,90.0,70,Yes,0,3.0
FD-101321,2025-12-14 02:43,Malir,Biryani,Hot,High,Car,9.55,5,4458.0,24.0,4.5,0,80.0,70,Yes,0,5.0
FD-100573,2026-06-02 21:24,Malir,Pizza,Rainy,High,Motorbike,2.75,8,5845.0,35.0,4.2,37,65.0,55,Yes,0,5.0
FD-100378,2026-01-30 19:06,DHA,Karahi,Rainy,Medium,Bicycle,8.27,4,3310.0,25.0,4.7,32,91.0,70,Yes,0,4.0
FD-101341,2025-10-22 12:05,Korangi,BBQ,Clear,Medium,Motorbike,4.37,1,442.0,18.0,3.8,21,33.0,55,No,200,5.0
FD-100569,2026-04-27 04:54,Clifton,Desserts,Clear,Low,Motorbike,2.61,4,1427.0,22.0,4.6,17,26.0,55,No,0,5.0
FD-100276,2026-04-07 08:30,Gulshan-e-Iqbal,BBQ,Rainy,Medium,Motorbike,7.54,8,2850.0,29.0,4.2,0,79.0,70,Yes,0,5.0
FD-100067,2025-09-14 07:02,Gulshan-e-Iqbal,Chinese,Windy,Medium,Car,5.04,1,598.0,18.0,4.5,22,38.0,55,No,200,5.0
FD-102422,2026-01-15 18:16,Korangi,Pizza,Hot,High,Motorbike,6.54,2,1682.0,23.0,4.6,0,62.0,70,No,0,5.0
FD-100978,2026-02-09 08:29,Clifton,BBQ,Clear,Low,Motorbike,2.77,5,4236.0,35.0,4.3,50,39.0,55,No,200,5.0
FD-100026,2026-04-08 18:40,Malir,Desserts,Hot,Medium,Motorbike,7.38,3,2448.0,18.0,4.0,7,50.0,70,No,0,5.0
FD-101138,2025-10-13 11:22,North Nazimabad,Pizza,Clear,Medium,Motorbike,5.43,4,3413.0,11.0,4.8,36,23.0,55,No,0,5.0
FD-101834,2025-11-03 23:33,PECHS,Karahi,Clear,Medium,Motorbike,6.5,7,4822.0,34.0,4.3,40,57.0,70,No,0,5.0
FD-102394,2026-06-18 20:06,Saddar,BBQ,Clear,High,Motorbike,7.43,6,3423.0,14.0,4.0,18,54.0,70,No,0,5.0
FD-102130,2025-09-29 02:02,Gulshan-e-Iqbal,Pizza,Clear,Medium,Car,4.54,7,4328.0,31.0,4.2,26,50.0,55,No,0,5.0
FD-100545,2025-11-20 00:18,Malir,Karahi,Windy,Low,Bicycle,6.82,3,1060.0,29.0,5.0,40,58.0,70,No,100,5.0
FD-101373,2025-11-18 05:04,DHA,Chinese,Rainy,High,Motorbike,4.82,3,1432.0,15.0,4.3,1,51.0,55,No,0,5.0
FD-101239,2025-11-15 10:16,PECHS,Fast Food,Hot,Medium,Motorbike,5.38,7,6289.0,33.0,4.6,6,61.0,55,Yes,0,5.0
FD-101821,2025-08-24 13:25,North Nazimabad,BBQ,Dusty,Medium,Motorbike,13.24,1,887.0,23.0,4.1,26,80.0,70,Yes,0,4.0
FD-101994,2026-05-05 07:39,PECHS,Pizza,Clear,High,Motorbike,3.94,2,899.0,14.0,3.7,23,35.0,55,No,0,5.0
FD-101203,2026-06-02 11:38,Korangi,Fast Food,Clear,High,Car,13.97,2,1140.0,22.0,4.0,47,100.0,70,Yes,0,3.0
FD-100593,2026-05-27 08:28,Gulshan-e-Iqbal,Pizza,Rainy,Jam,Motorbike,3.99,1,359.0,20.0,4.1,49,57.0,55,Yes,0,5.0
FD-101117,2025-09-06 17:00,North Nazimabad,Fast Food,Hot,Medium,Motorbike,3.84,7,3622.0,25.0,5.0,23,34.0,55,No,200,5.0
FD-100513,2026-04-02 15:22,Gulshan-e-Iqbal,Karahi,Clear,Medium,Car,6.14,2,1516.0,26.0,4.4,2,66.0,70,No,0,5.0
FD-100028,2026-03-04 04:53,DHA,Biryani,Clear,Medium,Motorbike,1.15,2,886.0,16.0,4.4,12,16.0,55,No,50,5.0
FD-100387,2026-02-06 22:53,North Nazimabad,Desserts,Clear,Jam,Motorbike,4.41,3,1259.0,25.0,4.6,14,60.0,55,Yes,0,5.0
FD-101355,2026-01-10 17:18,PECHS,Pizza,Dusty,Low,Motorbike,5.29,5,3187.0,31.0,4.3,58,45.0,55,No,200,5.0
FD-101316,2025-09-08 23:00,Gulshan-e-Iqbal,BBQ,Clear,High,Motorbike,3.91,3,1120.0,28.0,4.1,46,46.0,55,No,0,5.0
FD-100530,2025-08-06 10:47,North Nazimabad,Desserts,Dusty,Medium,Motorbike,2.03,8,5513.0,27.0,4.8,58,34.0,55,No,0,5.0
FD-102198,2025-11-15 07:39,DHA,Chinese,Clear,Medium,Motorbike,4.41,8,4695.0,36.0,4.2,17,49.0,55,No,0,5.0
FD-102131,2026-06-16 08:21,Korangi,BBQ,Clear,Low,Motorbike,6.4,1,490.0,30.0,4.2,22,52.0,70,No,0,5.0
FD-101628,2026-04-11 17:54,North Nazimabad,Karahi,Clear,Low,Bicycle,6.36,4,2359.0,34.0,4.4,45,65.0,70,No,0,5.0
FD-101928,2026-06-06 22:40,PECHS,Desserts,Rainy,Low,Motorbike,7.54,5,3200.0,31.0,4.4,21,77.0,70,Yes,0,4.0
FD-100985,2025-07-30 00:02,Clifton,Fast Food,Windy,Low,Motorbike,10.91,5,3933.0,18.0,4.3,51,45.0,70,No,50,5.0
FD-100546,2026-03-11 16:19,Saddar,BBQ,Clear,Low,Motorbike,3.73,1,538.0,24.0,4.3,46,32.0,55,No,0,5.0
FD-101119,2025-10-09 23:53,DHA,Karahi,Hot,Medium,Motorbike,2.1,6,3283.0,31.0,4.1,0,41.0,55,No,150,5.0
FD-100212,2025-10-01 10:45,Clifton,Pizza,Rainy,Medium,Motorbike,7.13,8,2883.0,35.0,4.2,52,65.0,70,No,50,5.0
FD-100428,2026-01-09 23:40,DHA,Desserts,Dusty,Low,Motorbike,5.07,4,3584.0,23.0,4.3,1,52.0,55,No,100,5.0
FD-102207,2025-11-20 21:16,Malir,Desserts,Rainy,High,Motorbike,10.36,3,2076.0,20.0,4.4,4,88.0,70,Yes,0,5.0
FD-100015,2025-08-03 03:25,DHA,Chinese,Windy,Low,Car,3.93,1,649.0,22.0,3.5,33,43.0,55,No,0,5.0
FD-100864,2026-02-22 05:12,Gulshan-e-Iqbal,Desserts,Clear,Medium,Motorbike,8.41,3,1983.0,26.0,4.6,25,55.0,70,No,200,5.0
FD-102049,2026-05-23 23:18,Malir,Biryani,Clear,Low,Motorbike,6.72,3,1386.0,9.0,4.6,39,32.0,70,No,150,5.0
FD-101611,2026-06-08 21:41,PECHS,Pizza,Dusty,Jam,Motorbike,4.8,8,6972.0,27.0,4.3,26,72.0,55,Yes,0,5.0
FD-102467,2026-04-25 02:53,PECHS,Desserts,Hot,Medium,Motorbike,5.78,8,5674.0,23.0,4.0,27,49.0,55,No,150,5.0
FD-100424,2025-11-07 06:53,Gulshan-e-Iqbal,Biryani,Clear,Low,Motorbike,6.73,7,2710.0,28.0,4.3,44,44.0,70,No,0,5.0
FD-100465,2026-04-26 10:30,Malir,BBQ,Hot,Medium,Car,3.83,4,1867.0,29.0,3.8,8,55.0,55,No,0,4.0
FD-100167,2026-01-01 22:19,Clifton,Chinese,Hot,High,Motorbike,6.51,2,1377.0,24.0,5.0,39,60.0,70,No,0,4.0
FD-100420,2025-09-23 16:46,Saddar,Fast Food,Clear,High,Motorbike,4.46,1,868.0,14.0,4.0,3,41.0,55,No,100,5.0
FD-100729,2025-07-14 11:23,Gulshan-e-Iqbal,Fast Food,Clear,Medium,Motorbike,3.72,2,1624.0,13.0,4.0,27,23.0,55,No,0,5.0
FD-101512,2026-03-26 07:48,Korangi,Pizza,Clear,Low,Motorbike,11.97,7,3696.0,29.0,4.7,56,58.0,70,No,50,5.0
FD-102025,2025-12-16 20:59,DHA,Chinese,Rainy,Low,Motorbike,5.35,7,2647.0,31.0,4.1,18,69.0,55,Yes,0,4.0
FD-100270,2026-06-11 20:44,Malir,Pizza,Windy,Low,Motorbike,5.72,7,4242.0,33.0,5.0,13,56.0,55,Yes,0,5.0
FD-100467,2025-08-04 04:16,Malir,Desserts,Rainy,Jam,Motorbike,12.7,3,1421.0,23.0,4.1,41,125.0,70,Yes,0,2.0
FD-101863,2026-06-02 06:04,Gulshan-e-Iqbal,Pizza,Clear,Low,Motorbike,1.92,6,2238.0,20.0,4.4,35,28.0,55,No,0,4.0
FD-101222,2025-12-17 10:16,PECHS,Pizza,Hot,Low,Car,3.11,1,835.0,11.0,4.1,26,25.0,55,No,50,4.0
FD-102300,2026-05-16 20:17,Clifton,Desserts,Rainy,High,Motorbike,4.05,7,4911.0,35.0,4.4,42,79.0,55,Yes,0,4.0
FD-101845,2025-10-04 17:43,Malir,Karahi,Windy,High,Motorbike,7.34,2,1646.0,30.0,4.4,2,70.0,70,No,0,5.0
FD-100915,2026-04-15 12:40,PECHS,BBQ,Hot,High,Car,2.54,2,793.0,29.0,4.1,46,46.0,55,No,100,4.0
FD-100076,2026-04-29 23:08,Gulshan-e-Iqbal,Karahi,Clear,Low,Motorbike,7.59,5,4214.0,34.0,4.2,55,52.0,70,No,0,4.0
FD-101820,2026-02-03 15:13,Saddar,Chinese,Clear,Low,Motorbike,5.32,4,2530.0,26.0,3.9,10,41.0,55,No,0,5.0
FD-101873,2026-04-29 21:25,Saddar,Karahi,Hot,Medium,Motorbike,4.87,7,4779.0,34.0,4.4,44,60.0,55,Yes,0,5.0
FD-100638,2026-06-30 02:38,North Nazimabad,Chinese,Windy,Medium,Motorbike,4.91,5,2988.0,27.0,4.3,50,39.0,55,No,100,5.0
FD-101989,2025-09-25 07:56,North Nazimabad,Pizza,Hot,High,Motorbike,7.87,7,6137.0,34.0,4.6,29,65.0,70,No,150,4.0
FD-102238,2025-08-02 11:13,North Nazimabad,Karahi,Rainy,Low,Motorbike,6.04,8,6918.0,31.0,4.4,16,65.0,70,No,0,4.0
FD-101773,2025-12-23 22:16,Saddar,BBQ,Clear,Medium,Motorbike,4.16,2,949.0,27.0,4.0,8,44.0,55,No,0,5.0
FD-101013,2025-10-08 05:17,Saddar,Pizza,Windy,Jam,Car,2.86,2,1351.0,11.0,4.5,57,34.0,55,No,150,4.0
FD-102140,2025-09-03 22:15,Korangi,BBQ,Clear,Low,Motorbike,6.63,6,4316.0,25.0,4.5,18,61.0,70,No,50,5.0
FD-102213,2026-06-16 16:06,Malir,Pizza,Rainy,Low,Motorbike,5.47,3,1327.0,12.0,4.4,11,42.0,55,No,0,5.0
FD-101861,2025-10-10 13:44,Saddar,BBQ,Windy,Jam,Motorbike,3.92,2,1271.0,25.0,4.4,49,61.0,55,Yes,0,5.0
FD-102158,2026-05-01 17:15,Clifton,Biryani,Dusty,High,Bicycle,2.24,7,3364.0,22.0,3.9,20,47.0,55,No,50,5.0
FD-100235,2025-07-11 03:00,PECHS,Biryani,Clear,Jam,Motorbike,3.8,5,4088.0,13.0,4.7,36,41.0,55,No,0,5.0
FD-101856,2026-05-29 19:20,Saddar,Fast Food,Clear,Medium,Motorbike,3.2,6,4028.0,22.0,4.1,20,32.0,55,No,200,4.0
FD-102205,2025-10-08 10:45,North Nazimabad,Biryani,Dusty,Low,Motorbike,1.91,7,4272.0,35.0,5.0,56,46.0,55,No,0,5.0
FD-101878,2026-05-26 19:30,North Nazimabad,Desserts,Dusty,Low,Car,3.81,5,3463.0,16.0,4.7,57,29.0,55,No,150,5.0
FD-100307,2026-04-21 19:57,DHA,Desserts,Clear,High,Motorbike,5.55,2,739.0,20.0,4.2,52,46.0,55,No,0,5.0
FD-101823,2026-04-11 21:51,DHA,Desserts,Hot,High,Motorbike,10.26,8,5701.0,38.0,4.6,55,92.0,70,Yes,0,4.0
FD-101402,2026-01-10 13:57,North Nazimabad,Desserts,Clear,Jam,Motorbike,5.02,3,1107.0,14.0,4.4,1,56.0,55,Yes,0,5.0
FD-100961,2026-04-25 16:05,Korangi,Fast Food,Clear,High,Motorbike,5.14,1,713.0,19.0,4.8,11,46.0,55,No,0,4.0
FD-101619,2026-05-04 08:32,PECHS,Biryani,Hot,Jam,Motorbike,4.99,4,3377.0,20.0,4.4,38,55.0,55,No,0,5.0
FD-101687,2026-01-16 18:17,Korangi,Fast Food,Hot,Low,Car,4.13,8,5485.0,28.0,4.5,49,45.0,55,No,0,5.0
FD-101871,2026-05-07 08:20,Clifton,BBQ,Windy,Medium,Motorbike,2.0,7,6007.0,38.0,4.2,37,42.0,55,No,100,5.0
FD-102392,2026-04-29 20:08,DHA,Fast Food,Hot,High,Bicycle,6.45,6,3013.0,26.0,4.8,32,89.0,70,Yes,0,4.0
FD-102021,2026-03-29 07:48,DHA,Fast Food,Windy,Medium,Motorbike,2.78,7,5886.0,29.0,4.7,19,41.0,55,No,0,5.0
FD-101055,2026-01-20 14:22,PECHS,Chinese,Windy,Medium,Motorbike,3.83,1,889.0,16.0,4.5,19,36.0,55,No,0,5.0
FD-101447,2026-01-11 10:50,PECHS,Desserts,Hot,Medium,Motorbike,2.89,6,3281.0,30.0,4.1,6,40.0,55,No,0,5.0
FD-100377,2026-03-11 01:00,Malir,Fast Food,Clear,Medium,Motorbike,3.07,3,1805.0,21.0,4.3,26,31.0,55,No,150,5.0
FD-102240,2025-12-09 02:26,Saddar,Karahi,Dusty,Low,Motorbike,6.26,8,6885.0,25.0,3.5,38,49.0,70,No,0,5.0
FD-101965,2025-07-24 16:28,DHA,Pizza,Clear,Low,Motorbike,5.56,2,746.0,22.0,4.6,1,42.0,55,No,100,5.0
FD-101151,2025-08-23 23:11,North Nazimabad,Chinese,Clear,Low,Motorbike,2.65,7,3863.0,26.0,4.7,45,32.0,55,No,0,5.0
FD-102378,2026-06-30 15:16,DHA,BBQ,Windy,Medium,Motorbike,5.72,3,2295.0,23.0,4.8,7,48.0,55,No,0,4.0
FD-102224,2026-01-30 05:43,PECHS,Pizza,Clear,Jam,Motorbike,4.42,2,1319.0,15.0,4.9,52,48.0,55,No,50,5.0
FD-100703,2026-01-03 04:52,Clifton,BBQ,Dusty,High,Motorbike,5.7,3,1651.0,27.0,5.0,37,56.0,55,Yes,0,5.0
FD-102149,2025-12-06 07:42,DHA,Biryani,Clear,Medium,Car,5.12,4,1622.0,17.0,4.3,4,44.0,55,No,0,5.0
FD-101841,2026-04-24 06:05,Malir,Biryani,Clear,High,Car,3.86,3,2406.0,20.0,4.4,16,50.0,55,No,200,5.0
FD-100668,2026-02-14 03:24,DHA,Karahi,Hot,Medium,Motorbike,3.33,2,1209.0,19.0,4.3,1,34.0,55,No,100,4.0
FD-100932,2026-06-24 16:53,DHA,Desserts,Clear,Low,Motorbike,9.6,6,2776.0,33.0,4.6,19,57.0,70,No,0,5.0
FD-102117,2026-03-07 01:43,PECHS,Chinese,Clear,Low,Motorbike,2.81,1,422.0,27.0,3.5,10,40.0,55,No,0,4.0
FD-102261,2026-04-01 02:39,North Nazimabad,Desserts,Rainy,Medium,Motorbike,6.04,2,893.0,16.0,5.0,35,42.0,70,No,0,5.0
FD-100172,2025-10-14 12:46,Korangi,Desserts,Clear,High,Bicycle,1.97,2,1351.0,17.0,4.9,19,35.0,55,No,0,5.0
FD-102272,2026-06-06 19:11,Korangi,Desserts,Windy,High,Motorbike,5.37,2,929.0,20.0,4.5,46,47.0,55,No,0,5.0
FD-102197,2026-01-06 21:29,North Nazimabad,Desserts,Clear,High,Car,7.25,3,1535.0,22.0,4.3,21,72.0,70,Yes,0,5.0
FD-101260,2025-08-09 01:59,Gulshan-e-Iqbal,Fast Food,Clear,High,Car,9.55,4,2887.0,23.0,4.9,48,81.0,70,Yes,0,5.0
FD-100481,2025-07-02 17:20,Saddar,Desserts,Clear,Low,Motorbike,3.38,2,970.0,17.0,3.8,13,27.0,55,No,0,5.0
FD-101866,2026-06-13 11:16,North Nazimabad,Pizza,Hot,Low,Bicycle,5.93,7,3045.0,35.0,4.5,56,66.0,55,Yes,0,5.0
FD-100385,2026-04-14 14:06,Clifton,Karahi,Dusty,Jam,Car,1.73,4,2285.0,26.0,4.5,11,54.0,55,No,0,5.0
FD-102493,2026-06-29 01:09,Malir,Chinese,Clear,Low,Motorbike,7.19,5,2639.0,29.0,4.1,21,57.0,70,No,100,5.0
FD-100340,2026-04-07 20:37,Clifton,BBQ,Hot,Low,Car,4.77,3,1399.0,32.0,4.0,5,59.0,55,Yes,0,4.0
FD-101636,2025-08-10 23:00,Clifton,Fast Food,Clear,Medium,Motorbike,1.62,5,3141.0,25.0,5.0,54,29.0,55,No,0,5.0
FD-102372,2026-03-11 01:06,Saddar,Chinese,Dusty,Medium,Motorbike,3.7,3,1416.0,22.0,4.5,55,39.0,55,No,0,5.0
FD-101090,2026-02-27 04:32,Clifton,BBQ,Clear,Medium,Motorbike,3.14,5,4435.0,33.0,4.0,8,49.0,55,No,100,5.0
FD-101932,2025-12-22 00:46,PECHS,Fast Food,Hot,Medium,Motorbike,4.47,8,3630.0,24.0,4.3,59,40.0,55,No,50,5.0
FD-100521,2026-01-13 05:41,DHA,BBQ,Clear,Low,Car,5.03,2,1367.0,17.0,4.0,37,33.0,55,No,0,5.0
FD-101860,2026-06-23 23:58,DHA,Biryani,Hot,Jam,Car,9.64,6,3508.0,24.0,4.4,46,104.0,70,Yes,0,3.0
FD-101963,2025-12-06 03:00,Clifton,Karahi,Hot,High,Motorbike,5.59,1,882.0,18.0,4.2,28,53.0,55,No,100,5.0
FD-101656,2026-02-14 04:13,Gulshan-e-Iqbal,Pizza,Hot,Medium,Motorbike,7.47,2,988.0,26.0,3.7,0,60.0,70,No,0,5.0
FD-101612,2026-01-29 16:14,Clifton,BBQ,Hot,High,Car,4.92,6,2797.0,27.0,4.4,40,52.0,55,No,150,4.0
FD-100389,2026-01-31 18:45,Saddar,Fast Food,Windy,Low,Motorbike,6.77,6,2403.0,18.0,4.0,47,40.0,70,No,0,5.0
FD-101077,2026-05-23 18:31,PECHS,Desserts,Rainy,Low,Motorbike,1.95,1,573.0,12.0,4.7,3,29.0,55,No,100,5.0
FD-101253,2026-03-10 19:43,PECHS,Biryani,Hot,Low,Motorbike,2.99,3,1557.0,16.0,4.9,55,14.0,55,No,0,5.0
FD-100035,2025-08-28 17:14,Korangi,Fast Food,Rainy,Medium,Motorbike,3.93,3,1418.0,25.0,4.9,42,59.0,55,Yes,0,4.0
FD-100622,2026-05-04 15:00,Saddar,Karahi,Clear,High,Motorbike,4.22,2,1502.0,36.0,4.1,44,49.0,55,No,200,5.0
FD-100314,2025-09-25 16:41,Malir,Fast Food,Clear,Jam,Car,9.38,8,6497.0,35.0,4.6,29,115.0,70,Yes,0,5.0
FD-101031,2025-10-23 06:19,Gulshan-e-Iqbal,Desserts,Clear,Jam,Motorbike,7.91,6,4995.0,27.0,4.6,20,76.0,70,Yes,0,4.0
FD-101137,2025-09-28 03:11,PECHS,Pizza,Hot,Low,Motorbike,3.51,1,893.0,18.0,4.9,3,22.0,55,No,50,4.0
FD-101334,2026-06-21 04:49,PECHS,BBQ,Clear,High,Car,7.42,8,3622.0,35.0,4.0,57,73.0,70,Yes,0,5.0
FD-102305,2026-02-16 21:12,North Nazimabad,Desserts,Hot,Medium,Motorbike,7.13,2,1052.0,26.0,3.8,13,63.0,70,No,50,5.0
FD-101325,2025-08-23 22:28,PECHS,Karahi,Clear,High,Motorbike,7.44,1,877.0,21.0,4.6,48,59.0,70,No,0,5.0
FD-102227,2026-01-01 12:23,Korangi,Pizza,Clear,High,Motorbike,4.58,4,2972.0,26.0,4.6,16,46.0,55,No,0,5.0
FD-101556,2025-07-12 09:13,Saddar,Pizza,Clear,Medium,Car,5.37,8,4370.0,35.0,5.0,24,50.0,55,No,0,5.0
FD-100715,2026-02-19 19:49,Gulshan-e-Iqbal,Fast Food,Clear,High,Motorbike,8.22,6,4724.0,19.0,4.1,48,62.0,70,No,0,4.0
FD-102487,2026-02-01 15:28,Gulshan-e-Iqbal,Desserts,Clear,High,Motorbike,5.17,6,4042.0,27.0,4.1,19,63.0,55,Yes,0,5.0
FD-101886,2025-12-14 05:36,DHA,Karahi,Hot,High,Motorbike,2.7,5,1830.0,29.0,4.5,54,40.0,55,No,0,5.0
FD-102109,2026-03-14 05:48,North Nazimabad,Desserts,Clear,Low,Motorbike,8.97,3,2581.0,20.0,4.3,1,47.0,70,No,0,5.0
FD-100452,2025-10-17 23:34,Saddar,Desserts,Dusty,High,Motorbike,7.26,4,3422.0,18.0,4.6,52,53.0,70,No,0,5.0
FD-101676,2025-12-23 16:53,Malir,Chinese,Clear,Low,Motorbike,3.08,8,6522.0,33.0,4.7,40,40.0,55,No,0,4.0
FD-101535,2026-05-24 14:54,PECHS,BBQ,Rainy,Medium,Motorbike,8.1,7,4416.0,41.0,4.7,27,87.0,70,Yes,0,4.0
FD-101212,2025-09-21 10:41,Saddar,Chinese,Windy,Medium,Motorbike,3.29,2,1552.0,26.0,4.6,48,36.0,55,No,50,4.0
FD-100162,2026-02-11 00:10,Korangi,BBQ,Clear,Medium,Bicycle,8.62,7,3030.0,36.0,4.4,13,96.0,70,Yes,0,2.0
FD-101168,2025-11-26 07:50,Clifton,Karahi,Clear,Low,Motorbike,7.94,1,551.0,19.0,5.0,54,36.0,70,No,0,5.0
FD-100728,2025-12-03 17:07,PECHS,Biryani,Hot,High,Bicycle,2.25,4,3368.0,29.0,4.6,43,46.0,55,No,0,5.0
FD-101555,2025-09-29 23:48,Saddar,Desserts,Clear,High,Car,7.07,1,792.0,16.0,4.1,56,55.0,70,No,50,4.0
FD-101395,2025-07-16 06:06,North Nazimabad,Desserts,Clear,Medium,Motorbike,3.33,7,5071.0,27.0,4.9,36,40.0,55,No,0,5.0
FD-101399,2026-03-28 20:47,PECHS,BBQ,Clear,Medium,Motorbike,5.28,4,2700.0,20.0,4.4,32,44.0,55,No,200,5.0
FD-100096,2025-10-07 06:45,Malir,Fast Food,Clear,Jam,Motorbike,4.08,4,1415.0,10.0,5.0,44,36.0,55,No,200,5.0
FD-100244,2026-01-20 06:32,Saddar,Chinese,Clear,Medium,Motorbike,2.41,3,2574.0,21.0,4.4,56,26.0,55,No,0,5.0
FD-102337,2026-01-14 11:13,Korangi,Karahi,Dusty,High,Motorbike,5.32,8,3986.0,42.0,4.0,49,63.0,55,Yes,0,5.0
FD-102161,2026-04-01 01:47,Gulshan-e-Iqbal,Desserts,Hot,Jam,Motorbike,8.0,2,1491.0,20.0,4.6,44,72.0,70,Yes,0,5.0
FD-100526,2026-05-15 18:19,Clifton,Karahi,Clear,Medium,Car,4.96,7,4396.0,34.0,4.5,31,47.0,55,No,0,5.0
FD-101778,2025-09-22 10:02,North Nazimabad,Fast Food,Clear,Medium,Motorbike,7.01,1,751.0,5.0,4.4,36,29.0,70,No,0,5.0
FD-101450,2026-04-14 16:26,Gulshan-e-Iqbal,BBQ,Clear,Medium,Motorbike,7.33,8,3804.0,28.0,4.4,46,52.0,70,No,100,5.0
FD-101109,2026-05-28 21:04,Saddar,Karahi,Clear,Low,Motorbike,1.91,7,2854.0,37.0,4.2,26,47.0,55,No,0,5.0
FD-100136,2026-01-11 19:06,DHA,Karahi,Hot,Medium,Motorbike,5.11,4,3021.0,29.0,3.8,59,51.0,55,No,0,5.0
FD-101440,2025-07-14 11:23,DHA,Karahi,Clear,Low,Motorbike,7.82,3,2443.0,18.0,4.6,26,42.0,70,No,200,5.0
FD-102060,2026-05-15 01:48,DHA,Pizza,Hot,Jam,Motorbike,1.71,8,4215.0,39.0,3.5,14,59.0,55,Yes,0,5.0
FD-101874,2026-01-11 22:31,Korangi,Chinese,Hot,Medium,Motorbike,2.37,7,2762.0,25.0,4.4,24,44.0,55,No,0,5.0
FD-101908,2025-12-06 04:30,Gulshan-e-Iqbal,Fast Food,Hot,Medium,Motorbike,6.09,4,1776.0,20.0,4.4,31,50.0,70,No,0,4.0
FD-101187,2025-07-07 00:38,Clifton,Pizza,Clear,Medium,Motorbike,8.35,4,1833.0,29.0,4.5,56,63.0,70,No,0,5.0
FD-101415,2025-12-03 12:15,Clifton,Karahi,Windy,Medium,Motorbike,1.89,1,394.0,16.0,3.8,35,24.0,55,No,0,5.0
FD-102388,2025-11-24 04:17,Malir,Desserts,Dusty,Medium,Car,4.12,6,5226.0,32.0,4.4,5,58.0,55,Yes,0,5.0
FD-101785,2025-12-15 20:59,PECHS,Desserts,Windy,Medium,Motorbike,3.08,8,4474.0,22.0,4.7,33,40.0,55,No,0,5.0
FD-100505,2025-11-29 07:53,Korangi,BBQ,Clear,Jam,Motorbike,8.04,3,2620.0,30.0,4.4,19,87.0,70,Yes,0,5.0
FD-102038,2025-07-08 05:14,Saddar,Pizza,Clear,Low,Car,6.76,8,5240.0,25.0,4.3,8,52.0,70,No,200,5.0
FD-101306,2026-04-05 07:39,PECHS,Fast Food,Dusty,High,Motorbike,2.03,5,3809.0,30.0,4.5,20,48.0,55,No,0,5.0
FD-100293,2025-09-17 19:04,DHA,Biryani,Clear,Low,Motorbike,2.85,3,1392.0,10.0,4.7,55,20.0,55,No,0,4.0
FD-100206,2026-05-06 10:35,Gulshan-e-Iqbal,Biryani,Clear,High,Bicycle,2.7,8,3091.0,42.0,4.0,28,62.0,55,Yes,0,5.0
FD-100806,2025-07-28 22:30,Gulshan-e-Iqbal,Desserts,Dusty,Medium,Motorbike,4.22,7,3925.0,22.0,4.2,11,52.0,55,No,150,5.0
FD-101256,2025-11-14 17:45,Malir,Fast Food,Hot,Medium,Motorbike,8.99,7,3393.0,36.0,4.4,55,68.0,70,No,0,5.0
FD-102288,2026-04-03 18:34,Korangi,Karahi,Clear,Medium,Motorbike,1.81,1,725.0,28.0,3.6,21,30.0,55,No,50,5.0
FD-101981,2026-01-23 23:50,North Nazimabad,Fast Food,Clear,Low,Motorbike,6.23,1,566.0,19.0,4.8,39,29.0,70,No,0,5.0
FD-100713,2025-08-05 14:58,PECHS,Pizza,Dusty,Low,Motorbike,4.73,1,582.0,14.0,4.2,32,35.0,55,No,100,5.0
FD-101915,2026-04-26 19:07,PECHS,Pizza,Hot,High,Motorbike,3.4,1,750.0,25.0,4.6,10,47.0,55,No,50,5.0
FD-102127,2026-05-21 06:14,North Nazimabad,Fast Food,Clear,Low,Motorbike,15.29,7,5439.0,26.0,4.5,2,81.0,70,Yes,0,4.0
FD-100882,2026-04-19 08:40,Gulshan-e-Iqbal,Karahi,Clear,Jam,Motorbike,8.24,6,3348.0,35.0,4.0,12,92.0,70,Yes,0,4.0
FD-101935,2025-11-10 13:00,North Nazimabad,Pizza,Rainy,Medium,Bicycle,3.27,3,1657.0,21.0,4.9,52,56.0,55,Yes,0,5.0
FD-100400,2025-10-20 19:03,North Nazimabad,Chinese,Hot,Low,Car,10.28,2,1078.0,18.0,4.5,46,58.0,70,No,0,5.0
FD-100157,2025-09-27 10:35,Clifton,Karahi,Clear,Low,Motorbike,2.71,2,1054.0,24.0,4.8,54,26.0,55,No,50,5.0
FD-101532,2026-03-17 07:00,Gulshan-e-Iqbal,Fast Food,Clear,Medium,Motorbike,2.66,5,2585.0,29.0,4.6,9,34.0,55,No,0,4.0
FD-100491,2025-07-04 12:59,Malir,Biryani,Rainy,Medium,Motorbike,6.31,4,2053.0,25.0,5.0,51,57.0,70,No,50,5.0
FD-100291,2026-02-06 04:23,Gulshan-e-Iqbal,Chinese,Clear,Jam,Motorbike,2.92,5,2234.0,24.0,3.7,46,52.0,55,No,0,5.0
FD-101883,2025-08-19 23:17,PECHS,Karahi,Hot,High,Motorbike,6.67,3,1736.0,24.0,4.6,45,54.0,70,No,0,5.0
FD-101363,2026-04-18 14:08,DHA,Chinese,Clear,Low,Car,4.54,5,3146.0,22.0,4.3,49,44.0,55,No,150,4.0
FD-101734,2025-08-11 22:24,Gulshan-e-Iqbal,Desserts,Clear,Medium,Car,2.86,8,3475.0,35.0,4.2,9,48.0,55,No,0,4.0
FD-100401,2025-09-04 19:43,Saddar,Karahi,Rainy,Low,Motorbike,7.48,7,4604.0,42.0,5.0,42,79.0,70,Yes,0,5.0
FD-101180,2025-09-11 03:07,Korangi,Desserts,Clear,Jam,Car,4.85,2,1324.0,21.0,4.7,42,56.0,55,Yes,0,4.0
FD-101410,2025-10-15 22:12,Gulshan-e-Iqbal,BBQ,Clear,Medium,Motorbike,2.19,5,2460.0,31.0,4.4,25,50.0,55,No,0,5.0
FD-100179,2026-06-08 09:03,Korangi,BBQ,Clear,Medium,Motorbike,5.67,1,678.0,17.0,4.9,1,41.0,55,No,0,5.0
FD-100921,2026-03-17 04:11,Saddar,Fast Food,Clear,High,Motorbike,8.68,7,5004.0,31.0,4.5,10,73.0,70,Yes,0,5.0
FD-101688,2025-11-22 04:53,North Nazimabad,Pizza,Hot,Medium,Motorbike,9.85,1,622.0,22.0,4.1,2,69.0,70,No,0,5.0
FD-100078,2026-03-20 17:10,PECHS,Pizza,Windy,Low,Motorbike,5.31,6,4245.0,27.0,4.1,20,49.0,55,No,50,5.0
FD-102452,2025-12-03 13:56,Saddar,Fast Food,Clear,High,Motorbike,5.76,8,3822.0,28.0,4.4,14,71.0,55,Yes,0,4.0
FD-101116,2025-07-24 16:37,Korangi,Fast Food,Windy,Medium,Motorbike,2.41,1,715.0,17.0,4.0,4,29.0,55,No,150,5.0
FD-100694,2026-01-09 15:50,Malir,BBQ,Clear,Jam,Motorbike,8.51,5,2959.0,32.0,5.0,22,89.0,70,Yes,0,4.0
FD-102246,2025-07-07 06:48,North Nazimabad,Desserts,Clear,Jam,Motorbike,6.77,7,5326.0,35.0,4.1,58,92.0,70,Yes,0,3.0
FD-100817,2026-06-17 14:30,Korangi,BBQ,Hot,Low,Motorbike,4.76,8,5304.0,43.0,4.6,10,65.0,55,Yes,0,5.0
FD-100711,2026-03-22 15:27,Clifton,Chinese,Clear,Low,Motorbike,5.23,6,2642.0,24.0,4.0,32,42.0,55,No,150,5.0
FD-101046,2025-12-12 04:15,Korangi,Pizza,Windy,High,Motorbike,4.62,4,1603.0,13.0,4.5,20,44.0,55,No,100,5.0
FD-102485,2025-07-09 09:30,Malir,Fast Food,Hot,Medium,Car,7.75,4,2228.0,22.0,4.8,46,49.0,70,No,100,5.0
FD-100814,2026-04-05 02:11,PECHS,Chinese,Clear,Medium,Motorbike,5.13,3,2044.0,23.0,4.1,29,41.0,55,No,100,5.0
FD-101770,2025-10-04 14:01,Saddar,Fast Food,Hot,Medium,Motorbike,7.74,8,5326.0,33.0,5.0,17,70.0,70,No,0,4.0
FD-101565,2026-05-26 16:07,Malir,Chinese,Clear,Medium,Bicycle,5.14,8,6480.0,33.0,4.5,1,76.0,55,Yes,0,4.0
FD-100899,2026-06-11 06:38,PECHS,Karahi,Windy,Medium,Motorbike,6.69,8,3764.0,43.0,4.4,25,73.0,70,Yes,0,5.0
FD-102202,2026-02-10 11:40,DHA,Fast Food,Hot,High,Motorbike,8.81,1,377.0,25.0,4.5,58,68.0,70,No,50,5.0
FD-101029,2026-05-28 16:34,Malir,Biryani,Hot,High,Motorbike,8.16,7,5001.0,32.0,4.9,53,74.0,70,Yes,0,4.0
FD-102326,2026-01-19 22:15,Malir,Biryani,Clear,Jam,Motorbike,4.35,8,4012.0,30.0,3.6,42,69.0,55,Yes,0,5.0
FD-101339,2025-10-26 18:33,North Nazimabad,Desserts,Hot,Low,Car,3.64,7,3446.0,33.0,4.7,8,38.0,55,No,50,4.0
FD-100115,2026-04-25 11:10,Malir,BBQ,Clear,Low,Car,6.81,1,355.0,24.0,3.8,7,58.0,70,No,0,5.0
FD-101232,2025-08-03 00:56,Saddar,Karahi,Windy,High,Motorbike,8.29,2,1363.0,13.0,4.6,1,53.0,70,No,0,5.0
FD-100596,2026-01-21 05:44,Saddar,Karahi,Clear,Medium,Motorbike,5.16,2,804.0,21.0,4.4,45,40.0,55,No,0,5.0
FD-102023,2026-05-31 09:53,Korangi,Karahi,Clear,Jam,Motorbike,7.0,8,6784.0,37.0,4.3,59,79.0,70,Yes,0,5.0
FD-101929,2026-02-09 12:47,PECHS,Biryani,Hot,Medium,Car,7.92,2,1068.0,24.0,4.1,1,68.0,70,No,150,5.0
FD-101357,2025-08-22 20:28,Malir,Pizza,Clear,Low,Motorbike,1.51,4,2274.0,28.0,4.8,27,35.0,55,No,200,5.0
FD-100208,2025-09-20 22:04,PECHS,Karahi,Hot,Medium,Motorbike,3.27,8,5236.0,37.0,4.9,13,62.0,55,Yes,0,5.0
FD-101032,2025-07-23 05:24,Saddar,Pizza,Clear,Jam,Motorbike,5.35,1,874.0,23.0,4.5,19,52.0,55,No,0,5.0
FD-101246,2026-02-17 02:05,Gulshan-e-Iqbal,Biryani,Clear,Medium,Motorbike,2.99,2,1224.0,27.0,4.7,56,33.0,55,No,0,5.0
FD-100468,2025-10-05 02:36,Saddar,Chinese,Clear,Medium,Motorbike,4.47,7,4310.0,24.0,4.7,59,34.0,55,No,0,4.0
FD-100539,2026-04-20 04:18,North Nazimabad,Fast Food,Clear,Medium,Motorbike,2.94,8,3019.0,31.0,4.0,35,40.0,55,No,0,5.0
FD-101539,2026-01-28 20:16,Korangi,Desserts,Dusty,Low,Car,5.45,1,855.0,13.0,4.4,46,44.0,55,No,0,5.0
FD-100835,2026-04-02 11:36,DHA,Desserts,Clear,High,Motorbike,3.91,3,1735.0,20.0,4.3,31,40.0,55,No,200,5.0
FD-101940,2025-10-10 10:13,Malir,Biryani,Hot,High,Motorbike,6.68,6,3592.0,36.0,4.4,13,70.0,70,No,0,4.0
FD-100239,2026-03-04 22:41,North Nazimabad,Karahi,Clear,Medium,Motorbike,8.05,4,1985.0,25.0,4.3,9,64.0,70,No,0,5.0
FD-101577,2026-03-22 06:29,PECHS,Chinese,Hot,Low,Motorbike,2.79,6,4367.0,24.0,3.9,56,27.0,55,No,150,5.0
FD-100688,2025-10-08 16:03,Clifton,Desserts,Rainy,Medium,Car,4.86,3,1872.0,16.0,4.9,19,49.0,55,No,0,5.0
FD-100241,2025-08-26 10:00,Korangi,Pizza,Hot,Medium,Car,6.74,8,5973.0,28.0,3.9,2,64.0,70,No,0,5.0
FD-100263,2026-05-03 14:34,DHA,Pizza,Dusty,High,Motorbike,6.59,8,3961.0,29.0,4.1,11,67.0,70,No,0,5.0
FD-101938,2025-12-13 02:51,PECHS,Chinese,Clear,Low,Motorbike,1.69,5,3907.0,30.0,4.6,20,39.0,55,No,150,5.0
FD-101961,2026-04-19 21:58,PECHS,Chinese,Clear,Medium,Motorbike,4.19,1,801.0,15.0,4.3,7,39.0,55,No,100,4.0
FD-102250,2026-05-23 13:56,North Nazimabad,BBQ,Clear,Medium,Motorbike,1.98,5,4056.0,36.0,4.8,47,45.0,55,No,0,5.0
FD-102231,2025-09-26 16:08,DHA,Chinese,Clear,Medium,Motorbike,4.54,2,752.0,13.0,4.9,19,23.0,55,No,50,5.0
FD-101344,2025-07-10 00:33,Malir,Desserts,Clear,Medium,Motorbike,6.53,7,3918.0,19.0,4.9,42,43.0,70,No,0,5.0
FD-100177,2026-05-04 06:59,North Nazimabad,Karahi,Clear,Low,Motorbike,7.08,2,1642.0,23.0,4.0,57,42.0,70,No,0,5.0
FD-100936,2025-08-03 00:46,PECHS,BBQ,Windy,Jam,Car,8.13,7,3525.0,30.0,4.3,50,99.0,70,Yes,0,4.0
FD-100306,2025-10-14 14:37,DHA,Biryani,Clear,High,Car,3.57,6,3451.0,25.0,4.2,9,57.0,55,Yes,0,5.0
FD-101012,2025-09-05 15:23,Saddar,Desserts,Windy,High,Motorbike,5.91,6,2235.0,36.0,4.8,11,61.0,55,Yes,0,5.0
FD-101225,2025-09-26 19:11,Gulshan-e-Iqbal,Chinese,Dusty,Medium,Motorbike,1.88,4,2484.0,29.0,4.4,50,34.0,55,No,0,5.0
FD-100082,2026-02-20 00:15,PECHS,Pizza,Dusty,High,Motorbike,8.53,6,3767.0,20.0,4.4,4,67.0,70,No,150,5.0
FD-102206,2025-08-04 13:08,Malir,Chinese,Windy,Low,Motorbike,8.97,1,672.0,25.0,4.3,29,63.0,70,No,0,5.0
FD-100085,2025-07-31 08:00,Clifton,Desserts,Clear,High,Motorbike,5.31,7,5234.0,35.0,4.0,14,63.0,55,Yes,0,4.0
FD-101727,2026-05-08 12:05,North Nazimabad,BBQ,Clear,Medium,Motorbike,17.16,6,5043.0,32.0,4.5,18,105.0,70,Yes,0,3.0
FD-100153,2026-05-01 22:13,PECHS,Biryani,Hot,Medium,Motorbike,4.35,2,1025.0,17.0,4.9,9,39.0,55,No,100,5.0
FD-101178,2026-01-27 10:15,DHA,Pizza,Hot,High,Motorbike,6.99,7,5220.0,30.0,3.9,57,68.0,70,No,200,5.0
FD-101429,2025-07-17 06:16,Korangi,Karahi,Hot,Medium,Motorbike,5.81,7,3720.0,34.0,4.4,26,53.0,55,No,150,5.0
FD-101933,2026-06-19 11:43,Clifton,Biryani,Rainy,Medium,Car,5.24,4,2393.0,14.0,4.6,55,39.0,55,No,0,5.0
FD-102173,2026-02-02 13:10,Clifton,BBQ,Dusty,Medium,Car,3.03,7,3760.0,38.0,5.0,50,60.0,55,Yes,0,4.0
FD-100522,2025-09-21 18:47,Clifton,Chinese,Rainy,High,Car,3.34,8,4524.0,33.0,4.2,19,63.0,55,Yes,0,4.0
FD-101441,2025-09-17 18:21,Gulshan-e-Iqbal,Chinese,Windy,Jam,Motorbike,4.66,3,1982.0,17.0,4.7,43,54.0,55,No,100,5.0
FD-101749,2026-03-12 18:41,Korangi,Chinese,Windy,Low,Bicycle,2.71,1,372.0,22.0,4.3,41,41.0,55,No,100,5.0
FD-101405,2026-03-28 22:20,North Nazimabad,Biryani,Clear,Low,Motorbike,4.29,5,1873.0,30.0,4.4,39,52.0,55,No,100,5.0
FD-100823,2025-09-09 01:16,Saddar,BBQ,Hot,Low,Car,9.4,4,2740.0,30.0,4.6,4,72.0,70,Yes,0,5.0
FD-102043,2025-10-28 08:51,North Nazimabad,BBQ,Clear,Medium,Motorbike,1.67,5,2144.0,20.0,4.5,9,31.0,55,No,0,5.0
FD-100619,2026-01-29 01:30,DHA,Karahi,Windy,Medium,Motorbike,2.89,7,4534.0,32.0,4.5,17,39.0,55,No,0,5.0
FD-101007,2025-07-10 00:13,Clifton,Pizza,Hot,Medium,Motorbike,2.58,2,1784.0,18.0,4.2,51,28.0,55,No,0,5.0
FD-100710,2025-12-21 01:51,Saddar,Biryani,Dusty,High,Motorbike,4.67,7,6145.0,26.0,4.8,33,52.0,55,No,0,5.0
FD-100738,2026-02-13 14:07,North Nazimabad,Karahi,Clear,High,Motorbike,5.2,8,4496.0,35.0,4.3,49,62.0,55,Yes,0,4.0
FD-101501,2025-10-05 03:54,Korangi,BBQ,Clear,Low,Motorbike,3.03,5,2925.0,35.0,4.7,37,43.0,55,No,100,5.0
FD-101053,2025-08-21 13:04,North Nazimabad,Fast Food,Hot,High,Car,9.39,1,423.0,18.0,5.0,31,73.0,70,Yes,0,3.0
FD-101459,2026-02-06 04:52,DHA,Desserts,Rainy,High,Car,6.67,2,1331.0,16.0,4.3,38,67.0,70,No,0,4.0
FD-100966,2026-04-02 16:56,Clifton,Biryani,Clear,High,Motorbike,8.17,3,1436.0,17.0,4.2,58,60.0,70,No,50,5.0
FD-100523,2025-08-09 07:44,North Nazimabad,Fast Food,Clear,Low,Motorbike,0.91,3,2139.0,20.0,4.3,2,26.0,55,No,0,5.0
FD-100906,2026-06-22 11:59,PECHS,Pizza,Hot,Jam,Motorbike,5.45,7,3508.0,31.0,4.7,22,63.0,55,Yes,0,5.0
FD-102453,2026-01-25 12:44,PECHS,Chinese,Clear,Medium,Motorbike,3.49,3,1355.0,17.0,4.7,34,33.0,55,No,0,5.0
FD-101722,2025-10-10 04:34,Gulshan-e-Iqbal,Pizza,Hot,Low,Motorbike,5.93,5,2585.0,13.0,4.7,54,28.0,55,No,0,4.0
FD-100285,2025-07-17 10:59,PECHS,Chinese,Clear,Medium,Car,7.22,5,3610.0,31.0,4.1,28,66.0,70,No,0,5.0
FD-100778,2025-12-27 06:59,Clifton,Desserts,Rainy,Medium,Motorbike,5.59,3,1740.0,15.0,4.4,17,50.0,55,No,0,5.0
FD-100375,2025-10-24 18:04,Malir,Biryani,Hot,Jam,Motorbike,4.11,3,1352.0,7.0,4.5,46,34.0,55,No,0,5.0
FD-100841,2025-09-04 02:44,PECHS,Desserts,Clear,Low,Motorbike,1.5,3,1909.0,31.0,4.1,41,34.0,55,No,50,5.0
FD-100298,2026-02-19 09:14,Korangi,Fast Food,Dusty,Medium,Motorbike,9.76,8,5409.0,33.0,4.0,2,74.0,70,Yes,0,5.0
FD-100826,2026-03-27 20:36,Korangi,Karahi,Clear,Low,Car,6.25,3,1184.0,31.0,4.9,38,54.0,70,No,0,5.0
FD-101272,2025-08-30 16:07,DHA,Desserts,Hot,Medium,Motorbike,6.36,2,1613.0,19.0,4.1,21,50.0,70,No,200,5.0
FD-100305,2025-11-20 01:43,PECHS,Desserts,Hot,Jam,Motorbike,13.17,4,1988.0,19.0,4.3,25,112.0,70,Yes,0,2.0
FD-101043,2026-02-06 07:08,Clifton,Pizza,Hot,Medium,Car,5.1,1,775.0,25.0,4.1,47,49.0,55,No,0,5.0
FD-100043,2025-11-06 22:13,Korangi,Pizza,Rainy,Low,Car,3.14,2,1260.0,22.0,3.9,54,51.0,55,No,0,5.0
FD-102169,2026-04-23 17:06,North Nazimabad,Fast Food,Clear,Jam,Motorbike,9.97,4,3494.0,19.0,4.3,27,88.0,70,Yes,0,4.0
FD-102020,2026-06-03 15:07,DHA,Biryani,Dusty,High,Motorbike,3.17,5,2041.0,23.0,4.1,16,46.0,55,No,0,5.0
FD-101569,2025-07-18 14:34,Saddar,BBQ,Windy,Medium,Motorbike,2.27,6,5326.0,29.0,4.2,27,46.0,55,No,50,5.0
FD-101067,2026-05-06 22:02,Gulshan-e-Iqbal,Biryani,Hot,Medium,Motorbike,3.36,5,2951.0,26.0,3.6,20,53.0,55,No,0,5.0
FD-101649,2026-04-14 09:31,Gulshan-e-Iqbal,Biryani,Clear,Medium,Motorbike,8.34,6,2887.0,25.0,4.6,33,62.0,70,No,0,5.0
FD-101579,2025-10-21 00:50,DHA,Karahi,Clear,Jam,Motorbike,11.36,4,2152.0,24.0,4.4,41,95.0,70,Yes,0,3.0
FD-102413,2026-02-19 16:38,Saddar,Karahi,Windy,Jam,Bicycle,5.53,5,3392.0,27.0,4.3,9,98.0,55,Yes,0,2.0
FD-101956,2025-07-23 16:44,DHA,Biryani,Rainy,High,Motorbike,8.04,5,3131.0,22.0,4.6,47,72.0,70,Yes,0,5.0
FD-101623,2026-01-22 14:30,Clifton,Desserts,Clear,Low,Bicycle,2.25,1,499.0,15.0,4.4,26,32.0,55,No,150,5.0
FD-100656,2025-10-22 05:14,Malir,BBQ,Clear,Low,Motorbike,2.99,8,6681.0,42.0,5.0,29,49.0,55,No,0,4.0
FD-101250,2026-05-10 09:24,Korangi,Chinese,Clear,Medium,Motorbike,4.95,4,2726.0,16.0,4.2,35,25.0,55,No,0,5.0
FD-102339,2025-07-07 21:56,North Nazimabad,BBQ,Clear,High,Motorbike,3.81,6,3236.0,30.0,3.7,35,55.0,55,No,0,5.0
FD-100698,2026-02-07 04:47,Malir,Pizza,Windy,Low,Bicycle,7.71,2,980.0,18.0,4.4,37,69.0,70,No,0,5.0
FD-100033,2026-03-16 02:54,Saddar,Desserts,Rainy,Jam,Motorbike,10.54,4,3101.0,25.0,4.6,7,106.0,70,Yes,0,3.0
FD-100685,2026-04-29 04:08,Clifton,Pizza,Windy,Low,Motorbike,5.56,1,373.0,14.0,4.1,28,38.0,55,No,0,5.0
FD-100000,2025-07-22 19:45,Saddar,Desserts,Windy,Medium,Motorbike,4.93,3,2304.0,27.0,4.4,26,45.0,55,No,0,4.0
FD-101159,2026-01-06 21:12,North Nazimabad,Desserts,Clear,Low,Motorbike,3.52,5,3325.0,25.0,4.0,41,39.0,55,No,0,5.0
FD-101489,2025-12-25 12:40,Saddar,Biryani,Clear,High,Motorbike,3.47,2,1443.0,17.0,4.3,45,32.0,55,No,0,5.0
FD-102476,2025-08-02 12:38,Clifton,Pizza,Clear,Medium,Motorbike,3.3,2,1786.0,18.0,4.1,5,32.0,55,No,50,5.0
FD-102273,2025-12-10 20:59,Saddar,Chinese,Clear,Medium,Motorbike,5.9,5,3267.0,21.0,4.3,22,52.0,55,No,50,5.0
FD-101214,2026-03-02 08:59,Malir,Chinese,Clear,Medium,Motorbike,5.25,3,2437.0,23.0,4.7,17,41.0,55,No,0,5.0
FD-101763,2026-05-22 19:52,PECHS,Pizza,Clear,Medium,Motorbike,2.93,3,1114.0,24.0,4.6,37,30.0,55,No,0,5.0
FD-100022,2026-03-27 14:02,DHA,Fast Food,Rainy,Medium,Motorbike,8.43,8,6009.0,31.0,4.7,48,78.0,70,Yes,0,4.0
FD-100243,2025-08-27 21:44,Gulshan-e-Iqbal,Pizza,Clear,High,Motorbike,6.77,4,3569.0,22.0,4.9,26,62.0,70,No,100,5.0
FD-102314,2026-03-21 02:32,Saddar,Biryani,Rainy,High,Motorbike,6.84,1,555.0,16.0,4.0,9,63.0,70,No,0,4.0
FD-100885,2025-10-19 06:30,Malir,BBQ,Clear,Medium,Motorbike,4.26,1,452.0,21.0,4.6,32,33.0,55,No,100,5.0
FD-100944,2025-10-31 16:07,North Nazimabad,Biryani,Clear,Low,Motorbike,2.97,6,2223.0,28.0,4.6,19,35.0,55,No,150,5.0
FD-101072,2026-04-20 05:35,Clifton,Desserts,Rainy,Jam,Motorbike,3.88,2,1763.0,16.0,4.2,10,52.0,55,No,0,5.0
FD-102070,2025-11-16 15:45,Korangi,BBQ,Hot,Low,Motorbike,3.29,2,1363.0,31.0,4.2,52,34.0,55,No,0,4.0
FD-101419,2025-11-30 00:08,Gulshan-e-Iqbal,Karahi,Clear,Medium,Motorbike,5.85,3,1511.0,22.0,4.4,11,47.0,55,No,100,5.0
FD-101356,2026-03-10 00:08,Gulshan-e-Iqbal,Desserts,Clear,High,Motorbike,4.62,1,763.0,19.0,4.3,4,45.0,55,No,150,5.0
FD-101491,2026-04-16 17:20,North Nazimabad,Karahi,Clear,Medium,Motorbike,3.72,4,1511.0,27.0,4.1,17,39.0,55,No,0,5.0
FD-100853,2025-07-27 23:52,Malir,Desserts,Clear,Jam,Motorbike,7.42,4,1981.0,29.0,4.7,35,81.0,70,Yes,0,4.0
FD-101977,2026-05-07 18:49,Gulshan-e-Iqbal,Pizza,Windy,High,Car,2.64,7,4800.0,38.0,4.5,55,50.0,55,No,0,5.0
FD-101746,2026-04-28 06:50,Clifton,Biryani,Clear,Low,Car,1.64,2,833.0,17.0,4.7,38,11.0,55,No,100,5.0
FD-100982,2026-05-09 09:28,Malir,Karahi,Clear,High,Motorbike,3.96,8,4539.0,38.0,4.0,3,58.0,55,Yes,0,5.0
FD-102028,2026-06-12 04:13,Korangi,Biryani,Rainy,High,Motorbike,1.22,6,2589.0,30.0,4.5,17,50.0,55,No,100,5.0
FD-102039,2026-02-12 10:30,North Nazimabad,Karahi,Clear,Medium,Car,9.66,4,2671.0,28.0,3.9,11,73.0,70,Yes,0,5.0
FD-102209,2025-10-29 22:20,North Nazimabad,Biryani,Clear,Medium,Car,3.47,3,1974.0,18.0,3.5,26,44.0,55,No,50,5.0
FD-101398,2025-08-03 18:33,Saddar,Biryani,Hot,High,Motorbike,6.08,3,2285.0,16.0,4.9,26,48.0,70,No,50,5.0
FD-101894,2025-09-27 00:56,Korangi,Desserts,Clear,Medium,Motorbike,7.17,8,3662.0,39.0,4.7,44,71.0,70,Yes,0,5.0
FD-101088,2025-09-16 23:24,Gulshan-e-Iqbal,Karahi,Clear,Jam,Bicycle,4.59,3,1993.0,24.0,4.4,7,75.0,55,Yes,0,3.0
FD-100928,2026-03-07 11:42,DHA,Biryani,Windy,Jam,Motorbike,10.88,2,1640.0,13.0,4.4,23,91.0,70,Yes,0,4.0
FD-100859,2026-04-17 06:05,Saddar,Biryani,Clear,High,Motorbike,2.04,1,599.0,16.0,4.8,3,21.0,55,No,50,5.0
FD-101693,2025-08-23 01:56,North Nazimabad,Desserts,Clear,High,Motorbike,3.65,7,4987.0,26.0,4.6,1,38.0,55,No,50,4.0
FD-101227,2025-11-18 00:57,Clifton,Chinese,Clear,Low,Bicycle,3.98,2,1328.0,16.0,4.0,32,45.0,55,No,0,5.0
FD-101848,2025-08-05 22:29,Malir,Karahi,Clear,Medium,Motorbike,4.65,4,3090.0,29.0,4.8,46,56.0,55,Yes,0,5.0
FD-101706,2025-12-10 20:22,Saddar,Desserts,Dusty,High,Car,5.44,7,4491.0,22.0,4.2,36,76.0,55,Yes,0,3.0
FD-100996,2025-08-15 13:20,DHA,Desserts,Dusty,Jam,Motorbike,9.45,4,2855.0,23.0,3.8,24,98.0,70,Yes,0,4.0
FD-100144,2025-08-25 14:50,Saddar,Fast Food,Clear,Jam,Motorbike,4.33,8,3456.0,25.0,5.0,57,53.0,55,No,0,5.0
FD-102469,2025-08-27 13:15,Saddar,Desserts,Hot,Low,Motorbike,6.13,4,3550.0,19.0,4.5,47,45.0,70,No,100,5.0
FD-101248,2026-03-25 23:45,Saddar,Chinese,Clear,Jam,Motorbike,5.17,7,4209.0,19.0,4.1,0,54.0,55,No,0,5.0
FD-101521,2026-04-23 23:01,Saddar,Biryani,Hot,Jam,Motorbike,2.31,8,6048.0,31.0,4.3,1,40.0,55,No,100,5.0
FD-102354,2026-06-05 05:38,Clifton,BBQ,Clear,Medium,Motorbike,5.23,3,2278.0,32.0,4.8,21,50.0,55,No,0,5.0
FD-102217,2025-11-24 21:55,Malir,Pizza,Hot,Jam,Car,3.65,8,5567.0,25.0,4.5,53,66.0,55,Yes,0,4.0
FD-101683,2026-04-20 18:50,DHA,Chinese,Clear,Jam,Motorbike,5.35,1,766.0,23.0,4.7,1,61.0,55,Yes,0,5.0
FD-100354,2026-01-21 19:51,Korangi,Desserts,Hot,High,Motorbike,1.98,5,2999.0,31.0,4.0,38,42.0,55,No,100,5.0
FD-100413,2025-10-11 18:57,North Nazimabad,BBQ,Clear,High,Motorbike,2.41,1,662.0,17.0,4.5,11,30.0,55,No,0,5.0
FD-100962,2025-08-20 14:33,Gulshan-e-Iqbal,Biryani,Hot,Medium,Motorbike,3.24,8,4535.0,30.0,4.7,29,48.0,55,No,100,5.0
FD-100230,2025-12-04 05:21,Clifton,Chinese,Rainy,Low,Bicycle,3.31,1,703.0,12.0,3.8,43,38.0,55,No,50,5.0
FD-101524,2025-12-14 12:07,Korangi,Fast Food,Hot,Medium,Motorbike,7.65,6,3450.0,21.0,4.1,0,53.0,70,No,50,5.0
FD-100240,2026-06-03 09:28,Korangi,Chinese,Hot,High,Car,7.28,7,2935.0,40.0,4.4,49,81.0,70,Yes,0,5.0
FD-102447,2025-12-12 20:21,Saddar,Fast Food,Dusty,High,Motorbike,2.85,2,795.0,21.0,5.0,14,40.0,55,No,0,5.0
FD-101650,2026-04-12 21:42,Malir,Chinese,Clear,Low,Motorbike,2.24,2,1649.0,13.0,4.3,15,30.0,55,No,100,4.0
FD-102253,2025-08-20 12:17,Korangi,Fast Food,Hot,Medium,Motorbike,2.02,1,434.0,19.0,4.4,37,31.0,55,No,200,4.0
FD-101005,2025-12-26 06:03,PECHS,Fast Food,Hot,Low,Motorbike,7.06,8,5548.0,27.0,4.4,11,55.0,70,No,100,5.0
FD-100290,2025-07-23 20:27,Malir,Fast Food,Clear,High,Car,2.59,3,1063.0,21.0,4.4,42,37.0,55,No,0,5.0
FD-100001,2026-04-13 20:46,Saddar,BBQ,Clear,Medium,Motorbike,6.68,6,3888.0,31.0,4.3,35,62.0,70,No,0,5.0
FD-101984,2026-02-19 05:12,North Nazimabad,Biryani,Hot,Low,Motorbike,3.13,4,3567.0,20.0,4.2,3,32.0,55,No,100,5.0
FD-100328,2025-07-26 20:10,Saddar,Biryani,Clear,High,Motorbike,1.03,8,6872.0,25.0,3.5,27,44.0,55,No,0,5.0
FD-102478,2026-04-17 18:55,North Nazimabad,Karahi,Hot,High,Motorbike,2.37,3,2296.0,25.0,3.7,44,47.0,55,No,50,5.0
FD-100926,2026-03-31 06:54,North Nazimabad,Fast Food,Hot,High,Motorbike,6.12,7,2785.0,36.0,4.3,44,61.0,70,No,200,4.0
FD-102451,2025-09-14 09:03,Clifton,Desserts,Hot,Low,Motorbike,7.02,7,3663.0,30.0,4.0,44,53.0,70,No,150,5.0
FD-101560,2025-11-05 14:00,Malir,Desserts,Clear,Low,Motorbike,2.16,3,1207.0,21.0,3.8,4,41.0,55,No,0,5.0
FD-100261,2026-04-18 14:44,DHA,Pizza,Clear,Low,Motorbike,7.02,1,482.0,28.0,4.8,44,60.0,70,No,0,4.0
FD-100388,2026-03-01 09:42,North Nazimabad,Biryani,Hot,Low,Bicycle,6.37,4,2715.0,28.0,4.5,23,61.0,70,No,0,5.0
FD-102192,2026-02-11 15:42,PECHS,Pizza,Windy,Medium,Motorbike,4.7,2,752.0,23.0,5.0,22,41.0,55,No,150,5.0
FD-100842,2026-05-01 18:06,PECHS,Karahi,Clear,Low,Motorbike,2.01,3,2371.0,25.0,4.5,36,21.0,55,No,150,5.0
FD-100640,2026-04-18 05:31,North Nazimabad,Fast Food,Rainy,Low,Motorbike,5.41,4,3283.0,20.0,4.4,55,48.0,55,No,0,5.0
FD-102234,2026-02-05 13:58,Gulshan-e-Iqbal,Desserts,Clear,Medium,Motorbike,4.52,1,771.0,9.0,4.4,28,35.0,55,No,0,5.0
FD-101076,2026-03-18 02:18,PECHS,BBQ,Clear,Medium,Bicycle,4.81,6,4693.0,34.0,4.1,21,73.0,55,Yes,0,4.0
FD-102403,2026-04-27 16:26,Clifton,Biryani,Clear,Jam,Motorbike,10.46,2,1380.0,11.0,4.2,34,79.0,70,Yes,0,5.0
FD-102293,2025-07-29 16:13,Gulshan-e-Iqbal,Karahi,Windy,Medium,Motorbike,5.29,8,4439.0,41.0,4.4,59,69.0,55,Yes,0,4.0
FD-100434,2025-08-31 21:25,Malir,Desserts,Clear,Medium,Motorbike,3.77,8,2891.0,34.0,4.3,16,58.0,55,Yes,0,5.0
FD-102230,2026-04-27 03:02,Korangi,Fast Food,Rainy,Low,Motorbike,7.41,3,2432.0,18.0,4.6,8,55.0,70,No,0,5.0
FD-102042,2026-05-14 00:42,Malir,Biryani,Windy,Medium,Car,2.49,6,4453.0,27.0,3.8,55,44.0,55,No,0,4.0
FD-102106,2025-08-01 20:19,Gulshan-e-Iqbal,Biryani,Dusty,Low,Motorbike,5.15,3,2514.0,18.0,4.5,14,45.0,55,No,200,5.0
FD-100443,2026-05-20 09:25,Malir,Karahi,Hot,High,Car,7.22,7,5738.0,30.0,4.9,58,68.0,70,No,0,5.0
FD-102408,2025-11-06 09:35,DHA,Chinese,Clear,Medium,Bicycle,2.83,7,4717.0,37.0,4.6,20,50.0,55,No,0,5.0
FD-100959,2026-05-05 20:02,DHA,Fast Food,Clear,Medium,Motorbike,7.99,3,1452.0,19.0,4.0,8,61.0,70,No,150,5.0
FD-102097,2026-03-01 13:27,PECHS,Desserts,Clear,Jam,Bicycle,5.9,8,5944.0,41.0,4.9,33,121.0,55,Yes,0,1.0
FD-101336,2026-01-12 17:48,Clifton,Desserts,Rainy,High,Motorbike,17.33,2,774.0,23.0,5.0,16,123.0,70,Yes,0,2.0
FD-101510,2025-11-27 03:20,Malir,Desserts,Hot,Low,Motorbike,3.6,6,3042.0,27.0,3.4,45,42.0,55,No,150,5.0
FD-100395,2026-04-23 20:03,Gulshan-e-Iqbal,Desserts,Clear,Medium,Motorbike,12.41,8,3214.0,29.0,3.7,47,80.0,70,Yes,0,4.0
FD-102177,2026-03-12 20:34,Gulshan-e-Iqbal,Fast Food,Dusty,Low,Motorbike,4.31,6,2107.0,29.0,4.0,15,46.0,55,No,100,5.0
FD-102262,2025-09-22 23:39,North Nazimabad,Desserts,Clear,Low,Bicycle,5.15,3,1421.0,29.0,4.3,31,53.0,55,No,0,5.0
FD-102322,2025-11-14 17:04,Clifton,Desserts,Hot,Medium,Motorbike,4.99,8,4404.0,33.0,4.5,53,51.0,55,No,200,5.0
FD-101036,2026-04-04 09:07,Clifton,Biryani,Clear,Medium,Motorbike,6.47,5,3400.0,29.0,4.6,23,45.0,70,No,0,5.0
FD-102282,2026-01-17 01:17,North Nazimabad,Fast Food,Hot,Medium,Motorbike,3.25,7,5833.0,23.0,5.0,41,26.0,55,No,0,4.0
FD-100830,2026-05-05 23:05,Malir,BBQ,Clear,Low,Motorbike,2.43,4,3008.0,31.0,4.3,33,37.0,55,No,0,5.0
FD-100952,2026-01-30 21:15,DHA,Karahi,Clear,Medium,Motorbike,3.32,3,1672.0,30.0,4.3,34,42.0,55,No,150,5.0
FD-100238,2026-02-12 16:10,DHA,Desserts,Rainy,Low,Bicycle,2.7,2,1702.0,24.0,4.7,44,52.0,55,No,0,5.0
FD-100956,2026-06-04 05:14,PECHS,BBQ,Clear,Medium,Motorbike,5.12,5,3961.0,27.0,4.7,8,56.0,55,Yes,0,5.0
FD-102395,2025-10-25 20:24,Gulshan-e-Iqbal,Karahi,Dusty,Medium,Motorbike,6.24,3,1892.0,30.0,4.6,31,65.0,70,No,0,5.0
FD-101653,2026-01-24 21:52,PECHS,Karahi,Hot,High,Motorbike,5.65,3,2689.0,16.0,4.9,25,52.0,55,No,50,5.0
FD-102289,2026-03-23 19:57,Clifton,Biryani,Hot,Jam,Car,3.52,8,3171.0,40.0,4.2,50,65.0,55,Yes,0,4.0
FD-101320,2025-07-10 10:40,North Nazimabad,BBQ,Windy,High,Motorbike,5.8,2,1505.0,20.0,4.9,2,48.0,55,No,0,5.0
FD-100436,2025-12-03 00:27,Korangi,Pizza,Clear,Low,Motorbike,2.11,3,1748.0,25.0,4.1,6,36.0,55,No,0,4.0
FD-101558,2026-06-06 21:28,Korangi,Desserts,Dusty,Medium,Motorbike,4.25,1,709.0,23.0,4.7,10,55.0,55,No,0,5.0
FD-100577,2025-10-19 17:30,Gulshan-e-Iqbal,BBQ,Dusty,Low,Motorbike,2.13,3,1976.0,32.0,4.5,29,46.0,55,No,150,4.0
FD-101149,2026-01-17 19:47,North Nazimabad,Chinese,Clear,Medium,Car,8.21,4,2557.0,27.0,4.4,28,59.0,70,No,0,5.0
FD-100918,2026-01-13 04:57,PECHS,Biryani,Hot,High,Motorbike,4.28,5,2199.0,26.0,3.4,1,59.0,55,Yes,0,5.0
FD-101787,2025-07-17 11:16,Malir,Biryani,Windy,Low,Motorbike,5.12,8,6770.0,29.0,4.5,16,47.0,55,No,100,5.0
FD-102104,2026-04-23 09:01,DHA,Karahi,Hot,High,Motorbike,5.15,1,389.0,30.0,4.5,58,53.0,55,No,150,5.0
FD-100501,2025-09-29 02:41,Malir,Pizza,Clear,Low,Motorbike,8.17,3,1887.0,19.0,4.4,12,43.0,70,No,50,5.0
FD-100348,2025-10-22 21:03,Korangi,Biryani,Hot,Low,Motorbike,2.56,2,1087.0,14.0,4.7,31,33.0,55,No,0,5.0
FD-100382,2026-01-22 03:08,Saddar,Fast Food,Clear,Medium,Motorbike,3.4,8,3023.0,39.0,4.8,6,50.0,55,No,150,5.0
