subscriber_id,activation_date,city,age,gender,plan_type,device_tier,data_usage_gb_month,call_minutes_month,sms_month,night_data_share_pct,international_minutes_month,social_media_share_pct,video_streaming_hours_month,roaming_days_last_year,avg_monthly_recharge_pkr,complaints_last_6_months
SUB-303318,2025-06-16,Lahore,,Female,Prepaid,,91.9,140,31.0,45.7,6,60.0,60.4,0,1620,0
SUB-301128,2024-10-13,Karachi,41.0,Male,Postpaid,High,19.7,893,83.0,0.0,5,22.2,10.4,5,5730,0
SUB-301675,2016-08-07,Lahore,55.0,Female,Postpaid,Mid,27.9,1283,30.0,20.0,45,6.4,8.2,13,4830,1
SUB-303768,2017-08-10,Lahore,18.0,Male,Prepaid,High,49.2,68,41.0,60.7,7,65.9,94.5,2,1850,1
SUB-303079,2022-06-25,Lahore,51.0,Female,Postpaid,High,26.0,1610,43.0,12.3,29,37.0,3.6,10,5020,1
SUB-300473,2021-09-15,Sialkot,18.0,Female,Prepaid,Low,66.5,126,42.0,39.0,0,66.6,33.6,0,2250,0
SUB-300804,2018-07-20,Karachi,21.0,Female,Prepaid,Mid,54.8,272,0.0,66.4,3,56.7,68.3,0,2180,0
SUB-300908,2018-03-06,Sialkot,20.0,Female,Prepaid,Low,7.1,189,28.0,9.1,2,32.1,0.0,0,560,1
SUB-301078,2021-11-10,Rawalpindi,32.0,Female,Postpaid,Low,34.8,1241,12.0,10.2,51,38.2,16.2,6,5000,0
SUB-302737,2025-01-25,Sialkot,54.0,Male,Prepaid,Low,10.0,308,26.0,19.2,224,50.1,9.6,0,1630,0
SUB-302807,2017-03-10,Lahore,20.0,Male,Prepaid,Mid,48.5,176,1.0,59.5,6,53.2,78.9,1,1650,1
SUB-301040,2021-03-12,Karachi,35.0,Female,Postpaid,High,37.2,1495,76.0,16.7,41,18.6,4.1,6,5930,1
SUB-300332,2017-01-14,Karachi,53.0,Male,Postpaid,High,35.4,1023,43.0,15.8,13,26.6,10.9,10,3710,0
SUB-301389,2017-04-29,Karachi,51.0,Male,Prepaid,Low,0.1,194,,10.3,0,71.4,0.2,0,470,0
SUB-301048,2022-06-19,Lahore,20.0,Male,Prepaid,Low,2.0,158,21.0,19.8,3,25.5,2.9,0,400,0
SUB-300308,2022-08-27,Karachi,60.0,Male,Prepaid,Low,7.6,106,42.0,7.1,0,24.0,1.1,0,280,0
SUB-300798,2018-01-05,Rawalpindi,39.0,Male,Postpaid,High,23.0,1134,78.0,19.8,28,8.1,16.5,6,4780,1
SUB-302039,2021-11-27,Faisalabad,26.0,Female,Prepaid,High,56.6,234,57.0,64.0,4,66.8,47.7,0,1380,0
SUB-300181,2018-05-07,Islamabad,55.0,Male,POSTPAID,High,17.8,1592,40.0,4.5,0,30.6,9.9,10,3300,0
SUB-300425,2021-09-10,Lahore,27.0,Female,Postpaid,Mid,7.8,282,56.0,50.6,0,66.8,51.1,0,1320,0
SUB-300820,2023-01-10,Islamabad,35.0,Female,Postpaid,High,21.2,1919,45.0,5.9,0,15.3,8.4,7,4900,0
SUB-301489,2017-09-17,Karachi,19.0,Male,Prepaid,Mid,70.5,0,71.0,70.8,7,77.7,67.0,0,1900,2
SUB-300186,2019-06-04,Sialkot,58.0,Female,Prepaid,Mid,0.3,338,20.0,10.1,258,37.7,3.1,2,2640,0
SUB-300236,2020-09-13,Sialkot,66.0,Male,Prepaid,Mid,1.6,139,67.0,8.8,3,38.0,0.6,0,450,0
SUB-303150,2022-10-31,Lahore,22.0,Male,Prepaid,,77.1,185,59.0,45.2,5,58.9,57.9,0,1770,0
SUB-302241,2022-09-19,Islamabad,38.0,Male,Postpaid,Mid,28.2,1937,66.0,18.3,40,25.9,6.8,8,4340,1
SUB-301528,2020-09-20,Gujranwala,,Male,Prepaid,High,64.7,201,42.0,64.7,6,74.4,,0,1790,0
SUB-302344,2026-02-07,Sialkot,37.0,Female,Postpaid,Low,2.0,142,5.0,7.0,0,42.6,0.6,0,390,0
SUB-303433,2022-02-12,Islamabad,24.0,Male,Postpaid,High,54.9,149,49.0,54.4,7,59.9,71.6,0,2350,0
SUB-300923,2023-09-17,Islamabad,,Male,Prepaid,High,53.4,240,86.0,42.3,5,42.1,66.9,1,1830,0
SUB-301982,2021-01-24,Islamabad,23.0,Male,Prepaid,Low,59.6,238,36.0,50.2,0,62.5,74.9,2,2550,0
SUB-303017,2020-11-11,Lahore,37.0,Female,Prepaid,,19.8,1249,63.0,15.6,60,28.7,18.1,12,3900,3
SUB-300847,2025-05-31,Lahore,62.0,Male,Prepaid,Low,0.1,89,41.0,13.4,0,55.5,3.5,0,420,0
SUB-303071,2017-02-15,Karachi,43.0,Male,Postpaid,High,21.9,1800,47.0,14.5,7,20.2,1.8,10,3340,0
SUB-301182,2022-11-23,Sialkot,44.0,Male,Prepaid,Mid,3.5,381,0.0,24.9,418,33.5,6.5,2,1730,0
SUB-303463,2018-02-24,Rawalpindi,28.0,Female,Prepaid,Mid,60.3,121,23.0,66.0,3,57.1,52.3,0,2400,2
SUB-302541,2018-10-03,Karachi,28.0,Male,Prepaid,High,86.7,238,63.0,41.4,0,54.3,53.6,0,2250,0
SUB-303514,2017-04-26,Multan,46.0,Female,Prepaid,Low,6.2,99,0.0,8.0,2,3.9,0.0,0,590,0
SUB-303345,2018-05-08,Rawalpindi,37.0,Female,Postpaid,High,20.7,1233,133.0,9.4,30,19.9,10.4,11,4650,0
SUB-300779,2025-10-09,Karachi,20.0,Female,Postpaid,Low,106.1,180,20.0,37.3,6,69.5,48.0,0,1720,0
SUB-303077,2018-04-08,Quetta,26.0,Male,Prepaid,High,30.3,277,52.0,53.6,6,77.5,28.1,0,2180,0
SUB-300202,2024-04-07,Gujranwala,31.0,Male,Prepaid,Low,4.5,0,27.0,11.2,0,7.8,3.0,0,440,1
SUB-302422,2021-08-11,Rawalpindi,53.0,Male,Postpaid,High,18.7,1571,104.0,16.5,16,38.6,6.0,19,5550,1
SUB-300086,2020-03-16,Lahore,48.0,Female,Postpaid,Mid,22.6,827,32.0,5.9,30,21.0,3.7,9,4640,2
SUB-300048,2025-01-30,Karachi,24.0,Female,Prepaid,High,83.0,233,47.0,65.2,3,73.4,66.1,0,2300,0
SUB-300937,2023-02-28,Lahore,29.0,Female,Postpaid,Mid,9.7,1574,102.0,3.8,27,24.4,7.0,11,4280,0
SUB-301132,2021-06-19,Lahore,53.0,Female,Prepaid,High,9.1,1398,95.0,18.0,11,28.2,13.3,5,4450,0
SUB-301804,2018-12-05,Peshawar,29.0,Male,Prepaid,Mid,5.0,123,45.0,12.7,0,47.9,3.3,0,350,2
SUB-300910,2023-02-10,Lahore,37.0,Female,Postpaid,Mid,21.5,1897,78.0,21.4,22,10.8,11.0,5,4000,1
SUB-302831,2023-05-26,Karachi,46.0,Female,Prepaid,Mid,30.8,1629,83.0,12.6,22,31.7,8.6,10,1340,1
SUB-302227,2017-12-10,Islamabad,22.0,Female,Prepaid,High,66.4,245,50.0,52.3,0,74.5,55.3,0,2120,0
SUB-302536,2016-07-28,Sialkot,50.0,Male,Prepaid,Low,6.5,158,30.0,35.7,250,43.5,4.8,0,2540,1
SUB-303629,2019-01-06,Peshawar,28.0,Male,Prepaid,Mid,12.8,183,34.0,52.1,2,78.5,66.7,0,2020,1
SUB-302655,2022-09-10,Rawalpindi,49.0,Male,Prepaid,High,19.2,1327,54.0,8.7,18,25.8,12.2,8,3150,0
SUB-302621,2019-04-01,Karachi,38.0,Female,Postpaid,Mid,23.5,1754,75.0,15.3,1,28.9,13.8,12,3440,1
SUB-302149,2020-11-25,Quetta,44.0,Male,Prepaid,Low,3.6,41,24.0,5.0,1,7.6,0.0,0,560,1
SUB-303271,2025-02-23,Lahore,20.0,Female,Prepaid,Low,0.3,276,9.0,2.9,2,29.6,0.5,0,540,0
SUB-303822,2016-11-09,Peshawar,24.0,Male,Prepaid,High,4.7,139,60.0,13.2,0,35.8,0.8,0,510,0
SUB-301563,2017-11-09,Karachi,53.0,Male,Postpaid,Low,20.6,674,67.0,11.2,0,27.8,17.9,11,3830,0
SUB-303876,2019-01-25,Gujranwala,51.0,Male,Prepaid,Low,0.6,120,11.0,14.7,0,9.1,2.6,0,300,2
SUB-302548,2025-06-23,Sialkot,50.0,Male,Prepaid,Mid,3.8,439,7.0,27.7,162,34.1,4.9,1,2340,0
SUB-300547,2021-08-08,Karachi,68.0,Male,Prepaid,Low,2.4,153,62.0,11.3,2,26.3,0.9,1,510,0
SUB-303260,2017-01-09,Mirpur,64.0,Male,Prepaid,Mid,4.0,398,26.0,17.3,169,27.7,6.5,1,2550,1
SUB-302273,2022-04-19,Karachi,23.0,Female,Prepaid,Mid,72.9,140,57.0,39.2,3,55.4,69.1,0,1840,0
SUB-302909,2018-04-27,Mirpur,56.0,Female,Postpaid,Mid,17.3,312,21.0,34.3,294,46.9,3.5,1,2330,0
SUB-300945,2017-08-17,Karachi,39.0,Female,Prepaid,Mid,33.5,1202,41.0,22.7,30,23.0,4.9,5,5670,1
SUB-301858,2016-12-12,Faisalabad,35.0,Female,Prepaid,Low,1.7,148,,4.4,1,55.4,1.3,0,550,0
SUB-303610,2022-03-06,Rawalpindi,48.0,Female,Postpaid,High,6.4,1661,62.0,15.8,48,29.3,,8,4570,0
SUB-300846,2023-05-24,Karachi,56.0,Male,Postpaid,Mid,7.9,300,25.0,30.6,198,14.5,1.2,3,2180,0
SUB-301940,2021-11-08,Quetta,29.0,Male,Prepaid,Low,3.1,125,16.0,0.0,4,4.6,3.1,0,480,0
SUB-300051,2022-08-24,Islamabad,45.0,Female,Postpaid,Mid,32.6,1318,46.0,16.2,3,19.2,8.7,8,4670,1
SUB-302743,2016-07-03,Lahore,49.0,Male,Postpaid,High,26.8,1581,,17.0,40,19.1,12.2,9,2760,0
SUB-300586,2024-10-09,Lahore,23.0,Male,Prepaid,Mid,58.2,289,27.0,82.3,2,80.1,74.9,0,1840,1
SUB-301570,2025-12-26,Multan,34.0,Male,Prepaid,Low,6.2,269,26.0,8.7,5,48.2,1.9,0,380,0
SUB-300787,2019-05-04,Islamabad,23.0,Female,Postpaid,Mid,78.1,53,9.0,58.9,6,60.8,97.8,0,1790,0
SUB-302938,2018-07-15,Gujranwala,,Male,Prepaid,High,97.6,41,46.0,42.6,3,64.5,35.4,0,1830,0
SUB-303498,2021-05-02,Faisalabad,28.0,Male,Postpaid,Mid,27.6,949,99.0,11.5,0,28.7,16.6,11,5960,1
SUB-301385,2021-10-31,Islamabad,7.0,Male,Postpaid,High,21.0,1606,3.0,10.0,18,20.1,2.2,16,3420,0
SUB-301715,2023-06-27,Quetta,27.0,Male,Prepaid,Mid,4.0,0,13.0,9.2,0,27.8,0.7,0,340,0
SUB-303293,2024-12-08,Karachi,18.0,Female,Prepaid,Mid,99.1,64,42.0,66.5,4,55.1,65.5,0,1160,1
SUB-303273,2023-01-19,Lahore,66.0,Male,Prepaid,Low,3.4,151,52.0,7.4,2,22.9,0.2,0,500,0
SUB-303715,2017-10-29,Multan,40.0,Female,Prepaid,Low,3.8,155,21.0,12.2,1,37.4,1.0,0,460,1
SUB-300158,2021-11-23,Gujranwala,20.0,Female,Prepaid,High,50.0,277,39.0,74.7,0,65.6,75.3,0,1720,0
SUB-303746,2023-05-29,Sialkot,69.0,Male,Prepaid,Low,1.9,75,29.0,14.9,0,58.9,1.5,0,540,0
SUB-301254,2024-04-20,Lahore,41.0,Female,Prepaid,Low,2.7,124,45.0,17.4,2,13.4,1.3,0,300,1
SUB-301501,2022-09-13,Lahore,39.0,Female,Prepaid,Low,2.3,187,71.0,6.4,0,22.4,0.9,0,510,0
SUB-303239,2023-05-16,Karachi,48.0,Female,Postpaid,Mid,14.2,1201,69.0,23.8,41,34.2,9.6,9,4740,2
SUB-302863,2017-06-24,Lahore,26.0,Female,Postpaid,Low,87.3,107,38.0,50.2,5,63.8,62.5,0,1660,0
SUB-301142,2025-05-07,Peshawar,55.0,Female,Prepaid,Low,4.1,241,55.0,8.2,2,26.2,0.0,0,570,0
SUB-303035,2016-10-11,Lahore,22.0,Male,Prepaid,Low,5.1,201,0.0,15.7,1,27.3,2.1,0,500,1
SUB-301763,2019-02-04,Karachi,20.0,Female,Prepaid,Mid,36.5,111,92.0,73.9,0,69.6,81.4,0,1280,0
SUB-302199,2025-12-12,Karachi,26.0,Male,Prepaid,Mid,42.4,176,40.0,50.7,0,53.1,50.4,0,1920,0
SUB-301357,2023-03-18,Lahore,19.0,Male,Prepaid,High,71.5,223,86.0,49.0,0,59.2,,0,2060,0
SUB-302546,2022-10-13,Multan,38.0,Male,Prepaid,Mid,1.9,159,61.0,6.0,0,3.5,2.6,0,380,1
SUB-301690,2016-10-23,Quetta,36.0,Male,Prepaid,Low,0.7,152,55.0,6.8,1,11.8,3.4,0,330,1
SUB-300748,2021-12-23,Rawalpindi,21.0,Female,Prepaid,Low,107.6,60,6.0,64.5,4,72.4,42.7,1,1570,0
SUB-300489,2024-05-01,Karachi,54.0,Female,Prepaid,High,22.7,1279,110.0,19.7,37,35.6,23.1,8,3270,1
SUB-303158,2021-01-10,Karachi,40.0,Male,Postpaid,Mid,23.1,1156,76.0,6.9,35,28.4,17.6,9,5100,1
SUB-301898,2026-01-06,Karachi,21.0,Male,Prepaid,Low,108.4,152,45.0,66.5,2,78.0,63.9,0,1060,1
SUB-300850,2023-06-19,Islamabad,58.0,Female,Prepaid,High,8.2,211,36.0,26.3,372,39.6,4.0,0,2100,0
SUB-300860,2017-09-17,Islamabad,27.0,Female,Prepaid,Mid,103.7 GB,296,0.0,51.6,0,64.0,47.8,0,2090,0
SUB-303570,2021-11-08,Gujranwala,31.0,Male,Prepaid,Low,2.9,266,6.0,7.5,1,52.8,0.0,0,430,0
SUB-301056,2017-12-22,Quetta,59.0,Male,Prepaid,Low,2.9,110,5.0,5.7,1,0.0,3.9,1,530,0
SUB-303547,2017-11-19,Rawalpindi,,Male,Prepaid,High,131.6,89,60.0,56.9,5,64.2,,0,2090,0
SUB-302388,2023-12-16,Faisalabad,36.0,Female,Prepaid,Low,6.5,158,11.0,0.0,3,17.1,2.9,0,480,0
SUB-301815,2023-07-17,Lahore,19.0,Female,Prepaid,Mid,54.9 GB,204,0.0,37.8,0,50.6,84.4,0,2120,1
SUB-302484,2019-04-14,Sialkot,,Female,Prepaid,Mid,0.1,110,45.0,21.3,1,23.3,1.5,0,420,0
SUB-301673,2026-04-23,Quetta,51.0,Female,Prepaid,Low,6.2,140,,9.9,0,37.2,1.4,0,470,1
SUB-300292,2025-05-14,Faisalabad,35.0,Female,Prepaid,Low,8.6,303,4.0,30.9,150,23.0,5.2,0,2660,1
SUB-303046,2016-11-10,Karachi,31.0,Male,Postpaid,High,28.4,1723,65.0,12.1,27,30.5,7.7,7,5820,1
SUB-300340,2019-05-23,Sialkot,,Female,Prepaid,Low,13.0,349,10.0,15.6,367,35.3,5.1,2,2060,1
SUB-300453,2017-01-10,Multan,21.0,Male,Prepaid,High,95.5,0,54.0,56.3,0,62.0,28.5,1,1800,1
SUB-302380,2026-03-12,Sialkot,21.0,Male,Prepaid,Mid,3.0,92,53.0,3.1,0,34.7,0.0,0,610,0
SUB-303409,2019-06-24,Gujranwala,34.0,Male,Postpaid,High,33.2,1898,102.0,5.4,41,26.9,7.0,5,5960,1
SUB-300460,2016-10-30,Faisalabad,43.0,Male,Prepaid,Mid,3.6,209,3.0,9.1,3,9.4,0.0,0,430,0
SUB-300402,2016-10-04,Gujranwala,44.0,Female,Prepaid,Low,5.0,215,47.0,13.5,2,35.2,4.0,0,380,2
SUB-302024,2025-02-21,Islamabad,27.0,Male,Prepaid,Mid,24.8,234,0.0,65.7,0,57.2,36.3,0,1410,0
SUB-302219,2017-07-23,Peshawar,53.0,Female,Prepaid,Low,5.8 GB,329,39.0,14.7,364,34.3,3.0,2,2400,1
SUB-303897,2019-03-01,Faisalabad,47.0,Male,Postpaid,Mid,15.2,422,14.0,34.5,394,54.8,4.5,0,1880,0
SUB-301295,2019-05-03,Rawalpindi,53.0,Female,Postpaid,Mid,25.5,1344,105.0,13.3,26,21.3,10.4,7,3120,1
SUB-303372,2017-05-09,Karachi,27.0,Female,Prepaid,Mid,76.2,167,96.0,64.8,4,62.3,42.0,0,2460,0
SUB-300702,2025-10-23,Mirpur,42.0,Male,Postpaid,High,20.2,1112,113.0,15.7,22,12.7,8.3,6,4060,1
SUB-301560,2021-12-06,Lahore,35.0,Male,Postpaid,Mid,27.2,1928,126.0,8.7,0,18.2,6.9,14,1630,2
SUB-300064,2024-05-26,Multan,35.0,Male,Prepaid,Low,2.5,152,10.0,6.2,0,19.7,3.1,0,250,0
SUB-303513,2019-11-13,Rawalpindi,38.0,Male,Prepaid,Low,4.5,299,2.0,9.8,3,10.4,0.0,0,480,0
SUB-300015,2023-10-03,Lahore,39.0,Female,Postpaid,Low,16.1,1463,57.0,24.1,21,21.3,12.8,10,6590,1
SUB-300117,2016-07-07,Lahore,36.0,Female,Prepaid,High,22.2,1434,81.0,20.0,32,24.5,3.6,9,3880,0
SUB-301456,2022-10-21,Sialkot,,Male,Prepaid,Low,9.0,132,11.0,6.0,272,23.6,11.0,2,1730,0
SUB-302679,2016-09-07,Karachi,48.0,Male,Postpaid,High,20.9,1398,85.0,3.5,0,29.2,0.0,3,4360,1
SUB-300325,2016-07-25,Karachi,52.0,Male,Prepaid,Low,2.4,89,19.0,14.5,4,21.6,0.0,0,680,1
SUB-303934,2016-09-15,Islamabad,28.0,Male,Prepaid,Mid,111.4,189,,58.1,4,54.5,72.1,0,2550,0
SUB-302970,2020-04-03,Karachi,25.0,Male,Prepaid,High,68.4,180,49.0,53.0,8,61.6,74.1,0,1090,0
SUB-301492,2020-03-25,Quetta,46.0,Male,Prepaid,Mid,1.6,171,29.0,16.5,2,40.0,,0,540,1
SUB-302744,2024-02-13,Mirpur,33.0,Male,Prepaid,Low,4.0,155,77.0,8.7,1,22.3,0.0,0,260,0
SUB-300448,2025-02-16,Sialkot,45.0,Male,Postpaid,,10.0,234,14.0,21.9,324,43.8,8.1,2,1440,0
SUB-303236,2025-09-03,Faisalabad,65.0,Male,Prepaid,Low,4.0,185,23.0,1.2,1,42.7,1.2,0,490,0
SUB-300538,2024-07-20,Islamabad,47.0,Female,Prepaid,High,30.8,1557,49.0,20.7,17,28.8,5.7,12,3180,0
SUB-303245,2025-12-21,Sialkot,50.0,Female,Postpaid,Low,0.6,148,5.0,6.3,0,0.0,,0,400,1
SUB-303228,2019-11-08,Karachi,22.0,Male,Postpaid,High,67.5,175,31.0,78.2,2,57.1,55.9,1,2270,1
SUB-302012,2020-06-01,Sialkot,49.0,Male,Prepaid,,4.3,140,26.0,4.1,0,53.4,0.9,0,380,0
SUB-300705,2018-01-08,Islamabad,63.0,Male,Prepaid,Low,1.9,0,26.0,12.3,0,4.8,0.9,0,510,1
SUB-300139,2024-10-11,Karachi,24.0,Male,Prepaid,Mid,89.3,340,53.0,49.2,3,60.3,57.5,0,1840,0
SUB-300762,2019-11-07,Peshawar,51.0,Male,Prepaid,Low,2.7,201,36.0,9.6,0,17.1,0.1,0,250,1
SUB-303059,2025-10-21,Rawalpindi,35.0,Male,Postpaid,,26.2,1615,59.0,20.0,0,27.8,0.0,6,4960,1
SUB-303636,2022-01-03,Peshawar,57.0,Male,Prepaid,Low,1.1,0,47.0,21.3,0,6.1,3.6,0,550,0
SUB-303953,2018-06-14,Karachi,19.0,Female,Prepaid,Mid,79.5,265,64.0,48.6,1,69.2,66.1,0,2510,0
SUB-302017,2019-03-29,Peshawar,47.0,Female,Prepaid,High,6.7,347,22.0,20.6,131,41.5,7.9,2,3010,0
SUB-301473,2025-12-04,Faisalabad,26.0,Female,Prepaid,Mid,58.6,37,,62.2,5,47.1,37.6,0,2330,0
SUB-303420,2026-04-15,Rawalpindi,24.0,Male,Postpaid,Low,57.3,93,61.0,60.8,0,57.7,53.1,0,2130,1
SUB-303581,2022-07-13,Sialkot,39.0,Male,Prepaid,Low,10.1,217,0.0,26.7,274,50.5,0.0,1,1490,1
SUB-302872,2019-12-26,Sialkot,18.0,Female,Postpaid,Mid,54.1,42,48.0,55.3,10,56.7,64.4,0,1870,0
SUB-300296,2017-06-26,Karachi,31.0,Male,Prepaid,High,21.6,1521,104.0,8.3,7,33.6,18.3,10,1780,0
SUB-300624,2025-09-10,Rawalpindi,26.0,Male,Prepaid,Low,45.6,160,20.0,60.2,1,68.1,42.5,1,2050,1
SUB-302943,2026-03-30,Islamabad,58.0,Male,Prepaid,Low,1.9,193,0.0,17.0,2,39.6,1.1,0,400,1
SUB-303459,2024-12-07,Islamabad,23.0,Male,Prepaid,High,63.4,91,61.0,42.1,1,59.1,28.0,0,2410,1
SUB-300729,2024-03-01,Karachi,50.0,Female,Postpaid,,15.3,839,64.0,17.4,30,22.0,6.1,12,2570,2
SUB-301173,2021-09-23,Multan,48.0,Female,Prepaid,Low,3.7,98,,6.4,0,40.5,1.5,0,420,1
SUB-302434,2022-04-06,Faisalabad,40.0,Male,Prepaid,Low,8.7,250,3.0,23.4,417,47.5,4.9,0,2470,1
SUB-302688,2022-05-24,Mirpur,44.0,Male,Postpaid,Mid,22.2,1608,60.0,12.9,12,17.9,17.3,7,3360,0
SUB-303720,2020-06-21,Islamabad,25.0,Female,Prepaid,Mid,77.1,216,68.0,62.5,0,67.5,48.4,0,2320,0
SUB-303844,2022-10-18,Lahore,66.0,Male,Prepaid,Low,1.6,22,43.0,14.4,0,20.2,2.8,0,540,0
SUB-300524,2018-10-05,Peshawar,58.0,Female,Prepaid,Low,2.5,0,42.0,7.9,3,7.4,0.0,0,340,0
SUB-301382,2017-08-09,Gujranwala,57.0,Female,Prepaid,Low,0.9,253,44.0,8.8,2,54.3,2.3,0,500,0
SUB-301813,2016-11-07,Lahore,18.0,Male,Prepaid,Mid,68.6,285,33.0,58.5,6,75.9,42.1,0,1760,0
SUB-301386,2018-06-05,Peshawar,46.0,Female,PREPAID,Mid,3.1,128,10.0,12.3,4,18.7,2.0,0,330,0
SUB-302498,2021-05-31,Lahore,46.0,Female,Prepaid,Mid,3.6,199,18.0,9.7,0,43.2,0.2,0,440,0
SUB-302070,2021-04-29,Sialkot,19.0,Female,Postpaid,Mid,93.5,117,20.0,65.7,0,58.9,46.2,1,2360,0
SUB-301432,2016-08-25,Islamabad,49.0,Male,Postpaid,High,16.6,1062,36.0,11.5,21,26.1,15.7,7,2370,0
SUB-301283,2021-03-31,Lahore,18.0,Female,Postpaid,Mid,90.0,313,34.0,36.6,0,44.9,73.3,2,1240,0
SUB-302256,2022-10-23,Peshawar,63.0,Male,Prepaid,Mid,4.8,226,43.0,1.3,2,16.9,1.2,0,570,0
SUB-302445,2018-04-20,Lahore,19.0,Female,Prepaid,High,32.2,105,59.0,60.8,9,57.1,68.5,0,930,1
SUB-300890,2018-01-04,Peshawar,28.0,Male,Prepaid,Mid,80.0,52000,23.0,57.4,9,56.2,28.3,2,1590,0
SUB-300151,2020-06-24,Karachi,18.0,Female,Postpaid,Mid,65.2,163,31.0,54.1,5,54.4,55.1,0,1960,1
SUB-300109,2024-07-06,Karachi,23.0,Male,Prepaid,Mid,78.0,128,21.0,49.0,2,62.7,21.1,0,1880,0
SUB-302208,2018-06-26,Rawalpindi,27.0,Male,Prepaid,Mid,0.2,87,54.0,16.9,0,57.2,1.3,0,540,2
SUB-302538,2016-07-18,Lahore,31.0,Female,Prepaid,Low,0.5,17,27.0,10.4,0,13.7,4.1,0,380,0
SUB-300124,2021-03-14,Islamabad,44.0,Male,Postpaid,High,23.6,1446,77.0,11.8,0,30.0,12.8,2,3450,0
SUB-300070,2022-11-13,Rawalpindi,25.0,Male,Prepaid,Low,0.8,221,35.0,1.0,1,45.3,5.7,0,340,0
SUB-302860,2022-05-04,Karachi,,Female,Prepaid,Low,70.1,234,11.0,77.9,9,65.0,66.3,1,3120,0
SUB-301475,2023-06-28,Karachi,54.0,Female,Prepaid,Mid,6.8,413,22.0,21.0,337,52.0,5.1,1,2880,0
SUB-303550,2021-10-16,Faisalabad,65.0,Male,Prepaid,Low,3.7,105,40.0,12.0,2,58.3,1.0,0,450,0
SUB-302175,2022-06-07,Sialkot,58.0,Male,Postpaid,High,8.1,215,,24.7,407,65.6,6.3,0,3220,0
SUB-303105,2017-11-18,Lahore,23.0,Male,Prepaid,High,74.5,245,41.0,52.9,0,88.0,65.8,0,2280,0
SUB-303220,2025-06-20,Gujranwala,24.0,Male,Prepaid,High,55.3,101,37.0,45.6,7,77.5,76.8,0,2910,1
SUB-303548,2016-07-21,Lahore,20.0,Male,PREPAID,Low,52.4,47,87.0,38.8,0,69.6,80.6,0,2080,0
SUB-302706,2024-12-15,Gujranwala,44.0,Female,Prepaid,Mid,1.1,127,7.0,6.2,0,15.9,0.5,0,430,0
SUB-301854,2021-03-22,Sialkot,47.0,Male,Prepaid,Mid,6.5,30,9.0,14.8,4,42.5,3.3,0,430,0
SUB-301013,2024-03-12,Sialkot,41.0,Male,Prepaid,Low,1.8,290,9.0,7.5,4,35.0,3.8,0,380,0
SUB-300704,2024-06-05,Lahore,21.0,Female,Prepaid,Mid,113.8,94,17.0,62.5,3,70.1,50.4,0,1930,1
SUB-302496,2016-08-09,Lahore,21.0,Female,Postpaid,Low,72.0,250,10.0,55.9,3,53.5,42.7,0,1790,0
SUB-302435,2022-02-03,Mirpur,50.0,Female,Prepaid,Mid,6.3,225,30.0,13.6,389,39.5,6.3,1,1740,2
SUB-301549,2025-01-12,Faisalabad,37.0,Male,Prepaid,Mid,12.4,139,,16.6,270,15.3,4.3,0,1260,1
SUB-303445,2022-03-09,Karachi,40.0,Male,Postpaid,Mid,7.2,462,66.0,4.9,13,21.1,0.0,8,5180,1
SUB-303325,2025-01-16,Sialkot,68.0,Male,Prepaid,Mid,3.2,104,25.0,15.8,0,33.7,2.9,0,540,1
SUB-301999,2019-05-03,Lahore,32.0,Female,Postpaid,Mid,12.2,1397,101.0,6.0,27,23.5,9.1,11,4720,0
SUB-302648,2023-10-29,Faisalabad,48.0,Male,Postpaid,Low,2.1,201,13.0,3.5,2,9.3,0.6,0,290,0
SUB-300380,2021-07-02,Rawalpindi,52.0,Male,Postpaid,Mid,21.0,1229,78.0,14.6,22,27.8,17.0,8,3950,0
SUB-302818,2017-04-02,Islamabad,33.0,Male,Prepaid,High,35.8,1379,50.0,21.2,11,35.6,4.3,9,3480,1
SUB-300875,2024-09-12,Peshawar,58.0,Male,Prepaid,Low,3.2,144,17.0,13.8,0,34.4,4.5,2,450,1
SUB-303605,2019-02-17,Rawalpindi,40.0,Male,Prepaid,Low,5.3,193,31.0,16.0,3,4.1,3.3,0,460,2
SUB-302910,2019-09-21,Islamabad,24.0,Male,Prepaid,Mid,84.4,63,13.0,45.4,5,68.4,63.9,0,2300,2
SUB-301566,2023-04-23,Islamabad,42.0,Female,Postpaid,Mid,25.3,1004,69.0,4.1,26,19.8,7.4,10,4420,2
SUB-302066,2019-03-23,Multan,24.0,Female,Prepaid,Mid,4.8,110,59.0,0.0,0,25.3,0.0,0,600,0
SUB-303096,2024-06-27,Sialkot,59.0,Female,Postpaid,Mid,9.9,296,33.0,22.1,411,51.6,5.8,0,1790,0
SUB-300485,2017-06-10,Karachi,46.0,Male,Prepaid,Mid,0.8,381,29.0,19.7,198,18.1,5.6,1,2910,0
SUB-303470,2021-09-18,Karachi,,Male,Postpaid,Mid,11.7,619,71.0,8.4,4,30.8,4.6,10,4120,0
SUB-302417,2021-02-05,Karachi,25.0,Female,Prepaid,Low,6.1,183,21.0,0.9,0,56.2,0.2,0,240,0
SUB-302654,2024-05-15,Faisalabad,,Male,Prepaid,Low,2.9,178,2.0,13.6,1,20.2,1.5,0,460,2
SUB-300250,2024-10-25,Sialkot,42.0,Female,Postpaid,Low,9.7,253,35.0,11.5,389,56.2,12.4,2,2040,1
SUB-300675,2020-04-30,Gujranwala,55.0,Female,Postpaid,Mid,32.3,835,103.0,13.5,25,19.9,15.9,13,4620,0
SUB-301713,2021-03-15,Karachi,53.0,Male,Postpaid,Mid,10.7,929,97.0,14.0,20,24.1,0.0,16,3940,5
SUB-300444,2022-10-17,Gujranwala,44.0,Female,Prepaid,Low,5.1,263,13.0,10.2,299,49.6,0.0,2,1120,1
SUB-301298,2025-09-18,Karachi,65.0,Male,Prepaid,Low,1.1,239,3.0,14.9,0,54.6,0.7,0,290,0
SUB-300179,2017-07-27,Islamabad,22.0,Female,Prepaid,Low,1.5,219,17.0,5.7,2,14.6,0.4,0,430,0
SUB-303924,2025-08-12,Quetta,28.0,Male,Prepaid,Mid,68.6,181,48.0,30.9,0,60.6,,0,1960,0
SUB-300223,2025-07-11,Karachi,45.0,Female,Postpaid,Mid,19.6,1111,111.0,14.3,42,29.2,9.8,6,3180,2
SUB-302838,2021-11-09,Karachi,42.0,Male,Postpaid,High,23.1,506,99.0,7.8,18,17.8,9.2,8,5030,0
SUB-302458,2023-12-20,Quetta,49.0,Male,Prepaid,Low,4.9,215,,14.7,1,45.6,3.3,0,520,0
SUB-302728,2024-06-26,Rawalpindi,55.0,Male,Postpaid,Mid,17.9,1002,65.0,14.2,9,15.5,15.8,6,5200,1
SUB-303393,2022-05-12,Quetta,65.0,Male,Prepaid,Low,0.1,163,51.0,13.6,2,36.5,2.8,0,470,0
SUB-302305,2024-11-18,Peshawar,63.0,Male,Prepaid,Mid,12.7,135,29.0,27.9,155,27.9,6.8,0,2340,0
SUB-300029,2017-08-03,Karachi,45.0,Female,Prepaid,Mid,1.5,305,4.0,7.6,0,54.2,3.5,0,570,0
SUB-300671,2020-02-15,Sialkot,,Male,Prepaid,Low,1.0,181,38.0,15.6,0,22.2,2.7,0,620,0
SUB-302503,2025-02-11,Islamabad,53.0,Female,Prepaid,Low,6.5,344,31.0,18.4,252,45.8,4.4,2,2570,1
SUB-303841,2019-03-30,Sialkot,42.0,Female,Postpaid,Mid,16.9,1127,99.0,16.6,49,33.2,15.7,13,3300,1
SUB-303024,2022-04-10,Islamabad,35.0,Female,Prepaid,High,34.2,718,72.0,14.9,50,27.3,7.9,6,4000,2
SUB-302534,2017-10-01,Karachi,47.0,Female,Postpaid,Low,18.8,1029,32.0,1.7,16,42.0,8.1,8,3890,1
SUB-302406,2017-06-27,Islamabad,40.0,Male,Postpaid,High,13.3,1863,9.0,18.4,39,31.9,5.9,15,3380,0
SUB-303657,2020-08-26,Islamabad,27.0,Female,Prepaid,High,88.3,134,12.0,74.0,3,76.4,53.6,1,1890,1
SUB-301178,2021-03-14,Rawalpindi,43.0,Male,PREPAID,Low,2.5,85,28.0,8.3,0,37.6,1.0,0,410,1
SUB-300365,2016-09-27,Lahore,18.0,Male,Prepaid,Mid,36.3,84,26.0,60.0,0,45.1,90.9,0,2340,1
SUB-300765,2019-09-01,Multan,51.0,Female,Prepaid,Mid,1.8,125,,14.7,0,24.6,2.9,0,510,0
SUB-303048,2020-11-21,Multan,21.0,Female,Postpaid,High,70.7,231,59.0,58.7,4,58.5,74.9,0,2860,0
SUB-301197,2019-07-07,Lahore,51.0,Female,Prepaid,Low,8.0,169,0.0,2.7,0,50.9,0.6,0,590,1
SUB-300481,2017-08-19,Faisalabad,41.0,Male,Prepaid,Low,5.0,67,34.0,15.5,0,28.1,3.6,0,660,0
SUB-301822,2017-12-28,Lahore,26.0,Female,Prepaid,Mid,66.1,222,51.0,63.3,8,58.1,56.8,1,2040,0
SUB-303464,2023-02-12,Islamabad,36.0,Female,Postpaid,High,20.9,1583,58.0,15.7,49,30.1,7.9,17,5130,0
SUB-302898,2019-10-01,Gujranwala,54.0,Male,PREPAID,Mid,1.9,295,24.0,15.9,411,40.4,5.6,1,1530,0
SUB-300394,2025-05-14,Peshawar,46.0,Male,Prepaid,Low,6.4,132,0.0,4.1,0,39.5,0.0,0,680,0
SUB-302210,2025-05-30,Rawalpindi,26.0,Male,Prepaid,Mid,65.9,51,53.0,59.6,1,62.1,77.3,0,1880,0
SUB-302347,2020-04-23,Gujranwala,35.0,Female,Prepaid,Mid,13.0,220,25.0,24.7,239,27.8,7.8,1,2110,0
SUB-300233,2022-11-12,Karachi,66.0,Male,Prepaid,Mid,0.5,0,0.0,18.3,2,33.9,1.2,0,500,0
SUB-303142,2024-04-19,Faisalabad,20.0,Female,Prepaid,High,80.0,123,24.0,51.4,8,71.4,46.1,0,1430,1
SUB-302523,2022-12-13,Lahore,25.0,Female,Prepaid,High,90.5,211,60.0,47.9,0,61.1,35.1,0,1620,1
SUB-301102,2021-10-21,Lahore,50.0,Male,Postpaid,Mid,10.2,389,15.0,24.3,337,43.3,9.8,2,1040,0
SUB-301381,2025-04-06,Karachi,34.0,Male,Postpaid,Mid,26.7,1411,42.0,17.8,34,24.5,11.0,10,4360,1
SUB-302689,2024-06-08,Lahore,37.0,Male,Prepaid,Low,4.0,78,4.0,4.8,2,27.6,0.1,0,620,0
SUB-300170,2017-02-24,Sialkot,51.0,Female,Prepaid,Mid,17.7,390,0.0,16.4,502,38.1,8.7,0,1220,0
SUB-302387,2017-07-31,Sialkot,37.0,Male,Prepaid,Low,3.3,195,30.0,2.8,1,45.8,1.7,0,450,1
SUB-302325,2023-08-28,Karachi,49.0,Male,Postpaid,High,32.8,1368,41.0,12.0,10,31.8,8.3,8,4200,2
SUB-301005,2020-10-03,Islamabad,20.0,Female,Postpaid,Low,40.6,263,41.0,27.8,0,75.0,37.4,0,1100,0
SUB-300319,2019-10-11,Quetta,36.0,Male,Prepaid,,9.1,101,,0.0,4,39.1,0.0,1,320,0
SUB-301608,2017-05-03,Lahore,25.0,Male,Prepaid,Mid,106.2,118,33.0,82.1,6,71.5,65.7,0,1660,0
SUB-302984,2021-10-02,Karachi,36.0,Male,Postpaid,High,21.4,1757,64.0,12.1,16,22.4,15.0,10,4910,0
SUB-302239,2021-11-02,Lahore,24.0,Male,Prepaid,Mid,133.7,224,50.0,58.7,0,46.7,58.2,0,2140,0
SUB-302231,2022-04-20,Lahore,55.0,Female,Postpaid,High,18.6,1410,74.0,18.2,12,35.6,7.8,9,2970,0
SUB-302565,2021-05-29,Lahore,46.0,Female,Postpaid,Mid,22.4,1296,59.0,10.7,13,36.7,20.1,7,5630,2
SUB-301003,2024-12-23,Multan,66.0,Male,Prepaid,Low,3.8,157,43.0,9.0,1,49.0,0.4,0,530,0
SUB-300574,2018-10-03,Gujranwala,27.0,Female,PREPAID,Mid,77.6,200,0.0,45.1,0,54.6,57.2,1,1890,0
SUB-301829,2018-07-26,Peshawar,27.0,Male,Prepaid,,82.4,85,33.0,59.6,3,67.0,75.4,0,2430,0
SUB-302245,2019-04-03,Karachi,34.0,Male,Postpaid,High,5.6,1584,40.0,1.8,54,9.4,3.1,7,2980,2
SUB-301602,2025-07-21,Multan,38.0,Male,Prepaid,Low,0.1,108,29.0,25.8,518,49.7,2.6,3,2250,1
SUB-300738,2021-10-19,Quetta,45.0,Male,Prepaid,,11.3,247,21.0,19.5,609,51.4,9.5,0,1380,1
SUB-303954,2024-01-04,Rawalpindi,49.0,Female,Postpaid,High,28.3,1738,69.0,12.4,23,19.1,4.4,7,7280,2
SUB-302252,2022-09-23,Islamabad,18.0,Male,Prepaid,Mid,117.0,251,81.0,62.9,1,70.2,46.7,0,2340,0
SUB-300903,2018-09-05,Islamabad,48.0,Female,Postpaid,Low,28.7,1022,107.0,7.9,10,19.2,8.4,4,3480,1
SUB-302340,2018-11-18,Islamabad,27.0,Female,Prepaid,High,54.1,88,4.0,55.2,6,79.0,,1,2230,0
SUB-302983,2025-04-11,Karachi,24.0,Female,Prepaid,High,40.4,205,22.0,40.5,0,51.5,80.8,0,1810,0
SUB-302663,2017-10-04,Lahore,44.0,Male,Prepaid,High,28.5,686,62.0,1.7,18,31.3,9.8,8,3070,4
SUB-303997,2020-10-10,Rawalpindi,49.0,Female,Prepaid,High,10.9,311,35.0,28.2,164,49.1,0.0,1,1580,0
SUB-303276,2017-05-26,Islamabad,28.0,Male,Prepaid,Mid,115.2,65,30.0,54.3,0,45.1,44.7,1,1900,0
SUB-303868,2019-04-18,Karachi,51.0,Male,Postpaid,Mid,22.1,1307,94.0,11.3,61,19.2,11.4,8,3950,1
SUB-303673,2020-01-08,Quetta,22.0,Female,Prepaid,Mid,69.0,169,35.0,63.4,0,59.2,24.8,0,2040,1
SUB-302343,2018-01-07,Peshawar,21.0,Male,Postpaid,Low,107.4,91,40.0,50.9,6,72.7,41.5,1,2330,0
SUB-303724,2024-04-12,Peshawar,,Female,Prepaid,Low,5.5,0,9.0,8.8,0,23.6,5.7,0,660,1
SUB-302088,2024-10-23,Rawalpindi,52.0,Male,Postpaid,Low,3.4,155,21.0,8.7,1,31.1,2.0,0,440,0
SUB-301327,2016-07-30,Rawalpindi,55.0,Male,Postpaid,High,8.3,1140,114.0,10.3,17,31.2,18.0,11,2940,0
SUB-302158,2017-07-18,Karachi,28.0,Male,Prepaid,High,72.6,359,,54.3,4,66.5,67.8,0,2070,0
SUB-300085,2018-07-03,Islamabad,27.0,Female,Prepaid,High,38.1,48,46.0,38.0,4,59.3,59.5,0,1600,0
SUB-303937,2023-08-27,Rawalpindi,55.0,Male,Prepaid,High,15.1,1583,83.0,20.8,31,9.7,8.0,10,4930,2
SUB-301262,2017-11-10,Lahore,23.0,Male,Prepaid,Mid,51.6,220,39.0,63.3,0,50.6,76.6,0,2670,0
SUB-302945,2022-09-24,Quetta,46.0,Female,Prepaid,Low,2.9,78,25.0,9.0,1,17.2,2.3,0,470,1
SUB-303472,2016-10-24,Lahore,53.0,Female,Postpaid,High,15.4,1433,61.0,9.2,6,30.0,9.8,6,3620,3
SUB-303598,2024-05-10,Rawalpindi,20.0,Male,Postpaid,Mid,83.0,270,5.0,44.4,0,61.2,56.5,0,1490,0
SUB-303806,2016-07-15,Lahore,41.0,Male,Postpaid,Mid,17.4,1547,39.0,5.6,37,20.6,13.1,6,5230,0
SUB-301723,2019-12-28,Mirpur,62.0,Male,Prepaid,Low,10.7,253,,13.8,89,38.8,2.4,1,2260,0
SUB-301544,2024-11-30,Lahore,22.0,Male,Prepaid,Low,93.9,134,75.0,72.7,2,50.7,61.1,0,1840,0
SUB-300067,2019-12-18,Peshawar,19.0,Female,Prepaid,High,100.9,306,44.0,64.4,2,62.5,44.6,0,2080,2
SUB-300813,2021-10-21,Faisalabad,25.0,Male,Prepaid,High,107.0,244,37.0,47.6,9,60.9,48.6,0,2140,0
SUB-303062,2020-06-06,Mirpur,51.0,Male,Prepaid,Low,2.1,207,35.0,9.8,1,29.8,0.9,0,420,0
SUB-303449,2025-08-26,Sialkot,51.0,Male,Postpaid,Mid,10.2,297,17.0,25.3,506,29.1,6.2,1,1240,0
SUB-300682,2022-09-07,Faisalabad,33.0,Male,Prepaid,Low,2.2,163,23.0,8.6,3,1.6,2.0,0,310,0
SUB-301466,2023-07-06,Karachi,24.0,Female,Postpaid,,77.2,219,0.0,55.0,5,78.3,42.9,1,2010,0
SUB-300416,2016-12-07,Faisalabad,62.0,Female,Prepaid,Low,8.8,213,21.0,12.4,435,16.2,2.4,1,1650,1
SUB-301330,2018-12-16,Multan,24.0,Male,Prepaid,Mid,62.9,210,53.0,71.4,5,44.5,92.9,0,1880,0
SUB-302121,2024-08-27,Islamabad,55.0,Male,Postpaid,High,18.0,1276,76.0,12.8,17,17.9,8.6,5,4730,0
SUB-303339,2025-01-21,Multan,39.0,Male,Prepaid,Low,1.8,175,9.0,1.5,0,57.7,0.6,0,480,0
SUB-302882,2016-12-22,Karachi,27.0,Male,Prepaid,Low,4.6,180,47.0,11.1,2,31.5,2.7,0,440,1
SUB-300360,2019-06-28,Quetta,53.0,Female,Prepaid,Low,0.1,161,0.0,22.3,0,19.5,3.7,0,200,0
SUB-302640,2019-07-29,Faisalabad,29.0,Male,Postpaid,High,16.8,1938,91.0,13.1,15,24.7,6.0,3,3860,0
SUB-301208,2023-09-03,Lahore,40.0,Male,Postpaid,Mid,20.8,2058,21.0,12.9,31,17.4,11.1,9,3990,0
SUB-303563,2025-01-30,Karachi,26.0,Female,Prepaid,High,89.0,237,46.0,69.4,5,58.0,40.8,1,2150,0
SUB-302751,2020-01-27,Lahore,21.0,Male,Prepaid,Low,119.4,143,34.0,46.0,1,46.7,72.4,0,1540,0
SUB-300258,2019-06-22,Karachi,24.0,Male,Prepaid,Mid,67.9,247,67.0,46.5,0,70.8,90.9,1,1960,0
SUB-303526,2019-04-08,Islamabad,49.0,Male,Prepaid,High,20.9,1609,123.0,13.0,33,34.9,7.1,9,3580,0
SUB-302427,2017-12-31,Lahore,49.0,Male,Postpaid,High,22.8,1193,71.0,5.8,6,31.9,8.3,14,3250,2
SUB-303151,2019-03-06,Gujranwala,19.0,Male,Prepaid,Mid,71.7,321,45.0,51.5,0,70.3,50.8,0,2120,1
SUB-303129,2026-04-09,Quetta,38.0,Female,Prepaid,Low,1.4,23,30.0,14.5,2,29.4,2.1,0,640,0
SUB-300144,2019-09-01,Karachi,34.0,Female,Postpaid,High,9.5,1693,43.0,8.0,0,22.2,6.6,17,4350,0
SUB-302311,2024-08-26,Lahore,34.0,Male,Postpaid,High,17.3,1893,125.0,9.6,39,32.6,6.2,17,4520,0
SUB-301316,2023-03-10,Islamabad,20.0,Male,Prepaid,Mid,30.9,323,50.0,45.2,8,46.0,75.7,0,1870,0
SUB-300905,2025-09-30,Karachi,53.0,Female,Postpaid,High,15.7,1115,20.0,7.1,22,37.4,9.1,9,4850,2
SUB-302601,2018-11-21,Peshawar,32.0,Female,Prepaid,Low,2.1,240,31.0,16.5,5,43.2,2.1,0,600,0
SUB-300019,2017-10-02,Karachi,55.0,Male,Postpaid,High,8.5,1399,57.0,20.4,0,28.8,2.0,12,4040,2
SUB-302237,2016-12-26,Lahore,36.0,Male,Postpaid,High,24.5,1095,79.0,8.6,37,29.6,15.3,7,4480,0
SUB-302954,2018-08-25,Gujranwala,56.0,Female,Prepaid,Low,2.9,275,49.0,11.6,2,42.6,1.2,0,570,2
SUB-302876,2017-11-04,Islamabad,20.0,Male,Prepaid,Mid,84.6,134,16.0,66.0,4,60.6,43.1,1,1970,0
SUB-301552,2017-12-09,Lahore,20.0,Male,Prepaid,Mid,81.2,286,31.0,52.7,6,74.2,56.6,0,2630,1
SUB-303662,2023-09-20,Faisalabad,63.0,Male,Prepaid,Low,2.2,197,52.0,15.1,0,36.4,1.0,0,470,0
SUB-300966,2024-01-23,Quetta,47.0,Male,Prepaid,Low,1.8,0,37.0,19.8,3,36.9,1.4,0,340,0
SUB-301311,2020-02-15,Karachi,23.0,Male,Prepaid,Low,2.0,202,45.0,8.0,0,0.0,1.8,0,410,0
SUB-303015,2018-08-24,Sialkot,23.0,Female,Prepaid,Mid,89.7,146,0.0,49.2,0,67.0,49.5,0,1930,0
SUB-300534,2021-01-12,Karachi,27.0,Male,Postpaid,Low,37.4,162,67.0,54.4,1,45.8,32.9,0,2160,0
SUB-300740,2024-05-26,Mirpur,43.0,Male,Prepaid,Mid,12.0,314,24.0,11.3,120,27.0,9.2,2,2850,1
SUB-300995,2019-09-27,Gujranwala,64.0,Male,Postpaid,Mid,3.9,4,8.0,12.8,0,36.5,1.3,0,720,0
SUB-301598,2022-05-04,Sialkot,49.0,Male,Postpaid,High,16.4,1128,57.0,15.1,47,30.6,10.0,11,1710,1
SUB-301435,2022-06-13,Islamabad,19.0,Female,Prepaid,Mid,54.6,349,75.0,56.4,8,46.6,73.8,1,2240,0
SUB-302798,2017-05-08,Faisalabad,41.0,Male,Prepaid,Mid,1.8,91,0.0,3.3,4,30.7,0.7,0,480,0
SUB-302491,2019-11-05,Peshawar,41.0,Female,Prepaid,Low,3.8,143,,19.5,0,1.7,2.8,0,210,0
SUB-303312,2021-12-06,Sialkot,58.0,Female,Postpaid,Low,18.6,410,,11.9,247,48.3,8.6,0,2090,0
SUB-300536,2019-12-09,Mirpur,,Male,Prepaid,Low,5.0,415,8.0,25.0,381,43.5,7.1,2,2000,0
SUB-302847,2023-04-07,Peshawar,25.0,Female,Prepaid,Low,2.1,129,61.0,4.3,0,23.0,2.4,0,270,0
SUB-303172,2017-04-02,Faisalabad,66.0,Female,Prepaid,Low,2.3,14,0.0,14.0,1,47.2,0.5,1,440,1
SUB-300337,2025-01-10,Rawalpindi,51.0,Male,Prepaid,Low,4.9,134,32.0,0.0,3,48.2,2.5,0,250,0
SUB-303110,2023-12-15,Lahore,43.0,Female,Prepaid,Mid,0.7,81,38.0,18.2,0,22.6,1.2,0,740,0
SUB-301367,2024-06-07,Multan,51.0,Male,Prepaid,Low,0.1,90,38.0,13.2,1,25.2,0.2,0,650,0
SUB-300560,2021-05-05,Peshawar,58.0,Male,Postpaid,Low,4.1,151,20.0,13.6,0,44.0,0.0,0,480,0
SUB-301205,2016-09-03,Faisalabad,,Male,Prepaid,Mid,6.8,129,51.0,16.6,1,5.6,2.3,1,520,1
SUB-303376,2025-01-21,Rawalpindi,18.0,Male,Prepaid,High,47.0,155,61.0,56.4,3,64.7,39.3,0,860,0
SUB-302825,2022-01-19,Lahore,21.0,Male,Postpaid,,101.7,361,0.0,68.2,0,45.9,,0,950,0
SUB-303360,2023-12-23,Mirpur,51.0,Male,Prepaid,Low,2.3,230,0.0,6.0,2,43.2,0.6,0,480,0
SUB-302883,2017-01-08,Gujranwala,47.0,Female,Prepaid,Mid,16.2,246,24.0,25.4,385,19.6,0.7,0,1610,2
SUB-301699,2025-09-28,Karachi,19.0,Female,Postpaid,High,94.0,126,0.0,55.2,0,64.9,54.7,2,2250,1
SUB-303935,2018-01-31,Karachi,35.0,Female,Prepaid,Low,5.7,271,9.0,20.4,364,35.0,3.1,2,2260,0
SUB-302123,2020-08-06,Multan,28.0,Male,Prepaid,Mid,50.9,171,7.0,54.5,5,56.1,77.8,1,2420,0
SUB-301953,2018-10-06,Gujranwala,51.0,Male,PREPAID,,1.8,62,52.0,13.3,0,8.8,1.7,0,420,0
SUB-302665,2023-02-20,Peshawar,27.0,Female,Prepaid,Low,4.3,77,6.0,17.5,0,18.0,1.0,0,340,0
SUB-302598,2021-04-13,Faisalabad,62.0,Male,Prepaid,Low,1.7,135,53.0,13.1,1,5.9,0.6,0,210,0
SUB-300426,2024-05-26,Karachi,46.0,Male,Postpaid,High,18.3,1553,24.0,15.1,44,37.4,2.7,18,5680,0
SUB-302243,2019-05-14,Gujranwala,34.0,Male,Prepaid,Low,2.7,0,0.0,9.0,2,31.9,1.4,0,450,2
SUB-300690,2023-02-05,Peshawar,39.0,Female,Postpaid,Mid,0.1,798,117.0,3.7,16,21.0,10.2,8,5170,0
SUB-302880,2025-05-27,Multan,36.0,Female,Prepaid,Low,0.1,183,34.0,10.9,0,41.8,0.4,0,210,2
SUB-303075,2017-05-10,Lahore,56.0,Male,Prepaid,Low,2.8,118,14.0,9.7,1,40.8,2.7,0,630,1
SUB-302439,2020-06-17,Gujranwala,25.0,Male,PREPAID,High,93.5,122,19.0,39.0,0,62.3,56.3,0,1880,0
SUB-301736,2023-03-26,Sialkot,69.0,Male,Postpaid,Low,6.3,167,13.0,19.0,2,25.4,2.7,0,470,0
SUB-300055,2025-07-17,Faisalabad,22.0,Male,Prepaid,Low,2.8,168,33.0,5.5,1,31.7,1.5,0,550,0
SUB-300279,2020-05-14,Peshawar,51.0,Male,PREPAID,Low,0.1,138,4.0,11.1,0,31.3,0.5,0,340,0
SUB-302320,2025-01-17,Gujranwala,32.0,Male,Prepaid,Mid,0.9,236,17.0,10.8,0,31.9,4.2,1,540,1
SUB-300973,2024-06-04,Quetta,25.0,Female,Prepaid,Low,0.4,112,13.0,5.6,5,48.6,2.1,0,410,0
SUB-301737,2017-12-04,Lahore,34.0,Female,Prepaid,Mid,6.1,123,13.0,11.6,4,27.7,0.9,0,310,0
SUB-300274,2017-04-30,Sialkot,134.0,Male,Prepaid,Mid,4.5,198,0.0,23.5,317,56.1,8.9,1,1800,0
SUB-300352,2019-04-14,Islamabad,48.0,Male,Prepaid,High,25.7,1411,70.0,12.6,21,18.9,2.6,7,4820,0
SUB-301365,2023-05-30,Lahore,36.0,Female,Prepaid,Mid,10.0,269,11.0,19.1,319,14.3,0.2,2,1790,0
SUB-302757,2024-03-19,Islamabad,30.0,Male,Postpaid,Mid,17.5,924,54.0,12.6,13,33.1,6.6,11,2300,3
SUB-303465,2021-10-07,Sialkot,42.0,Male,Prepaid,Low,2.9,256,23.0,18.8,1,49.8,0.6,0,500,0
SUB-303353,2023-08-06,Lahore,32.0,Male,Postpaid,Mid,21.9,1431,97.0,0.8,38,35.4,7.1,8,2750,2
SUB-302050,2019-06-20,Faisalabad,23.0,Female,Prepaid,Mid,76.3,204,20.0,58.6,0,57.5,77.9,0,1650,0
SUB-300105,2019-05-16,Rawalpindi,23.0,Female,Prepaid,,4.5,187,27.0,1.7,0,1.2,3.0,0,420,1
SUB-302669,2022-05-07,Gujranwala,25.0,Male,Prepaid,Low,102.4,113,52.0,44.5,3,69.7,68.1,0,1640,0
SUB-301155,2019-01-11,Faisalabad,22.0,Female,Postpaid,Mid,4.6,199,33.0,4.4,0,10.8,1.6,0,280,0
SUB-302154,2025-06-08,Multan,22.0,Female,Prepaid,Low,7.5,100,41.0,4.7,0,14.2,4.9,0,440,1
SUB-303827,2018-01-27,Karachi,28.0,Male,Postpaid,High,21.4,1481,88.0,13.7,17,9.4,3.5,11,4780,3
SUB-301514,2023-10-29,Sialkot,19.0,Male,Prepaid,High,75.1,176,26.0,75.4,0,63.1,51.0,1,1640,0
SUB-301537,2016-07-20,Quetta,48.0,Male,Prepaid,High,11.1,337,23.0,27.5,585,27.2,6.1,0,2050,0
SUB-303989,2019-01-23,Faisalabad,51.0,Male,Postpaid,Low,39.9,1683,105.0,10.0,33,17.4,10.4,8,2270,0
SUB-302408,2017-06-23,Islamabad,62.0,Female,Prepaid,Low,3.0,227,26.0,4.3,1,41.5,1.5,0,280,0
SUB-300932,2019-11-03,Gujranwala,38.0,Female,Prepaid,Low,1.4,139,43.0,9.2,4,43.9,0.1,1,380,0
SUB-303529,2024-12-26,Multan,53.0,Female,Postpaid,High,10.2,1595,18.0,8.9,41,32.3,8.8,11,5810,2
SUB-303471,2019-02-22,Mirpur,57.0,Female,Prepaid,Low,4.1,89,36.0,4.8,0,27.4,0.0,0,480,0
SUB-300723,2019-11-08,Islamabad,18.0,Male,Prepaid,Mid,103.7,158,63.0,51.2,8,61.2,52.4,0,2170,0
SUB-303305,2020-04-01,Lahore,24.0,Male,Postpaid,Low,79.9,261,14.0,25.6,7,58.2,61.0,0,1660,1
SUB-301235,2024-08-17,Sialkot,43.0,Male,Postpaid,Mid,8.1,244,27.0,8.2,300,37.1,4.1,1,2240,0
SUB-302127,2025-11-10,Lahore,42.0,Female,Postpaid,High,34.4,1738,25.0,12.6,22,11.2,8.4,5,2910,0
SUB-300664,2020-01-28,Karachi,51.0,Female,Prepaid,Low,4.3,215,40.0,13.7,1,48.4,3.5,0,510,0
SUB-300659,2020-03-18,Islamabad,19.0,Male,Prepaid,Mid,65.2,138,39.0,73.2,6,65.9,51.7,1,1990,0
SUB-300549,2023-03-31,Gujranwala,22.0,Male,Prepaid,High,103.5,144,,48.1,2,47.1,71.1,0,2090,0
SUB-301696,2016-11-05,Faisalabad,22.0,Male,Prepaid,Low,5.3,153,40.0,10.2,2,27.1,0.5,0,560,1
SUB-301679,2016-09-07,Sialkot,44.0,Male,Postpaid,High,6.8,192,,23.7,82,50.5,5.0,0,2390,0
SUB-303700,2018-06-01,Karachi,19.0,Female,Prepaid,Mid,93.7,192,10.0,48.0,0,54.8,43.0,0,2000,0
SUB-303056,2024-11-27,Rawalpindi,20.0,Female,Prepaid,Low,44.3,298,76.0,50.3,0,54.3,70.2,0,2100,2
SUB-301977,2020-10-15,Sialkot,55.0,Male,Prepaid,Low,3.3,80,26.0,12.8,1,43.6,0.8,0,410,0
SUB-302140,2017-03-30,Faisalabad,41.0,Male,Prepaid,Low,3.5,168,23.0,12.3,4,20.5,0.5,0,470,0
SUB-302166,2019-07-22,Rawalpindi,37.0,Male,Prepaid,Mid,3.9,107,,18.9,1,10.2,3.2,0,460,1
SUB-303102,2018-06-23,Karachi,69.0,Female,Prepaid,,5.4,178,46.0,4.8,4,38.3,2.4,0,630,0
SUB-301628,2016-11-17,Rawalpindi,29.0,Male,Postpaid,High,22.8,1316,130.0,6.5,15,35.5,15.4,8,3890,0
SUB-301266,2017-12-19,Peshawar,19.0,Female,Prepaid,High,39.8,165,15.0,45.8,4,50.6,76.4,0,2670,0
SUB-300689,2017-06-20,Mirpur,48.0,Male,Postpaid,Low,9.7,394,1.0,9.2,251,40.1,3.1,0,3430,1
SUB-301949,2024-10-05,Lahore,38.0,Male,Postpaid,High,28.3,774,44.0,5.7,21,22.6,2.8,13,3180,1
SUB-302020,2021-07-31,Rawalpindi,,Male,Prepaid,High,123.6,211,23.0,51.3,7,59.8,53.2,0,2180,0
SUB-300392,2021-05-13,Karachi,,Male,Prepaid,Low,2.8,163,11.0,17.8,0,52.2,3.0,0,560,0
SUB-301843,2024-04-27,Karachi,29.0,Male,Postpaid,High,22.1,1737,107.0,0.0,55,28.0,12.7,10,4670,2
SUB-300155,2023-01-02,Karachi,27.0,Male,Prepaid,High,38.9,159,40.0,40.8,1,50.9,,0,1100,1
SUB-303754,2017-03-05,Mirpur,26.0,Female,Prepaid,Mid,46.2,242,39.0,57.8,3,65.1,17.8,0,2090,1
SUB-303803,2025-07-24,Peshawar,26.0,Male,Prepaid,High,125.7,181,35.0,57.4,0,61.6,69.9,0,1810,0
SUB-300674,2022-05-07,Rawalpindi,28.0,Male,Postpaid,High,21.0,1546,20.0,7.4,30,22.8,3.1,14,5540,2
SUB-302940,2026-02-16,Mirpur,33.0,Female,Prepaid,Low,4.0,40,0.0,13.1,1,42.5,2.6,0,470,1
SUB-300773,2020-07-11,Lahore,41.0,Male,Prepaid,Low,27.5,1407,98.0,10.5,6,20.7,15.3,6,2200,1
SUB-301806,2025-02-27,Faisalabad,21.0,Male,Prepaid,High,6.2,160,0.0,14.0,0,31.0,0.0,0,380,0
SUB-303390,2024-12-16,Karachi,19.0,Female,Prepaid,Low,108.2,250,0.0,37.2,8,77.9,60.0,0,2220,1
SUB-300849,2016-12-30,Quetta,39.0,Male,Prepaid,Low,4.1,187,13.0,11.0,3,40.8,0.3,0,420,0
SUB-303244,2022-10-07,Islamabad,23.0,Female,Prepaid,High,42.9,311,0.0,45.1,0,48.7,85.0,1,1570,0
SUB-302579,2020-08-08,Sialkot,67.0,Female,Prepaid,Low,4.7,181,64.0,11.5,0,20.7,1.1,0,400,1
SUB-302161,2018-12-02,Karachi,27.0,Female,Prepaid,Mid,79.0,170,41.0,61.0,0,68.3,61.9,0,2170,0
SUB-302111,2016-09-03,Sialkot,25.0,Female,Prepaid,Low,3.3,89,27.0,5.2,5,8.3,0.1,0,380,1
SUB-300640,2020-08-28,Lahore,50.0,Male,Postpaid,High,35.2,1731,68.0,11.0,16,36.4,10.8,7,4820,0
SUB-302814,2020-09-18,Lahore,41.0,Female,Prepaid,Mid,21.9,1117,88.0,6.8,31,32.0,6.1,11,5760,1
SUB-301259,2018-10-04,Lahore,61.0,Male,Prepaid,Low,0.5,0,14.0,8.9,0,45.7,0.7,0,420,1
SUB-303634,2021-01-03,Quetta,33.0,Male,Prepaid,Low,3.9,269,11.0,9.4,0,8.4,2.0,0,220,1
SUB-301944,2021-08-26,Sialkot,49.0,Male,Prepaid,Low,14.3,395,0.0,18.6,172,48.2,1.6,0,2470,0
SUB-302627,2018-07-19,Islamabad,18.0,Male,Prepaid,Mid,113.0,269,0.0,53.5,2,58.4,77.6,1,2450,1
SUB-301082,2025-02-25,Faisalabad,24.0,Female,Postpaid,High,40.9,137,19.0,42.4,9,55.4,82.2,1,3130,1
SUB-302150,2024-05-28,Lahore,24.0,Male,Prepaid,Mid,55.2,45,60.0,50.8,2,65.7,47.3,1,1900,0
SUB-301434,2020-03-02,Peshawar,,Male,Prepaid,Mid,1.7,83,46.0,2.2,0,19.6,1.9,0,460,1
SUB-301932,2019-09-18,Gujranwala,21.0,Female,Prepaid,Low,5.8,187,55.0,1.6,3,2.2,0.0,0,440,0
SUB-301554,2023-08-01,Karachi,,Female,Postpaid,Low,66.7,69,49.0,47.7,3,54.8,63.4,1,1260,1
SUB-303389,2023-05-31,Peshawar,43.0,Male,Prepaid,Low,0.8,84,55.0,10.9,0,0.0,0.9,0,480,1
SUB-301526,2023-09-08,Islamabad,44.0,Female,Postpaid,Mid,28.4,1872,,15.7,0,21.5,0.0,11,1840,0
SUB-303401,2017-03-30,Rawalpindi,,Female,Postpaid,Low,6.4,150,39.0,3.4,1,21.5,0.9,0,290,0
SUB-300557,2024-07-22,Lahore,52.0,Male,Prepaid,Low,4.6,160,20.0,13.7,1,16.9,0.0,0,680,1
SUB-302190,2022-06-04,Peshawar,22.0,Female,Prepaid,High,92.7,151,87.0,57.8,5,59.9,46.2,0,2390,0
SUB-301542,2022-02-14,Mirpur,48.0,Female,Prepaid,Low,0.3,138,23.0,20.8,0,5.0,,0,480,2
SUB-301621,2017-07-29,Rawalpindi,34.0,Male,Postpaid,High,17.2,1746,43.0,2.9,41,26.5,11.6,9,6120,2
SUB-303288,2025-08-26,Karachi,24.0,Male,Prepaid,Mid,88.0,118,66.0,57.1,7,75.7,61.3,0,1860,0
SUB-300261,2021-05-11,Faisalabad,30.0,Male,Prepaid,Low,3.2,195,45.0,16.0,2,1.8,0.4,0,680,1
SUB-300083,2017-11-02,Lahore,29.0,Female,Postpaid,,32.8,1223,88.0,15.6,0,28.5,3.0,4,5520,1
SUB-301450,2024-03-13,Islamabad,22.0,Female,Postpaid,Mid,69.0,141,67.0,48.1,5,68.2,68.2,0,1880,1
SUB-302786,2021-05-11,Islamabad,39.0,Female,Postpaid,Mid,13.9,1318,71.0,14.8,61,23.4,18.2,11,3140,1
SUB-301933,2019-08-26,Sialkot,48.0,Female,Prepaid,Low,11.3,201,31.0,22.9,345,59.9,15.2,1,2620,1
SUB-303442,2024-03-27,Quetta,44.0,Male,Prepaid,Low,1.3,164,31.0,10.7,3,20.9,2.2,0,220,0
SUB-302976,2020-05-11,Rawalpindi,69.0,Male,Prepaid,Low,2.4,211,54.0,7.9,0,25.9,0.0,0,450,0
SUB-300300,2018-03-17,Sialkot,40.0,Male,Postpaid,Mid,11.1,316,19.0,9.0,342,34.0,3.9,1,1210,0
SUB-300535,2019-03-26,Multan,63.0,Female,Prepaid,Low,2.8,140,7.0,18.6,0,46.3,1.0,0,320,0
SUB-300152,2020-12-06,Karachi,33.0,Male,Postpaid,Mid,37.2,1028,60.0,0.0,18,45.1,3.7,13,5610,0
SUB-300235,2025-07-18,Lahore,38.0,Male,Prepaid,Low,1.9,70,11.0,1.2,3,43.7,1.3,0,470,0
SUB-303314,2020-02-01,Quetta,47.0,Female,Prepaid,Low,2.7,67,54.0,16.4,3,30.3,0.1,0,110,1
SUB-302131,2021-01-07,Lahore,22.0,Female,Prepaid,Mid,60.1,203,69.0,44.4,6,72.4,73.8,0,1770,1
SUB-300188,2019-01-04,Peshawar,23.0,Male,Prepaid,High,82.7,185,65.0,35.4,6,45.4,85.1,2,1770,0
SUB-300886,2025-01-01,Sialkot,24.0,Female,Prepaid,Mid,50.9,60,78.0,48.5,12,69.6,82.1,0,1810,0
SUB-302377,2023-09-16,Faisalabad,67.0,Male,Prepaid,Low,1.9,37,0.0,8.1,0,57.4,,0,260,2
SUB-302852,2025-03-15,Karachi,23.0,Male,Prepaid,High,66.5,235,75.0,26.0,0,65.7,7.2,0,1260,0
SUB-302848,2020-07-21,Multan,20.0,Male,Postpaid,High,90.3,276,29.0,55.4,0,63.1,83.5,0,2610,0
SUB-302649,2016-07-12,Lahore,34.0,Female,Postpaid,High,27.1,1493,42.0,17.2,0,9.1,17.8,4,3630,3
SUB-302108,2019-06-13,Karachi,34.0,Female,Prepaid,Low,9.2,316,14.0,6.2,577,12.5,15.2,2,1690,0
SUB-303120,2022-07-15,Lahore,41.0,Male,Prepaid,Mid,0.5,138,65.0,5.5,0,23.5,0.0,1,200,1
SUB-301121,2025-12-05,Lahore,53.0,Male,Postpaid,High,22.9,883,38.0,23.4,26,30.5,11.2,6,4770,2
SUB-303229,2022-09-25,Sialkot,30.0,Female,Prepaid,Low,4.0,199,,9.3,1,38.8,0.0,0,640,1
SUB-303238,2025-06-21,Lahore,36.0,Female,Postpaid,Mid,19.2,1453,82.0,14.9,36,26.5,2.1,11,4860,2
SUB-302447,2019-12-11,Gujranwala,47.0,Male,Postpaid,High,16.8,1367,55.0,26.1,0,38.6,0.0,13,4330,1
SUB-302279,2020-01-27,Gujranwala,68.0,Female,Prepaid,Low,1.2,218,51.0,17.6,2,8.6,0.0,0,580,1
SUB-302097,2018-06-03,Mirpur,26.0,Male,Postpaid,High,112.0,272,42.0,50.7,0,57.8,57.3,0,1810,0
SUB-301036,2023-07-26,Quetta,62.0,Female,Prepaid,Mid,4.7,29,37.0,14.2,291,29.1,6.4,2,1570,1
SUB-302179,2021-04-07,Mirpur,39.0,Male,Postpaid,High,12.1,1115,97.0,9.5,20,19.4,11.1,7,3950,2
SUB-303392,2019-06-06,Karachi,65.0,Male,Prepaid,Low,13.6,303,47.0,22.4,619,33.6,7.2,1,2060,0
SUB-303572,2024-11-22,Quetta,56.0,Female,Prepaid,Low,4.8,126,18.0,14.2,0,23.8,0.6,0,420,0
SUB-301971,2020-12-31,Quetta,27.0,Female,Prepaid,High,112.4,103,42.0,62.4,9,88.3,88.9,0,340,0
SUB-301247,2019-06-17,Islamabad,20.0,Female,Prepaid,Mid,97.9,198,52.0,59.2,0,62.3,43.8,0,1990,0
SUB-301559,2019-12-29,Karachi,27.0,Female,Prepaid,Low,0.1,213,43.0,52.1,2,48.6,52.3,0,1880,0
SUB-303661,2022-04-24,Lahore,26.0,Female,Prepaid,Mid,73.0,182,71.0,60.6,2,48.0,75.6,0,2540,0
SUB-301975,2024-11-04,Faisalabad,26.0,Male,Prepaid,Mid,61.8,212,106.0,67.7,4,73.0,,0,1380,0
SUB-303064,2022-07-14,Gujranwala,44.0,Male,Prepaid,Low,1.4,58,43.0,5.2,4,32.5,0.0,0,470,1
SUB-301392,2023-05-20,Islamabad,23.0,Male,Prepaid,Mid,84.1,51,63.0,59.2,0,73.9,101.5,0,1770,0
SUB-300225,2017-10-22,Multan,68.0,Male,Prepaid,Low,3.7,126,72.0,14.0,4,30.6,3.8,0,400,2
SUB-303758,2021-03-15,Multan,28.0,Male,Prepaid,Low,1.2,108,24.0,12.5,0,16.1,4.3,0,430,1
SUB-303735,2023-03-06,Mirpur,52.0,Female,Prepaid,Mid,11.0,350,18.0,19.2,56,50.6,9.7,1,1700,1
SUB-301177,2020-04-10,Quetta,26.0,Female,Prepaid,Mid,74.4,147,10.0,34.4,0,55.1,60.3,0,1960,0
SUB-303695,2024-12-09,Sialkot,54.0,Male,Prepaid,Low,3.2,159,53.0,24.0,0,16.5,2.1,0,290,0
SUB-301531,2016-07-12,Karachi,18.0,Male,Prepaid,Low,106.9,229,37.0,44.8,5,70.6,58.0,0,830,1
SUB-300734,2023-02-06,Quetta,25.0,Male,Prepaid,Mid,63.2,160,95.0,40.5,3,45.8,39.8,1,1300,0
SUB-302650,2025-04-24,Quetta,46.0,Male,Prepaid,Mid,9.0,183,26.0,24.5,323,53.1,3.0,3,1410,0
SUB-302394,2018-07-13,Karachi,35.0,Female,Prepaid,High,12.0,1798,54.0,7.7,48,26.7,1.5,11,4500,0
SUB-301534,2020-07-19,Sialkot,44.0,Male,Prepaid,High,10.4,217,24.0,9.2,470,36.8,6.6,0,2090,0
SUB-302575,2018-11-14,Multan,26.0,Male,Prepaid,Low,89.8,214,41.0,55.9,0,57.6,64.3,0,2310,0
SUB-303277,2021-09-22,Islamabad,41.0,Male,Postpaid,Mid,29.4,1636,22.0,14.4,73,32.7,0.0,5,4030,1
SUB-301597,2020-02-24,Gujranwala,47.0,Male,Prepaid,High,20.4,294,20.0,9.2,287,38.2,11.5,1,1560,0
SUB-303597,2018-03-04,Lahore,32.0,Male,Postpaid,High,4.7,243,8.0,16.1,185,51.6,3.4,2,2040,1
SUB-301068,2017-04-14,Sialkot,58.0,Male,Prepaid,Low,0.4,134,40.0,0.0,1,0.0,0.5,0,380,0
SUB-302927,2018-11-21,Karachi,22.0,Male,Postpaid,High,85.7,98,44.0,53.9,0,55.0,78.1,1,1870,0
SUB-303609,2025-06-24,Mirpur,44.0,Male,Prepaid,Mid,9.3,58,21.0,38.0,150,33.8,5.7,1,1990,0
SUB-300918,2021-07-01,Lahore,62.0,Female,Prepaid,Low,6.8,108,64.0,0.0,0,26.9,1.8,0,460,0
SUB-302633,2025-01-18,Mirpur,,Male,Prepaid,Mid,0.6,168,38.0,17.3,252,33.3,5.1,0,1350,0
SUB-301451,2017-02-27,Lahore,18.0,Male,Prepaid,Mid,45.1,220,14.0,34.1,7,60.9,46.6,0,1490,0
SUB-301354,2018-12-16,Rawalpindi,30.0,Female,Postpaid,High,22.2,1695,67.0,28.7,59,13.7,2.1,4,3460,2
SUB-300999,2021-09-22,Multan,24.0,Female,Prepaid,High,56.7,86,44.0,66.4,0,89.5,34.7,0,2230,0
SUB-301052,2019-05-25,Gujranwala,52.0,Male,Prepaid,Mid,4.1,168,4.0,5.8,1,40.5,2.7,0,410,1
SUB-303139,2018-07-11,Peshawar,66.0,Female,Prepaid,High,2.9,148,43.0,7.5,1,32.8,,0,540,0
SUB-302040,2020-05-24,Rawalpindi,24.0,Female,Prepaid,High,3.8,126,5.0,14.1,0,24.6,1.8,1,430,1
SUB-301408,2024-07-17,Lahore,46.0,Male,Postpaid,Mid,26.8,1903,52.0,17.7,0,26.7,9.8,11,3350,0
SUB-300091,2020-04-24,Lahore,34.0,Male,Postpaid,High,17.6,1084,65.0,11.4,4,30.3,5.6,7,4680,1
SUB-303792,2018-10-16,Lahore,39.0,Male,Prepaid,Low,2.8,91,,3.4,0,43.9,0.3,0,280,1
SUB-300615,2022-05-29,Sialkot,39.0,Female,Prepaid,Low,9.2,313,16.0,10.2,536,57.5,4.0,3,2100,1
SUB-302308,2018-10-20,Multan,42.0,Male,Postpaid,Mid,19.4,1817,69.0,14.3,34,23.5,9.9,12,4090,0
SUB-300056,2022-03-08,Rawalpindi,22.0,Female,Prepaid,High,46.8,239,0.0,70.1,0,53.9,76.7,0,2250,0
SUB-300114,2022-09-13,Quetta,63.0,Male,Prepaid,High,0.4,146,26.0,14.3,0,42.0,0.9,0,500,0
SUB-301119,2019-12-17,Gujranwala,28.0,Female,Prepaid,Mid,21.3,119,49.0,52.4,4,56.9,75.1,0,2030,0
SUB-300540,2023-09-13,Lahore,51.0,Male,Postpaid,High,11.6,254,91.0,10.1,34,5.9,5.5,12,2960,3
SUB-300359,2024-06-12,Lahore,39.0,Female,Prepaid,Low,6.6,193,0.0,19.9,0,21.5,0.4,0,530,0
SUB-303751,2024-02-19,Karachi,43.0,Male,Prepaid,High,0.1,1100,38.0,10.5,0,24.9,8.3,8,6070,0
SUB-303385,2026-04-06,Mirpur,64.0,Female,Prepaid,Mid,3.7,49,19.0,12.3,0,64.4,6.2,0,500,1
SUB-300342,2026-01-29,Karachi,34.0,Female,Postpaid,High,18.3,1289,89.0,13.3,21,30.0,,9,3300,2
SUB-302028,2018-07-01,Sialkot,51.0,Male,Prepaid,Mid,2.4,161,64.0,17.3,1,5.9,0.0,0,520,0
SUB-303003,2023-07-13,Peshawar,48.0,Male,Postpaid,Mid,9.7,268,0.0,27.6,323,29.3,1.7,2,1980,2
SUB-301447,2026-02-04,Karachi,65.0,Female,Prepaid,Low,3.5,181,23.0,9.1,1,35.4,2.0,0,330,0
SUB-300063,2025-05-10,Gujranwala,,Male,Postpaid,High,13.6,1006,45.0,10.5,34,26.1,0.0,16,4580,1
SUB-301267,2017-09-26,Islamabad,41.0,Female,Postpaid,Mid,24.5,1381,41.0,9.7,44,31.8,0.7,8,3650,0
SUB-301355,2023-04-27,Faisalabad,25.0,Male,Postpaid,Low,0.4,26,,12.8,0,20.7,5.0,0,680,0
SUB-302453,2023-07-01,Islamabad,22.0,Male,Postpaid,Mid,72.4,211,63.0,66.2,4,95.0,51.5,0,1980,0
SUB-302986,2026-02-24,Sialkot,22.0,Male,Postpaid,High,100.4,36,17.0,47.7,6,58.4,63.4,1,1700,0
SUB-302972,2025-12-15,Multan,22.0,Male,Prepaid,High,75.3,237,0.0,61.1,10,57.3,68.2,0,2030,1
SUB-303544,2023-06-23,Gujranwala,32.0,Female,Prepaid,Mid,6.5,160,0.0,13.1,0,49.1,,0,420,1
SUB-301613,2023-03-13,Rawalpindi,50.0,Male,Prepaid,High,14.2,1927,121.0,11.8,19,18.5,4.2,5,5490,1
SUB-301095,2022-10-16,Karachi,,Male,Prepaid,High,82.4,103,81.0,54.4,4,73.6,108.7,0,1980,0
SUB-302955,2024-05-18,Peshawar,53.0,Female,Postpaid,High,10.4,1426,82.0,9.9,18,25.7,16.4,6,4340,2
SUB-303316,2017-01-16,Sialkot,24.0,Male,Postpaid,Mid,82.0,170,10.0,54.8,0,66.3,34.5,1,2600,0
SUB-303344,2025-04-26,Multan,63.0,Female,Prepaid,Low,0.1,83,65.0,8.1,0,15.6,0.0,0,270,0
SUB-303107,2020-04-06,Islamabad,26.0,Male,Prepaid,Mid,51.4,148,,57.0,0,54.9,44.7,0,1280,0
SUB-301225,2022-10-30,Peshawar,40.0,Female,Prepaid,Low,1.6 GB,162,34.0,1.7,1,16.9,2.2,0,410,0
SUB-303047,2016-08-25,Gujranwala,44.0,Female,Prepaid,Low,3.9,154,0.0,16.5,1,28.1,0.0,0,580,0
SUB-302193,2022-07-01,Peshawar,19.0,Male,Prepaid,Mid,72.8,222,43.0,70.9,0,73.2,57.0,1,1770,0
SUB-301341,2025-01-03,Lahore,61.0,Female,Prepaid,Low,3.7,182,23.0,12.1,1,25.8,,0,720,0
SUB-300692,2018-06-01,Faisalabad,51.0,Female,Prepaid,Low,5.0,104,69.0,9.4,0,43.0,1.8,0,220,0
SUB-302889,2020-06-30,Islamabad,48.0,Male,Postpaid,High,22.7,983,99.0,11.0,17,14.1,5.2,7,2600,1
SUB-302921,2018-07-15,Gujranwala,28.0,Male,Prepaid,High,69.6,189,41.0,73.9,0,59.5,63.8,1,2150,0
SUB-303256,2016-11-04,Peshawar,21.0,Male,Prepaid,Low,0.6,150,69.0,12.6,0,21.3,0.0,0,360,0
SUB-301801,2017-03-08,Lahore,44.0,Female,Prepaid,Low,1.0,127,17.0,9.9,3,22.5,2.5,0,200,0
SUB-301308,2018-10-02,Lahore,22.0,Female,Prepaid,High,59.6,179,45.0,53.3,10,74.0,63.0,0,2170,1
SUB-302666,2016-10-19,Karachi,32.0,Male,Postpaid,Low,13.2,1628,,6.6,29,12.8,5.3,16,4210,1
SUB-300618,2023-01-13,Rawalpindi,26.0,Male,Prepaid,Mid,25.3,102,36.0,60.3,1,59.1,74.7,1,2560,0
SUB-302711,2018-08-11,Karachi,49.0,Male,Prepaid,Low,2.6,0,22.0,20.0,0,30.6,0.6,0,550,0
SUB-303892,2022-03-17,Gujranwala,29.0,Male,Prepaid,Mid,0.4,194,0.0,9.3,2,47.4,1.4,0,420,0
SUB-303146,2016-10-06,Lahore,38.0,Male,Prepaid,Low,7.5,116,14.0,0.0,1,27.3,3.9,0,480,0
SUB-300553,2023-01-09,Faisalabad,69.0,Male,Prepaid,Low,2.2,141,16.0,18.6,0,27.0,0.0,0,360,0
SUB-301445,2017-10-16,Faisalabad,19.0,Male,Prepaid,Mid,73.9,205,36.0,51.0,1,55.1,106.7,0,1010,0
SUB-300176,2016-07-19,Gujranwala,22.0,Male,Prepaid,Low,4.5,133,17.0,16.1,0,32.2,0.5,0,590,0
SUB-300780,2020-07-15,Lahore,23.0,Female,Prepaid,Low,2.0,109,64.0,3.6,0,20.1,2.3,0,500,1
SUB-302923,2016-09-11,Karachi,18.0,Male,Prepaid,Mid,58.4,83,26.0,51.6,4,61.0,60.0,0,1870,0
SUB-300732,2020-01-20,Mirpur,47.0,Male,Postpaid,Low,15.8,297,29.0,26.6,235,41.7,6.5,1,1500,0
SUB-300329,2020-10-13,Sialkot,54.0,Male,Prepaid,Low,9.5,179,17.0,15.9,155,33.4,0.0,1,1170,0
SUB-300822,2025-04-23,Rawalpindi,54.0,Male,Postpaid,Mid,0.1,1193,47.0,19.5,38,24.6,25.9,15,1570,1
SUB-303911,2019-12-01,Quetta,,Male,Prepaid,Low,0.1,44,13.0,0.0,4,26.4,1.9,0,510,0
SUB-302437,2025-06-23,Lahore,,Male,Postpaid,Mid,13.2,243,26.0,8.3,288,47.0,4.8,2,1270,2
SUB-302793,2024-02-06,Lahore,50.0,Female,Postpaid,Low,6.4,1410,,16.1,38,28.2,10.5,7,3630,0
SUB-301193,2023-02-03,Karachi,36.0,Female,Postpaid,Mid,22.3,1302,70.0,5.1,30,21.5,14.2,11,5520,1
SUB-301599,2019-03-01,Sialkot,23.0,Male,Prepaid,Low,115.6,138,16.0,42.2,0,56.6,32.2,0,2000,2
SUB-301731,2018-11-18,Karachi,25.0,Male,Prepaid,Mid,72.0,169,64.0,43.8,1,51.4,56.5,1,1520,0
SUB-302064,2021-05-29,Rawalpindi,35.0,Female,Postpaid,High,3.0,319,4.0,17.2,274,51.4,8.8,0,2390,2
SUB-300373,2018-09-25,Karachi,23.0,Female,Postpaid,Low,70.0,443,57.0,52.3,8,70.5,49.1,0,2170,0
SUB-303076,2026-01-03,Karachi,22.0,Male,Prepaid,Mid,78.9,215,31.0,42.8,4,84.9,31.6,0,2180,1
SUB-300081,2020-08-19,Quetta,20.0,Male,Prepaid,Mid,70.7,95,0.0,50.6,10,58.3,56.5,0,1640,0
SUB-300177,2023-01-08,Rawalpindi,62.0,Male,Prepaid,Low,4.4,130,26.0,10.2,1,62.5,0.6,0,490,0
SUB-300169,2018-10-09,Multan,25.0,Female,Prepaid,High,76.6,219,65.0,49.1,2,59.1,61.6,1,1770,0
SUB-300755,2021-07-27,Multan,31.0,Male,Prepaid,Mid,5.0,197,10.0,6.6,2,22.9,2.9,0,320,1
SUB-302169,2024-08-15,Lahore,68.0,Female,Prepaid,Low,5.5,100,13.0,13.6,3,0.0,2.3,0,560,0
SUB-303607,2019-11-21,Sialkot,40.0,Female,Prepaid,Low,4.5 GB,331,2.0,20.9,425,47.1,,2,1390,1
SUB-303301,2026-01-11,Karachi,22.0,Male,Prepaid,Low,79.7,62,45.0,61.2,3,63.2,45.9,1,2270,0
SUB-301010,2021-02-14,Quetta,46.0,Female,Postpaid,,16.4,1361,101.0,11.3,38,27.8,12.6,14,3920,1
SUB-303726,2017-03-09,Karachi,27.0,Male,Prepaid,Mid,51.2,153,,56.6,0,65.7,60.8,1,2220,0
SUB-300435,2018-07-17,Islamabad,23.0,Male,Prepaid,Mid,113.3,216,31.0,54.1,5,60.7,91.7,0,2070,0
SUB-301969,2020-10-10,Sialkot,34.0,Male,Prepaid,Low,7.0,91,53.0,17.9,1,46.6,0.0,0,430,0
SUB-303016,2021-10-17,Karachi,,Male,Prepaid,Mid,35.6 GB,109,39.0,66.5,2,65.6,64.7,1,1480,0
SUB-301798,2026-01-21,Islamabad,32.0,Male,Postpaid,High,31.7,1158,48.0,7.3,17,28.1,6.6,10,4120,2
SUB-301681,2026-04-16,Islamabad,22.0,Male,Prepaid,Low,82.7,351,45.0,65.6,0,72.2,79.6,0,1880,0
SUB-302753,2023-05-01,Lahore,29.0,Male,Prepaid,Mid,24.2,1122,77.0,20.3,35,19.6,7.0,5,5180,1
SUB-300420,2018-09-10,Karachi,19.0,Male,Prepaid,Low,69.1,116,45.0,61.0,0,60.7,73.0,1,640,0
SUB-301411,2021-06-26,Multan,47.0,Male,Prepaid,Mid,5.6,151,45.0,8.9,0,46.6,0.8,0,310,1
SUB-302174,2020-02-07,Karachi,,Male,Prepaid,Mid,34.4,2106,56.0,4.3,28,23.1,10.9,10,4100,1
SUB-302667,2022-01-08,Karachi,28.0,Male,Prepaid,High,67.8,89,31.0,69.9,3,62.4,65.5,0,1710,1
SUB-303298,2023-11-10,Islamabad,28.0,Female,Prepaid,Mid,67.1,146,73.0,60.7,0,54.1,43.9,0,1900,0
SUB-302510,2023-12-23,Lahore,61.0,Female,Prepaid,Low,6.5,131,17.0,20.3,0,42.3,3.2,0,430,0
SUB-303188,2020-08-18,Rawalpindi,20.0,Male,Prepaid,Low,5.0,147,13.0,3.7,0,28.9,2.9,0,460,0
SUB-303179,2022-05-16,Karachi,18.0,Female,Prepaid,Mid,56.1,93,50.0,53.0,2,61.7,64.4,1,2370,0
SUB-303506,2021-07-01,Karachi,64.0,Male,Prepaid,High,9.7,339,0.0,28.4,299,31.6,0.0,2,2530,2
SUB-300516,2018-12-12,Peshawar,54.0,Male,Prepaid,Mid,4.3,69,37.0,17.8,1,38.8,0.0,0,370,1
SUB-301426,2016-11-22,Islamabad,,Female,Prepaid,Low,82.4,318,16.0,44.7,4,57.1,18.8,0,1830,0
SUB-303516,2025-04-12,Lahore,26.0,Female,Prepaid,High,93.2,204,,46.5,5,51.6,,0,1920,0
SUB-302462,2024-08-25,Quetta,43.0,Female,Prepaid,Mid,15.3,501,19.0,23.3,429,45.4,12.8,2,1750,1
SUB-301274,2022-11-29,Lahore,48.0,Male,Prepaid,High,33.7,2500,59.0,14.9,24,28.1,12.2,11,3860,0
SUB-301867,2017-06-11,Karachi,31.0,Male,Postpaid,High,18.6,1822,83.0,8.3,19,29.0,12.3,10,4840,1
SUB-301873,2025-01-21,Karachi,,Male,Prepaid,Mid,109.3,213,15.0,59.2,4,43.6,67.0,0,1280,0
SUB-302939,2016-08-14,Peshawar,32.0,Female,POSTPAID,High,39.1,635,59.0,20.0,3,9.8,0.0,10,3430,2
SUB-300720,2018-03-23,Quetta,66.0,Male,Prepaid,Low,0.1,75,41.0,20.1,0,39.8,2.6,1,260,0
SUB-301912,2018-01-15,Islamabad,41.0,Male,Postpaid,High,24.4,1683,,14.3,24,16.2,9.3,16,2470,2
SUB-301732,2026-04-12,Multan,20.0,Female,Prepaid,Low,3.5,161,30.0,16.2,1,24.1,2.3,0,560,0
SUB-301682,2020-06-17,Rawalpindi,18.0,Female,Prepaid,Low,65.6,175,13.0,45.9,4,57.4,78.6,0,2200,0
SUB-300940,2020-10-18,Mirpur,25.0,Female,Prepaid,Low,4.1 GB,125,37.0,9.7,2,43.6,4.3,0,520,0
SUB-301007,2016-10-01,Rawalpindi,35.0,Female,Postpaid,Mid,15.0,1158,50.0,2.1,27,21.8,18.3,9,5440,0
SUB-303961,2025-02-28,Islamabad,26.0,Male,Prepaid,Mid,63.9,187,2.0,53.5,0,55.3,40.7,0,1840,0
SUB-300230,2016-10-08,Quetta,50.0,Male,Prepaid,Low,0.8,216,19.0,9.3,0,17.4,0.7,0,540,0
SUB-303114,2024-12-09,Mirpur,22.0,Male,Postpaid,High,20.8,296,58.0,50.5,0,69.1,60.2,0,1850,2
SUB-301340,2024-12-25,Islamabad,24.0,Female,Prepaid,Mid,77.5,110,58.0,48.2,8,53.5,79.5,0,1200,1
SUB-301073,2021-08-01,Karachi,39.0,Female,Postpaid,High,25.0,616,75.0,14.9,69,16.6,5.4,7,5280,1
SUB-300385,2020-10-30,Faisalabad,23.0,Female,Prepaid,Mid,57.0,99,42.0,39.8,8,62.2,43.9,0,1350,0
SUB-301278,2020-03-07,Rawalpindi,28.0,Female,Postpaid,Low,18.0,1344,104.0,15.3,54,25.6,6.1,9,3750,2
SUB-301818,2026-03-15,Lahore,68.0,Female,Prepaid,Mid,5.6,0,33.0,21.1,0,36.5,2.5,0,300,1
SUB-300421,2024-01-01,Rawalpindi,33.0,Male,Prepaid,Mid,12.8,215,36.0,22.5,189,33.3,0.0,0,1720,0
SUB-302661,2021-10-05,Lahore,53.0,Male,Postpaid,High,17.7,1438,66.0,17.1,5,21.3,0.7,11,3710,1
SUB-303611,2025-07-11,Rawalpindi,27.0,Female,Prepaid,Mid,9.0,189,0.0,42.2,0,51.1,53.7,1,1600,0
SUB-300874,2021-06-26,Multan,58.0,Female,Prepaid,Mid,2.9,198,29.0,3.1,2,17.7,3.4,0,520,1
SUB-301018,2024-06-12,Peshawar,62.0,Male,Postpaid,Low,8.5,297,28.0,17.7,405,40.3,8.0,0,2340,1
SUB-300554,2024-01-01,Sialkot,39.0,Male,Postpaid,Low,9.2,345,25.0,18.1,326,42.9,0.0,0,2930,0
SUB-301686,2021-04-29,Islamabad,57.0,Male,Prepaid,Mid,0.9,190,39.0,20.1,281,35.3,1.3,0,2330,1
SUB-300488,2020-03-20,Faisalabad,20.0,Male,Prepaid,Mid,57.6,125,10.0,66.1,8,66.0,71.5,0,1350,0
SUB-300987,2020-03-12,Mirpur,,Male,Prepaid,Mid,6.6,262,35.0,30.3,493,31.5,11.1,1,2290,0
SUB-302748,2023-11-30,Rawalpindi,44.0,Male,Prepaid,Low,2.4,151,52.0,0.0,0,4.2,0.0,0,240,0
SUB-301377,2020-06-04,Gujranwala,38.0,Female,Postpaid,High,3.9,240,8.0,23.1,123,40.7,7.8,0,2440,2
SUB-301555,2017-11-02,Multan,65.0,Female,Prepaid,Mid,2.2,136,50.0,17.7,1,33.2,4.8,1,160,0
SUB-301213,2023-12-27,Multan,24.0,Female,Prepaid,Mid,106.7,288,42.0,55.7,10,59.0,70.3,0,1750,0
SUB-300981,2023-02-03,Mirpur,36.0,Male,Prepaid,Low,2.5,115,101.0,8.0,2,40.1,2.4,0,480,0
SUB-303039,2021-10-27,Karachi,23.0,Male,Prepaid,High,99.5,139,9.0,52.0,0,62.1,76.0,0,1870,0
SUB-300130,2026-01-19,Multan,62.0,Female,Postpaid,Low,6.8,86,0.0,6.3,2,12.7,0.3,0,360,0
SUB-301487,2024-10-11,Multan,66.0,Male,Prepaid,Mid,5.8,243,33.0,2.4,4,12.1,0.0,0,450,0
SUB-302446,2020-10-20,Lahore,28.0,Male,Postpaid,Low,84.9,193,58.0,48.8,3,57.8,49.8,0,1250,1
SUB-301650,2024-02-22,Multan,28.0,Male,Prepaid,Low,6.2,137,31.0,22.1,2,38.2,1.7,0,450,0
SUB-300976,2019-04-05,Lahore,38.0,Female,Postpaid,High,29.2,1268,39.0,18.8,54,29.3,14.7,5,3490,1
SUB-301591,2022-01-06,Lahore,25.0,Female,Prepaid,Low,100.3,223,55.0,46.0,4,63.1,26.4,0,2130,0
SUB-300212,2020-12-11,Peshawar,30.0,Male,Prepaid,Low,4.2,92,74.0,4.6,0,25.8,1.0,0,460,0
SUB-302332,2022-08-18,Peshawar,50.0,Female,Postpaid,Low,7.1,266,25.0,22.0,156,49.4,5.4,1,3010,0
SUB-303419,2022-05-16,Rawalpindi,25.0,Male,Prepaid,Low,4.7,100,15.0,11.8,1,19.0,2.3,0,360,1
SUB-302892,2019-10-26,Faisalabad,27.0,Male,Prepaid,Low,83.5,263,1.0,55.4,2,66.9,28.8,1,1570,0
SUB-303397,2023-06-07,Karachi,49.0,Female,Postpaid,High,30.5,1497,57.0,11.9,28,35.1,12.4,10,5520,1
SUB-303058,2019-03-09,Rawalpindi,40.0,Male,Postpaid,Mid,22.9,1306,75.0,14.3,51,20.1,5.5,8,5540,0
SUB-300486,2023-11-06,Islamabad,47.0,Male,Prepaid,Low,0.1,1252,42.0,18.9,44,28.2,8.2,11,2690,2
SUB-300628,2023-04-05,Islamabad,34.0,Male,Postpaid,High,30.5,789,66.0,18.7,16,21.1,6.8,5,6430,0
SUB-302371,2022-03-22,Rawalpindi,38.0,Female,Postpaid,,26.2,1172,33.0,9.9,41,24.8,13.7,5,1860,1
SUB-302843,2016-12-21,Sialkot,34.0,Female,Prepaid,Low,0.1,19,12.0,7.4,0,25.8,1.2,0,460,1
SUB-300952,2020-01-28,Multan,56.0,Female,Prepaid,Mid,8.2,201,37.0,21.4,414,33.6,4.5,1,2640,0
SUB-300631,2023-09-01,Multan,18.0,Male,Prepaid,High,62.4,166,4.0,49.3,0,87.2,83.7,2,1470,0
SUB-301996,2019-04-25,Lahore,21.0,Female,Prepaid,Low,71.7,186,37.0,50.0,0,64.5,63.7,0,2560,0
SUB-303350,2022-09-11,Lahore,27.0,Male,Prepaid,Low,27.5,155,0.0,36.4,4,65.7,96.2,0,2840,1
SUB-301569,2020-03-01,Quetta,56.0,Male,Prepaid,Low,3.0,65,42.0,10.2,2,19.6,0.0,0,610,1
SUB-303988,2024-11-02,Faisalabad,36.0,Female,PREPAID,Low,3.1,96,36.0,4.5,1,32.4,0.2,0,440,0
SUB-300306,2025-12-23,Islamabad,19.0,Female,Prepaid,Low,104.6,186,54.0,68.6,12,53.3,15.1,0,1940,1
SUB-300824,2025-07-12,Lahore,19.0,Female,Prepaid,Mid,54.4,142,39.0,38.0,3,75.7,59.2,0,1650,0
SUB-301493,2017-04-06,Lahore,24.0,Male,Prepaid,Low,34.2,253,48.0,59.9,4,66.7,61.2,0,2420,0
SUB-302537,2022-12-08,Mirpur,62.0,Female,Prepaid,Mid,3.6,88,79.0,13.2,2,51.5,0.0,0,560,0
SUB-302839,2018-08-06,Multan,38.0,Male,Prepaid,High,16.0,1310,100.0,8.9,43,39.8,0.0,6,4500,1
SUB-300581,2017-11-05,Lahore,52.0,Male,Prepaid,Mid,5.7,123,13.0,32.1,422,55.2,4.5,1,1700,0
SUB-301452,2023-09-14,Lahore,44.0,Male,Postpaid,Mid,17.3,1994,77.0,0.0,25,18.0,8.4,12,4630,1
SUB-303886,2022-06-20,Rawalpindi,26.0,Male,Prepaid,Mid,70.3,184,19.0,62.7,5,52.6,99.9,0,2500,2
SUB-302385,2017-04-26,Quetta,42.0,Female,Prepaid,Low,5.2,223,9.0,8.1,1,48.1,0.0,0,500,0
SUB-303813,2022-08-15,Faisalabad,21.0,Male,Prepaid,Low,1.5,199,18.0,0.7,0,55.4,2.1,0,370,2
SUB-303302,2025-11-14,Lahore,44.0,Male,Postpaid,Mid,24.8,1504,94.0,4.3,35,21.1,14.0,12,2620,1
SUB-302180,2025-04-21,Karachi,21.0,Male,Postpaid,High,113.5,117,48.0,51.6,0,70.4,79.7,0,2270,0
SUB-302107,2022-04-10,Faisalabad,43.0,Female,Postpaid,Mid,5.8,203,40.0,27.1,237,43.5,13.5,3,2480,0
SUB-300324,2018-10-07,Karachi,50.0,Male,Postpaid,High,23.7,1311,,15.9,27,19.6,0.0,17,2860,0
SUB-303586,2024-11-01,Rawalpindi,39.0,Male,Prepaid,Low,2.2,10,7.0,14.7,0,26.5,1.1,0,440,0
SUB-302421,2017-01-14,Rawalpindi,59.0,Female,Prepaid,Low,3.5,84,14.0,11.2,1,5.8,1.4,0,620,0
SUB-303859,2017-04-28,Karachi,33.0,Male,Postpaid,Mid,32.3,1014,69.0,0.1,3,34.5,,7,5570,0
SUB-301910,2020-09-14,Gujranwala,,Male,Prepaid,Mid,50.3,137,55.0,39.7,1,45.5,110.1,2,1700,1
SUB-302787,2022-07-17,Lahore,21.0,Male,Prepaid,Mid,87.7,198,29.0,49.1,8,60.5,49.2,1,1270,0
SUB-300757,2025-08-13,Quetta,20.0,Female,Prepaid,Mid,74.4,133,55.0,57.1,1,61.9,57.1,1,2950,0
SUB-301782,2020-09-08,Quetta,62.0,Male,Prepaid,Low,1.9,104,84.0,9.5,1,27.3,0.0,0,510,0
SUB-303921,2017-01-02,Karachi,38.0,Male,Prepaid,High,20.0,939,59.0,20.7,19,29.0,1.8,5,5050,0
SUB-300596,2019-01-26,Quetta,60.0,Female,Prepaid,Mid,12.6,198,31.0,29.3,191,49.9,2.7,1,2350,0
SUB-300490,2022-02-24,Karachi,35.0,Female,Postpaid,Mid,20.9,1142,118.0,16.1,36,21.4,,10,4090,4
SUB-302277,2019-04-07,Multan,32.0,Male,Prepaid,High,6.6,314,24.0,34.1,263,45.1,4.4,2,1900,0
SUB-300812,2024-12-08,Gujranwala,22.0,Female,Prepaid,High,106.4,255,31.0,53.1,0,58.6,47.2,0,2230,0
SUB-301879,2017-02-02,Karachi,42.0,Male,Postpaid,High,20.0,1340,59.0,5.9,13,24.7,12.3,11,4850,0
SUB-301164,2022-04-26,Rawalpindi,28.0,Male,Prepaid,Low,1.2,279,19.0,1.9,0,26.7,1.5,0,220,0
SUB-302171,2025-07-30,Rawalpindi,20.0,Male,Prepaid,Mid,4.0,98,48.0,17.0,1,54.3,1.8,0,410,0
SUB-301353,2024-05-15,Lahore,22.0,Male,Postpaid,Mid,109.1,174,0.0,52.9,0,52.0,75.8,0,2550,1
SUB-303002,2019-05-18,Karachi,41.0,Male,Prepaid,Mid,13.1,1356,37.0,13.2,47,15.0,12.9,8,3290,0
SUB-300370,2022-10-06,Mirpur,53.0,Male,Prepaid,Low,11.1,285,0.0,24.9,305,60.5,1.4,2,2520,0
SUB-302907,2016-12-16,Faisalabad,63.0,Female,Prepaid,Low,2.9,59,56.0,2.2,1,15.3,0.0,0,360,0
SUB-303483,2025-08-27,Mirpur,29.0,Male,Prepaid,Low,7.0,157,43.0,8.6,0,65.9,2.4,0,350,0
SUB-303310,2026-04-09,Islamabad,27.0,Male,Postpaid,Mid,109.3,119,56.0,44.7,2,64.1,65.1,0,1970,0
SUB-301369,2023-08-20,Karachi,26.0,Male,Prepaid,Mid,33.4,211,21.0,60.1,2,80.4,,0,1490,2
SUB-301169,2017-05-11,Quetta,37.0,Male,Prepaid,,1.4,138,65.0,16.7,1,64.5,1.6,0,490,0
SUB-300967,2024-10-11,Faisalabad,55.0,Male,Prepaid,Low,1.9,115,10.0,9.7,3,25.2,2.3,1,450,0
SUB-302300,2018-08-05,Karachi,24.0,Female,Prepaid,,80.0,203,67.0,38.7,0,55.1,64.3,0,1810,0
SUB-301485,2021-06-28,Mirpur,41.0,Male,Prepaid,Low,7.9,202,31.0,30.2,172,50.8,3.2,3,920,0
SUB-301229,2024-04-30,Lahore,60.0,Male,PREPAID,Low,6.3,169,14.0,14.2,0,21.4,1.3,0,620,1
SUB-300075,2016-09-15,Peshawar,22.0,Male,Prepaid,Mid,7.1,175,14.0,4.2,3,32.2,0.6,0,560,0
SUB-302702,2024-08-08,Faisalabad,63.0,Female,Prepaid,Mid,0.2,157,27.0,11.0,2,34.7,0.0,0,230,1
SUB-301179,2018-02-20,Karachi,32.0,Female,Prepaid,High,20.1,956,48.0,6.9,32,25.8,9.2,7,3920,0
SUB-300885,2018-07-06,Karachi,49.0,Female,Prepaid,,6.0,189,27.0,11.8,0,24.2,1.6,0,500,1
SUB-300901,2025-12-05,Sialkot,44.0,Male,Prepaid,Mid,2.6,202,28.0,26.5,415,40.7,7.4,0,1790,0
SUB-301923,2019-02-27,Karachi,42.0,Female,Prepaid,Mid,27.2,1359,24.0,1.3,0,28.9,3.2,6,3310,0
SUB-300590,2019-12-24,Lahore,23.0,Female,Prepaid,Mid,67.9,131,29.0,54.1,6,68.8,64.4,0,2090,0
SUB-300398,2017-11-18,Gujranwala,21.0,Female,Postpaid,Mid,65.9,112,25.0,38.6,4,64.7,70.0,1,2530,0
SUB-300135,2018-08-13,Sialkot,38.0,Female,Prepaid,Mid,11.9,245,32.0,17.7,378,33.7,0.0,0,1940,1
SUB-300182,2017-03-03,Quetta,58.0,Female,Postpaid,Mid,9.0,376,21.0,21.9,233,45.7,4.9,1,1970,1
SUB-303727,2018-06-12,Mirpur,23.0,Female,Prepaid,Mid,2.1,183,42.0,17.8,4,36.1,1.4,0,300,0
SUB-303212,2026-04-24,Karachi,38.0,Male,Postpaid,High,6.4,1491,38.0,10.8,42,16.6,9.1,9,3700,2
SUB-301313,2020-04-14,Karachi,20.0,Male,Prepaid,Low,4.0,249,45.0,12.7,1,23.8,0.7,0,490,0
SUB-302767,2021-12-16,Karachi,45.0,Male,Postpaid,High,2.6,1652,28.0,23.1,0,44.7,13.4,6,5120,2
SUB-302778,2026-04-14,Gujranwala,61.0,Male,Prepaid,Low,2.3,22,45.0,2.9,2,14.9,0.0,0,440,0
SUB-302063,2024-05-19,Karachi,23.0,Male,Prepaid,Mid,60.3,211,59.0,30.7,2,77.0,44.9,1,1700,0
SUB-301976,2021-10-24,Quetta,24.0,Female,Postpaid,Low,62.7,165,0.0,46.5,7,68.2,92.7,1,1800,1
SUB-301550,2021-11-15,Karachi,47.0,Male,Prepaid,Mid,4.2,68,29.0,14.9,0,29.9,4.6,0,460,0
SUB-301017,2020-11-05,Karachi,19.0,Female,Postpaid,Low,95.6,205,5.0,70.8,4,60.0,,0,960,0
SUB-303861,2018-05-27,Lahore,50.0,Female,Prepaid,Mid,17.3,1412,37.0,10.0,28,19.2,3.8,6,4610,0
SUB-303564,2019-11-18,Karachi,20.0,Male,Postpaid,Low,110.1,196,5.0,53.2,0,57.0,57.9,0,2230,0
SUB-302569,2018-07-11,Sialkot,57.0,Male,Prepaid,Mid,10.7,278,7.0,31.5,248,51.9,1.0,0,2050,0
SUB-300884,2022-04-16,Faisalabad,32.0,Male,Prepaid,Mid,13.7,257,20.0,17.3,507,42.0,9.6,2,2240,0
SUB-303469,2017-10-03,Karachi,49.0,Female,Prepaid,Mid,7.2,265,29.0,11.7,250,49.0,7.4,2,2890,1
SUB-302177,2026-04-23,Karachi,23.0,Male,Prepaid,Mid,128.3,221,45.0,50.2,0,72.5,67.1,0,2370,0
SUB-301363,2023-07-24,Sialkot,45.0,Male,Prepaid,Low,5.0,254,33.0,2.0,3,62.6,0.6,0,360,1
SUB-301541,2021-03-16,Lahore,18.0,Female,Prepaid,Mid,107.2,210,46.0,57.7,1,54.0,49.9,0,2470,0
SUB-303171,2016-11-05,Lahore,20.0,Male,Prepaid,,63.8,105,56.0,56.2,5,67.1,60.5,0,1980,0
SUB-303785,2023-12-27,Karachi,44.0,Male,Postpaid,High,29.2,1197,107.0,15.2,0,21.4,6.3,9,5890,0
SUB-302489,2024-09-17,Rawalpindi,27.0,Male,Postpaid,Low,84.2,324,,57.6,3,51.6,57.2,0,1460,1
SUB-300622,2023-12-18,Lahore,,Male,Prepaid,Mid,70.0,161,35.0,56.4,12,49.1,78.0,1,1280,0
SUB-300512,2025-03-23,Karachi,48.0,Male,Postpaid,Mid,26.3,71000,100.0,9.4,22,14.9,2.9,5,4300,3
SUB-302397,2020-12-08,Lahore,22.0,Male,Prepaid,Low,50.5,39,72.0,48.6,4,71.9,61.1,1,1530,0
SUB-303795,2020-08-25,Karachi,22.0,Female,Prepaid,High,80.1,215,21.0,69.8,0,71.7,90.0,0,1730,0
SUB-300245,2025-12-20,Lahore,44.0,Male,Postpaid,Mid,15.0,1819,93.0,9.8,39,15.3,10.9,6,6720,5
SUB-302719,2018-02-01,Faisalabad,47.0,Female,Prepaid,Low,0.1,234,28.0,23.3,325,53.1,4.7,2,2550,1
SUB-303410,2018-02-14,Sialkot,45.0,Female,Postpaid,Mid,9.7,342,18.0,35.2,356,58.0,10.8,0,1820,0
SUB-301260,2021-05-28,Karachi,52.0,Male,Prepaid,Low,5.3,187,22.0,7.6,0,32.7,1.1,0,490,0
SUB-303342,2024-08-07,Islamabad,26.0,Male,Prepaid,Low,62.9,221,8.0,49.0,0,72.0,51.9,0,2180,0
SUB-301360,2020-04-01,Karachi,52.0,Male,Prepaid,Mid,16.5,1802,0.0,0.0,13,19.9,2.5,6,5810,0
SUB-300215,2021-10-31,Karachi,50.0,Female,Postpaid,High,27.0,812,93.0,17.8,32,28.1,12.4,9,3370,0
SUB-302514,2019-05-21,Quetta,49.0,Female,Prepaid,Low,3.5,293,21.0,15.8,1,16.8,3.1,0,620,0
SUB-303731,2017-05-09,Karachi,55.0,Male,Postpaid,Mid,13.4,1206,56.0,11.9,30,33.8,10.1,4,4360,0
SUB-301960,2021-11-01,Mirpur,47.0,Female,Prepaid,Mid,9.6,231,6.0,22.4,91,45.8,0.0,1,1800,2
SUB-300856,2017-02-14,Quetta,19.0,Male,Prepaid,High,100.6,211,79.0,44.8,2,61.0,92.6,0,2940,0
SUB-300157,2018-12-09,Lahore,55.0,Female,Prepaid,Low,1.1,111,63.0,4.4,2,42.2,1.7,0,410,0
SUB-300159,2017-02-09,Islamabad,43.0,Female,Prepaid,Low,9.5,210,9.0,17.2,135,32.8,6.4,1,1300,0
SUB-302925,2024-04-01,Gujranwala,28.0,Male,Prepaid,Mid,63.8,269,38.0,35.6,0,57.6,47.4,0,1640,1
SUB-300898,2021-10-18,Gujranwala,68.0,Female,PREPAID,Low,6.1,69,23.0,8.6,0,34.0,0.4,0,360,1
SUB-303645,2018-11-19,Faisalabad,29.0,Female,Prepaid,Low,4.1,190,17.0,9.3,2,35.8,0.0,0,360,2
SUB-303901,2018-04-19,Sialkot,38.0,Female,Prepaid,Mid,16.3,312,19.0,26.3,149,31.4,3.3,0,1560,0
SUB-301904,2024-07-18,Multan,20.0,Male,Prepaid,Low,0.9,212,36.0,13.1,1,26.2,0.0,0,440,0
SUB-302318,2017-11-11,Faisalabad,23.0,Male,Prepaid,Low,85.0,338,7.0,44.5,0,55.1,50.2,0,1930,1
SUB-302896,2022-04-08,Faisalabad,56.0,Female,Prepaid,Mid,1.9,219,38.0,1.5,0,38.6,2.8,0,400,1
SUB-302230,2024-12-28,Sialkot,48.0,Male,Postpaid,High,18.1,1623,62.0,17.4,11,20.1,8.1,16,4460,1
SUB-303423,2023-06-03,Lahore,24.0,Male,Prepaid,Mid,62.4,77,74.0,73.1,12,50.3,78.9,1,2110,0
SUB-301133,2020-10-03,Islamabad,54.0,Male,Postpaid,High,18.5,931,69.0,6.8,27,31.0,8.2,8,4840,1
SUB-301025,2023-01-30,Rawalpindi,32.0,Female,Postpaid,Low,0.3,229,55.0,14.7,2,9.4,,0,400,1
SUB-301146,2019-05-24,Lahore,44.0,Female,Prepaid,High,3.5,191,58.0,9.4,0,25.1,3.0,0,400,0
SUB-303163,2022-11-15,Islamabad,67.0,Male,Prepaid,Low,5.8,178,45.0,6.1,0,33.2,0.7,0,690,0
SUB-303157,2020-07-01,Lahore,24.0,Female,Prepaid,Mid,95.7,148,33.0,55.5,0,54.5,49.3,0,2840,1
SUB-300753,2019-11-14,Lahore,25.0,Male,Prepaid,Mid,52.8,143,71.0,56.6,4,59.0,44.8,0,2100,0
SUB-302052,2018-10-29,Islamabad,20.0,Male,Prepaid,Mid,107.8,82,42.0,30.2,0,56.8,53.3,1,1280,0
SUB-303492,2022-09-28,Gujranwala,62.0,Male,Prepaid,,9.1,329,40.0,30.7,460,67.9,6.6,2,1750,0
SUB-300925,2018-10-28,Mirpur,51.0,Male,Postpaid,Mid,0.1,149,13.0,6.4,253,29.1,11.0,1,2010,0
SUB-301522,2018-06-11,Lahore,27.0,Male,Prepaid,Low,2.6,202,0.0,12.2,0,16.4,2.0,1,460,1
SUB-302947,2018-05-31,Faisalabad,24.0,Female,Postpaid,Mid,87.5,193,77.0,69.8,0,71.2,44.0,0,1840,2
SUB-300696,2025-04-01,Quetta,22.0,Female,Prepaid,High,48.3,121,63.0,55.5,3,66.2,75.8,0,2320,1
SUB-303959,2023-01-18,Islamabad,41.0,Female,Postpaid,Mid,23.4,1433,107.0,20.1,35,21.8,3.9,5,4210,1
SUB-301336,2024-09-12,Karachi,45.0,Female,Prepaid,Mid,12.4,265,24.0,20.1,498,29.4,9.9,1,2030,0
SUB-303996,2025-02-19,Lahore,57.0,Female,Prepaid,Low,8.3,351,22.0,19.0,364,25.5,,1,1890,1
SUB-300102,2024-02-18,Islamabad,45.0,Female,Postpaid,High,15.3,1070,48.0,18.1,33,13.8,9.2,10,4270,1
SUB-300243,2024-03-13,Sialkot,33.0,Male,Prepaid,Mid,15.8,210,24.0,31.0,210,44.6,5.7,0,1140,0
SUB-301921,2017-08-29,Lahore,19.0,Male,Prepaid,Mid,64.8,223,54.0,47.1,4,44.2,60.2,3,1620,1
SUB-302162,2020-08-29,Rawalpindi,49.0,Male,Prepaid,High,16.2,1717,50.0,11.3,16,24.8,8.9,9,5910,1
SUB-302841,2023-04-13,Multan,48.0,Female,Prepaid,Low,2.7,141,,17.5,0,38.3,3.2,0,490,0
SUB-302303,2018-06-20,Gujranwala,36.0,Male,Prepaid,Mid,12.2,334,,35.5,395,35.7,8.7,2,1840,0
SUB-300790,2018-04-30,Gujranwala,64.0,Female,Prepaid,Low,3.9,152,33.0,13.0,1,25.5,3.4,0,550,0
SUB-302771,2022-02-01,Mirpur,69.0,Female,Prepaid,Low,3.2,220,20.0,9.1,3,32.6,0.0,0,470,0
SUB-301966,2019-03-05,Peshawar,25.0,Male,Postpaid,Mid,48.3,232,43.0,45.7,4,68.2,36.4,0,1750,0
SUB-301638,2021-04-29,Lahore,29.0,Female,Prepaid,Mid,29.1,1095,70.0,22.0,20,26.2,9.8,12,4110,1
SUB-302543,2022-06-29,Sialkot,58.0,Male,Prepaid,Mid,9.4,327,25.0,17.4,466,32.7,3.2,0,2320,0
SUB-303133,2018-09-21,Faisalabad,,Male,Prepaid,Mid,160.0,97,44.0,56.6,0,65.0,62.6,0,1130,0
SUB-301306,2023-11-13,Karachi,26.0,Male,Prepaid,Low,63.3,150,6.0,58.7,1,70.8,70.4,1,2740,0
SUB-302327,2024-11-25,Karachi,25.0,Female,Prepaid,,59.6,212,37.0,54.7,3,67.6,72.3,1,2290,0
SUB-302091,2022-02-06,Gujranwala,50.0,Male,Prepaid,Low,2.2,248,53.0,4.6,0,7.8,1.9,0,610,1
SUB-302236,2016-09-06,Rawalpindi,38.0,Male,Postpaid,Mid,13.1,915,127.0,11.8,41,32.3,9.4,13,3090,2
SUB-301234,2021-09-21,Sialkot,52.0,Male,Prepaid,,10.9,259,14.0,16.4,242,30.1,5.9,2,1650,0
SUB-301356,2022-11-30,Rawalpindi,,Female,Prepaid,High,72.8,144,27.0,48.2,7,79.3,72.9,0,1640,0
SUB-302994,2023-09-03,Rawalpindi,19.0,Male,Prepaid,High,27.1,182,23.0,53.4,0,49.5,43.2,0,1240,0
SUB-301915,2024-10-07,Karachi,47.0,Male,Postpaid,High,24.8,581,96.0,14.6,48,29.9,11.8,6,4900,1
SUB-303354,2019-08-17,Quetta,40.0,Female,Postpaid,Low,4.5,231,,10.1,2,23.5,0.1,0,690,0
SUB-303979,2020-03-26,Mirpur,30.0,Female,Prepaid,Mid,5.7,185,45.0,14.9,1,43.2,2.0,0,400,0
SUB-303450,2018-01-13,Sialkot,64.0,Male,Prepaid,Mid,9.6,138,33.0,31.0,278,35.5,12.3,1,2620,0
SUB-302297,2025-08-06,Rawalpindi,28.0,Male,Prepaid,Mid,72.4,182,47.0,65.8,6,51.0,,0,1600,0
SUB-300162,2020-05-28,Rawalpindi,,Male,Prepaid,Mid,99.6,241,77.0,55.7,0,46.4,45.1,1,2950,0
SUB-303705,2019-04-28,Gujranwala,33.0,Male,Prepaid,Mid,5.3,231,38.0,11.0,428,11.8,12.0,0,2330,1
SUB-300759,2020-10-15,Lahore,51.0,Female,Postpaid,High,22.5,1144,,11.3,0,21.6,0.0,10,2720,6
SUB-302964,2016-07-16,Lahore,46.0,Female,Postpaid,High,29.6,1430,77.0,9.1,0,20.5,4.2,6,5560,0
SUB-302935,2019-05-22,Rawalpindi,20.0,Male,Prepaid,Mid,60.4,230,53.0,59.2,0,61.3,69.4,0,1810,2
SUB-300854,2022-05-24,Multan,26.0,Female,Prepaid,Mid,73.3,306,59.0,63.7,4,68.6,47.7,1,1730,0
SUB-301553,2016-07-20,Sialkot,56.0,Female,Prepaid,Low,3.6,212,47.0,0.0,2,62.7,0.9,0,340,0
SUB-301483,2019-09-03,Faisalabad,61.0,Male,Prepaid,Low,4.7,0,2.0,0.0,1,35.2,0.0,0,310,0
SUB-302135,2019-11-09,Multan,26.0,Male,Prepaid,Mid,76.4,131,22.0,59.8,0,60.0,47.0,1,2410,1
SUB-303968,2022-05-14,Gujranwala,61.0,Female,Prepaid,Low,10.2,299,28.0,37.9,232,49.3,5.4,0,2900,0
SUB-303440,2020-04-24,Lahore,26.0,Female,Prepaid,Low,2.4,30,29.0,18.7,1,29.5,3.1,0,420,0
SUB-303265,2020-01-25,Peshawar,28.0,Male,Prepaid,Mid,74.5,112,109.0,38.0,4,62.5,,0,1240,0
SUB-301631,2025-04-24,Lahore,18.0,Male,Prepaid,Mid,86.8,200,15.0,63.6,0,73.6,31.7,1,2940,0
SUB-303794,2018-05-19,Islamabad,33.0,Female,Prepaid,High,14.8,1017,73.0,26.3,55,37.2,12.3,4,4270,1
SUB-301037,2018-12-01,Multan,54.0,Male,Prepaid,Low,2.0,260,14.0,10.8,3,14.0,,0,680,2
SUB-303920,2021-12-15,Islamabad,62.0,Male,Prepaid,Mid,6.2,328,2.0,24.8,177,37.0,6.2,1,2220,1
SUB-303890,2022-05-14,Karachi,50.0,Female,Prepaid,Low,4.6,217,50.0,23.1,3,21.4,4.4,0,420,0
SUB-301315,2025-04-05,Faisalabad,32.0,Male,Prepaid,Mid,0.1,172,0.0,9.2,1,9.4,0.8,0,330,1
SUB-302817,2018-03-08,Gujranwala,66.0,Female,Prepaid,,2.5,38,56.0,9.2,4,36.2,0.6,0,500,0
SUB-300032,2021-05-05,Mirpur,20.0,Male,Prepaid,Mid,97.8,93,58.0,41.3,4,79.1,47.1,0,2150,0
SUB-300506,2017-09-17,Rawalpindi,24.0,Female,Prepaid,Mid,59.7,126,76.0,69.9,5,54.8,58.5,0,1620,0
SUB-300254,2018-12-12,Multan,28.0,Male,Prepaid,Mid,65.8,234,,71.3,0,51.0,59.9,0,1430,0
SUB-301771,2021-09-23,Sialkot,,Male,Postpaid,High,22.0 GB,1056,82.0,6.5,37,25.9,5.8,9,2450,1
SUB-300197,2026-02-02,Mirpur,48.0,Male,Prepaid,Mid,6.0,220,20.0,3.8,2,35.2,0.5,0,540,1
SUB-301533,2024-09-20,Islamabad,21.0,Female,Prepaid,High,84.4,190,26.0,66.4,12,53.8,60.8,0,1620,0
SUB-303839,2022-02-08,Islamabad,48.0,Male,Prepaid,Mid,3.7,1371,142.0,21.4,14,26.0,11.0,12,4530,2
SUB-302697,2020-12-31,Karachi,26.0,Male,Prepaid,High,57.7,185,37.0,44.9,3,59.2,74.7,1,1740,1
SUB-300496,2024-11-05,Karachi,51.0,Male,Prepaid,Mid,7.3,397,6.0,20.3,401,56.3,6.2,3,1930,0
SUB-303422,2020-11-03,Islamabad,28.0,Male,Prepaid,Mid,112.9,180,53.0,52.4,0,83.4,46.2,1,2400,0
SUB-302126,2022-08-28,Islamabad,25.0,Female,Prepaid,High,60.5,90,45.0,67.8,4,49.4,0.9,1,1400,0
SUB-300539,2024-12-18,Lahore,20.0,Male,Prepaid,High,54.6,117,47.0,39.8,0,52.5,85.0,1,2460,0
SUB-302997,2020-11-08,Quetta,38.0,Male,Prepaid,Low,3.3,153,0.0,6.4,2,43.5,1.1,0,550,0
SUB-300796,2025-06-10,Islamabad,51.0,Female,Postpaid,High,27.2,1448,42.0,9.2,27,38.9,0.0,7,3760,1
SUB-303531,2022-12-07,Karachi,48.0,Female,Postpaid,Mid,17.2,968,101.0,10.2,34,16.8,9.9,2,2690,1
SUB-303037,2021-03-01,Mirpur,47.0,Male,Prepaid,Low,4.8,137,22.0,5.8,1,36.8,2.3,0,380,0
SUB-303729,2019-09-22,Lahore,45.0,Female,Postpaid,High,10.7,1034,,11.0,11,33.6,6.4,11,4590,0
SUB-303165,2021-01-23,Lahore,28.0,Female,Prepaid,Low,54.6,195,,36.3,3,57.4,49.9,0,1720,0
SUB-301201,2018-04-04,Multan,30.0,Male,Prepaid,Low,0.3,42,36.0,10.5,0,17.7,2.6,0,530,0
SUB-300065,2019-09-10,Multan,48.0,Female,Prepaid,Mid,10.2,69,17.0,20.8,217,28.3,0.0,5,2200,1
SUB-302551,2025-02-02,Faisalabad,32.0,Female,Prepaid,Low,2.0,90,30.0,9.6,4,28.9,3.3,0,460,2
SUB-301666,2021-01-19,Lahore,29.0,Male,Prepaid,High,23.1,1119,38.0,11.5,36,24.6,3.2,6,3540,1
SUB-302469,2024-06-11,Lahore,27.0,Male,Prepaid,Mid,97.2,203,0.0,43.7,0,65.0,30.5,0,1850,0
SUB-301326,2018-09-22,Sialkot,55.0,Male,Postpaid,Mid,20.0,965,113.0,18.4,63,26.5,,10,4300,0
SUB-301645,2017-11-20,Sialkot,27.0,Female,Prepaid,Mid,105.7,210,82.0,51.9,7,62.5,49.4,0,2150,0
SUB-302449,2021-06-06,Karachi,43.0,Male,Postpaid,High,30.8,1284,43.0,2.6,60,15.6,5.3,6,3370,2
SUB-301668,2024-12-25,Karachi,49.0,Female,Postpaid,Mid,25.8,1474,57.0,15.1,49,15.7,8.7,10,3040,0
SUB-303541,2022-11-23,Sialkot,30.0,Male,Prepaid,Low,0.4,146,0.0,0.9,0,39.3,0.8,0,350,0
SUB-302441,2017-11-17,Karachi,65.0,Female,Prepaid,Low,1.2,124,,9.7,0,8.5,2.9,0,490,0
SUB-303825,2024-01-18,Islamabad,18.0,Male,Postpaid,High,28.5,165,32.0,65.2,11,72.8,58.8,0,2120,0
SUB-301149,2019-10-16,Quetta,50.0,Male,Postpaid,Low,5.0,142,23.0,8.7,0,46.3,0.0,0,360,2
SUB-302129,2024-04-03,Rawalpindi,33.0,Female,Prepaid,High,16.3,131,6.0,22.2,475,37.4,4.0,1,2310,1
SUB-303049,2018-07-22,Lahore,27.0,Female,Prepaid,Mid,78.2,147,0.0,53.3,0,64.4,44.9,0,1880,0
SUB-301186,2021-03-19,Karachi,18.0,Male,Prepaid,Mid,103.6,94,25.0,57.4,0,59.0,50.0,0,1540,0
SUB-301072,2022-11-28,Mirpur,33.0,Female,Prepaid,Mid,3.1,299,12.0,20.3,0,31.3,0.0,0,540,0
SUB-303986,2019-06-11,Karachi,23.0,Male,Prepaid,Mid,50.6,110,57.0,48.3,3,52.0,75.2,0,1670,1
SUB-302672,2021-01-04,Karachi,43.0,Female,Prepaid,High,9.4,1127,54.0,14.8,8,19.0,4.6,8,4430,0
SUB-303650,2021-07-25,Rawalpindi,28.0,Male,Prepaid,Low,4.8,224,13.0,19.0,0,30.0,1.6,0,530,1
SUB-300231,2020-12-23,Quetta,40.0,Male,Prepaid,Low,5.5,164,13.0,1.2,1,31.1,3.3,0,420,1
SUB-303738,2018-05-07,Gujranwala,25.0,Male,Prepaid,,55.0,54,90.0,64.0,7,39.2,93.6,0,1460,0
SUB-303145,2022-09-03,Rawalpindi,40.0,Male,Prepaid,High,29.7,1600,81.0,12.2,0,42.1,4.9,13,5210,1
SUB-301438,2017-08-08,Karachi,46.0,Male,Prepaid,Mid,5.9,305,36.0,20.4,331,32.8,11.4,2,2330,0
SUB-300623,2022-09-17,Lahore,43.0,Female,Postpaid,Low,29.9,1047,73.0,9.5,39,23.8,10.8,9,5670,1
SUB-303819,2022-12-11,Lahore,65.0,Female,Prepaid,Low,0.5,197,47.0,5.2,2,15.5,1.7,0,410,1
SUB-300198,2020-07-13,Gujranwala,49.0,Male,Prepaid,Low,4.5,217,35.0,17.8,3,23.0,3.2,0,440,1
SUB-303113,2020-02-02,Rawalpindi,22.0,Male,Prepaid,Mid,98.2,179,77.0,44.3,1,67.4,77.9,0,1840,0
SUB-300789,2025-04-04,Gujranwala,29.0,Male,Postpaid,Low,1.0,157,7.0,7.8,0,41.1,0.3,0,460,0
SUB-302958,2020-01-22,Peshawar,48.0,Male,Postpaid,Mid,4.8,268,55.0,13.2,0,20.2,1.5,0,450,1
SUB-303026,2018-10-13,Lahore,28.0,Male,Postpaid,Mid,16.4,1024,138.0,1.5,0,28.7,10.4,9,4380,0
SUB-302611,2025-05-30,Lahore,,Male,Postpaid,Mid,29.3,873,,22.3,70,20.3,,10,5400,0
SUB-301015,2026-04-19,Rawalpindi,,Female,Prepaid,High,17.4,1106,139.0,6.0,37,36.2,,11,5860,1
SUB-300431,2019-11-05,Islamabad,20.0,Male,Prepaid,Mid,50.7,125,56.0,49.4,2,62.8,62.4,1,2300,0
SUB-302520,2020-03-18,Lahore,37.0,Female,Prepaid,Mid,2.6,93,29.0,2.1,1,28.6,2.6,0,380,1
SUB-302375,2023-04-26,Lahore,19.0,Female,Prepaid,Mid,122.7,82,36.0,79.3,6,43.8,68.1,1,2200,1
SUB-301803,2020-06-07,Faisalabad,24.0,Female,Prepaid,Low,5.4,103,5.0,12.3,3,32.1,1.2,0,360,1
SUB-302141,2017-08-23,Gujranwala,59.0,Male,Prepaid,Low,13.2,332,12.0,26.5,221,42.8,5.2,1,2420,0
SUB-300054,2023-12-15,Rawalpindi,25.0,Male,Postpaid,Mid,67.0,93,66.0,59.5,2,72.5,87.5,1,1640,2
SUB-301063,2022-06-14,Karachi,28.0,Female,Prepaid,High,108.2,189,38.0,60.6,2,48.0,31.2,0,2250,1
SUB-303087,2023-03-24,Mirpur,45.0,Male,Prepaid,,3.2,335,25.0,28.8,313,28.6,6.9,1,2740,0
SUB-303850,2017-10-05,Multan,65.0,Female,Prepaid,,12.0,222,28.0,21.8,169,10.1,4.3,0,2260,0
SUB-301269,2020-09-24,Peshawar,61.0,Male,Prepaid,Low,2.5,120,27.0,10.2,3,14.9,5.5,0,570,0
SUB-303406,2021-03-03,Mirpur,53.0,Male,Prepaid,Low,5.8,247,,18.8,0,0.0,1.1,0,630,0
SUB-303202,2023-07-30,Sialkot,57.0,Female,Prepaid,,3.3,254,29.0,11.7,1,24.2,2.4,0,370,0
SUB-300513,2020-11-14,Faisalabad,47.0,Female,Prepaid,Low,3.8,241,23.0,14.9,0,49.0,1.6,0,270,0
SUB-300030,2024-03-31,Rawalpindi,66.0,Male,Prepaid,Mid,1.7,96,,19.0,1,36.9,1.2,0,400,1
SUB-302632,2021-03-04,Gujranwala,66.0,Male,Prepaid,Low,7.5,76,10.0,6.2,2,31.5,0.0,0,350,1
SUB-300717,2019-11-18,Gujranwala,33.0,Male,Prepaid,High,6.8,74,54.0,5.0,0,10.5,3.2,0,370,1
SUB-300504,2024-05-14,Lahore,39.0,Male,Prepaid,Mid,7.2,318,22.0,12.7,337,18.0,1.1,1,2470,0
SUB-300442,2021-02-22,Karachi,40.0,Female,Postpaid,High,19.3,1104,53.0,1.3,10,13.4,6.2,12,3420,0
SUB-301583,2016-12-29,Multan,48.0,Male,Prepaid,Low,4.2,84,30.0,18.1,0,32.0,4.9,0,380,0
SUB-300839,2022-03-17,Peshawar,55.0,Female,Prepaid,Mid,13.4,288,39.0,14.1,452,48.4,0.0,3,1710,0
SUB-302072,2024-06-13,Multan,45.0,Female,Prepaid,Mid,10.8,387,7.0,31.8,259,25.1,0.0,1,1840,0
SUB-301619,2020-05-28,Gujranwala,45.0,Male,Prepaid,Mid,2.3,112,61.0,11.7,0,11.1,1.2,0,450,1
SUB-300372,2025-05-30,Sialkot,33.0,Male,Prepaid,Mid,9.2,235,33.0,6.4,375,50.3,13.0,1,2110,0
SUB-300487,2025-06-01,Lahore,18.0,Female,Postpaid,Low,66.2,145,71.0,52.6,3,70.7,78.6,0,1020,0
SUB-302022,2024-08-15,Gujranwala,45.0,Male,Prepaid,Low,2.6,105,17.0,6.7,2,19.3,2.5,0,300,0
SUB-300515,2024-06-04,Sialkot,44.0,Male,Postpaid,High,4.3,326,0.0,22.5,215,30.0,10.4,2,2130,0
SUB-303566,2020-03-03,Lahore,41.0,Male,Prepaid,Low,5.5,196,35.0,21.7,2,40.5,0.6,0,500,0
SUB-301683,2018-11-12,Islamabad,41.0,Male,Postpaid,High,43.4,1130,85.0,4.9,29,14.3,3.9,8,3750,0
SUB-301730,2017-07-12,Lahore,27.0,Male,Prepaid,High,72.0,147,65.0,51.7,5,43.6,,0,1710,0
SUB-302472,2024-09-09,Mirpur,21.0,Male,Prepaid,Low,57.6,237,69.0,54.6,0,48.1,50.9,0,1800,0
SUB-301796,2021-08-23,Quetta,31.0,Female,Prepaid,Low,4.4,132,60.0,4.6,0,29.5,1.1,0,440,0
SUB-303443,2021-09-25,Peshawar,55.0,Male,Prepaid,Low,3.1,94,80.0,1.3,0,22.6,2.8,0,430,0
SUB-301484,2025-06-15,Lahore,60.0,Male,Prepaid,Low,1.9,111,29.0,3.7,4,36.7,1.6,0,510,1
SUB-302457,2020-03-06,Karachi,58.0,Male,Prepaid,Mid,2.7,141,38.0,14.3,2,47.6,2.6,0,290,1
SUB-302951,2023-11-25,Gujranwala,69.0,Male,Prepaid,Mid,7.5,23,66.0,0.0,0,19.0,0.0,0,450,1
SUB-303178,2023-10-07,Rawalpindi,30.0,Female,Postpaid,Mid,27.2,1250,50.0,6.6,52,26.4,4.7,8,4170,1
SUB-300257,2023-06-22,Sialkot,35.0,Male,Prepaid,Mid,13.6,506,19.0,33.3,229,43.8,7.5,0,2860,0
SUB-302922,2020-09-01,Peshawar,67.0,Female,Prepaid,High,3.0,136,24.0,3.6,0,25.1,2.1,0,240,3
SUB-300307,2022-09-05,Mirpur,24.0,Male,Prepaid,Mid,4.4,140,25.0,4.2,3,6.3,2.8,0,500,0
SUB-301572,2023-07-26,Peshawar,28.0,Male,Postpaid,Mid,122.2,203,68.0,64.0,4,68.5,33.8,1,2050,0
SUB-301319,2022-06-23,Rawalpindi,59.0,Female,Prepaid,Low,13.8,169,40.0,20.5,300,48.3,1.1,0,2430,1
SUB-302589,2023-12-13,Sialkot,45.0,Male,Prepaid,Low,3.7,231,0.0,13.4,364,48.5,5.7,1,1760,2
SUB-301878,2021-10-01,Mirpur,58.0,Male,Prepaid,Mid,2.4,176,16.0,25.5,268,44.1,8.2,1,2080,1
SUB-301152,2017-02-20,Quetta,19.0,Male,Prepaid,Mid,87.1,237,37.0,59.5,4,67.8,111.2,0,2720,0
SUB-303786,2023-12-01,Lahore,28.0,Female,Postpaid,High,27.5,1882,105.0,14.1,0,27.7,13.6,12,4420,4
SUB-302788,2016-11-24,Quetta,49.0,Female,Prepaid,Low,12.5,233,29.0,17.2,270,52.3,11.6,1,2270,1
SUB-300094,2017-11-26,Lahore,23.0,Female,Prepaid,Mid,92.6,272,14.0,49.6,8,73.7,60.3,0,1350,0
SUB-302700,2024-10-05,Rawalpindi,28.0,Male,Prepaid,High,41.3,153,6.0,65.8,0,47.2,48.3,0,1920,0
SUB-302957,2021-11-28,Gujranwala,19.0,Female,Prepaid,Mid,82.4,251,25.0,70.6,0,53.0,71.5,0,2290,0
SUB-303804,2017-07-07,Karachi,58.0,Female,Prepaid,Mid,13.9 GB,153,8.0,21.3,274,27.3,0.0,3,1760,2
SUB-301567,2018-07-26,Gujranwala,20.0,Male,Prepaid,Low,0.1,67,34.0,10.0,2,37.2,3.4,0,390,0
SUB-302912,2018-01-07,Islamabad,49.0,Female,Postpaid,Mid,29.4,617,99.0,14.6,59,15.1,3.2,11,3780,0
SUB-303063,2023-04-07,Karachi,50.0,Female,Postpaid,High,8.0,185,25.0,23.5,279,35.3,6.4,1,3010,0
SUB-302946,2018-01-18,Faisalabad,56.0,Female,Prepaid,Low,0.7,64,34.0,12.1,0,58.2,1.6,0,300,1
SUB-301289,2025-04-19,Rawalpindi,45.0,Female,Prepaid,Mid,4.6,210,36.0,11.8,1,23.9,1.1,0,480,2
SUB-303940,2020-04-22,Rawalpindi,23.0,Male,Prepaid,Mid,104.5,174,47.0,50.5,2,60.0,102.2,0,2780,0
SUB-301853,2026-02-14,Islamabad,51.0,Male,Postpaid,High,34.4,1212,32.0,16.3,11,34.3,10.8,12,4240,1
SUB-302952,2024-12-14,Faisalabad,67.0,Female,Prepaid,Mid,0.1,141,0.0,8.1,0,25.0,1.1,0,530,1
SUB-303654,2024-09-30,Karachi,38.0,Female,Postpaid,High,17.7,1162,0.0,13.5,50,15.7,9.8,10,5160,1
SUB-303073,2021-07-04,Quetta,65.0,Female,Prepaid,Low,0.1,76,27.0,14.9,0,44.3,1.6,0,540,0
SUB-302384,2019-03-18,Rawalpindi,30.0,Female,Prepaid,High,23.7,1411,48.0,12.3,27,32.6,13.2,8,4920,0
SUB-302383,2016-09-24,Rawalpindi,25.0,Female,Prepaid,High,60.7,66,23.0,50.4,0,66.8,64.7,1,1650,1
SUB-302101,2017-06-15,Sialkot,44.0,Male,Postpaid,Low,6.2,274,20.0,19.3,260,36.6,5.5,1,1290,0
SUB-302801,2025-10-27,Lahore,57.0,Male,Prepaid,Mid,2.1,186,41.0,5.6,0,60.1,3.0,0,300,0
SUB-301248,2022-09-19,Gujranwala,47.0,Female,Prepaid,Low,3.4,144,52.0,5.5,5,31.6,2.0,0,430,0
SUB-303862,2022-09-06,Multan,28.0,Male,Postpaid,Mid,120.0,133,67.0,47.0,0,68.5,67.1,0,2610,0
SUB-302927,2018-11-21,Karachi,22.0,Male,Postpaid,High,85.7,98,44.0,53.9,0,55.0,78.1,1,1870,0
SUB-300168,2019-09-21,Gujranwala,38.0,Female,Postpaid,High,24.9,720,60.0,4.6,41,34.5,5.9,7,5110,0
SUB-302993,2025-09-11,Gujranwala,37.0,Female,Prepaid,Low,4.3,60,15.0,2.2,3,24.7,0.9,0,400,0
SUB-303441,2023-03-21,Quetta,23.0,Female,Prepaid,Mid,19.9,218,66.0,64.9,0,62.8,76.5,0,1720,0
SUB-301296,2023-11-07,Rawalpindi,38.0,Male,Prepaid,High,27.1,930,82.0,12.0,41,26.9,10.1,9,4410,1
SUB-302003,2019-01-02,Mirpur,24.0,Male,Prepaid,Mid,74.7,145,41.0,55.5,6,63.9,46.0,0,1280,1
SUB-301665,2017-03-19,Mirpur,68.0,Male,Prepaid,Low,0.3,230,20.0,9.7,1,31.0,4.2,0,370,0
SUB-303640,2020-10-11,Gujranwala,64.0,Female,Prepaid,Low,0.1,186,30.0,4.4,0,32.6,0.8,0,580,0
SUB-301285,2021-10-19,Faisalabad,22.0,Male,Postpaid,Low,6.3,197,18.0,1.6,1,40.1,1.0,0,260,0
SUB-301754,2018-05-19,Faisalabad,47.0,Male,Prepaid,Low,6.8,352,11.0,17.4,517,29.0,5.3,0,2990,0
SUB-303175,2017-03-18,Gujranwala,53.0,Male,Prepaid,High,32.7,1030,96.0,18.5,41,30.8,12.4,6,5400,0
SUB-302104,2021-09-03,Multan,33.0,Male,Prepaid,Low,2.6,152,86.0,0.5,0,26.3,2.5,0,350,0
SUB-301011,2025-09-12,Lahore,39.0,Male,Prepaid,Mid,8.8,248,15.0,25.3,356,48.6,2.2,1,2320,0
SUB-302905,2025-11-03,Faisalabad,27.0,Female,Prepaid,Low,2.0,83,0.0,10.5,0,54.9,0.2,0,460,1
SUB-303682,2021-01-16,Islamabad,25.0,Male,Prepaid,High,68.6,101,43.0,61.6,4,41.8,81.8,1,1940,0
SUB-300859,2018-04-01,Sialkot,49.0,Female,Prepaid,Mid,16.0,213,17.0,21.7,426,22.8,10.3,2,1340,1
SUB-302671,2018-02-08,Karachi,23.0,Male,Prepaid,Mid,115.9,70,27.0,67.6,0,62.1,,0,1670,0
SUB-302805,2025-12-04,Gujranwala,69.0,Male,Prepaid,Low,3.0,15,5.0,18.6,0,10.2,2.4,0,500,1
SUB-300662,2026-02-15,Multan,55.0,Male,Postpaid,Mid,7.4,69,54.0,6.0,0,42.2,2.2,0,450,1
SUB-300887,2017-02-20,Karachi,35.0,Male,Prepaid,Mid,15.6,162,7.0,26.8,361,37.5,6.2,1,2020,0
SUB-302795,2021-07-17,Mirpur,42.0,Male,Prepaid,Low,0.9,210,36.0,16.4,2,36.7,1.6,0,440,2
SUB-302628,2024-01-05,Karachi,37.0,Male,Prepaid,Mid,9.5,389,,22.0,316,36.8,3.9,0,2120,0
SUB-301396,2017-12-21,Islamabad,47.0,Female,Prepaid,Low,0.3,32,40.0,7.2,0,4.8,2.7,1,490,0
SUB-300677,2023-01-27,Quetta,20.0,Male,Prepaid,Low,63.7,121,,48.3,2,66.3,57.1,0,1670,0
SUB-300497,2016-11-03,Gujranwala,21.0,Male,Prepaid,Low,0.1,156,35.0,4.3,0,22.8,1.5,0,310,0
SUB-300250,2024-10-25,Sialkot,42.0,Female,Postpaid,Low,9.7,253,35.0,11.5,389,56.2,12.4,2,2040,1
SUB-303104,2025-10-29,Lahore,28.0,Female,Prepaid,Mid,29.1,142,44.0,50.2,1,71.9,81.3,0,1680,0
SUB-301857,2020-08-05,Lahore,46.0,Male,Prepaid,Mid,9.2,418,12.0,23.6,261,60.2,5.7,2,1590,0
SUB-300703,2021-10-04,Peshawar,60.0,Male,Prepaid,Low,0.4,207,61.0,2.4,0,8.1,0.8,0,470,0
SUB-300346,2021-02-28,Quetta,51.0,Male,Prepaid,Low,2.5,191,44.0,7.2,0,41.4,0.5,0,460,0
SUB-303511,2020-03-14,Faisalabad,18.0,Male,Prepaid,Low,96.7,141,17.0,51.2,9,62.9,51.9,0,2490,0
SUB-300074,2020-03-19,Mirpur,65.0,Female,Prepaid,Mid,5.5,92,25.0,0.0,1,13.1,1.1,0,530,0
SUB-300968,2021-09-11,Sialkot,19.0,Female,Prepaid,High,119.7,99,,50.0,3,64.9,61.6,1,2370,0
SUB-302068,2022-12-22,Sialkot,49.0,Male,Postpaid,Mid,9.5,126,5.0,23.3,466,31.4,10.8,1,2700,0
SUB-300022,2018-07-08,Peshawar,35.0,Female,Prepaid,Low,0.1,124,15.0,12.6,0,14.0,,0,490,1
SUB-300830,2025-11-09,Rawalpindi,25.0,Male,Prepaid,High,66.6,337,33.0,60.2,2,67.5,42.5,0,1390,0
SUB-301442,2024-06-17,Lahore,63.0,Male,Prepaid,Low,1.9,66,36.0,9.8,0,56.3,0.0,0,550,1
SUB-302754,2019-02-03,Quetta,62.0,Male,Prepaid,Low,2.2,121,28.0,18.0,0,50.4,3.4,0,490,1
SUB-300895,2020-05-31,Gujranwala,,Male,Prepaid,Mid,71.9,236,53.0,57.1,0,61.8,32.6,0,2090,0
SUB-300583,2023-10-08,Mirpur,33.0,Male,Postpaid,Mid,12.3,441,9.0,6.3,342,18.6,5.0,3,2090,0
SUB-300073,2018-08-21,Lahore,24.0,Female,Prepaid,Mid,106.7,236,45.0,44.7,0,72.5,74.6,0,2460,0
SUB-301174,2024-08-10,Lahore,36.0,Female,Postpaid,Mid,25.9,1355,64.0,10.7,0,28.4,6.8,6,4890,2
SUB-300965,2024-07-17,Gujranwala,26.0,Male,Prepaid,Low,5.8,224,54.0,16.5,0,46.7,1.0,0,540,0
SUB-302756,2025-07-25,Lahore,48.0,Male,Prepaid,High,12.3,1040,124.0,11.7,57,23.0,2.2,9,5910,0
SUB-303430,2020-10-04,Sialkot,49.0,Male,Prepaid,High,26.9,1158,74.0,7.9,33,22.4,1.4,4,5170,1
SUB-301909,2019-11-24,Karachi,51.0,Male,Prepaid,Low,1.8,148,28.0,10.9,0,42.3,,0,540,0
SUB-301349,2026-03-25,Mirpur,,Male,Prepaid,Mid,1.8,127,18.0,21.5,0,38.9,2.3,0,420,2
SUB-303231,2023-08-06,Peshawar,24.0,Female,Prepaid,Mid,4.4,181,13.0,9.3,0,21.0,0.6,0,580,0
SUB-300867,2024-10-26,Peshawar,64.0,Male,Prepaid,Low,8.5,211,25.0,13.2,328,27.3,7.3,1,1940,1
SUB-302486,2022-04-02,Lahore,20.0,Male,Prepaid,Mid,111.5,251,29.0,47.2,10,67.7,92.6,0,1780,0
SUB-303971,2020-12-23,Multan,39.0,Female,Prepaid,Low,2.8,134,51.0,10.7,1,18.6,0.8,0,270,0
SUB-302874,2019-03-19,Karachi,44.0,Male,Postpaid,High,16.8,1204,153.0,15.5,24,29.8,16.3,9,4480,0
SUB-302258,2020-09-21,Quetta,42.0,Male,PREPAID,Low,1.0,79,60.0,15.1,0,42.9,1.6,0,470,0
SUB-302078,2025-09-19,Rawalpindi,23.0,Male,Postpaid,Mid,80.4,208,1.0,57.2,2,68.6,51.3,0,1660,0
SUB-303335,2016-12-25,Mirpur,32.0,Female,Prepaid,Mid,15.1,132,40.0,16.4,142,45.1,0.0,3,2240,0
SUB-300341,2024-12-16,Rawalpindi,42.0,Female,Prepaid,,4.9,105,,8.9,1,41.9,0.9,0,360,0
SUB-303725,2016-09-12,Karachi,19.0,Male,Prepaid,Low,85.4,72,29.0,58.4,0,46.7,70.4,0,1240,1
SUB-301717,2025-01-07,Multan,32.0,Male,Prepaid,High,3.3,289,23.0,22.1,498,34.6,1.9,1,2040,0
SUB-300259,2020-11-16,Karachi,51.0,Female,Prepaid,High,19.0,749,54.0,17.2,35,25.8,1.1,10,3730,0
SUB-301496,2017-03-19,Karachi,41.0,Male,Prepaid,Low,5.5,313,31.0,30.1,381,51.3,2.9,1,3000,0
SUB-303223,2025-05-29,Mirpur,54.0,Female,Prepaid,Low,4.0,219,64.0,18.5,2,8.8,2.0,0,260,0
SUB-300670,2026-02-13,Lahore,50.0,Male,Prepaid,High,14.3,884,31.0,13.6,22,19.3,15.5,10,5010,0
SUB-301950,2019-09-25,Multan,22.0,Female,Prepaid,Mid,49.7,247,44.0,59.4,0,53.6,62.9,0,2100,1
SUB-300153,2020-07-24,Multan,40.0,Male,Prepaid,Low,1.4,150,3.0,10.0,0,25.9,0.6,0,520,2
SUB-301832,2019-01-20,Peshawar,31.0,Male,Postpaid,Low,5.4,189,28.0,15.4,0,9.6,3.8,0,510,2
SUB-303088,2024-11-20,Karachi,27.0,Male,Prepaid,Mid,69.7,153,,70.7,0,49.2,61.5,0,2360,2
SUB-303846,2022-03-31,Karachi,57.0,Female,Prepaid,Low,7.7,267,54.0,18.1,267,58.0,11.3,2,1990,0
SUB-300700,2019-12-08,Islamabad,20.0,Male,Prepaid,Mid,101.1,186,53.0,60.5,0,61.8,75.2,0,1750,2
SUB-302456,2016-12-13,Faisalabad,39.0,Female,Prepaid,Mid,14.4,1300,39.0,2.4,15,23.0,5.6,13,5660,0
SUB-303857,2023-04-13,Lahore,26.0,Female,Prepaid,High,128.1,204,36.0,47.1,1,57.1,73.8,0,1440,0
SUB-303630,2017-09-18,Rawalpindi,18.0,Male,Prepaid,Mid,76.0,277,31.0,42.0,0,54.6,59.2,1,1820,0
SUB-303929,2022-04-04,Lahore,55.0,Male,Postpaid,Mid,7.4,1855,25.0,8.0,15,18.7,11.6,8,5300,2
SUB-301852,2022-07-26,Islamabad,19.0,Female,Prepaid,Mid,85.9,189,21.0,56.6,11,37.9,80.2,0,2290,1
SUB-303083,2019-03-09,Lahore,19.0,Male,Prepaid,High,88.5,97,17.0,47.9,3,61.7,60.1,1,2040,0
SUB-302717,2024-12-18,Islamabad,30.0,Male,Postpaid,Low,33.8,1048,15.0,12.1,14,17.0,0.6,9,4460,0
SUB-303603,2019-12-28,Lahore,44.0,Male,Postpaid,Mid,21.5,1004,53.0,12.0,3,25.8,6.6,7,4760,1
SUB-301462,2017-02-10,Multan,32.0,Male,Prepaid,Mid,2.4,127,,10.0,1,23.1,0.2,0,540,0
SUB-302313,2023-08-30,Karachi,46.0,Male,Prepaid,Low,15.7,51,5.0,24.7,483,47.2,11.6,1,2890,0
SUB-300980,2022-12-23,Karachi,45.0,Male,Prepaid,Mid,26.6,1648,34.0,8.8,53,25.4,0.0,7,3200,1
SUB-302379,2017-08-11,Lahore,19.0,Female,Postpaid,High,80.0,181,43.0,57.9,0,64.8,41.2,0,2470,0
SUB-302220,2022-09-12,Peshawar,66.0,Male,Prepaid,Low,3.6,203,11.0,3.8,3,55.6,3.5,0,510,0
SUB-303161,2019-06-24,Sialkot,18.0,Female,Prepaid,Mid,76.7,94,33.0,51.4,4,71.0,57.8,0,2430,0
SUB-303204,2024-07-06,Sialkot,41.0,Female,Prepaid,Mid,1.6,153,73.0,8.9,0,30.8,4.0,0,510,1
SUB-301057,2023-01-07,Karachi,43.0,Male,Postpaid,Mid,23.2,1618,50.0,2.6,23,32.4,12.9,7,4920,2
SUB-300715,2025-08-13,Sialkot,36.0,Female,Prepaid,Low,1.2,151,36.0,5.1,0,12.8,0.0,0,390,0
SUB-300271,2024-01-25,Karachi,28.0,Male,Prepaid,High,83.1,146,24.0,44.6,0,51.3,63.4,0,2150,1
SUB-302936,2023-05-09,Mirpur,48.0,Female,Prepaid,Low,0.1,137,40.0,2.4,0,27.9,1.5,0,610,0
SUB-300783,2016-09-27,Rawalpindi,19.0,Male,Prepaid,Mid,76.5,135,18.0,58.5,2,58.7,61.3,1,1660,0
SUB-300807,2018-03-06,Sialkot,50.0,Female,Prepaid,Low,8.4,369,5.0,28.9,247,48.4,6.7,2,2220,1
SUB-302475,2022-01-20,Lahore,28.0,Female,Prepaid,Mid,64.9,268,40.0,54.3,0,63.7,55.1,1,2060,0
SUB-300313,2021-03-20,Gujranwala,68.0,Male,Prepaid,Low,1.9,69,40.0,0.4,2,63.1,,0,290,0
SUB-303230,2021-08-29,Faisalabad,25.0,Male,Prepaid,Low,0.6,73,35.0,10.2,0,36.9,1.5,0,420,0
SUB-303475,2023-03-07,Quetta,21.0,Male,Prepaid,Low,87.8,355,75.0,51.8,2,75.6,74.7,0,2300,0
SUB-303833,2024-06-20,Faisalabad,64.0,Female,Prepaid,Mid,2.7,190,38.0,7.5,7,34.1,2.1,0,270,1
SUB-300733,2017-01-21,Rawalpindi,,Male,Prepaid,Mid,3.3,56,42.0,16.0,1,41.8,0.0,0,350,0
SUB-301830,2018-08-28,Peshawar,21.0,Male,Prepaid,Low,2.6,0,53.0,5.5,3,50.2,2.7,0,420,0
SUB-303882,2020-07-02,Rawalpindi,40.0,Female,Postpaid,Mid,27.2,1299,27.0,5.6,25,20.6,9.3,8,2690,2
SUB-300532,2023-11-22,Faisalabad,54.0,Female,Prepaid,Mid,12.8,310,37.0,13.1,444,44.5,,0,2010,0
SUB-302192,2017-09-25,Karachi,21.0,Female,Postpaid,Mid,27.3,248,25.0,57.7,6,76.7,67.0,0,1310,0
SUB-300916,2020-10-17,Faisalabad,61.0,Male,Postpaid,High,13.7,149,28.0,10.0,431,52.2,3.0,2,1510,0
SUB-300605,2019-05-27,Lahore,45.0,Male,Prepaid,Low,4.8,198,27.0,17.2,1,45.9,0.0,0,590,1
SUB-300414,2020-02-23,Lahore,44.0,Male,Postpaid,High,25.6,1397,36.0,12.1,21,27.7,9.8,4,3920,1
SUB-301390,2023-08-15,Faisalabad,66.0,Male,Prepaid,Low,0.3,158,53.0,10.5,1,15.9,2.1,0,600,1
SUB-303847,2020-03-02,Mirpur,25.0,Male,Prepaid,Low,93.8,129,21.0,69.7,1,75.1,40.5,1,1370,0
SUB-303438,2023-01-24,Mirpur,52.0,Male,Prepaid,Low,4.9,115,25.0,9.4,0,14.4,1.0,0,590,0
SUB-303136,2022-04-28,Rawalpindi,42.0,Female,Prepaid,High,19.2,1007,64.0,9.7,69,22.9,6.0,16,5090,1
SUB-301838,2019-12-28,Rawalpindi,18.0,Male,Prepaid,Mid,95.0,314,0.0,63.1,8,65.7,,1,2220,0
SUB-301064,2023-08-13,Islamabad,19.0,Female,Prepaid,Mid,69.8,97,26.0,50.2,1,53.4,54.0,2,830,0
SUB-302953,2021-12-05,Gujranwala,37.0,Male,Prepaid,Mid,4.4,216,,20.7,83,53.8,6.2,2,2530,0
SUB-301460,2022-11-18,Sialkot,40.0,Male,Prepaid,Low,4.8,404,31.0,30.3,257,33.7,13.0,3,2380,0
SUB-301575,2023-11-14,Rawalpindi,37.0,Female,Postpaid,Mid,15.3,1540,56.0,16.2,18,38.4,10.0,8,5480,0
SUB-303638,2017-03-17,Multan,38.0,Male,Postpaid,Mid,12.3,142,0.0,9.3,269,38.0,5.4,3,3050,0
SUB-303858,2019-05-27,Lahore,24.0,Male,Prepaid,Mid,73.9,250,47.0,53.8,0,48.9,94.1,0,1750,2
SUB-301609,2024-09-19,Lahore,34.0,Male,Postpaid,High,27.3,1567,85.0,18.5,3,19.1,18.3,10,4590,1
SUB-300842,2022-05-04,Islamabad,,Male,Prepaid,High,58.3,75,34.0,41.7,1,71.4,19.8,0,2130,0
SUB-301548,2019-02-09,Faisalabad,46.0,Male,Prepaid,Low,3.9,69,36.0,15.6,2,25.9,4.8,0,530,1
SUB-303878,2023-12-08,Karachi,18.0,Male,Prepaid,Mid,69.7,198,21.0,61.8,0,61.6,74.1,0,2140,0
SUB-301441,2019-10-11,Lahore,18.0,Female,Prepaid,High,83.4,286,8.0,30.7,0,68.3,66.4,0,2270,1
SUB-301536,2020-07-15,Peshawar,46.0,Female,Prepaid,Mid,0.8,176,64.0,11.8,1,50.9,0.6,0,450,1
SUB-300845,2024-10-11,Lahore,23.0,Female,Prepaid,Low,0.4,0,57.0,8.8,2,29.6,0.4,0,590,0
SUB-303713,2019-10-08,Karachi,30.0,Male,Postpaid,High,25.1,887,107.0,3.5,51,29.7,12.8,14,4630,1
SUB-303585,2016-08-07,Gujranwala,20.0,Male,Prepaid,Mid,80.2,248,43.0,62.4,0,60.3,78.5,1,2310,0
SUB-301746,2023-01-06,Karachi,25.0,Female,Prepaid,Mid,70.6,193,77.0,73.2,5,66.5,67.7,1,1910,1
SUB-300597,2018-01-22,Sialkot,43.0,Female,Prepaid,High,6.3,186,42.0,31.4,398,35.2,7.7,2,2010,1
SUB-300161,2024-10-13,Lahore,35.0,Male,Prepaid,Low,15.3,302,16.0,13.4,423,19.8,10.4,1,3080,0
SUB-300652,2016-10-30,Lahore,63.0,Male,Prepaid,Mid,2.6,188,8.0,13.3,0,35.2,0.1,0,240,0
SUB-303848,2019-09-04,Karachi,50.0,Male,Prepaid,Low,3.7,210,39.0,8.7,2,41.5,1.1,0,440,1
SUB-303918,2023-03-09,Karachi,61.0,Male,Prepaid,Low,1.9,146,39.0,18.2,1,24.3,2.1,0,530,1
SUB-300852,2021-05-30,Rawalpindi,31.0,Female,Postpaid,High,11.8,1045,83.0,3.3,27,14.9,10.0,8,3610,0
SUB-300541,2022-03-03,Lahore,26.0,Male,Prepaid,Low,4.9,112,,1.7,0,15.7,2.5,0,230,2
SUB-300480,2024-01-25,Islamabad,39.0,Female,Postpaid,Mid,4.9,142,7.0,13.7,488,44.3,6.0,1,1680,0
SUB-303052,2021-01-05,Islamabad,19.0,Male,Prepaid,Mid,77.9,133,,45.1,10,67.0,35.9,1,1180,0
SUB-300809,2019-07-23,Quetta,51.0,Male,Prepaid,Low,5.1,144,72.0,3.3,0,38.6,0.9,0,240,0
SUB-301035,2023-10-12,Lahore,47.0,Female,Prepaid,Mid,4.5,395,3.0,22.3,383,43.0,0.0,2,480,0
SUB-300556,2025-03-05,Multan,34.0,Female,Postpaid,Low,15.1,1558,59.0,3.8,26,28.5,7.8,5,3720,1
SUB-302511,2016-11-13,Karachi,21.0,Male,Prepaid,Mid,72.8,100,41.0,59.6,1,70.8,81.0,0,2400,0
SUB-303656,2019-07-13,Lahore,45.0,Male,Prepaid,Low,3.5,157,28.0,2.6,0,25.4,2.0,0,560,0
SUB-303404,2023-08-13,Lahore,52.0,Female,Prepaid,Mid,7.0,300,22.0,27.8,163,45.9,3.2,0,1630,1
SUB-301734,2022-05-10,Quetta,25.0,Female,Prepaid,Low,4.8,57,12.0,8.9,2,21.1,1.3,0,400,0
SUB-300440,2023-09-03,Gujranwala,62.0,Male,Prepaid,Mid,4.7,150,0.0,11.8,358,46.0,16.6,2,2350,1
SUB-302525,2022-01-19,Rawalpindi,43.0,Male,Postpaid,High,16.9,1062,91.0,16.2,48,34.1,4.7,8,4170,2
SUB-302987,2019-07-09,Multan,22.0,Female,PREPAID,Low,4.2,239,7.0,2.8,2,0.1,2.3,0,310,0
SUB-302568,2023-07-02,Lahore,18.0,Female,Prepaid,High,70.3,113,21.0,52.0,9,55.6,,0,1690,0
SUB-302034,2026-02-10,Lahore,32.0,Male,Prepaid,Mid,2.4,97,2.0,6.6,0,25.3,2.2,0,340,0
SUB-303137,2022-12-12,Karachi,69.0,Female,Prepaid,Mid,5.5,127,50.0,17.6,1,44.7,3.4,0,420,1
SUB-301191,2026-03-01,Karachi,42.0,Female,Postpaid,High,2.0,1789,91.0,13.8,25,16.4,6.2,5,7320,0
SUB-302019,2023-09-04,Rawalpindi,48.0,Female,Prepaid,High,24.6,1783,46.0,1.6,7,16.2,10.2,9,5030,0
SUB-300007,2025-09-17,Islamabad,44.0,Female,Postpaid,High,20.3,1286,47.0,12.1,35,25.9,1.0,7,4620,1
SUB-302146,2025-10-22,Karachi,23.0,Male,Prepaid,High,71.0,228,9.0,59.0,0,65.2,44.2,1,1690,0
SUB-302376,2023-01-07,Mirpur,60.0,Male,Prepaid,Mid,2.6,152,12.0,16.7,0,17.7,2.2,0,460,0
SUB-302393,2017-03-17,Islamabad,28.0,Female,Prepaid,Mid,104.6,161,21.0,56.5,0,52.7,77.2,1,990,1
SUB-300687,2026-01-01,Multan,29.0,Male,Prepaid,Mid,0.1,118,31.0,20.7,0,28.2,1.8,0,470,2
SUB-301344,2021-09-19,Peshawar,24.0,Male,Prepaid,Low,2.5,272,11.0,9.2,0,23.3,1.9,0,380,0
SUB-301634,2023-12-06,Gujranwala,33.0,Male,Prepaid,Mid,2.7,246,45.0,16.9,1,31.2,0.4,0,330,1
SUB-303762,2022-09-09,Karachi,27.0,Male,Prepaid,Low,93.2,144,45.0,72.9,7,65.6,49.2,0,1200,0
SUB-301776,2025-06-13,Karachi,22.0,Male,Prepaid,High,50.6,275,53.0,61.2,0,49.9,51.6,1,2030,0
SUB-302772,2025-11-19,Quetta,30.0,Female,Prepaid,Low,4.4,114,44.0,12.2,0,39.6,2.5,0,260,2
SUB-300452,2022-03-23,Karachi,61.0,Female,Prepaid,High,11.8,459,22.0,19.4,460,21.9,4.1,3,2300,2
SUB-300950,2026-01-30,Gujranwala,54.0,Female,Prepaid,Low,3.7,236,0.0,11.9,0,45.5,0.2,0,460,1
SUB-303710,2025-06-12,Multan,34.0,Male,Prepaid,Low,4.0,179,29.0,6.7,0,7.5,1.2,0,500,0
SUB-301662,2025-11-13,Sialkot,48.0,Male,Prepaid,Low,5.2,278,2.0,25.5,168,23.0,6.2,0,1660,0
SUB-301698,2022-03-15,Sialkot,57.0,Female,Prepaid,Low,0.7,97,,9.7,0,19.7,0.0,0,520,0
SUB-303790,2019-09-28,Quetta,33.0,Male,Postpaid,Low,3.4,68,17.0,0.0,4,18.8,0.0,1,240,1
SUB-303275,2020-11-22,Islamabad,42.0,Male,Prepaid,Mid,1.7,1434,92.0,7.7,53,44.9,8.2,5,3680,0
SUB-300503,2025-10-05,Gujranwala,47.0,Male,Postpaid,High,14.5,837,62.0,13.2,3,26.9,9.8,14,3710,2
SUB-301836,2021-05-02,Mirpur,47.0,Female,Prepaid,Mid,12.8,319,7.0,28.4,230,43.2,6.6,0,1710,0
SUB-302968,2024-10-16,Quetta,22.0,Female,Prepaid,Mid,54.4,173,47.0,61.8,3,63.1,71.2,0,3300,1
SUB-303881,2021-10-07,Gujranwala,50.0,Female,Prepaid,Low,3.4,317,12.0,8.4,337,23.9,5.5,1,2140,1
SUB-303905,2020-05-24,Lahore,34.0,Female,Prepaid,High,16.1,1158,,22.2,0,32.8,12.0,11,5360,1
SUB-300566,2020-10-05,Karachi,27.0,Male,Prepaid,High,57.8,199,48.0,58.7,6,62.8,50.9,0,1520,0
SUB-300810,2020-06-15,Peshawar,61.0,Male,PREPAID,Low,4.9,49,37.0,6.3,0,0.0,1.3,1,450,0
SUB-301116,2018-04-19,Sialkot,24.0,Male,Prepaid,Mid,70.8,289,42.0,49.2,0,52.2,54.1,0,1420,0
SUB-300501,2020-04-21,Lahore,45.0,Female,Postpaid,High,5.7,1846,97.0,7.4,40,34.9,6.6,7,2870,1
SUB-303446,2020-10-11,Mirpur,68.0,Male,Prepaid,Mid,3.0,182,39.0,10.2,0,59.3,0.0,0,670,0
SUB-303750,2018-10-09,Rawalpindi,55.0,Female,Postpaid,Low,7.3,331,16.0,20.8,403,24.6,0.0,2,3140,0
SUB-301957,2021-10-12,Lahore,27.0,Male,Prepaid,High,115.1,185,48.0,45.2,10,74.7,64.7,0,2180,1
SUB-302583,2017-08-20,Sialkot,40.0,Female,Postpaid,,27.9,1199,47.0,20.3,20,40.1,7.6,10,4210,0
SUB-301000,2024-11-24,Faisalabad,19.0,Female,Prepaid,Mid,52.0,26,68.0,58.3,0,78.1,77.6,0,1710,0
SUB-302167,2022-10-17,Islamabad,41.0,Male,Postpaid,Low,12.9,152,36.0,22.7,407,41.6,6.0,1,2200,0
SUB-301143,2019-11-30,Multan,19.0,Male,Prepaid,Mid,52.0,112,35.0,82.5,3,61.4,41.6,0,2330,0
SUB-301841,2018-11-19,Mirpur,33.0,Female,Prepaid,Low,14.6,307,26.0,6.5,250,27.9,2.8,0,1660,0
SUB-300244,2022-10-16,Faisalabad,60.0,Male,Postpaid,Low,0.1,194,63.0,10.9,0,4.5,1.1,1,380,2
SUB-302092,2024-08-05,Karachi,21.0,Male,Prepaid,High,54.3,188,30.0,42.8,3,66.8,56.4,0,1680,0
SUB-302574,2023-10-15,Lahore,22.0,Male,Prepaid,Mid,76.5,213,9.0,51.3,0,87.2,64.2,1,2050,3
SUB-302432,2017-09-14,Lahore,19.0,Male,Prepaid,Low,27.7,238,0.0,67.9,0,52.7,81.7,1,2650,0
SUB-302506,2026-02-21,Sialkot,22.0,Male,Prepaid,Mid,0.6,210,42.0,11.4,0,30.9,0.5,0,520,1
SUB-302749,2017-06-04,Multan,24.0,Female,Postpaid,High,59.2,182,70.0,64.9,4,77.3,82.7,0,2440,0
SUB-301812,2018-09-19,Mirpur,65.0,Male,Prepaid,Mid,9.7,122,45.0,9.0,358,43.0,5.3,6,2580,0
SUB-303927,2017-05-04,Karachi,32.0,Female,Postpaid,Mid,19.6,1463,97.0,11.7,13,22.0,10.2,5,5140,0
SUB-301153,2024-07-23,Rawalpindi,35.0,Female,Prepaid,Mid,0.9,321,0.0,42.8,387,43.6,5.2,1,2110,0
SUB-303499,2021-02-28,Sialkot,42.0,Male,Postpaid,Mid,11.5,156,20.0,21.1,414,28.0,8.6,2,1070,0
SUB-302089,2019-05-15,Faisalabad,35.0,Female,Prepaid,Low,3.7,369,,22.1,440,31.3,2.1,1,1920,1
SUB-303152,2023-12-18,Lahore,31.0,Female,Postpaid,Mid,26.4,1443,77.0,15.4,0,31.7,0.0,7,4580,1
SUB-300050,2024-09-16,Karachi,56.0,Male,Prepaid,Mid,1.6,157,52.0,2.5,1,31.0,0.7,0,350,0
SUB-303599,2021-12-13,Karachi,,Male,Prepaid,Low,0.9,220,29.0,22.7,0,49.2,3.9,0,350,0
SUB-302930,2018-12-21,Sialkot,24.0,Female,Prepaid,Mid,1.1,86,38.0,20.0,1,12.9,0.0,0,380,0
SUB-303131,2022-05-15,Peshawar,43.0,Male,Prepaid,Low,2.7,186,38.0,7.6,2,29.5,2.2,0,280,0
SUB-301733,2019-07-22,Islamabad,45.0,Female,Prepaid,High,28.4,1543,75.0,15.2,41,6.9,5.7,8,4870,0
SUB-301279,2025-09-19,Islamabad,22.0,Male,Prepaid,Low,3.3,259,59.0,9.9,0,36.2,,0,400,1
SUB-301472,2021-06-22,Multan,38.0,Male,Prepaid,Low,2.5,277,0.0,13.3,3,31.6,0.0,0,240,0
SUB-301379,2021-02-01,Multan,67.0,Male,Prepaid,Low,4.6,121,19.0,12.5,2,33.8,2.8,0,450,1
SUB-302677,2018-10-04,Lahore,36.0,Male,Prepaid,High,22.7,1220,59.0,6.3,25,25.4,6.8,5,4680,0
SUB-301617,2018-07-05,Karachi,36.0,Male,Prepaid,High,25.4,1261,66.0,5.6,43,14.7,14.2,8,2130,0
SUB-300389,2023-07-08,Sialkot,63.0,Male,Prepaid,Low,4.3,265,23.0,8.6,3,32.0,2.6,0,360,1
SUB-302266,2016-09-10,Faisalabad,26.0,Female,Prepaid,Mid,75.1,178,37.0,41.7,4,69.5,48.2,0,1510,1
SUB-302902,2020-10-04,Lahore,35.0,Female,Prepaid,Mid,24.5,1292,45.0,13.3,34,31.0,11.4,9,4400,0
SUB-303364,2023-03-28,Faisalabad,26.0,Female,Prepaid,Mid,72.0,187,69.0,65.9,7,66.2,72.4,0,2330,1
SUB-303978,2019-04-20,Multan,31.0,Female,Postpaid,High,29.2,714,21.0,12.2,26,33.5,11.5,12,5110,1
SUB-301477,2018-11-06,Karachi,46.0,Male,PREPAID,Low,3.1,7,61.0,4.9,0,38.2,4.7,0,410,1
SUB-300858,2020-08-17,Multan,68.0,Male,Prepaid,Mid,3.5,195,67.0,10.9,4,34.1,1.2,0,480,0
SUB-302897,2021-03-21,Lahore,48.0,Male,Postpaid,Mid,17.7,539,33.0,0.0,44,25.1,0.0,2,2310,0
SUB-303824,2019-05-06,Karachi,18.0,Female,PREPAID,High,99.0,214,76.0,75.7,1,57.5,88.7,0,1490,0
SUB-302678,2022-09-23,Lahore,26.0,Male,Prepaid,Low,1.9,210,52.0,8.0,0,30.9,1.8,0,240,0
SUB-301635,2023-03-08,Karachi,43.0,Male,Prepaid,Mid,5.3,503,34.0,18.3,441,38.4,0.0,1,2150,1
SUB-302271,2022-01-24,Peshawar,26.0,Male,Prepaid,Mid,69.5,66,59.0,67.8,0,72.8,37.5,1,2780,1
SUB-300338,2022-07-07,Karachi,52.0,Male,Prepaid,Mid,9.5,256,14.0,41.8,519,31.5,7.8,2,1300,0
SUB-300844,2020-02-22,Lahore,49.0,Male,Prepaid,Low,3.4,180,17.0,2.5,1,12.8,2.2,0,330,0
SUB-303235,2025-08-29,Karachi,60.0,Male,Prepaid,Mid,3.5,144,29.0,17.4,333,45.9,6.8,0,2080,1
SUB-303698,2026-04-27,Rawalpindi,20.0,Female,Postpaid,Low,57.9,141,25.0,62.5,0,48.4,74.0,1,2870,0
SUB-303760,2020-03-28,Lahore,26.0,Male,Prepaid,Mid,3.7,90,46.0,4.0,2,25.8,0.0,0,500,0
SUB-301627,2024-01-06,Peshawar,27.0,Male,Prepaid,High,49.5,266,54.0,58.3,0,61.9,68.2,0,2210,1
SUB-302681,2016-10-30,Lahore,32.0,Male,Prepaid,High,23.5,1343,57.0,17.7,22,41.9,0.0,4,4960,1
SUB-301805,2017-12-11,Karachi,25.0,Female,Prepaid,High,80.7,189,36.0,49.9,0,67.4,30.4,0,1560,0
SUB-300882,2018-06-22,Mirpur,18.0,Male,Prepaid,Mid,78.8,240,28.0,75.3,7,56.3,53.1,0,1320,0
SUB-303296,2016-11-05,Faisalabad,68.0,Male,Prepaid,Low,4.9,81,38.0,5.1,2,47.0,2.6,0,370,0
SUB-300224,2017-11-14,Islamabad,47.0,Female,Postpaid,High,14.6,1072,0.0,12.8,0,21.1,3.3,7,3570,0
SUB-301989,2021-11-03,Rawalpindi,,Female,Postpaid,Mid,7.6,300,45.0,25.8,311,60.8,0.0,1,1420,0
SUB-300297,2023-12-31,Karachi,22.0,Female,Prepaid,High,65.4,238,,73.2,0,71.6,51.7,1,2360,0
SUB-300358,2024-11-18,Rawalpindi,18.0,Female,Prepaid,Mid,45.1,140,80.0,51.3,9,45.6,63.7,0,2930,0
SUB-303029,2018-06-02,Karachi,54.0,Male,Prepaid,Mid,25.7,1756,76.0,5.3,0,33.1,4.8,10,4800,1
SUB-301332,2026-04-11,Sialkot,48.0,Male,Prepaid,Low,4.3,248,24.0,14.3,4,0.0,1.8,0,550,0
SUB-300101,2017-02-18,Gujranwala,58.0,Male,Prepaid,Low,10.6,126,18.0,20.7,275,40.6,13.0,2,2370,0
SUB-300010,2020-08-25,Faisalabad,34.0,Male,Prepaid,Mid,6.0,94,21.0,19.4,391,34.1,5.5,1,1900,2
SUB-302062,2026-02-23,Karachi,22.0,Female,Prepaid,Low,74.1,54,43.0,57.6,2,73.5,47.4,1,2090,0
SUB-300727,2025-12-02,Karachi,30.0,Male,Postpaid,Mid,14.3,626,68.0,10.9,33,19.0,7.2,10,1920,2
SUB-301760,2020-04-28,Quetta,33.0,Male,Prepaid,Low,0.7,21,70.0,13.6,4,18.2,2.9,0,420,0
SUB-300384,2023-06-29,Islamabad,56.0,Female,Prepaid,Low,4.7,112,31.0,19.0,1,60.1,2.4,0,490,1
SUB-300149,2023-10-30,Rawalpindi,32.0,Male,Postpaid,High,20.9,1437,96.0,13.6,58,25.6,10.8,6,1760,0
SUB-300716,2019-09-17,Rawalpindi,26.0,Male,Prepaid,,35.5,258,49.0,60.8,5,58.8,48.1,0,2140,0
SUB-303749,2023-09-10,Karachi,37.0,Female,Postpaid,Mid,15.5,1241,104.0,15.9,12,37.3,8.8,7,5100,2
SUB-300334,2020-06-18,Rawalpindi,51.0,Male,Prepaid,Mid,11.8,293,37.0,9.0,324,43.3,2.9,0,2330,0
SUB-303400,2025-05-11,Mirpur,63.0,Male,Prepaid,Low,2.0,74,47.0,0.0,4,42.0,0.0,0,430,1
SUB-301516,2019-10-12,Karachi,28.0,Female,Prepaid,High,45.1,198,71.0,53.2,1,64.1,20.1,0,1410,1
SUB-303877,2025-03-26,Gujranwala,44.0,Male,Prepaid,Mid,10.0,360,20.0,29.7,217,30.7,15.8,2,2510,1
SUB-301823,2022-07-14,Islamabad,,Male,Prepaid,Mid,87.3,301,68.0,61.4,0,57.8,56.6,0,1700,2
SUB-302597,2020-07-14,Lahore,18.0,Female,Prepaid,High,88.8,218,27.0,52.5,2,73.4,76.8,1,1810,0
SUB-301670,2018-09-08,Gujranwala,61.0,Male,Prepaid,Mid,5.2,311,56.0,38.3,312,52.8,4.1,2,2530,2
SUB-303033,2025-09-30,Karachi,69.0,Male,Prepaid,Low,5.9,143,23.0,15.3,2,32.1,2.3,0,220,1
SUB-301997,2017-12-12,Quetta,68.0,Male,Prepaid,Low,4.1,232,43.0,8.5,5,44.1,0.8,0,490,0
SUB-302060,2023-06-04,Rawalpindi,18.0,Male,Postpaid,Mid,100.9,262,29.0,48.8,9,59.4,39.2,0,1570,0
SUB-300148,2025-11-03,Lahore,,Male,Prepaid,High,56.6,21,46.0,42.8,13,46.8,82.8,0,1960,0
SUB-300909,2022-10-28,Lahore,52.0,Female,Postpaid,Mid,22.7,1046,61.0,1.1,20,26.9,8.5,10,2970,2
SUB-300978,2023-09-18,Peshawar,44.0,Female,Postpaid,Mid,15.6,1350,63.0,6.3,6,25.2,12.9,7,5010,0
SUB-301428,2019-01-11,Karachi,43.0,Male,Prepaid,High,24.7,1750,50.0,19.6,39,27.0,4.9,6,5210,0
SUB-300166,2019-05-10,Multan,34.0,Male,Prepaid,Low,5.4,82,33.0,11.8,0,43.7,0.0,0,380,0
SUB-302623,2018-04-30,Gujranwala,19.0,Female,Prepaid,Mid,64.0,317,60.0,63.6,4,74.3,58.0,0,2510,0
SUB-301398,2021-11-11,Islamabad,21.0,Male,Prepaid,,89.6,240,51.0,62.0,0,66.9,61.8,0,2060,1
SUB-303252,2024-09-24,Multan,25.0,Female,Postpaid,Mid,35.1,306,64.0,49.4,0,65.8,82.4,2,1310,1
SUB-300267,2022-02-28,Mirpur,24.0,Female,Prepaid,Low,4.2,61,45.0,10.2,5,37.6,0.8,0,540,0
SUB-303982,2021-03-08,Multan,,Male,Postpaid,,31.8,1536,83.0,5.4,76,33.6,12.4,12,4120,2
SUB-302604,2020-03-15,Lahore,28.0,Male,Postpaid,Mid,56.1,134,43.0,52.2,0,61.9,61.3,1,1640,0
SUB-303336,2025-04-24,Rawalpindi,45.0,Male,Prepaid,High,5.6,382,32.0,12.8,457,19.4,10.2,0,950,1
SUB-303053,2021-06-17,Lahore,25.0,Male,Prepaid,High,57.9,193,25.0,59.6,0,51.7,81.4,0,2190,0
SUB-300408,2019-04-09,Sialkot,,Male,Prepaid,Mid,2.0,221,44.0,0.0,0,27.5,4.1,0,340,1
SUB-302330,2022-04-15,Mirpur,51.0,Male,PREPAID,Low,11.9,0,28.0,24.8,155,22.1,0.0,2,2610,0
SUB-300537,2020-10-01,Gujranwala,43.0,Female,Prepaid,Mid,10.3,165,55.0,25.5,346,24.3,3.6,1,2080,1
SUB-301769,2022-02-05,Faisalabad,25.0,Female,Prepaid,Mid,105.5,206,34.0,38.1,0,63.8,38.2,0,800,1
SUB-303367,2019-01-05,Peshawar,42.0,Male,Postpaid,Mid,17.0,1047,35.0,9.8,39,30.2,8.5,9,2730,1
SUB-302350,2017-09-12,Islamabad,23.0,Male,Prepaid,Low,1.7 GB,222,0.0,0.0,0,24.8,0.8,0,310,1
SUB-302249,2021-09-16,Karachi,47.0,Female,Prepaid,Mid,5.0,78,14.0,21.8,0,35.2,0.0,0,340,0
SUB-301725,2017-11-21,Gujranwala,40.0,Female,Prepaid,Low,9.7,231,0.0,22.2,343,38.8,6.9,0,2090,1
SUB-303457,2018-07-15,Lahore,45.0,Male,Postpaid,Mid,2.5,226,1.0,22.8,282,30.4,7.7,1,1960,1
SUB-303394,2019-07-02,Multan,53.0,Male,Prepaid,Low,3.8,154,2.0,12.5,2,12.7,3.4,0,430,1
SUB-302840,2021-08-28,Lahore,24.0,Female,Prepaid,High,91.4,318,52.0,54.3,5,76.6,39.7,0,2330,0
SUB-301129,2018-10-02,Faisalabad,27.0,Male,Prepaid,Low,4.1,114,44.0,9.7,0,32.6,1.3,0,460,0
SUB-302331,2024-05-23,Faisalabad,50.0,Female,Postpaid,High,20.2,1482,124.0,7.8,57,23.2,8.6,13,3230,0
SUB-302651,2021-09-17,Islamabad,18.0,Male,Prepaid,Mid,56.5,215,32.0,54.2,10,61.0,24.4,2,1270,0
SUB-303121,2017-07-23,Multan,19.0,Male,Prepaid,,72.3,228,52.0,48.8,2,48.2,73.1,0,2240,2
SUB-301199,2018-10-05,Mirpur,26.0,Male,Prepaid,Low,2.8,89,70.0,16.8,1,20.3,,0,260,0
SUB-301695,2021-03-08,Karachi,49.0,Male,Prepaid,Mid,13.5,252,,13.2,314,27.6,5.7,1,2730,1
SUB-301970,2019-04-10,Lahore,20.0,Female,Prepaid,Low,4.0,105,40.0,13.8,0,18.1,3.9,0,510,0
SUB-301685,2021-08-12,Faisalabad,67.0,Male,Prepaid,Mid,2.7,112,15.0,8.4,4,37.9,1.6,0,530,0
SUB-302041,2025-04-04,Peshawar,37.0,Male,Prepaid,Low,0.1,170,22.0,17.0,0,24.4,2.5,0,460,1
SUB-301777,2019-07-25,Rawalpindi,27.0,Female,PREPAID,Mid,51.7,124,18.0,50.1,0,55.4,,0,2290,1
SUB-301350,2026-04-18,Gujranwala,26.0,Female,Prepaid,Mid,82.8,197,13.0,65.1,7,53.6,98.5,0,2130,1
SUB-301346,2022-06-21,Lahore,27.0,Male,Prepaid,Mid,49.4,239,17.0,52.8,0,65.4,88.4,0,3160,0
SUB-300434,2023-06-08,Faisalabad,26.0,Female,Prepaid,Mid,87.7,91,63.0,47.1,4,66.4,49.3,0,2040,0
SUB-301288,2024-12-10,Lahore,40.0,Male,Postpaid,Low,9.4,1415,37.0,10.6,9,29.0,9.3,7,5090,3
SUB-303512,2022-07-12,Sialkot,24.0,Male,Prepaid,Low,108.1,286,2.0,48.3,1,55.7,65.3,0,1400,0
SUB-302815,2017-01-11,Rawalpindi,52.0,Male,Prepaid,Low,4.1,40,42.0,8.9,0,30.5,,0,380,0
SUB-302476,2025-11-16,Sialkot,26.0,Male,Prepaid,High,48.8,140,47.0,74.8,6,63.8,66.2,1,2380,0
SUB-300263,2016-07-20,Faisalabad,37.0,Male,Prepaid,Low,2.9,232,65.0,10.9,1,41.7,2.2,0,400,1
SUB-303388,2022-09-12,Islamabad,46.0,Male,Prepaid,Mid,21.4,1057,52.0,13.1,17,28.5,8.9,9,3160,1
SUB-303384,2021-09-17,Rawalpindi,54.0,Female,Postpaid,Mid,27.6,1585,,7.7,14,24.7,10.4,12,5300,0
SUB-301142,2025-05-07,Peshawar,55.0,Female,Prepaid,Low,4.1,241,55.0,8.2,2,26.2,0.0,0,570,0
SUB-303480,2022-07-08,Faisalabad,53.0,Female,Postpaid,Mid,13.7,330,20.0,26.0,265,44.4,0.0,1,2380,1
SUB-303973,2023-04-20,Peshawar,29.0,Male,Prepaid,Low,2.6,174,39.0,15.3,0,39.0,0.5,0,540,0
SUB-300693,2024-10-23,Multan,27.0,Female,Prepaid,High,102.9,94,92.0,64.8,0,35.7,69.5,0,1790,0
SUB-303255,2018-08-23,Lahore,40.0,Male,Postpaid,High,24.3,1526,97.0,8.6,8,21.3,9.0,4,4920,0
SUB-300793,2024-01-25,Lahore,26.0,Male,Prepaid,Low,4.6,254,77.0,4.5,3,38.7,2.6,0,450,0
SUB-302802,2018-09-04,Karachi,29.0,Female,Postpaid,High,30.9,2170,80.0,17.5,35,17.9,5.3,6,4810,0
SUB-303069,2016-08-18,Karachi,42.0,Male,Postpaid,High,17.5,1905,41.0,15.9,28,4.6,6.5,11,4000,1
SUB-300587,2025-02-23,Quetta,19.0,Male,Prepaid,Mid,114.5,281,51.0,39.1,0,72.6,53.3,0,2320,1
SUB-300982,2021-04-07,Sialkot,40.0,Female,Postpaid,Mid,2.8,181,21.0,18.0,248,57.6,8.9,3,1910,0
SUB-301117,2017-12-13,Faisalabad,27.0,Male,Prepaid,Low,5.9,73,4.0,9.0,3,34.8,0.3,0,570,0
SUB-303405,2026-03-04,Sialkot,26.0,Male,Prepaid,Low,3.4,115,1.0,13.0,0,15.4,0.0,0,250,1
SUB-301781,2024-02-27,Rawalpindi,24.0,Female,Prepaid,Mid,6.4,114,35.0,15.5,1,0.0,1.8,1,570,0
SUB-303386,2024-06-28,Quetta,44.0,Female,Prepaid,Low,7.6,156,0.0,18.0,1,32.3,2.9,0,310,0
SUB-303030,2017-11-01,Karachi,52.0,Female,Postpaid,High,22.5,1207,45.0,7.4,30,17.9,3.1,8,3880,1
SUB-303639,2025-07-06,Peshawar,38.0,Female,Prepaid,Low,3.0,118,26.0,4.8,0,21.1,0.0,0,440,0
SUB-300943,2021-10-09,Gujranwala,59.0,Female,Prepaid,Low,4.4,107,37.0,9.6,4,22.5,0.3,0,470,0
SUB-301706,2019-09-03,Sialkot,27.0,Female,Prepaid,Mid,97.5,199,0.0,58.4,8,57.5,86.5,0,2430,0
SUB-302674,2025-12-26,Gujranwala,23.0,Female,Prepaid,Mid,59.9,58,14.0,60.1,2,53.0,80.5,0,1540,0
SUB-301499,2018-08-26,Lahore,19.0,Male,Postpaid,High,99.5,343,28.0,28.0,4,78.6,69.1,0,2360,0
SUB-302766,2024-02-29,Islamabad,36.0,Male,Prepaid,High,27.0,1247,69.0,5.6,28,10.7,2.3,6,3230,1
SUB-301529,2018-05-29,Lahore,23.0,Female,Prepaid,High,84.0,316,12.0,54.3,0,55.2,83.6,0,1740,0
SUB-301431,2017-12-07,Islamabad,28.0,Male,Prepaid,High,78.1,40,27.0,69.3,5,63.2,78.5,0,1750,0
SUB-301134,2020-09-01,Karachi,23.0,Male,Postpaid,Mid,53.6,105,11.0,60.8,3,60.1,64.8,0,1780,0
SUB-301091,2020-04-14,Peshawar,41.0,Female,Prepaid,Low,3.7,187,43.0,13.7,0,47.1,0.0,0,390,1
SUB-302321,2022-07-26,Karachi,,Female,Prepaid,,3.5,189,20.0,14.1,0,14.0,0.0,0,320,0
SUB-301275,2022-10-01,Lahore,26.0,Female,Prepaid,Mid,0.2,177,27.0,6.3,2,41.1,2.5,0,520,0
SUB-303436,2019-01-04,Rawalpindi,26.0,Male,Prepaid,High,82.3,143,42.0,51.0,2,64.3,52.4,0,1690,2
SUB-300530,2020-08-16,Karachi,28.0,Male,Prepaid,Low,3.7,296,0.0,7.3,0,22.4,,0,410,0
SUB-302916,2021-10-03,Rawalpindi,59.0,Male,Prepaid,Low,2.1,80,28.0,5.5,0,26.5,0.0,0,410,1
SUB-301243,2017-11-04,Sialkot,39.0,Male,Prepaid,Low,0.3,152,0.0,21.2,248,33.4,6.1,1,1350,0
SUB-303310,2026-04-09,Islamabad,27.0,Male,Postpaid,Mid,109.3,119,56.0,44.7,2,64.1,65.1,0,1970,0
SUB-303331,2018-12-12,Multan,25.0,Male,Prepaid,Low,5.7,55,39.0,11.7,3,46.1,2.1,0,630,0
SUB-301956,2025-07-23,Lahore,25.0,Female,Prepaid,Low,2.3,274,1.0,2.3,0,29.4,1.7,0,550,3
SUB-302599,2019-08-07,Faisalabad,40.0,Male,Prepaid,Low,3.2,174,27.0,15.0,0,18.5,2.2,0,470,1
SUB-300147,2019-09-14,Mirpur,62.0,Male,Prepaid,Low,0.1,167,14.0,7.1,0,41.7,1.8,0,510,2
SUB-300465,2022-01-02,Gujranwala,19.0,Male,Prepaid,Low,53.2,165,29.0,57.1,3,48.8,79.4,0,1730,0
SUB-300305,2018-07-13,Peshawar,18.0,Male,Prepaid,Mid,94.7,284,15.0,42.0,1,61.2,53.4,1,2280,0
SUB-300749,2020-01-07,Peshawar,46.0,Male,Prepaid,Low,4.1,136,17.0,10.3,5,45.2,3.5,0,320,1
SUB-300629,2025-09-24,Multan,67.0,Male,Prepaid,Low,3.5,50,31.0,0.0,0,55.5,0.3,0,550,0
SUB-303811,2024-07-31,Lahore,57.0,Male,Prepaid,Low,2.7,49,36.0,19.9,5,41.5,2.3,1,440,0
SUB-303278,2023-09-05,Karachi,26.0,Male,Prepaid,Mid,80.9,226,0.0,74.3,9,78.2,40.8,0,1670,0
SUB-302205,2018-06-28,Islamabad,24.0,Female,Prepaid,Mid,63.9,215,7.0,39.4,3,66.6,59.1,1,1960,0
SUB-301586,2025-04-05,Faisalabad,,Female,Prepaid,Low,5.5,156,50.0,11.7,4,28.6,5.7,0,530,0
SUB-302336,2016-09-13,Gujranwala,25.0,Female,Prepaid,High,2.7,116,17.0,17.0,2,10.8,,0,380,1
SUB-303719,2019-08-30,Faisalabad,31.0,Female,Prepaid,Mid,2.5,160,1.0,12.5,2,40.5,2.1,0,270,0
SUB-301615,2020-12-20,Karachi,69.0,Male,Prepaid,Mid,2.9,99,60.0,5.9,0,51.0,1.1,0,490,0
SUB-301547,2020-09-09,Karachi,52.0,Male,Prepaid,Low,3.1,72,23.0,9.1,4,55.4,0.0,0,190,0
SUB-300037,2020-03-28,Lahore,28.0,Male,Postpaid,Low,14.6,599,53.0,11.5,8,31.9,0.0,9,3340,0
SUB-300760,2020-07-06,Gujranwala,64.0,Male,Postpaid,High,6.1,147,4.0,9.9,286,38.5,,0,1400,0
SUB-301188,2024-05-11,Peshawar,26.0,Male,Prepaid,Low,56.5,203,53.0,68.3,0,81.5,46.2,1,2100,0
SUB-303417,2018-01-17,Multan,64.0,Female,Prepaid,Low,4.2,130,36.0,3.2,2,46.5,1.3,0,410,0
SUB-303242,2018-08-12,Lahore,27.0,Male,Prepaid,High,71.4,245,28.0,43.0,0,55.0,71.3,0,1720,1
SUB-300522,2017-01-01,Multan,23.0,Female,Prepaid,Low,0.1,175,74.0,9.9,4,36.8,1.0,0,510,1
SUB-302967,2020-01-13,Karachi,27.0,Female,Prepaid,Mid,5.9,107,48.0,4.2,3,33.3,0.0,0,490,0
SUB-300601,2019-03-26,Quetta,55.0,Male,Prepaid,Mid,24.7,1691,0.0,12.5,28,33.5,9.6,9,4920,0
SUB-301748,2023-01-11,Gujranwala,62.0,Male,Prepaid,Mid,3.0,76,25.0,26.6,0,34.7,0.9,0,330,0
SUB-303757,2020-01-29,Multan,67.0,Female,Postpaid,Low,2.5,35,27.0,11.6,0,33.0,2.2,0,610,0
SUB-303891,2025-03-29,Karachi,,Male,Prepaid,Mid,1.7,181,9.0,14.9,1,37.7,0.8,0,510,1
SUB-302741,2024-10-25,Lahore,22.0,Male,Prepaid,Mid,58.8,106,,49.5,0,58.2,85.7,0,1600,0
SUB-303764,2017-09-24,Gujranwala,,Male,Prepaid,Low,0.4,112,3.0,6.1,0,18.9,3.3,0,560,1
SUB-301264,2026-01-06,Mirpur,38.0,Female,Prepaid,Mid,12.6,434,39.0,12.3,236,41.7,7.9,0,1870,0
SUB-300726,2023-05-23,Lahore,55.0,Female,Prepaid,Low,3.0,168,41.0,7.1,3,15.1,1.8,0,560,1
SUB-302099,2021-03-07,Sialkot,63.0,Male,Prepaid,Low,3.0,98,13.0,3.0,0,39.2,0.0,0,480,0
SUB-302433,2025-09-30,Islamabad,54.0,Male,Prepaid,Low,22.1,1934,139.0,18.2,0,11.8,10.4,8,5480,1
SUB-300818,2024-03-23,Gujranwala,28.0,Female,Prepaid,High,66.7,225,59.0,62.3,8,58.3,34.9,0,1950,0
SUB-303482,2026-03-02,Faisalabad,55.0,Female,Postpaid,Mid,14.1,431,11.0,8.4,310,24.1,2.4,0,1740,0
SUB-303669,2020-06-02,Islamabad,43.0,Female,Postpaid,High,28.8,2033,80.0,19.0,6,31.9,11.6,10,3290,1
SUB-303970,2019-11-16,Karachi,28.0,Male,Prepaid,High,69.2,0,69.0,45.4,2,43.5,60.2,1,1840,0
SUB-301323,2020-06-13,Multan,38.0,Male,Prepaid,Low,1.7,196,33.0,0.0,5,10.5,,0,460,0
SUB-300229,2020-09-29,Mirpur,23.0,Male,Prepaid,Mid,68.3,45,32.0,57.2,6,65.2,52.7,1,2770,0
SUB-301150,2024-10-14,Peshawar,64.0,Female,Prepaid,Low,3.6,51,11.0,2.3,0,46.2,0.0,1,550,0
SUB-300543,2017-06-11,Sialkot,52.0,Male,Prepaid,Mid,11.6,302,9.0,20.7,244,29.2,5.6,1,1500,0
SUB-303094,2020-10-25,Sialkot,37.0,Female,Prepaid,Low,0.1,12,14.0,7.2,0,30.2,0.2,0,420,0
SUB-303642,2019-09-03,Quetta,26.0,Female,Prepaid,Low,4.3,176,28.0,22.8,1,60.6,2.9,0,550,1
SUB-303558,2020-05-23,Lahore,27.0,Female,Prepaid,High,140.2,180,14.0,65.6,0,57.0,54.8,0,2180,1
SUB-303889,2023-08-03,Quetta,27.0,Female,Prepaid,Mid,0.3,155,55.0,10.5,0,49.1,0.5,0,380,0
SUB-303225,2019-12-12,Karachi,19.0,Male,Prepaid,Low,94.9,306,8.0,54.0,6,60.8,96.3,1,2150,2
SUB-303261,2017-12-14,Quetta,27.0,Female,Prepaid,Mid,22.0,218,17.0,51.0,5,68.4,53.2,0,1530,0
SUB-301083,2023-01-28,Karachi,58.0,Male,Prepaid,Low,16.0,268,29.0,24.2,373,35.1,8.1,1,1590,0
SUB-300312,2019-01-10,Lahore,62.0,Male,Prepaid,Mid,17.4,235,44.0,16.4,368,35.6,5.7,0,2590,1
SUB-300531,2018-06-08,Islamabad,39.0,Female,Prepaid,Low,12.2,372,11.0,45.5,255,48.7,6.2,1,1960,1
SUB-302837,2024-05-12,Sialkot,22.0,Male,Prepaid,Low,3.0,172,10.0,14.5,0,84.8,3.5,0,350,0
SUB-302009,2023-04-14,Karachi,21.0,Female,Prepaid,High,83.2,131,72.0,61.9,7,71.6,78.6,0,1530,1
SUB-301219,2020-01-15,Lahore,26.0,Male,Prepaid,Mid,77.3,192,22.0,52.2,0,60.2,80.3,0,2830,0
SUB-300917,2025-03-03,Islamabad,51.0,Male,Postpaid,Mid,12.0,1530,81.0,5.9,47,19.7,8.0,6,3720,0
SUB-302362,2016-12-09,Quetta,44.0,Female,Postpaid,Low,0.1,150,41.0,12.3,0,33.3,0.0,1,450,0
SUB-303895,2024-09-14,Islamabad,45.0,Male,Prepaid,High,36.1,1751,80.0,19.4,38,28.7,0.0,7,4100,1
SUB-302085,2017-08-20,Islamabad,24.0,Female,Prepaid,Low,81.5,179,42.0,42.0,0,53.8,77.0,0,1830,2
SUB-300058,2017-06-13,Islamabad,40.0,Female,Postpaid,High,32.5,1887,69.0,15.7,11,17.8,6.3,11,4620,0
SUB-302616,2024-05-27,Quetta,42.0,Female,Prepaid,Mid,5.0,114,31.0,14.5,0,45.1,1.8,0,440,1
SUB-300494,2020-06-30,Mirpur,27.0,Male,Prepaid,High,59.4,48,50.0,56.6,4,68.7,,0,1190,1
SUB-301847,2017-10-24,Islamabad,30.0,Male,Prepaid,High,25.3,1404,87.0,10.5,0,18.0,16.7,11,4770,1
SUB-303123,2024-11-27,Rawalpindi,25.0,Female,Postpaid,Mid,51.3,135,,52.2,4,74.4,72.9,0,2870,1
SUB-303358,2023-04-25,Islamabad,31.0,Female,Prepaid,Low,4.1,65,50.0,1.3,1,45.6,0.1,1,740,0
SUB-303246,2020-04-30,Quetta,49.0,Female,Prepaid,Low,4.9,0,35.0,14.4,0,36.4,2.5,0,410,0
SUB-301824,2021-08-19,Quetta,57.0,Male,Prepaid,Low,4.2,122,0.0,15.2,0,33.8,0.0,0,360,0
SUB-303689,2017-09-30,Mirpur,48.0,Male,Postpaid,Low,5.5,198,0.0,37.5,194,43.5,6.0,1,3220,0
SUB-303060,2020-09-03,Rawalpindi,30.0,Male,Prepaid,Low,4.0,122,44.0,0.0,2,2.4,3.0,0,540,0
SUB-303814,2018-12-24,Rawalpindi,22.0,Male,Prepaid,High,77.9,277,64.0,62.3,0,70.8,61.3,0,1870,0
SUB-300333,2025-01-09,Karachi,18.0,Male,Postpaid,High,52.5,104,56.0,57.4,4,65.1,78.0,0,2060,0
SUB-301226,2023-07-25,Rawalpindi,22.0,Female,Postpaid,Mid,97.6,171,38.0,51.8,5,70.0,59.5,0,2040,0
SUB-302865,2023-06-15,Quetta,36.0,Male,Prepaid,Low,0.1,163,47.0,5.6,0,63.4,1.0,0,390,0
SUB-303942,2020-10-01,Lahore,,Male,Postpaid,High,23.9,1343,24.0,18.0,22,17.4,9.2,3,3850,1
SUB-300739,2023-11-20,Sialkot,40.0,Male,Postpaid,Mid,16.9,802,31.0,8.7,18,34.8,13.5,8,4290,0
SUB-302734,2018-09-02,Rawalpindi,58.0,Female,Prepaid,Low,0.2,66,23.0,15.4,2,32.2,3.8,0,440,0
SUB-301919,2025-05-11,Quetta,50.0,Female,Prepaid,Low,2.4,230,10.0,19.9,4,38.0,2.8,0,400,0
SUB-300082,2019-08-21,Multan,21.0,Male,Prepaid,Low,7.2,78,24.0,9.8,0,26.4,4.1,0,330,0
SUB-303852,2026-04-10,Quetta,55.0,Female,Prepaid,Low,3.7,9,0.0,10.8,0,21.5,2.8,0,460,0
SUB-303090,2024-08-14,Rawalpindi,58.0,Female,Prepaid,Low,1.4,117,,16.9,1,25.8,,0,560,1
SUB-301702,2023-05-15,Karachi,55.0,Male,Postpaid,Mid,21.5,877,29.0,16.5,30,29.9,7.1,6,4720,2
SUB-301277,2018-04-15,Karachi,23.0,Male,Prepaid,Mid,53.7,348,45.0,48.8,2,63.2,67.9,0,1530,0
SUB-303908,2018-03-29,Lahore,66.0,Female,Prepaid,Low,2.9,118,30.0,5.3,0,26.1,0.2,0,560,0
SUB-303560,2020-10-20,Karachi,59.0,Female,Prepaid,,3.8,185,32.0,9.3,0,13.5,1.6,0,260,0
SUB-302746,2024-07-31,Karachi,54.0,Male,Postpaid,High,20.1,1384,83.0,5.9,45,33.4,9.1,8,3740,2
SUB-302596,2018-04-02,Lahore,44.0,Female,Postpaid,High,20.3,1838,57.0,12.6,29,23.7,7.7,16,2420,1
SUB-301090,2022-05-18,Peshawar,23.0,Male,Prepaid,High,77.2,70,33.0,78.8,2,77.9,57.3,1,2200,0
SUB-300088,2019-04-13,Rawalpindi,25.0,Female,Postpaid,High,60.3,234,74.0,53.6,0,59.4,81.3,0,2160,0
SUB-303697,2018-06-26,Islamabad,48.0,Male,Prepaid,Low,14.0,1028,96.0,9.7,0,32.9,1.1,9,3490,0
SUB-302855,2024-08-02,Rawalpindi,43.0,Female,Postpaid,Mid,34.3,1104,95.0,11.5,5,27.2,6.4,11,4610,2
SUB-300935,2018-01-31,Islamabad,48.0,Female,Postpaid,High,26.9,1877,70.0,17.5,42,33.3,13.5,9,3660,0
SUB-303679,2022-08-19,Sialkot,24.0,Female,Prepaid,Mid,4.4,327,3.0,10.8,3,35.6,1.1,0,430,1
SUB-303685,2020-05-10,Islamabad,21.0,Female,Prepaid,High,90.1,148,53.0,48.9,1,46.7,74.1,1,2310,1
SUB-300463,2020-12-02,Karachi,22.0,Female,Prepaid,High,17.5,83,89.0,63.3,1,72.1,51.9,0,1910,0
SUB-301833,2020-08-25,Lahore,46.0,Female,Prepaid,Low,4.2,234,27.0,0.0,0,28.8,1.1,0,690,1
SUB-300326,2025-04-11,Multan,34.0,Female,Postpaid,Low,27.7,1308,130.0,5.3,0,21.4,8.6,4,4360,0
SUB-303279,2018-01-09,Islamabad,18.0,Male,Prepaid,Mid,81.5,171,51.0,51.0,4,50.3,78.2,4,2120,1
SUB-301033,2016-10-10,Sialkot,23.0,Male,Prepaid,Low,4.8,118,0.0,10.3,0,21.2,1.0,0,370,2
SUB-301876,2025-09-20,Karachi,64.0,Female,Prepaid,Mid,6.7,220,26.0,9.3,1,32.0,1.8,0,660,0
SUB-301687,2021-10-13,Karachi,28.0,Female,Postpaid,Mid,81.7,143,26.0,62.1,0,73.9,,0,1560,0
SUB-303728,2019-05-18,Mirpur,30.0,Male,Prepaid,Mid,6.2,149,79.0,8.7,1,26.9,1.4,0,330,0
SUB-300546,2016-09-15,Faisalabad,40.0,Female,Postpaid,High,25.2,1111,24.0,20.6,5,31.7,1.9,15,3750,1
SUB-301710,2021-09-06,Rawalpindi,42.0,Female,Postpaid,High,22.9,1676,95.0,6.0,29,24.4,14.2,13,3500,0
SUB-301967,2024-07-23,Lahore,24.0,Female,Prepaid,Mid,67.7,41,24.0,59.0,4,50.5,35.7,0,1970,1
SUB-300778,2021-10-24,Lahore,19.0,Male,Postpaid,Low,73.2,57,43.0,57.9,5,45.0,77.9,1,1740,1
SUB-302272,2025-11-09,Multan,54.0,Male,Prepaid,Low,2.4,177,53.0,9.9,0,29.3,0.4,0,390,0
SUB-303778,2025-04-11,Gujranwala,23.0,Female,Prepaid,Mid,47.2,203,45.0,65.8,10,69.5,50.5,0,1760,0
SUB-303999,2021-10-27,Gujranwala,40.0,Male,Prepaid,Mid,0.1,89,14.0,6.9,0,34.5,1.4,0,280,1
SUB-301126,2021-02-15,Karachi,33.0,Male,Postpaid,High,13.6,920,86.0,11.2,44,27.4,16.1,10,3920,2
SUB-301872,2020-10-10,Lahore,37.0,Male,Postpaid,Mid,31.0,1410,77.0,15.2,25,26.0,5.7,13,2830,1
SUB-301981,2020-02-27,Rawalpindi,20.0,Male,Prepaid,Mid,62.3,119,41.0,48.6,8,43.1,38.0,0,2030,1
SUB-302045,2019-01-03,Faisalabad,60.0,Female,Prepaid,Low,5.1,218,46.0,17.6,4,30.7,1.0,0,650,0
SUB-300904,2020-01-10,Faisalabad,45.0,Male,Prepaid,Low,4.3,120,6.0,16.4,4,9.5,0.0,0,380,0
SUB-302420,2022-05-21,Rawalpindi,,Female,Postpaid,Mid,2.0,284,50.0,15.8,356,55.3,8.7,0,2340,2
SUB-300092,2022-02-12,Lahore,18.0,Female,Prepaid,High,80.3,291,69.0,76.3,3,62.0,70.6,0,2990,0
SUB-303327,2022-07-12,Islamabad,27.0,Female,Prepaid,Low,69.8,150,1.0,67.4,3,40.8,70.2,1,3460,0
SUB-300879,2019-07-21,Karachi,31.0,Male,Prepaid,Mid,13.7,1226,73.0,8.0,38,28.7,14.6,6,4460,1
SUB-301530,2019-05-26,Peshawar,27.0,Male,Prepaid,Low,63.3,253,6.0,56.6,0,57.1,58.8,0,1640,1
SUB-301604,2017-07-30,Multan,62.0,Male,Prepaid,Low,4.2,146,7.0,10.1,6,40.5,0.0,0,510,1
SUB-300099,2019-04-28,Karachi,24.0,Female,Prepaid,Mid,142.8,135,51.0,48.6,5,56.2,90.8,0,2860,0
SUB-300322,2017-05-17,Quetta,19.0,Female,Prepaid,High,54.1,336,23.0,50.7,4,82.3,57.6,3,2170,0
SUB-302106,2023-09-24,Lahore,58.0,Female,Prepaid,Low,1.7,271,26.0,14.8,82,49.1,9.0,2,2020,1
SUB-300208,2021-03-25,Sialkot,53.0,Female,Prepaid,Low,12.8,197,41.0,22.2,289,47.5,2.6,1,1380,0
SUB-301282,2016-10-18,Karachi,52.0,Female,Postpaid,High,12.0,1518,103.0,14.6,66,26.5,,5,4220,0
SUB-301312,2017-03-22,Lahore,38.0,Female,Postpaid,Mid,19.5,1811,59.0,0.2,39,30.2,7.6,5,4940,0
SUB-302309,2018-01-14,Quetta,45.0,Female,Postpaid,Mid,22.3,1791,24.0,6.3,24,24.0,7.5,10,5240,0
SUB-301870,2023-08-04,Quetta,48.0,Male,Prepaid,Low,6.9,268,19.0,13.6,216,27.8,4.8,2,1750,0
SUB-301391,2020-04-22,Peshawar,31.0,Female,Prepaid,Low,3.2,130,18.0,16.1,4,23.2,1.0,0,370,1
SUB-302693,2022-09-11,Lahore,51.0,Male,Prepaid,Low,3.5,136,52.0,13.3,1,22.4,1.1,0,280,0
SUB-301504,2025-10-27,Lahore,22.0,Male,Prepaid,Mid,109.0,205,41.0,51.8,4,54.7,45.9,0,2460,0
SUB-301084,2017-09-29,Karachi,27.0,Female,Prepaid,Mid,66.2,103,38.0,68.7,6,58.0,49.9,0,1770,0
SUB-302859,2018-04-18,Mirpur,49.0,Male,Postpaid,High,18.4,1234,30.0,7.3,50,26.0,5.5,10,4450,2
SUB-302296,2022-06-18,Quetta,58.0,Female,Prepaid,Mid,2.5,25,19.0,5.0,1,18.6,2.0,0,600,0
SUB-301939,2016-11-24,Gujranwala,33.0,Male,Prepaid,Low,1.2,209,35.0,3.5,2,17.0,3.3,0,470,0
SUB-303210,2025-04-13,Peshawar,67.0,Male,PREPAID,Low,1.8,17,40.0,5.2,0,34.3,0.3,0,650,0
SUB-300137,2018-10-08,Mirpur,55.0,Female,Prepaid,Low,1.3,296,26.0,17.4,152,33.9,14.8,1,2750,0
SUB-300933,2023-02-01,Karachi,25.0,Female,Prepaid,Mid,57.2,154,44.0,71.9,5,71.9,42.6,0,1740,1
SUB-302527,2019-08-05,Karachi,20.0,Female,Prepaid,High,49.1,276,26.0,67.4,1,73.3,64.0,0,1710,0
SUB-301103,2025-04-21,Lahore,44.0,Female,Postpaid,High,12.8,1428,39.0,13.5,17,25.4,10.0,14,3730,0
SUB-303671,2017-12-04,Islamabad,43.0,Female,Prepaid,High,36.1,711,25.0,3.5,34,31.5,6.5,9,4090,3
SUB-302356,2024-11-14,Multan,47.0,Male,Prepaid,Low,1.9,165,21.0,27.8,219,29.6,2.9,0,1810,1
SUB-300362,2018-07-09,Karachi,23.0,Male,Prepaid,Mid,38.3,246,52.0,58.2,0,54.0,60.2,0,1660,0
SUB-300045,2025-07-28,Karachi,26.0,Female,Prepaid,Mid,70.6,162,15.0,48.1,0,65.1,75.4,0,2080,2
SUB-303580,2022-01-31,Mirpur,66.0,Male,Prepaid,Mid,9.1,278,79.0,19.5,0,30.8,0.0,0,390,0
SUB-301633,2020-07-23,Lahore,37.0,Male,Postpaid,High,8.9,939,66.0,13.3,23,21.7,9.9,11,3760,1
SUB-303534,2021-10-15,Mirpur,65.0,Male,Prepaid,Mid,5.8,185,9.0,8.1,208,63.7,6.9,4,2590,2
SUB-301424,2019-05-22,Karachi,19.0,Male,Prepaid,High,76.1,112,27.0,41.5,9,58.9,90.4,1,1500,0
SUB-302992,2019-04-02,Islamabad,55.0,Male,Prepaid,Mid,26.1,1776,55.0,10.7,25,36.6,13.9,7,3540,0
SUB-300578,2023-02-04,Gujranwala,52.0,Male,Prepaid,Low,2.6,85,31.0,22.8,0,23.4,2.0,0,560,0
SUB-302595,2021-12-03,Quetta,33.0,Female,Prepaid,Low,5.0,330,46.0,16.6,1,40.9,4.6,0,400,0
SUB-300989,2022-01-11,Rawalpindi,35.0,Male,Prepaid,High,18.8,1213,48.0,7.0,41,26.6,9.2,6,4410,0
SUB-302165,2022-04-26,Karachi,31.0,Male,Postpaid,High,23.5,1305,49.0,8.8,44,31.5,11.3,10,5180,0
SUB-303524,2025-08-09,Rawalpindi,23.0,Female,Prepaid,Mid,56.0,265,51.0,56.9,6,48.8,,0,1440,0
SUB-302620,2017-01-27,Mirpur,51.0,Male,Prepaid,Mid,4.5,182,5.0,14.8,3,51.0,1.7,0,580,0
SUB-301110,2024-05-30,Quetta,68.0,Male,Prepaid,Low,6.2,194,56.0,11.3,0,52.0,0.0,0,480,1
SUB-302328,2021-01-03,Rawalpindi,46.0,Male,Prepaid,Mid,2.9,214,11.0,8.6,1,18.6,2.5,0,410,0
SUB-301302,2022-12-23,Quetta,21.0,Male,Postpaid,High,106.8,118,61.0,49.8,2,40.5,93.9,1,1380,1
SUB-302132,2023-02-06,Quetta,27.0,Male,Prepaid,Mid,111.9,322,29.0,63.6,0,48.9,49.0,0,2920,0
SUB-302804,2021-07-26,Karachi,35.0,Female,Prepaid,Low,4.0,192,30.0,11.5,4,34.0,0.0,0,540,1
SUB-303032,2022-06-02,Multan,30.0,Male,Prepaid,High,24.1,1271,101.0,21.9,24,10.8,6.1,14,4570,0
SUB-302566,2017-10-02,Gujranwala,63.0,Female,Prepaid,Low,4.8,131,11.0,23.4,3,52.2,,0,460,1
SUB-300138,2017-05-18,Faisalabad,23.0,Male,Prepaid,Low,2.8,84,55.0,20.6,1,41.7,1.0,0,390,0
SUB-301495,2026-02-14,Multan,68.0,Male,Prepaid,Low,4.6,175,30.0,15.1,0,26.7,0.0,0,350,0
SUB-301649,2023-01-08,Sialkot,56.0,Male,Prepaid,Low,8.4,200,29.0,6.3,75,38.5,7.0,0,1930,0
SUB-301224,2016-12-24,Karachi,28.0,Female,Prepaid,Mid,16.7,1350,71.0,18.4,23,25.4,10.5,11,4130,1
SUB-302416,2026-02-01,Sialkot,23.0,Male,Prepaid,Mid,76.6,134,49.0,56.5,4,68.2,70.6,1,1220,0
SUB-301756,2019-06-11,Peshawar,22.0,Male,Prepaid,Mid,28.2,268,24.0,67.4,0,73.0,40.5,0,2830,1
SUB-300926,2021-12-05,Islamabad,55.0,Female,Prepaid,High,31.6,793,33.0,15.2,20,37.0,16.8,7,4050,0
SUB-301589,2020-01-17,Lahore,,Male,Prepaid,High,26.8,2194,49.0,6.1,40,31.1,6.5,15,3650,2
SUB-302588,2019-08-23,Lahore,25.0,Female,Prepaid,High,36.5,207,35.0,54.2,0,40.6,93.8,0,1840,1
SUB-302002,2025-02-15,Rawalpindi,47.0,Female,Prepaid,High,17.7,488,115.0,16.9,50,31.7,12.0,6,5670,1
SUB-303217,2017-08-14,Lahore,28.0,Female,Prepaid,Mid,48.6,368,81.0,82.0,4,46.9,47.1,0,2080,1
SUB-301809,2024-03-21,Lahore,32.0,Male,Prepaid,,12.4,186,10.0,19.1,358,60.7,6.4,0,3510,1
SUB-300725,2020-12-22,Faisalabad,19.0,Male,Prepaid,Mid,92.0,32,45.0,46.0,0,72.1,39.0,0,2420,0
SUB-303539,2023-08-25,Islamabad,21.0,Male,Prepaid,Low,109.7,179,28.0,80.8,0,69.4,75.7,2,1690,1
SUB-303451,2017-12-08,Peshawar,45.0,Male,Prepaid,Low,2.1,172,71.0,11.5,0,63.5,0.0,0,400,0
SUB-300946,2016-10-20,Rawalpindi,48.0,Male,Prepaid,Low,6.1,196,7.0,8.2,0,20.1,,0,610,0
SUB-302182,2020-08-03,Multan,52.0,Male,Prepaid,Low,0.1,155,6.0,10.8,2,35.4,2.3,0,280,0
SUB-300826,2025-09-18,Mirpur,22.0,Male,Prepaid,Low,1.9,152,13.0,9.6,3,24.3,2.3,0,340,0
SUB-301524,2021-05-21,Peshawar,52.0,Female,Prepaid,Low,0.1,156,16.0,5.1,2,14.7,2.1,0,590,0
SUB-302971,2024-06-04,Islamabad,50.0,Male,Prepaid,High,28.9,1020,53.0,16.9,23,17.6,5.5,12,4850,0
SUB-301395,2016-11-11,Rawalpindi,23.0,Male,Prepaid,Low,83.7,274,92.0,47.7,1,51.9,71.0,0,1980,0
SUB-300462,2021-07-21,Rawalpindi,22.0,Female,Prepaid,Mid,48.6,186,66.0,77.1,3,39.0,28.6,0,1610,0
SUB-300747,2020-02-25,Gujranwala,24.0,Male,Postpaid,Low,2.4,106,45.0,3.4,4,54.9,2.8,0,480,1
SUB-302794,2024-11-27,Rawalpindi,22.0,Male,Prepaid,Mid,75.4,183,25.0,56.1,0,53.5,23.6,0,1590,0
SUB-303998,2020-01-23,Karachi,50.0,Male,Prepaid,Mid,8.3,0,22.0,21.8,300,24.3,,0,1340,0
SUB-301427,2024-12-01,Karachi,,Male,Prepaid,Mid,68.3,314,68.0,56.7,6,64.6,55.6,0,1620,0
SUB-302885,2026-04-22,Lahore,48.0,Male,Prepaid,Low,1.6,164,30.0,15.7,2,26.6,3.5,0,340,1
SUB-303456,2022-10-05,Quetta,51.0,Male,Prepaid,High,4.8,209,50.0,19.7,1,35.5,1.9,0,220,1
SUB-300848,2021-05-28,Rawalpindi,,Male,Postpaid,High,15.0,1745,40.0,9.0,54,23.7,2.4,6,4190,1
SUB-302291,2020-09-21,Karachi,37.0,Male,Postpaid,High,12.7,1249,99.0,9.8,0,25.3,0.0,5,3730,2
SUB-301780,2022-02-06,Lahore,23.0,Male,Prepaid,Mid,61.6,187,37.0,39.7,2,60.4,99.7,0,2360,1
SUB-302884,2019-08-13,Faisalabad,66.0,Female,Prepaid,Low,5.6,184,52.0,4.5,0,50.1,0.3,0,560,1
SUB-300107,2024-11-23,Lahore,67.0,Female,Prepaid,Mid,3.9,186,0.0,4.5,6,52.6,1.9,0,430,0
SUB-302606,2020-10-13,Sialkot,61.0,Female,Prepaid,Low,7.0,234,15.0,17.2,511,48.2,4.7,2,2760,0
SUB-300706,2020-07-24,Peshawar,52.0,Male,Prepaid,Mid,8.7,270,32.0,17.0,515,33.5,,1,2300,0
SUB-301027,2023-06-19,Gujranwala,46.0,Male,Prepaid,Low,5.6,55,5.0,10.0,1,45.2,0.2,0,650,0
SUB-301006,2020-12-25,Karachi,35.0,Male,Prepaid,Mid,16.7,1019,103.0,20.9,4,36.2,6.1,9,3580,0
SUB-302037,2020-07-29,Karachi,36.0,Male,Postpaid,High,24.1,60000,143.0,12.2,60,14.8,13.2,13,5380,0
SUB-300006,2023-06-28,Gujranwala,30.0,Female,Postpaid,Mid,20.4,939,50.0,10.0,35,18.5,8.1,7,3580,0
SUB-300428,2020-01-18,Faisalabad,33.0,Male,Prepaid,Low,4.1,139,18.0,16.1,0,27.7,4.0,0,480,1
SUB-300570,2017-10-01,Quetta,64.0,Female,Prepaid,Low,2.4,92,20.0,12.4,1,39.8,0.0,0,400,1
SUB-303701,2020-08-07,Sialkot,18.0,Female,Prepaid,Mid,42.9,394,66.0,61.8,5,63.7,74.0,0,1290,0
SUB-303023,2024-08-21,Sialkot,24.0,Female,Prepaid,Low,5.6,222,50.0,0.0,0,24.8,2.3,0,440,2
SUB-301846,2021-05-07,Lahore,57.0,Male,Prepaid,Mid,5.3,373,17.0,30.4,246,31.9,12.5,0,2600,0
SUB-302197,2026-01-22,Lahore,43.0,Male,Prepaid,Low,5.9,197,24.0,16.3,1,28.5,,0,650,0
SUB-300126,2024-01-15,Mirpur,38.0,Male,Prepaid,High,4.6,85,1.0,12.6,0,46.1,2.4,0,440,3
SUB-302398,2019-02-09,Lahore,19.0,Male,Prepaid,Mid,64.4,248,,57.8,0,76.9,29.9,1,1410,0
SUB-303328,2025-10-26,Karachi,64.0,Female,Prepaid,High,13.5,344,25.0,27.1,445,42.8,1.5,3,2580,1
SUB-300766,2021-07-19,Lahore,20.0,Female,Prepaid,Mid,4.5,2,17.0,5.5,0,24.8,1.1,0,550,2
SUB-301954,2020-01-11,Islamabad,25.0,Male,Prepaid,Low,58.0,126,59.0,40.3,5,62.7,38.8,0,2060,0
SUB-303721,2018-09-14,Sialkot,40.0,Male,Postpaid,Low,28.9,1455,112.0,10.4,36,20.5,,9,2170,2
SUB-302366,2026-04-06,Karachi,28.0,Female,Prepaid,Mid,63.9,193,45.0,47.3,7,55.5,79.6,0,1520,0
SUB-302691,2021-02-21,Lahore,32.0,Female,Postpaid,High,30.6,1528,112.0,14.0,62,21.7,1.7,16,5610,1
SUB-303964,2017-01-06,Sialkot,41.0,Female,Postpaid,Low,12.1,354,2.0,30.6,96,47.8,2.6,2,1860,0
SUB-300441,2025-08-23,Quetta,67.0,Female,Prepaid,Mid,4.1,163,39.0,9.0,0,14.4,2.6,0,340,1
SUB-300357,2017-02-23,Lahore,24.0,Male,Prepaid,Mid,68.9,146,60.0,53.2,0,56.2,69.7,0,780,0
SUB-301414,2025-07-23,Lahore,56.0,Female,Prepaid,Mid,5.8,0,65.0,2.6,3,48.8,3.1,0,400,0
SUB-302803,2026-02-08,Karachi,25.0,Male,Prepaid,Low,36.2,258,,44.9,0,59.4,,0,2370,0
SUB-302942,2022-09-12,Faisalabad,23.0,Male,Prepaid,Mid,70.2,231,44.0,51.3,0,63.6,57.3,1,1450,1
SUB-300589,2023-04-18,Multan,40.0,Male,Prepaid,Mid,1.8,170,19.0,18.6,498,40.8,11.4,1,1480,0
SUB-302137,2023-04-28,Quetta,48.0,Male,Prepaid,Mid,3.0,34,39.0,11.4,0,28.3,0.7,0,440,1
SUB-302229,2018-09-29,Sialkot,39.0,Female,Prepaid,High,15.0,340,21.0,25.4,309,57.5,4.6,6,2490,0
SUB-300446,2016-12-16,Mirpur,22.0,Male,Prepaid,Low,4.5,161,11.0,6.1,3,38.9,2.3,0,530,0
SUB-302116,2023-07-02,Mirpur,45.0,Male,Postpaid,High,27.1,1203,96.0,8.8,59,20.2,6.4,6,2840,2
SUB-300713,2016-11-24,Multan,18.0,Male,Prepaid,Mid,94.5,97,47.0,50.7,2,67.8,52.6,1,2100,0
SUB-301623,2016-11-14,Sialkot,24.0,Female,Prepaid,Mid,67.6,145,27.0,40.0,0,59.3,78.9,0,2150,1
SUB-303732,2019-03-08,Faisalabad,43.0,Female,Postpaid,Mid,0.8,210,0.0,18.2,2,40.2,1.2,0,400,0
SUB-302285,2019-11-17,Peshawar,27.0,Male,Prepaid,Mid,92.9,202,30.0,39.8,4,69.2,60.9,0,2270,0
SUB-301985,2025-03-14,Karachi,32.0,Male,Prepaid,High,19.0,1774,59.0,7.9,7,34.1,10.5,9,4760,2
SUB-301676,2025-09-15,Multan,51.0,Male,Prepaid,Low,6.3,367,16.0,23.2,415,26.9,0.0,2,1830,1
SUB-303112,2017-10-05,Islamabad,21.0,Female,Prepaid,Mid,70.9,186,83.0,50.0,6,64.6,96.4,0,2060,0
SUB-303962,2025-01-30,Peshawar,41.0,Female,Prepaid,Low,5.1,234,53.0,7.8,2,48.5,0.0,0,490,0
SUB-302016,2022-09-10,Karachi,18.0,Male,Postpaid,Mid,89.2,97,43.0,46.2,5,45.1,56.2,2,1870,2
SUB-301664,2019-02-11,Karachi,66.0,Female,PREPAID,Low,3.3,97,50.0,4.9,2,12.2,1.6,0,260,0
SUB-301480,2022-01-02,Gujranwala,39.0,Female,Postpaid,Mid,6.5,282,0.0,13.3,459,64.7,5.9,1,2490,0
SUB-300983,2023-09-29,Karachi,25.0,Female,Prepaid,High,0.1,78,11.0,55.1,0,68.9,,1,1850,1
SUB-303125,2020-10-07,Multan,48.0,Female,Prepaid,Low,3.8,85,13.0,19.7,0,46.8,3.1,0,470,2
SUB-303635,2019-03-22,Karachi,26.0,Male,Prepaid,Low,114.5,226,34.0,46.9,7,64.5,58.9,1,2330,0
SUB-302214,2020-08-24,Peshawar,58.0,Male,Prepaid,Low,3.3,26,11.0,17.7,1,8.2,0.0,0,470,0
SUB-300719,2022-09-07,Karachi,,Female,Prepaid,Low,59.1,274,0.0,60.0,4,51.1,,0,2220,0
SUB-301051,2019-02-15,Peshawar,20.0,Male,Prepaid,Mid,84.9,257,20.0,48.6,2,44.3,70.9,0,1810,1
SUB-303167,2017-05-08,Mirpur,39.0,Male,Prepaid,Low,8.9,413,0.0,21.1,397,36.5,0.6,0,2220,0
SUB-303487,2025-02-03,Multan,61.0,Female,Prepaid,Low,1.7,25,7.0,1.3,0,33.6,2.9,1,290,0
SUB-303173,2019-11-09,Islamabad,24.0,Female,Postpaid,High,91.8,241,15.0,50.1,5,67.1,71.0,1,1900,1
SUB-303658,2017-07-23,Karachi,33.0,Male,Postpaid,High,18.8,1610,12.0,6.2,30,24.6,0.0,5,3610,0
SUB-300184,2021-11-04,Mirpur,64.0,Male,Prepaid,High,11.6,424,13.0,16.4,314,48.6,7.2,1,1390,0
SUB-303368,2023-10-25,Multan,20.0,Male,Postpaid,Mid,110.7,156,0.0,73.8,10,81.8,49.4,0,2590,0
SUB-303818,2019-03-09,Lahore,20.0,Female,Prepaid,,89.7,183,63.0,61.6,9,42.2,63.0,1,2500,0
SUB-302703,2025-05-02,Peshawar,53.0,Male,Prepaid,Low,3.1,63,9.0,5.1,0,46.2,1.2,0,470,1
SUB-303100,2024-04-27,Karachi,18.0,Male,Prepaid,High,115.7,126,69.0,58.2,1,78.4,46.8,0,1170,0
SUB-301703,2022-05-18,Sialkot,51.0,Female,Prepaid,Mid,12.8,377,9.0,13.3,92,40.1,,1,2170,1
SUB-300736,2021-12-08,Peshawar,23.0,Female,Prepaid,Mid,66.2,256,111.0,55.9,2,76.4,29.0,1,1510,0
SUB-301694,2021-10-02,Karachi,38.0,Male,Prepaid,High,27.1,1596,90.0,14.0,36,18.2,9.0,5,3520,3
SUB-303330,2026-03-19,Karachi,36.0,Male,Prepaid,Low,3.8,186,,8.2,1,6.7,1.3,0,400,1
SUB-300551,2021-06-30,Karachi,46.0,Female,Prepaid,Mid,38.4,1336,64.0,15.0,27,33.0,1.5,5,5270,1
SUB-302168,2024-02-18,Peshawar,54.0,Female,Postpaid,High,21.7,1731,16.0,8.9,4,35.1,10.4,9,4660,1
SUB-300401,2023-03-11,Rawalpindi,28.0,Male,Prepaid,Mid,67.6,173,19.0,50.5,0,52.2,47.3,0,1620,0
SUB-300722,2020-09-15,Rawalpindi,20.0,Male,Prepaid,High,78.5,218,33.0,57.7,11,65.8,65.4,0,1290,0
SUB-301115,2023-05-01,Faisalabad,27.0,Male,Prepaid,High,97.3,59,,54.4,0,77.6,39.9,2,1710,0
SUB-303551,2017-08-06,Karachi,23.0,Male,Prepaid,Mid,62.8,88,69.0,48.3,0,71.8,62.2,0,2130,0
SUB-301983,2024-05-26,Faisalabad,29.0,Male,Postpaid,High,24.2,1430,44.0,5.5,29,28.5,6.8,5,3850,1
SUB-301317,2022-07-20,Multan,19.0,Male,Prepaid,Mid,54.9,288,66.0,64.7,4,43.0,80.4,0,2540,1
SUB-303346,2022-09-02,Karachi,20.0,Male,Prepaid,Mid,55.5,71,0.0,69.5,0,57.5,58.0,0,2460,0
SUB-303944,2023-03-20,Karachi,18.0,Female,Prepaid,Mid,81.2,161,73.0,70.0,11,63.0,36.8,0,1310,1
SUB-300651,2019-03-22,Lahore,40.0,Male,Postpaid,Low,18.5,1215,61.0,0.0,2,19.5,4.0,10,3930,0
SUB-303649,2019-08-11,Islamabad,65.0,Male,Prepaid,Low,11.8,142,32.0,17.3,232,56.8,5.2,2,1140,0
SUB-301720,2022-09-09,Rawalpindi,50.0,Female,Postpaid,Mid,29.7,1379,64.0,13.8,28,18.2,6.4,8,5510,1
SUB-303249,2023-05-14,Gujranwala,51.0,Male,Postpaid,High,19.8,1490,93.0,19.3,0,23.1,1.5,6,3100,0
SUB-302554,2022-08-23,Karachi,21.0,Male,Prepaid,Low,4.2,127,17.0,10.3,1,43.1,4.1,0,490,0
SUB-303269,2025-01-16,Faisalabad,39.0,Female,Prepaid,Low,2.3,93,,23.2,1,27.1,3.1,0,440,1
SUB-300970,2021-12-23,Islamabad,25.0,Female,Prepaid,Mid,79.5,213,24.0,49.6,0,61.7,93.1,0,1650,0
SUB-303784,2018-04-21,Sialkot,27.0,Male,Postpaid,Mid,65.4,226,43.0,45.2,6,66.9,37.1,0,1780,0
SUB-300363,2025-03-15,Quetta,67.0,Male,Prepaid,Low,3.9,75,28.0,2.0,3,37.8,2.2,0,500,0
SUB-302670,2016-12-22,Multan,44.0,Male,Prepaid,Low,4.8,118,49.0,0.0,0,34.2,1.3,1,390,0
SUB-302046,2023-08-21,Karachi,22.0,Male,Prepaid,High,71.8,219,43.0,45.2,7,56.7,26.1,1,2460,0
SUB-300920,2022-08-15,Sialkot,60.0,Female,Prepaid,Mid,8.8,273,24.0,31.6,456,54.1,1.9,3,2090,0
SUB-301270,2019-03-19,Islamabad,27.0,Female,Prepaid,Mid,89.3,289,16.0,47.3,9,52.3,74.2,0,1790,1
SUB-303268,2021-03-02,Multan,47.0,Male,Prepaid,Low,5.8,139,23.0,14.0,2,73.0,3.0,0,340,0
SUB-301237,2026-03-12,Karachi,42.0,Female,Prepaid,Low,3.3,111,41.0,10.5,3,3.9,1.7,0,520,0
SUB-300374,2022-11-16,Gujranwala,22.0,Male,Prepaid,Low,77.7,352,34.0,51.5,8,70.1,64.9,0,1250,1
SUB-300636,2024-02-24,Lahore,28.0,Male,Prepaid,Mid,0.1,207,44.0,16.4,0,32.9,1.6,0,670,0
SUB-301135,2024-07-02,Rawalpindi,59.0,Male,Prepaid,Low,4.0,203,44.0,17.0,1,25.6,1.1,0,400,0
SUB-303324,2017-07-07,Lahore,22.0,Male,Prepaid,Mid,78.1,254,11.0,46.9,8,65.3,72.2,0,1230,0
SUB-301001,2023-06-25,Lahore,60.0,Male,Prepaid,Low,4.2,0,10.0,15.7,2,38.3,2.2,0,280,2
SUB-300638,2022-08-24,Sialkot,22.0,Female,Prepaid,Mid,46.3,176,77.0,70.2,3,39.0,56.0,0,2340,0
SUB-303180,2017-08-02,Gujranwala,67.0,Male,Prepaid,Low,2.4,244,31.0,20.2,0,26.2,1.9,0,410,1
SUB-301088,2025-05-31,Quetta,53.0,Male,Prepaid,Low,2.6,142,24.0,13.8,3,29.4,0.8,0,510,1
SUB-300644,2023-05-15,Faisalabad,56.0,Female,Postpaid,Low,2.7,253,46.0,6.4,0,31.5,0.0,0,360,0
SUB-301457,2021-03-21,Karachi,24.0,Female,Prepaid,High,72.0,238,59.0,39.7,2,48.3,35.7,1,2420,0
SUB-302326,2021-02-15,Islamabad,38.0,Male,Postpaid,Mid,14.0,1172,72.0,16.9,5,15.9,7.9,5,4730,0
SUB-300301,2023-10-09,Faisalabad,44.0,Female,Prepaid,High,3.3,123,47.0,9.1,1,51.3,0.0,0,560,0
SUB-303835,2017-10-30,Gujranwala,25.0,Female,Postpaid,High,75.5,143,61.0,58.8,0,76.3,23.3,1,1420,1
SUB-300934,2023-12-03,Quetta,19.0,Female,Prepaid,Mid,55.0,191,,40.8,0,57.5,36.8,0,2070,2
SUB-300419,2020-09-18,Lahore,21.0,Male,Prepaid,Mid,64.9,192,78.0,65.1,0,61.4,62.5,1,2250,1
SUB-301639,2023-09-26,Mirpur,58.0,Male,Postpaid,Low,13.5,351,0.0,19.5,271,41.8,2.3,0,1580,0
SUB-303805,2016-07-10,Karachi,22.0,Male,Prepaid,High,96.6,262,59.0,43.0,0,63.7,,0,1370,0
SUB-300518,2020-01-27,Faisalabad,27.0,Male,Postpaid,Mid,75.0,105,66.0,70.6,0,53.7,51.6,0,2310,0
SUB-300604,2022-02-23,Mirpur,53.0,Male,Postpaid,Low,4.1,129,27.0,13.5,333,40.4,8.3,4,2920,0
SUB-300588,2022-08-04,Faisalabad,47.0,Female,Prepaid,Mid,3.1,197,31.0,16.6,0,29.2,1.5,0,380,0
SUB-303663,2025-09-15,Rawalpindi,25.0,Male,Prepaid,High,104.1,198,48.0,53.4,4,52.7,78.6,1,1670,0
SUB-301054,2018-02-19,Gujranwala,32.0,Male,Prepaid,Mid,12.9,389,31.0,20.0,220,38.3,9.5,4,1590,2
SUB-303797,2023-10-04,Rawalpindi,28.0,Male,Postpaid,Mid,107.6,274,58.0,68.1,7,88.9,55.4,1,1300,1
SUB-300345,2017-04-17,Lahore,49.0,Male,Postpaid,Mid,26.0,1328,60.0,5.5,57,28.0,,13,5030,2
SUB-303502,2022-04-22,Mirpur,27.0,Male,Prepaid,Mid,0.1,190,51.0,56.7,1,47.4,57.9,2,2320,0
SUB-302367,2025-04-27,Gujranwala,45.0,Male,Prepaid,Low,0.1,241,52.0,7.7,2,27.5,1.6,0,640,0
SUB-302274,2021-01-05,Karachi,39.0,Male,Postpaid,High,30.9,1845,95.0,12.7,10,18.9,7.4,11,5130,0
SUB-302995,2021-09-23,Karachi,58.0,Male,Prepaid,Low,2.2,96,48.0,20.3,1,13.1,1.3,0,430,1
SUB-303375,2019-09-05,Multan,33.0,Male,Postpaid,Low,0.3,0,54.0,12.4,2,22.5,3.8,0,510,0
SUB-303414,2021-02-02,Karachi,61.0,Female,Prepaid,Low,2.2,139,29.0,9.7,0,58.1,4.8,0,550,1
SUB-300368,2019-01-04,Quetta,49.0,Male,Prepaid,Mid,10.3,233,3.0,8.8,377,61.7,3.9,0,2160,0
SUB-302389,2026-03-04,Karachi,57.0,Male,Prepaid,Low,3.7,56,34.0,15.2,0,30.8,1.4,0,460,0
SUB-303612,2019-11-22,Sialkot,36.0,Female,Prepaid,Mid,2.6,112,23.0,20.5,0,38.7,3.2,0,510,0
SUB-300579,2021-02-13,Karachi,19.0,Male,Prepaid,High,140.4,183,55.0,67.4,6,61.4,40.7,0,1790,0
SUB-303198,2022-10-22,Lahore,63.0,Female,Prepaid,Low,3.5,200,5.0,5.2,2,14.6,2.1,0,610,0
SUB-303326,2025-06-29,Sialkot,46.0,Male,Prepaid,Low,16.1,272,30.0,25.1,229,29.5,7.1,1,2540,1
SUB-301946,2017-12-06,Karachi,19.0,Male,Prepaid,Low,49.4,194,60.0,71.0,1,56.7,78.9,2,2070,1
SUB-300862,2023-08-16,Mirpur,38.0,Male,Prepaid,Mid,11.3,280,18.0,19.7,190,39.2,6.7,1,1970,1
SUB-303817,2021-10-07,Lahore,24.0,Female,Postpaid,,102.0,42,66.0,63.1,5,69.8,,0,1790,1
SUB-301974,2021-10-22,Multan,63.0,Male,Prepaid,Mid,4.6,348,23.0,5.1,0,30.7,0.0,0,260,2
SUB-303845,2026-04-11,Islamabad,23.0,Male,Prepaid,Low,1.0,154,10.0,0.0,0,16.8,3.3,0,520,1
SUB-301959,2016-10-08,Karachi,36.0,Male,Postpaid,Mid,25.0,1766,105.0,15.6,11,26.7,6.2,8,3900,0
SUB-300125,2020-05-26,Mirpur,61.0,Female,Postpaid,Low,2.2,338,28.0,12.5,186,47.1,5.8,0,1200,0
SUB-301192,2016-08-29,Multan,59.0,Female,Prepaid,Low,2.8,54,5.0,24.8,389,40.1,17.7,1,1820,0
SUB-303912,2017-07-05,Rawalpindi,20.0,Female,Prepaid,Mid,3.5,169,30.0,13.6,0,30.2,1.8,0,450,0
SUB-302806,2024-10-24,Karachi,27.0,Female,Prepaid,Low,0.1,138,0.0,6.6,2,24.1,2.2,0,340,0
SUB-302999,2025-06-20,Islamabad,41.0,Male,Postpaid,High,22.7,1403,82.0,10.9,0,19.9,8.5,10,4940,1
SUB-302973,2022-10-16,Quetta,25.0,Male,Prepaid,Mid,66.8,165,73.0,74.4,5,50.9,68.7,0,2470,0
SUB-300459,2022-12-30,Multan,45.0,Male,Prepaid,Low,1.2,29,10.0,15.3,0,22.0,1.1,0,370,2
SUB-300942,2019-08-01,Islamabad,33.0,Male,Postpaid,High,12.5,1302,20.0,13.7,29,13.9,5.4,8,4620,1
SUB-301307,2023-02-21,Gujranwala,38.0,Male,Prepaid,Mid,1.9,197,0.0,7.5,0,5.8,0.8,0,520,0
SUB-300782,2026-01-13,Lahore,27.0,Male,Postpaid,Mid,70.2,133,,41.0,3,65.8,69.6,0,2130,1
SUB-300173,2017-07-26,Faisalabad,28.0,Male,Postpaid,Mid,69.8,180,31.0,60.1,2,73.0,41.0,1,2310,0
SUB-300877,2022-06-11,Karachi,47.0,Female,Postpaid,Mid,8.6,1740,92.0,11.0,39,28.8,7.5,12,3620,1
SUB-302519,2017-12-27,Karachi,48.0,Female,Prepaid,Low,3.8,121,9.0,5.6,3,28.9,4.6,0,470,0
SUB-300751,2024-02-03,Mirpur,68.0,Male,Prepaid,Low,3.4,168,23.0,10.4,0,24.9,0.8,0,480,0
SUB-302493,2023-10-14,Lahore,18.0,Male,Prepaid,Low,84.4,228,44.0,56.3,1,63.2,51.0,0,1620,0
SUB-300343,2025-11-16,Karachi,21.0,Male,Prepaid,Mid,75.0,265,42.0,47.2,8,66.2,67.6,0,1530,1
SUB-303615,2018-07-15,Faisalabad,54.0,Female,Postpaid,Mid,20.1,1580,68.0,17.2,30,30.8,9.0,8,3920,1
SUB-300379,2018-06-24,Gujranwala,25.0,Male,Postpaid,High,109.8,195,21.0,63.1,9,59.9,74.8,1,2480,1
SUB-302246,2016-07-21,Rawalpindi,45.0,Male,Prepaid,High,10.6,1429,59.0,24.9,30,19.5,7.6,5,4640,0
SUB-300521,2023-06-24,Multan,33.0,Male,Postpaid,Mid,17.8,1386,55.0,10.4,26,22.6,6.1,13,4440,0
SUB-301506,2020-09-29,Peshawar,28.0,Female,Prepaid,Low,2.7,162,23.0,9.3,0,17.4,1.6,0,560,0
SUB-300697,2025-07-31,Sialkot,25.0,Female,Prepaid,Mid,0.2,137,13.0,14.6,1,34.4,1.6,1,600,0
SUB-302319,2017-06-07,Sialkot,62.0,Male,Prepaid,,2.1,222,27.0,0.0,0,5.6,1.4,1,360,0
SUB-301310,2020-06-20,Sialkot,62.0,Male,Prepaid,Mid,9.8,255,39.0,20.8,478,26.0,2.7,1,1390,1
SUB-303014,2021-07-05,Sialkot,48.0,Male,Prepaid,Low,9.1,245,23.0,16.9,235,43.0,6.1,3,2140,0
SUB-303851,2025-09-07,Peshawar,27.0,Female,Prepaid,Mid,3.5,43,52.0,6.7,0,36.1,1.8,0,560,0
SUB-302228,2019-11-21,Karachi,33.0,Male,Prepaid,Low,6.6,131,56.0,7.4,0,42.2,1.5,0,340,0
SUB-303378,2018-02-08,Lahore,30.0,Male,Postpaid,High,27.6,1616,116.0,5.7,0,32.3,10.2,7,3520,1
SUB-301864,2021-09-03,Peshawar,22.0,Female,Prepaid,Mid,2.6,142,58.0,7.9,1,51.2,0.0,0,260,0
SUB-301571,2019-08-14,Lahore,28.0,Male,Prepaid,High,76.3,306,43.0,77.1,0,67.6,72.3,1,1690,0
SUB-302822,2020-01-02,Gujranwala,57.0,Male,Prepaid,Low,3.9,126,58.0,20.0,0,48.7,2.0,0,500,0
SUB-300876,2023-11-15,Rawalpindi,29.0,Male,Postpaid,High,20.0,1281,94.0,15.7,56,25.5,7.8,7,4480,1
SUB-300095,2020-11-11,Karachi,21.0,Female,Prepaid,Mid,53.3,104,36.0,60.8,1,60.9,65.3,0,2600,0
SUB-300606,2025-11-02,Islamabad,31.0,Male,Postpaid,High,29.9,1535,58.0,3.9,32,26.7,12.8,10,2300,1
SUB-301893,2017-12-14,Peshawar,42.0,Female,Prepaid,Low,3.5,158,26.0,16.9,4,60.9,2.9,0,350,1
SUB-302834,2024-05-30,Karachi,36.0,Male,Prepaid,High,3.5,31,,6.8,2,17.6,1.7,0,460,0
SUB-303132,2019-03-02,Karachi,19.0,Female,Postpaid,Low,76.2,92,43.0,38.9,0,57.4,53.6,0,1490,0
SUB-303162,2024-03-10,Peshawar,49.0,Male,Prepaid,Low,3.1,170,5.0,15.2,0,56.6,2.0,0,470,0
SUB-300993,2021-03-13,Karachi,41.0,Male,Prepaid,Mid,5.1,0,24.0,4.1,0,18.5,0.3,0,360,0
SUB-300509,2024-06-13,Sialkot,23.0,Male,Prepaid,Mid,110.8,185,34.0,47.3,3,60.8,82.4,0,1700,0
SUB-302299,2019-04-16,Islamabad,60.0,Female,Prepaid,Low,2.5,71,25.0,5.4,0,9.9,2.5,0,460,0
SUB-302680,2025-08-15,Sialkot,45.0,Female,Prepaid,Low,0.1,129,65.0,12.5,4,7.2,0.0,0,570,0
SUB-300654,2022-01-17,Peshawar,22.0,Male,Prepaid,Mid,98.3,245,40.0,35.9,7,48.0,63.8,0,1600,0
SUB-302036,2024-05-01,Lahore,23.0,Male,Prepaid,Mid,111.3,223,64.0,38.2,0,65.3,,0,2450,0
SUB-300405,2018-05-19,Lahore,46.0,Female,Prepaid,Mid,18.5,1018,67.0,14.7,6,30.0,6.4,9,4500,1
SUB-300645,2023-06-21,Gujranwala,22.0,Female,Prepaid,Mid,3.4,113,10.0,13.7,0,58.2,0.0,0,640,0
SUB-300686,2025-03-11,Quetta,61.0,Male,Prepaid,High,2.9,64,15.0,4.0,0,30.2,1.5,0,530,0
SUB-302120,2022-07-24,Islamabad,35.0,Female,Postpaid,Mid,36.0,1184,,19.9,42,22.1,14.6,9,5690,0
SUB-301677,2020-06-01,Lahore,24.0,Female,Prepaid,Low,58.9,252,34.0,88.8,5,72.4,44.1,0,2450,0
SUB-300298,2026-04-05,Lahore,37.0,Female,Prepaid,Low,2.4,195,48.0,10.5,2,18.5,2.8,0,460,1
SUB-300972,2017-12-30,Islamabad,25.0,Male,Prepaid,Low,4.1,103,17.0,6.6,2,33.2,0.0,0,450,0
SUB-300248,2017-12-01,Multan,62.0,Male,Prepaid,Mid,2.6,140,54.0,11.8,4,26.5,2.1,0,630,0
SUB-302270,2022-08-02,Islamabad,41.0,Male,Prepaid,High,22.5,1193,43.0,17.8,43,16.8,13.0,13,4220,1
SUB-300302,2022-08-13,Karachi,50.0,Male,Prepaid,High,31.3,1352,53.0,1.4,0,48.7,3.4,11,3230,0
SUB-303923,2025-02-15,Karachi,42.0,Male,Postpaid,Mid,14.4,1597,72.0,14.6,35,21.7,10.7,5,3730,1
SUB-300603,2018-04-14,Mirpur,66.0,Female,Prepaid,Mid,3.0,200,71.0,15.6,4,29.7,0.3,0,450,0
SUB-301797,2022-12-20,Quetta,67.0,Male,Prepaid,Low,2.7,145,,8.6,0,29.8,,0,280,0
SUB-302360,2020-02-11,Gujranwala,42.0,Female,Prepaid,Low,7.5,223,37.0,7.3,314,42.4,5.2,2,2840,0
SUB-300282,2018-11-08,Karachi,30.0,Male,Postpaid,Mid,14.9,1951,99.0,19.4,16,23.7,7.3,5,3040,2
SUB-302381,2025-02-07,Faisalabad,33.0,Female,Prepaid,Mid,8.4,214,,28.1,184,54.8,4.1,2,2810,0
SUB-301850,2021-03-12,Multan,,Male,Prepaid,Low,5.2,311,40.0,14.0,360,51.5,0.7,1,2340,0
SUB-301324,2017-06-26,Karachi,55.0,Male,Postpaid,High,27.2,1245,93.0,8.9,44,21.5,13.5,12,4430,0
SUB-303742,2023-10-30,Multan,25.0,Female,Prepaid,Mid,88.6,375,3.0,47.4,6,53.4,37.7,1,2340,0
SUB-303486,2023-01-03,Islamabad,26.0,Female,Prepaid,Low,93.1,74,8.0,55.7,5,57.8,54.6,1,1820,0
SUB-300353,2017-12-26,Karachi,47.0,Male,Postpaid,Mid,15.0,126,0.0,17.8,195,51.7,4.3,1,1860,0
SUB-301124,2021-07-11,Karachi,67.0,Male,Prepaid,Low,0.9,23,18.0,15.2,1,31.6,1.0,1,290,1
SUB-300519,2020-10-21,Gujranwala,50.0,Male,Postpaid,High,33.3,1933,97.0,2.4,22,31.7,10.4,10,4310,0
SUB-303875,2024-03-14,Karachi,,Male,Prepaid,Mid,20.0,990,75.0,12.6,12,40.4,5.8,3,2960,0
SUB-302904,2025-08-22,Multan,49.0,Male,Prepaid,Low,8.7,236,27.0,1.2,186,42.3,8.4,5,1880,0
SUB-303467,2021-06-29,Quetta,26.0,Male,Prepaid,Low,1.8,205,36.0,9.3,2,19.4,1.4,1,420,0
SUB-300376,2018-05-09,Gujranwala,32.0,Male,Prepaid,Low,6.1,244,11.0,12.7,388,33.4,8.9,0,2640,1
SUB-302438,2019-11-16,Karachi,18.0,Male,Prepaid,Mid,36.1,133,,35.6,5,71.2,52.1,0,1670,0
SUB-300351,2020-06-06,Rawalpindi,53.0,Male,Postpaid,High,24.1,1259,123.0,15.2,15,14.9,8.7,8,4500,1
SUB-301916,2020-02-09,Peshawar,47.0,Male,Postpaid,Mid,20.9,1083,89.0,11.2,63,33.6,,12,1920,1
SUB-302585,2017-05-30,Lahore,26.0,Male,Prepaid,High,102.8,226,67.0,54.3,8,61.2,94.5,0,1820,2
SUB-301502,2023-05-12,Gujranwala,42.0,Male,Postpaid,Mid,14.8,248,26.0,12.9,266,35.6,6.8,1,1770,0
SUB-300469,2023-04-25,Islamabad,34.0,Male,Prepaid,High,15.1,399,26.0,19.8,338,26.3,0.0,1,1710,0
SUB-300309,2023-06-06,Lahore,20.0,Male,Postpaid,,71.9,273,12.0,42.9,0,78.9,66.6,0,1900,0
SUB-300655,2018-01-08,Peshawar,26.0,Male,Prepaid,Mid,86.1,184,,43.5,6,63.1,57.2,0,2610,0
SUB-300443,2025-04-29,Islamabad,20.0,Male,Prepaid,Mid,0.2,101,15.0,7.2,1,22.0,3.8,0,340,2
SUB-300900,2022-01-01,Karachi,32.0,Male,Postpaid,Mid,32.7,1077,52.0,13.6,33,12.9,11.3,12,4020,0
SUB-300192,2018-07-04,Karachi,54.0,Male,Prepaid,Mid,8.2,375,24.0,24.7,385,30.1,15.8,0,2130,0
SUB-303209,2021-07-18,Lahore,30.0,Female,Prepaid,Low,3.5,209,62.0,11.1,1,2.0,,0,340,0
SUB-301136,2025-02-17,Gujranwala,18.0,Male,Prepaid,High,65.4,123,41.0,40.1,3,62.9,33.6,0,1320,1
SUB-300447,2021-01-12,Quetta,27.0,Male,Prepaid,Low,3.3,293,26.0,16.5,0,7.7,2.6,0,410,0
SUB-301752,2023-06-12,Karachi,26.0,Male,Postpaid,High,62.7,239,74.0,51.1,0,54.6,43.3,0,2430,0
SUB-301576,2016-07-13,Multan,38.0,Male,Postpaid,Low,5.9,104,27.0,5.2,3,12.6,0.0,0,510,0
SUB-303936,2019-07-21,Islamabad,47.0,Female,Postpaid,High,28.5,1857,55.0,6.8,11,30.0,13.5,10,5890,0
SUB-303206,2025-03-03,Multan,28.0,Male,Prepaid,Low,1.7,286,55.0,16.6,0,0.0,0.2,0,440,0
SUB-302624,2018-10-23,Lahore,25.0,Female,Prepaid,Mid,70.0,57,14.0,52.6,8,60.8,60.8,0,2310,0
SUB-301938,2022-08-26,Gujranwala,21.0,Female,Prepaid,Low,102.6,296,53.0,45.3,1,62.3,82.5,0,1740,2
SUB-301773,2024-11-14,Lahore,51.0,Male,Postpaid,Mid,11.2,299,20.0,21.8,208,37.3,7.6,1,1700,0
SUB-301098,2021-01-31,Mirpur,46.0,Female,Prepaid,Low,0.8,151,,0.0,0,30.0,0.7,0,380,0
SUB-300691,2023-08-15,Mirpur,28.0,Male,Postpaid,Mid,7.9 GB,1669,89.0,17.5,9,40.4,12.3,8,4590,0
SUB-302549,2023-01-13,Karachi,20.0,Female,PREPAID,High,66.6,118,20.0,60.9,5,73.6,46.5,0,2560,2
SUB-302932,2023-12-20,Faisalabad,28.0,Male,Prepaid,Mid,103.4,244,74.0,52.7,3,49.3,47.1,2,1720,1
SUB-303038,2016-11-16,Peshawar,28.0,Female,Prepaid,High,88.6,307,28.0,55.1,2,61.7,74.5,0,2270,0
SUB-301358,2020-04-17,Islamabad,24.0,Female,Postpaid,Mid,53.7,235,21.0,59.4,2,76.1,60.5,1,1670,0
SUB-301712,2018-05-16,Sialkot,20.0,Female,Prepaid,Low,48.8,153,12.0,61.7,0,73.3,63.5,1,2330,0
SUB-300477,2018-06-16,Peshawar,42.0,Female,Prepaid,Low,5.6,135,22.0,6.1,0,23.5,1.0,0,450,1
SUB-300294,2017-05-26,Faisalabad,58.0,Male,Postpaid,High,3.6,250,25.0,28.9,292,15.9,10.3,2,1850,0
SUB-303000,2023-01-11,Peshawar,37.0,Female,Postpaid,Mid,10.2,214,47.0,0.2,290,33.3,12.6,3,1330,0
SUB-301600,2025-04-02,Karachi,45.0,Male,Postpaid,Mid,15.0,1226,103.0,8.8,56,25.8,0.0,7,4560,1
SUB-302183,2017-02-17,Karachi,26.0,Female,Prepaid,Mid,83.2,168,62.0,38.5,3,48.2,54.5,0,1920,0
SUB-301849,2020-01-27,Mirpur,61.0,Male,Prepaid,Mid,8.8,323,33.0,14.0,259,30.6,11.9,1,2290,2
SUB-302396,2022-10-04,Lahore,33.0,Male,Postpaid,Mid,24.4,933,39.0,15.5,26,21.6,9.2,8,4600,2
SUB-302148,2019-05-19,Karachi,47.0,Male,Prepaid,Low,2.5,100,64.0,1.7,3,55.4,2.7,0,450,0
SUB-303418,2024-07-21,Lahore,46.0,Male,Postpaid,Mid,18.9,1635,22.0,17.1,11,36.2,6.2,8,2410,1
SUB-302490,2020-02-20,Karachi,39.0,Female,Prepaid,Low,3.5,92,33.0,13.1,2,3.7,0.0,0,560,1
SUB-303910,2021-03-13,Peshawar,20.0,Female,Prepaid,High,88.1,234,40.0,58.3,0,68.0,45.8,1,2510,0
SUB-301859,2023-02-28,Sialkot,33.0,Male,Prepaid,Mid,12.7,203,26.0,28.5,436,50.7,11.0,2,1630,0
SUB-303991,2026-04-26,Sialkot,39.0,Male,Prepaid,Low,4.9,214,15.0,24.5,205,59.6,4.2,1,2240,1
SUB-301987,2018-10-13,Gujranwala,45.0,Male,Prepaid,Mid,13.9,323,10.0,28.2,355,23.5,0.7,2,2910,0
SUB-302861,2024-03-27,Islamabad,20.0,Male,Prepaid,High,61.7,172,17.0,52.0,4,52.5,47.5,0,1410,1
SUB-301892,2023-06-26,Mirpur,54.0,Male,Postpaid,Low,7.4,249,44.0,0.0,0,34.5,4.7,0,380,2
SUB-300084,2022-11-09,Lahore,60.0,Male,Prepaid,Mid,9.1,263,20.0,7.8,469,38.0,8.7,2,2360,0
SUB-302547,2023-05-02,Faisalabad,22.0,Female,Prepaid,Mid,0.8,213,34.0,0.0,0,28.7,0.0,0,150,3
SUB-301877,2021-01-03,Lahore,36.0,Male,Prepaid,Mid,2.7,211,31.0,5.8,1,28.4,3.5,0,340,0
SUB-300437,2018-10-18,Peshawar,,Male,Prepaid,Mid,47.8,187,29.0,52.4,4,71.2,72.4,0,2720,0
SUB-303730,2021-07-21,Karachi,,Female,Postpaid,Mid,14.2,2233,87.0,11.5,28,18.8,11.6,7,6000,0
SUB-301980,2017-09-27,Gujranwala,49.0,Male,Prepaid,Low,6.6,183,14.0,29.2,115,36.7,6.5,2,1690,1
SUB-301947,2020-05-08,Peshawar,19.0,Male,Prepaid,High,76.5,251,35.0,48.9,5,55.0,71.3,0,2760,0
SUB-301429,2017-10-04,Lahore,44.0,Male,Prepaid,Low,1.1,68,29.0,16.0,0,42.3,0.0,0,470,1
SUB-303074,2016-07-21,Rawalpindi,60.0,Female,Prepaid,Mid,14.5,197,38.0,15.3,264,37.5,1.1,1,2090,2
SUB-302403,2017-03-13,Sialkot,43.0,Female,PREPAID,Mid,5.5,234,8.0,28.8,108,55.7,8.8,3,2450,0
SUB-300195,2020-05-03,Islamabad,19.0,Male,Prepaid,,93.9,154,67.0,60.1,5,61.4,38.4,0,1550,0
SUB-302944,2024-05-09,Rawalpindi,28.0,Male,Postpaid,High,29.7,1073,81.0,1.1,0,28.7,12.6,5,3850,0
SUB-301595,2018-10-10,Gujranwala,26.0,Female,Prepaid,,0.3,206,42.0,9.1,0,39.6,2.1,1,390,1
SUB-302631,2020-09-07,Karachi,24.0,Male,Prepaid,Mid,124.1,251,45.0,63.6,1,61.8,74.5,0,1020,0
SUB-303304,2022-06-29,Multan,20.0,Male,Prepaid,Low,5.8,202,20.0,5.7,0,24.8,1.6,0,420,1
SUB-301453,2025-07-05,Rawalpindi,24.0,Male,Prepaid,High,53.1,229,53.0,53.2,2,73.9,44.7,0,1780,0
SUB-300475,2021-12-03,Karachi,22.0,Male,Prepaid,Mid,80.4,139,30.0,56.8,0,64.9,23.6,0,2720,0
SUB-303473,2024-01-22,Karachi,18.0,Female,Prepaid,Mid,107.7,269,23.0,36.0,8,55.7,56.6,0,1820,0
SUB-300336,2023-10-27,Sialkot,63.0,Female,Prepaid,Mid,10.2,286,6.0,9.8,598,62.5,4.0,1,2580,2
SUB-303500,2020-12-19,Islamabad,49.0,Male,Prepaid,High,14.8,1162,0.0,18.4,24,38.2,9.0,8,3430,0
SUB-302392,2017-09-06,Lahore,53.0,Male,Prepaid,Low,4.4,76,48.0,15.2,0,28.7,3.7,0,390,1
SUB-303192,2023-05-29,Peshawar,48.0,Female,Prepaid,Low,1.9,58,42.0,9.1,0,37.0,3.3,0,680,1
SUB-301533,2024-09-20,Islamabad,21.0,Female,Prepaid,High,84.4,190,26.0,66.4,12,53.8,60.8,0,1620,0
SUB-300409,2017-09-22,Faisalabad,68.0,Male,Prepaid,Low,1.0,181,,5.1,0,40.7,2.6,0,480,0
SUB-302407,2017-08-26,Lahore,40.0,Male,Postpaid,Mid,21.4,1668,,14.7,34,25.7,8.8,13,6750,0
SUB-303474,2025-12-18,Peshawar,36.0,Male,Postpaid,High,12.6,1561,48.0,16.7,37,25.2,10.7,11,5390,1
SUB-302069,2025-09-30,Karachi,39.0,Male,Prepaid,Low,0.2,306,30.0,9.1,3,56.9,2.5,0,490,0
SUB-300108,2025-07-31,Karachi,44.0,Male,Postpaid,High,19.2,1302,125.0,0.0,0,20.6,12.3,9,5020,1
SUB-302109,2022-03-27,Islamabad,27.0,Female,Prepaid,High,69.5,226,83.0,49.8,1,79.2,58.3,0,2260,0
SUB-303111,2016-07-24,Peshawar,43.0,Male,Prepaid,Mid,3.9,60,43.0,6.1,2,37.3,2.8,0,500,1
SUB-303722,2026-03-26,Karachi,58.0,Male,Prepaid,Low,6.6,241,12.0,15.2,377,61.0,,0,1530,0
SUB-301814,2017-08-27,Karachi,28.0,Male,Postpaid,Low,63.9,34,53.0,74.1,4,68.2,69.2,0,1750,0
SUB-300090,2017-12-07,Peshawar,61.0,Male,Prepaid,Low,1.4,158,11.0,10.0,0,15.2,0.0,0,350,0
SUB-300595,2022-04-25,Sialkot,46.0,Female,Postpaid,,14.5,71,26.0,20.1,365,42.6,14.5,1,2000,0
SUB-302639,2022-11-26,Sialkot,25.0,Female,Prepaid,High,52.6,260,27.0,55.8,4,55.7,77.9,0,2320,0
SUB-303490,2017-11-04,Lahore,40.0,Male,Postpaid,Mid,22.3,1401,65.0,11.5,20,25.5,6.2,13,3370,1
SUB-303916,2025-05-04,Rawalpindi,55.0,Male,Postpaid,Mid,1.3,70,24.0,17.2,0,10.5,0.5,0,380,3
SUB-303084,2018-01-03,Islamabad,26.0,Male,Prepaid,Mid,83.6,169,16.0,64.0,1,48.4,42.3,0,1420,0
SUB-301403,2025-01-28,Quetta,37.0,Male,Prepaid,Mid,0.1,20,16.0,1.8,0,28.8,3.2,0,470,1
SUB-301704,2022-02-09,Karachi,52.0,Male,Prepaid,High,25.3,1535,68.0,14.5,56,31.1,5.1,4,5360,2
SUB-302530,2016-08-25,Rawalpindi,42.0,Male,Postpaid,Mid,32.7,1318,,5.5,45,25.5,10.8,6,2700,0
SUB-303592,2024-02-03,Mirpur,23.0,Male,Postpaid,,109.4,88,19.0,62.2,3,83.2,58.2,0,1860,0
SUB-300614,2017-02-17,Gujranwala,25.0,Female,Postpaid,High,97.6,169,26.0,53.0,4,54.2,55.8,0,1930,0
SUB-302338,2018-04-03,Lahore,27.0,Female,Prepaid,Mid,56.6,98,4.0,49.7,9,57.7,59.5,0,1300,1
SUB-302128,2020-06-29,Lahore,34.0,Male,Postpaid,High,19.9,1552,144.0,4.9,31,31.9,7.0,7,2280,0
SUB-300695,2019-09-30,Gujranwala,21.0,Male,Prepaid,Mid,69.2,235,20.0,66.7,0,75.4,79.6,0,2490,0
SUB-303899,2017-05-15,Lahore,20.0,Male,Prepaid,Mid,74.6,275,3.0,46.4,5,54.5,59.4,0,2600,0
SUB-301012,2018-08-09,Faisalabad,35.0,Male,Prepaid,Low,2.5,156,13.0,21.8,0,24.6,3.5,0,300,1
SUB-300315,2026-02-16,Karachi,34.0,Female,Postpaid,High,16.0,1140,51.0,3.6,15,23.2,17.8,4,4060,0
SUB-301862,2018-02-04,Mirpur,22.0,Female,Prepaid,Low,4.6,172,65.0,15.5,1,42.3,1.5,1,370,0
SUB-303660,2024-05-15,Quetta,25.0,Male,Prepaid,Low,1.1,32,22.0,21.8,0,23.5,2.1,0,490,0
SUB-303633,2021-12-17,Islamabad,22.0,Male,Prepaid,Mid,63.7,155,32.0,50.1,3,46.1,69.8,1,660,1
SUB-302255,2023-10-05,Mirpur,56.0,Male,Prepaid,Low,2.1,96,21.0,6.2,1,41.4,2.1,0,280,0
SUB-301320,2023-12-27,Lahore,20.0,Female,Prepaid,High,81.5,146,19.0,51.8,0,66.1,79.6,0,1320,1
SUB-302217,2017-09-04,Sialkot,60.0,Male,Prepaid,Mid,4.8,200,29.0,21.6,3,25.2,2.3,0,400,0
SUB-300833,2022-05-26,Sialkot,25.0,Male,Postpaid,Low,3.4,57,34.0,16.8,0,56.1,2.1,0,450,0
SUB-301735,2019-11-27,Islamabad,19.0,Male,Prepaid,Low,60.7,110,52.0,57.1,2,70.7,78.6,1,1780,0
SUB-300393,2024-10-03,Lahore,53.0,Female,Prepaid,Mid,4.2,101,3.0,22.4,2,41.0,1.4,0,450,1
SUB-303608,2021-08-17,Faisalabad,19.0,Male,Prepaid,Mid,46.2,373,41.0,66.7,0,63.2,74.1,0,1810,0
SUB-300214,2021-10-02,Rawalpindi,41.0,Male,Postpaid,Mid,25.4,1285,50.0,0.0,31,30.8,8.6,8,5330,2
SUB-303001,2020-01-28,Karachi,31.0,Female,Postpaid,Mid,8.7,1347,82.0,8.8,26,16.2,10.4,7,3680,1
SUB-301819,2023-09-03,Karachi,18.0,Female,Prepaid,High,74.4,190,18.0,49.5,0,58.1,83.0,0,2690,0
SUB-302479,2019-09-23,Faisalabad,52.0,Male,Prepaid,Low,4.4,161,27.0,19.7,2,26.8,0.0,0,470,0
SUB-302401,2024-10-14,Karachi,22.0,Female,Prepaid,Low,58.9,136,56.0,51.0,3,62.2,64.5,1,1850,0
SUB-300684,2017-10-23,Multan,28.0,Female,Prepaid,High,91.4,230,39.0,67.7,0,73.4,77.4,0,2030,0
SUB-302768,2020-04-04,Islamabad,25.0,Male,Prepaid,Mid,88.3,75,42.0,53.6,0,53.9,81.1,0,2060,1
SUB-303681,2022-02-01,Lahore,29.0,Male,Postpaid,Mid,24.9,1118,66.0,9.3,21,25.5,2.6,12,7040,1
SUB-302189,2021-12-12,Gujranwala,46.0,Female,Prepaid,Mid,3.1,146,5.0,6.2,0,12.1,1.7,0,510,2
SUB-302144,2018-02-15,Karachi,30.0,Male,Postpaid,Mid,13.4,1485,32.0,15.0,16,28.3,3.7,10,3880,0
SUB-301905,2019-02-25,Karachi,41.0,Male,Prepaid,Mid,20.1,1654,107.0,16.6,1,27.5,7.6,7,3540,2
SUB-303366,2023-12-10,Islamabad,54.0,Female,Postpaid,High,17.3,1552,37.0,12.9,68,26.0,13.6,16,4660,1
SUB-303666,2023-04-25,Islamabad,45.0,Male,Postpaid,High,15.0,1781,79.0,5.8,66,16.4,5.3,10,2780,2
SUB-301937,2024-09-06,Quetta,54.0,Female,Prepaid,Mid,1.5,215,29.0,7.9,1,24.5,1.4,0,420,1
SUB-302830,2018-04-26,Gujranwala,28.0,Male,Prepaid,High,91.1,338,21.0,57.3,0,71.5,,2,1840,1
SUB-300525,2023-03-28,Peshawar,23.0,Male,Postpaid,High,95.4,125,15.0,57.4,5,56.9,33.5,0,1390,0
SUB-303211,2024-07-16,Gujranwala,55.0,Male,Prepaid,Mid,3.1,50,15.0,10.2,0,18.6,1.7,0,330,0
SUB-300207,2021-07-24,Peshawar,25.0,Female,Prepaid,Mid,47.9,298,49.0,50.8,0,72.0,66.0,0,2030,0
SUB-301216,2022-01-10,Lahore,41.0,Male,Postpaid,High,23.4,1251,93.0,9.8,19,24.6,7.8,8,4480,0
SUB-300061,2024-02-06,Lahore,26.0,Male,Prepaid,Mid,57.2,192,23.0,38.8,2,52.4,69.0,0,1800,0
SUB-303530,2017-05-04,Quetta,65.0,Male,Prepaid,Low,2.2,227,22.0,9.6,3,70.9,4.6,0,210,0
SUB-301774,2021-04-24,Islamabad,25.0,Female,Prepaid,Low,4.0,136,33.0,9.8,2,29.4,5.3,0,590,0
SUB-301331,2024-09-23,Lahore,28.0,Female,Prepaid,Mid,71.0,96,0.0,48.2,0,57.5,79.6,1,1410,0
SUB-300023,2020-06-28,Peshawar,,Female,Postpaid,Mid,18.8,839,30.0,1.3,54,14.4,2.2,11,3650,0
SUB-301900,2023-02-09,Karachi,43.0,Female,Postpaid,Mid,10.3,927,110.0,18.6,69,24.6,3.1,14,4780,4
SUB-300466,2023-08-23,Faisalabad,37.0,Female,Prepaid,Low,1.7,211,,8.5,0,11.6,1.6,0,600,0
SUB-300390,2022-06-25,Sialkot,65.0,Female,Prepaid,High,14.3,205,0.0,20.6,290,39.1,9.4,1,1960,0
SUB-300663,2023-08-05,Quetta,25.0,Male,Prepaid,Low,0.1,129,49.0,6.4,5,4.8,1.4,0,410,2
SUB-302509,2020-11-25,Multan,27.0,Female,Prepaid,Mid,75.8,162,67.0,53.9,0,64.6,33.5,0,1970,0
SUB-302286,2021-11-25,Lahore,19.0,Male,Prepaid,High,72.3,84,,53.3,1,63.7,64.2,0,1750,1
SUB-301968,2017-06-10,Lahore,19.0,Male,Prepaid,Mid,101.4,274,21.0,57.0,0,56.6,37.5,0,1520,1
SUB-301125,2016-12-20,Sialkot,31.0,Male,Prepaid,High,24.9,523,74.0,11.0,11,29.7,13.4,10,4920,2
SUB-302826,2022-01-28,Rawalpindi,54.0,Male,Prepaid,Low,3.2,35,53.0,24.2,0,30.0,2.9,1,580,0
SUB-301580,2024-12-01,Quetta,,Male,Prepaid,Mid,1.5,465,36.0,29.9,288,33.1,0.7,0,2250,1
SUB-302440,2023-05-29,Lahore,35.0,Male,Prepaid,Low,2.6,259,37.0,0.0,3,29.3,0.9,0,460,0
SUB-303816,2016-12-14,Rawalpindi,54.0,Female,Postpaid,Mid,11.3,319,21.0,21.8,386,54.1,0.2,0,2210,0
SUB-303148,2020-03-06,Peshawar,42.0,Male,Prepaid,Low,0.6,34,44.0,8.2,1,41.5,,0,510,1
SUB-300041,2024-08-02,Quetta,62.0,Male,Prepaid,High,4.1,148,38.0,1.4,0,59.5,1.3,0,350,0
SUB-302118,2017-05-04,Karachi,43.0,Male,Postpaid,Mid,27.6,1549,95.0,8.7,1,6.4,2.6,4,4490,1
SUB-302010,2020-11-06,Lahore,43.0,Male,Postpaid,High,38.0,2152,85.0,14.1,22,22.5,12.8,14,3250,1
SUB-300979,2021-04-14,Peshawar,24.0,Female,Prepaid,Mid,100.6,160,36.0,64.3,3,54.9,47.7,1,1600,0
SUB-302810,2018-05-08,Peshawar,18.0,Female,Prepaid,Mid,137.1,174,10.0,57.0,3,67.8,53.1,0,3410,0
SUB-302253,2022-02-18,Lahore,64.0,Female,Prepaid,Mid,13.5,161,6.0,21.1,305,24.3,2.8,2,2640,1
SUB-300840,2020-07-15,Rawalpindi,49.0,Female,Postpaid,Low,17.0,899,66.0,0.0,35,24.6,3.7,9,5850,0
SUB-301786,2021-05-08,Sialkot,20.0,Male,Prepaid,High,95.1,174,23.0,72.7,6,61.2,63.7,0,2050,2
SUB-303676,2024-10-09,Karachi,50.0,Male,Prepaid,Mid,17.5,1127,74.0,14.2,36,17.6,15.8,8,4710,0
SUB-301470,2024-12-14,Peshawar,32.0,Male,Prepaid,Mid,9.0,206,14.0,17.6,360,57.0,1.2,2,2300,1
SUB-301653,2025-04-02,Quetta,42.0,Male,Prepaid,,4.5,262,16.0,18.1,363,59.1,3.6,1,2490,0
SUB-300062,2020-11-04,Sialkot,22.0,Male,Prepaid,Low,83.4,259,62.0,53.3,7,64.3,87.4,0,2850,0
SUB-302937,2018-06-05,Lahore,38.0,Male,Prepaid,Mid,18.3,1426,75.0,20.4,11,23.0,5.3,6,3300,1
SUB-301908,2018-12-01,Karachi,50.0,Female,Prepaid,High,15.9 GB,1165,54.0,8.1,37,23.0,14.2,7,3940,0
SUB-300868,2022-04-01,Gujranwala,38.0,Male,Prepaid,Mid,9.8,292,12.0,5.9,228,42.3,7.3,0,2370,0
SUB-300265,2016-12-24,Rawalpindi,,Female,Prepaid,Mid,4.0,391,29.0,15.1,213,37.6,8.3,1,2870,0
SUB-301333,2024-08-09,Gujranwala,30.0,Male,Prepaid,High,1.3,169,33.0,16.6,0,42.2,2.7,0,290,1
SUB-300285,2017-01-13,Multan,25.0,Male,Prepaid,Low,2.7,202,25.0,2.8,1,54.7,0.0,0,400,1
SUB-301918,2018-11-19,Gujranwala,23.0,Male,Prepaid,Mid,77.5,176,58.0,50.6,0,67.3,73.2,0,2090,0
SUB-303282,2023-02-16,Islamabad,65.0,Female,Prepaid,Low,3.7,160,39.0,5.0,0,20.1,5.9,0,540,0
SUB-300668,2025-01-18,Mirpur,62.0,Female,Prepaid,Mid,2.9,110,42.0,7.4,1,33.5,0.0,0,460,0
SUB-302487,2019-12-17,Lahore,43.0,Male,PREPAID,Low,2.0,146,40.0,15.7,0,21.1,2.1,0,130,0
SUB-303243,2019-02-18,Quetta,19.0,Male,Prepaid,Mid,72.8,171,63.0,69.0,11,70.2,46.3,0,2160,0
SUB-303045,2016-11-10,Peshawar,40.0,Male,Prepaid,Low,4.7,147,43.0,13.9,0,43.2,0.9,0,430,0
SUB-301945,2022-05-29,Lahore,20.0,Female,Prepaid,Mid,112.8,98,39.0,44.8,0,59.5,68.3,1,1610,0
SUB-303203,2022-08-16,Lahore,,Male,Postpaid,Low,5.2,280,29.0,23.0,247,48.1,4.9,3,2200,1
SUB-302517,2019-04-07,Rawalpindi,45.0,Female,Postpaid,High,34.1,1330,54.0,18.0,0,29.7,11.2,7,4280,1
SUB-302974,2020-07-09,Sialkot,36.0,Male,Prepaid,Low,0.9,67,27.0,4.3,0,19.3,,0,540,0
SUB-301671,2022-06-21,Karachi,29.0,Female,Postpaid,High,18.8,1378,55.0,21.0,22,36.1,1.3,6,2960,0
SUB-302178,2020-01-31,Karachi,32.0,Female,Prepaid,Mid,6.4,323,28.0,8.6,0,19.2,2.3,0,400,0
SUB-300786,2021-06-09,Islamabad,27.0,Male,Prepaid,Mid,108.2,182,39.0,45.7,4,63.8,41.4,0,2340,0
SUB-300264,2017-05-26,Gujranwala,40.0,Female,Prepaid,High,9.2,307,15.0,13.1,269,37.6,2.7,1,2910,1
SUB-303155,2023-12-10,Karachi,28.0,Female,Prepaid,Mid,65.9,232,40.0,49.2,0,59.4,65.4,1,1290,0
SUB-302342,2026-03-13,Quetta,,Female,Prepaid,Low,3.6,132,,11.4,0,27.3,0.0,0,190,2
SUB-302287,2017-03-11,Islamabad,26.0,Female,Postpaid,High,44.0,103,69.0,58.4,3,45.4,88.0,0,1580,0
SUB-302690,2016-08-17,Islamabad,33.0,Female,Prepaid,Mid,30.2,1481,77.0,15.1,47,15.0,12.3,10,7160,1
SUB-303454,2025-09-07,Multan,61.0,Male,Prepaid,Low,0.4,5,24.0,20.9,0,36.3,3.3,0,530,0
SUB-302335,2023-11-22,Multan,66.0,Female,Prepaid,Mid,2.9,28,30.0,18.6,0,34.4,0.6,0,530,0
SUB-300774,2020-02-28,Karachi,40.0,Male,Postpaid,High,24.7,1071,90.0,24.2,32,18.1,7.5,8,4610,0
SUB-303425,2016-10-30,Lahore,27.0,Female,Prepaid,High,60.9,93,23.0,63.6,2,67.1,18.9,1,1530,1
SUB-303659,2025-02-16,Mirpur,28.0,Male,Prepaid,Mid,1.5,161,26.0,17.6,2,11.6,0.5,0,470,0
SUB-300947,2017-11-22,Sialkot,42.0,Female,Prepaid,Low,0.1,115,30.0,17.9,0,38.4,2.6,0,370,0
SUB-303248,2025-12-27,Rawalpindi,37.0,Female,Prepaid,,13.9,214,42.0,20.3,279,35.1,0.0,3,1640,0
SUB-303980,2021-03-06,Karachi,34.0,Female,Postpaid,High,24.1,1348,83.0,4.1,37,34.5,14.3,7,4740,0
SUB-303027,2026-02-12,Lahore,21.0,Male,Prepaid,Mid,126.6,333,,58.2,2,52.9,73.0,0,1870,0
SUB-302275,2020-01-21,Karachi,22.0,Male,Prepaid,Mid,95.9,286,28.0,58.5,4,55.1,76.7,0,1220,0
SUB-300555,2024-02-02,Lahore,35.0,Male,Postpaid,Low,10.9,94,39.0,30.2,208,54.8,9.5,2,2720,1
SUB-302965,2026-01-24,Multan,26.0,Male,Prepaid,High,87.4,325,46.0,67.0,6,61.2,44.6,1,2000,0
SUB-303208,2025-03-09,Gujranwala,60.0,Male,Prepaid,Low,0.1,37,,8.8,0,21.0,3.4,0,370,0
SUB-302424,2021-08-28,Islamabad,39.0,Female,Prepaid,Low,3.2,155,18.0,5.3,3,25.9,,0,460,0
SUB-301204,2022-09-25,Mirpur,51.0,Female,Prepaid,Low,6.4,140,1.0,11.5,2,43.2,0.7,1,340,0
SUB-302571,2020-02-08,Mirpur,52.0,Male,Prepaid,High,17.3,1800,32.0,8.5,43,15.7,,9,4750,0
SUB-302238,2021-04-07,Karachi,18.0,Male,Prepaid,High,85.8,280,45.0,71.1,4,57.2,27.7,1,2100,0
SUB-302244,2025-01-22,Sialkot,21.0,Male,Prepaid,High,56.8,133,,65.4,5,69.3,67.0,0,1660,0
SUB-301738,2022-01-19,Faisalabad,18.0,Male,Prepaid,Mid,80.4,146,28.0,57.0,2,65.0,24.1,0,2100,1
SUB-302477,2022-01-13,Lahore,19.0,Male,Postpaid,Mid,43.7,277,73.0,54.1,2,66.7,,0,2350,1
SUB-302023,2022-06-26,Lahore,31.0,Male,Prepaid,Low,2.3,139,1.0,12.3,0,17.4,0.0,0,440,0
SUB-301092,2025-08-20,Sialkot,21.0,Female,Prepaid,Low,3.0 GB,214,27.0,2.2,0,36.3,2.9,0,430,1
SUB-300472,2022-10-06,Sialkot,44.0,Female,Prepaid,Low,5.7,0,0.0,8.7,364,24.4,12.3,2,1800,0
SUB-302828,2026-01-31,Karachi,23.0,Male,Prepaid,Mid,57.1,211,36.0,55.2,7,59.8,30.7,1,1400,0
SUB-300246,2020-12-25,Lahore,34.0,Female,Prepaid,High,24.9,1223,73.0,19.3,0,17.9,5.4,7,3970,0
SUB-302785,2025-07-11,Mirpur,69.0,Male,Postpaid,Low,2.5,242,32.0,12.5,0,32.6,1.9,1,640,1
SUB-302823,2022-11-02,Mirpur,18.0,Male,Prepaid,Mid,77.4,195,0.0,71.8,0,71.2,60.2,0,1800,1
SUB-301882,2016-07-25,Karachi,50.0,Female,Postpaid,High,21.2,1891,104.0,19.1,2,30.3,5.5,7,4310,0
SUB-301287,2019-08-05,Gujranwala,26.0,Female,Prepaid,Low,0.1,223,,5.6,0,29.9,1.4,0,550,0
SUB-301951,2018-01-23,Multan,69.0,Female,Postpaid,Mid,2.2,155,71.0,5.7,1,33.4,1.5,0,530,0
SUB-302891,2020-07-17,Sialkot,46.0,Female,Prepaid,Mid,11.3,212,14.0,28.5,476,51.1,4.6,0,1290,0
SUB-301708,2016-10-07,Sialkot,54.0,Male,Prepaid,Mid,6.2,345,20.0,19.9,340,40.1,4.0,2,3010,1
SUB-303377,2018-12-19,Lahore,40.0,Male,Prepaid,Low,2.3,204,26.0,0.0,0,17.2,0.2,0,430,0
SUB-301590,2017-08-01,Faisalabad,40.0,Female,Prepaid,Low,2.9,84,33.0,20.2,0,50.0,0.0,0,450,0
SUB-300548,2023-05-28,Quetta,37.0,Male,Postpaid,Mid,7.5,271,0.0,13.7,355,30.0,5.3,0,1910,1
SUB-302404,2021-09-07,Mirpur,63.0,Female,Prepaid,Mid,11.8,375,24.0,10.2,329,34.3,11.3,0,2530,2
SUB-301594,2021-09-30,Lahore,48.0,Female,Postpaid,Low,20.3,1369,135.0,14.3,53,10.5,12.9,14,3260,2
SUB-303068,2022-05-28,Rawalpindi,27.0,Male,Prepaid,Mid,52.3,195,58.0,65.6,0,53.0,35.1,0,2220,2
SUB-300468,2019-08-04,Peshawar,24.0,Male,Prepaid,High,76.6,117,76.0,44.9,0,58.3,53.9,0,1540,1
SUB-302201,2023-05-28,Faisalabad,30.0,Female,Prepaid,Mid,2.5,187,13.0,6.2,2,23.3,2.6,0,490,0
SUB-300281,2022-08-16,Lahore,20.0,Female,Prepaid,Mid,73.6,157,117.0,64.7,2,58.5,64.5,1,2100,0
SUB-302526,2017-05-28,Rawalpindi,28.0,Male,Postpaid,High,45.1,0,56.0,70.8,1,72.0,72.3,0,1590,0
SUB-303501,2020-01-12,Quetta,48.0,Female,Prepaid,Low,1.6,161,35.0,7.0,2,44.8,1.7,0,450,0
SUB-301486,2018-08-23,Peshawar,64.0,Male,Prepaid,Mid,5.4,107,38.0,14.1,0,34.1,0.0,0,390,0
SUB-303799,2024-05-27,Karachi,36.0,Female,Postpaid,High,29.0,1582,129.0,0.0,25,17.0,14.8,9,4840,0
SUB-302858,2025-09-01,Gujranwala,41.0,Male,Prepaid,Low,0.1,194,25.0,18.7,0,12.1,1.8,0,460,0
SUB-302254,2018-09-07,Rawalpindi,50.0,Female,Postpaid,Mid,10.5,1688,106.0,4.8,17,28.0,11.3,12,2510,1
SUB-301491,2018-07-02,Karachi,24.0,Female,Postpaid,Mid,55.3,222,55.0,52.2,2,78.2,62.7,0,2070,1
SUB-301380,2016-08-28,Karachi,37.0,Male,Prepaid,Mid,26.8,1474,74.0,12.9,3,8.3,8.9,7,3960,0
SUB-302590,2018-09-27,Faisalabad,47.0,Female,Prepaid,Low,3.3,105,24.0,2.5,5,48.7,3.8,0,560,0
SUB-303468,2017-08-05,Faisalabad,27.0,Male,Prepaid,Mid,54.2,234,59.0,57.3,4,78.0,59.1,0,1860,0
SUB-302021,2020-09-23,Gujranwala,27.0,Female,Prepaid,Mid,96.7,142,20.0,56.1,1,71.8,31.3,0,1740,0
SUB-303864,2024-06-09,Mirpur,54.0,Male,Prepaid,Mid,4.1,108,3.0,32.3,165,30.3,10.2,3,2220,0
SUB-300627,2021-05-10,Sialkot,27.0,Male,Postpaid,Low,110.6,234,,48.1,1,69.9,94.6,0,1990,0
SUB-303379,2020-10-28,Quetta,43.0,Male,PREPAID,Mid,3.7,41,43.0,10.0,5,4.9,0.9,0,810,0
SUB-302539,2020-05-29,Sialkot,53.0,Male,Prepaid,Low,2.6,199,,4.8,0,17.1,0.0,0,510,0
SUB-301784,2025-01-17,Multan,24.0,Male,Prepaid,Mid,99.6,197,,59.1,2,59.5,72.7,0,1410,0
SUB-303497,2020-08-31,Islamabad,18.0,Male,Prepaid,Mid,140.3,207,12.0,64.3,1,78.3,51.7,0,2220,0
SUB-301464,2024-10-09,Lahore,24.0,Male,Prepaid,Low,6.7,89,16.0,8.4,0,50.7,2.4,0,430,1
SUB-303866,2024-05-12,Rawalpindi,19.0,Male,Prepaid,Mid,79.3,87,0.0,46.3,4,88.0,28.0,0,2000,0
SUB-303632,2025-06-16,Lahore,25.0,Female,Prepaid,Low,53.7,302,25.0,49.7,3,58.3,57.4,1,2180,1
SUB-302742,2020-01-08,Karachi,,Male,Postpaid,High,26.7,1286,56.0,20.9,3,12.0,6.2,13,4160,1
SUB-303616,2022-01-23,Lahore,28.0,Male,Prepaid,Mid,61.1,61,39.0,49.9,3,52.3,25.3,0,2550,0
SUB-302668,2023-01-03,Mirpur,64.0,Male,Prepaid,Mid,7.4,85,39.0,18.2,0,26.5,1.6,0,520,0
SUB-300602,2018-04-24,Gujranwala,55.0,Female,Postpaid,Low,10.8,127,34.0,24.4,235,45.6,3.4,1,2230,1
SUB-300253,2025-01-30,Gujranwala,47.0,Male,Prepaid,Mid,8.5,437,10.0,37.7,391,34.5,1.1,1,2570,0
SUB-300929,2020-03-10,Gujranwala,25.0,Female,Prepaid,High,88.9,186,44.0,45.7,6,57.6,42.8,0,2020,0
SUB-301032,2020-05-29,Faisalabad,,Female,Prepaid,Low,7.6,54,20.0,10.1,1,34.8,0.1,0,210,0
SUB-300805,2017-01-24,Sialkot,32.0,Female,Prepaid,Mid,2.0,18,8.0,6.7,0,52.2,0.8,0,500,0
SUB-300656,2024-09-25,Karachi,28.0,Female,Postpaid,Low,28.4,2044,60.0,2.9,39,20.3,2.4,7,3620,1
SUB-303357,2020-11-14,Lahore,51.0,Female,Prepaid,Low,1.8,182,30.0,8.1,1,18.1,2.9,0,370,0
SUB-301455,2024-08-16,Rawalpindi,28.0,Male,Prepaid,Mid,13.7,333,10.0,41.3,0,74.1,44.0,0,1730,0
SUB-302845,2018-09-30,Islamabad,29.0,Female,Prepaid,Mid,20.5,1332,66.0,8.3,18,21.7,8.3,10,4670,1
SUB-300210,2018-05-04,Multan,55.0,Male,Prepaid,Mid,0.1,118,,12.3,0,43.7,2.5,0,410,0
SUB-301463,2018-10-21,Lahore,51.0,Female,Prepaid,Low,2.2,190,35.0,9.7,3,58.8,3.3,1,490,0
SUB-303348,2019-02-10,Karachi,31.0,Male,Prepaid,Low,4.3,254,37.0,7.5,3,41.5,0.0,0,500,0
SUB-303789,2016-12-31,Islamabad,47.0,Male,Postpaid,Mid,27.9,1011,65.0,13.1,22,26.8,0.5,11,5200,0
SUB-300961,2017-06-07,Multan,31.0,Male,Prepaid,Low,0.9,108,52.0,12.5,2,34.4,0.0,0,480,1
SUB-300361,2023-04-06,Gujranwala,61.0,Female,Postpaid,Mid,7.0,158,16.0,15.8,270,45.8,8.2,1,1680,0
SUB-303402,2017-08-11,Lahore,19.0,Female,PREPAID,High,105.2,38,58.0,55.8,4,61.0,49.3,0,2150,1
SUB-301405,2025-07-19,Rawalpindi,28.0,Male,Prepaid,,52.0,269,6.0,32.4,0,64.0,52.4,0,2830,1
SUB-303849,2023-07-25,Sialkot,25.0,Female,Prepaid,Mid,122.3,353,,49.9,3,60.1,30.0,0,2500,0
SUB-300239,2017-05-27,Islamabad,26.0,Male,Postpaid,Low,17.3,312,21.0,48.5,7,87.4,76.9,0,2050,0
SUB-302478,2018-07-18,Lahore,41.0,Female,Postpaid,High,13.4,1720,58.0,6.5,0,24.7,6.3,6,5040,0
SUB-302224,2024-06-15,Mirpur,25.0,Male,Prepaid,Mid,70.6,228,0.0,72.7,3,69.5,50.7,0,2140,3
SUB-302773,2024-05-11,Mirpur,55.0,Female,Prepaid,Low,4.4,211,0.0,8.8,5,43.1,4.5,0,550,0
SUB-302288,2025-07-03,Rawalpindi,38.0,Male,Prepaid,Low,1.7,73,,12.9,3,32.7,0.4,0,470,1
SUB-302031,2017-10-03,Mirpur,54.0,Male,Prepaid,Mid,3.4,188,43.0,23.5,230,43.4,6.9,4,1780,0
SUB-303072,2020-07-18,Rawalpindi,27.0,Male,Prepaid,High,38.7,39,0.0,60.7,6,75.6,42.5,0,1630,0
SUB-303289,2023-10-09,Karachi,38.0,Male,Prepaid,Low,4.3,220,36.0,15.9,2,6.8,0.0,0,460,1
SUB-301376,2025-12-27,Mirpur,46.0,Male,Postpaid,High,19.4,1365,34.0,24.1,25,20.6,13.2,5,2670,0
SUB-301926,2024-07-13,Lahore,21.0,Male,Prepaid,Low,84.9,45000,3.0,64.4,3,42.2,76.8,0,1890,0
SUB-301709,2021-12-18,Rawalpindi,19.0,Male,Prepaid,Low,76.2,291,16.0,49.3,10,52.7,37.6,0,1240,0
SUB-302961,2022-08-08,Gujranwala,21.0,Male,Postpaid,High,72.0,194,63.0,67.4,6,67.8,84.2,0,2020,2
SUB-301047,2025-07-31,Islamabad,32.0,Female,Prepaid,Low,3.1,110,41.0,9.7,0,23.3,0.0,0,390,0
SUB-301856,2020-02-13,Sialkot,61.0,Female,Prepaid,Mid,8.0,324,32.0,23.0,288,53.0,2.4,3,2020,0
SUB-303128,2020-02-10,Karachi,22.0,Female,Prepaid,Low,101.7,227,14.0,41.4,9,66.2,65.5,0,990,1
SUB-302960,2020-03-15,Gujranwala,25.0,Male,Prepaid,Mid,40.9,83,21.0,66.3,0,72.6,55.0,0,1880,1
SUB-302577,2022-07-30,Islamabad,55.0,Male,Postpaid,Mid,21.1,1384,53.0,8.7,0,11.4,11.2,10,3730,1
SUB-303562,2023-05-11,Faisalabad,18.0,Female,Prepaid,High,84.5,138,0.0,67.1,0,72.5,44.6,0,2060,0
SUB-302142,2018-03-03,Mirpur,26.0,Female,Prepaid,Low,105.1,246,48.0,69.9,6,59.1,72.5,0,1680,1
SUB-302919,2024-08-21,Lahore,24.0,Female,Prepaid,Mid,103.4,207,42.0,58.1,1,47.9,70.6,1,1990,0
SUB-302725,2017-12-30,Faisalabad,27.0,Female,Postpaid,Low,101.8,251,48.0,49.7,4,34.2,7.3,1,1740,1
SUB-301399,2018-02-24,Quetta,47.0,Female,Prepaid,Mid,2.8,72,43.0,17.3,1,24.3,0.8,0,430,0
SUB-302718,2020-04-16,Quetta,26.0,Female,Postpaid,High,93.6,177,50.0,65.2,4,63.2,47.9,0,1990,0
SUB-301273,2016-10-21,Faisalabad,22.0,Male,Prepaid,Mid,89.2,176,63.0,46.9,8,43.6,82.1,0,2050,0
SUB-300382,2023-12-20,Lahore,52.0,Female,Postpaid,High,24.5,1368,34.0,7.7,20,32.7,13.0,8,5300,2
SUB-303355,2024-05-25,Karachi,20.0,Female,Prepaid,Mid,58.4,211,37.0,56.0,10,68.5,84.2,0,2310,0
SUB-301810,2019-05-23,Karachi,27.0,Male,Prepaid,High,93.1,76,5.0,42.4,0,61.0,74.4,0,3040,0
SUB-300080,2022-11-24,Mirpur,21.0,Male,Prepaid,Mid,97.4,308,38.0,53.1,8,59.9,89.0,0,2510,0
SUB-301515,2017-09-08,Karachi,51.0,Female,Postpaid,High,20.5,810,64.0,14.5,21,24.6,0.0,17,3590,0
SUB-302605,2025-09-09,Rawalpindi,27.0,Male,Prepaid,Mid,57.6,207,14.0,47.4,5,79.4,21.4,0,1550,1
SUB-301743,2023-01-20,Sialkot,37.0,Female,Prepaid,Mid,8.8,380,3.0,30.7,337,38.4,3.2,0,2690,0
SUB-302924,2022-03-08,Lahore,23.0,Female,Prepaid,High,35.0,180,49.0,55.9,2,70.2,59.2,0,1680,0
SUB-302769,2021-03-18,Islamabad,47.0,Female,Prepaid,Low,6.2,117,43.0,12.6,2,39.4,0.7,0,410,1
SUB-300680,2017-01-23,Karachi,35.0,Female,PREPAID,Low,3.1,94,54.0,2.9,0,0.0,2.4,0,550,1
SUB-302114,2017-09-19,Karachi,56.0,Male,Prepaid,High,8.3,379,32.0,7.1,307,28.7,0.0,4,1480,0
SUB-300433,2021-09-29,Mirpur,,Male,Postpaid,High,20.3,1215,,20.6,24,32.2,15.0,13,4980,1
SUB-301439,2019-09-23,Lahore,35.0,Female,Prepaid,,0.1,155,42.0,5.0,1,64.6,0.9,0,500,0
SUB-303578,2020-05-05,Karachi,61.0,Male,Prepaid,Low,2.8,124,32.0,11.5,0,30.9,1.9,0,410,0
SUB-303840,2019-01-15,Gujranwala,42.0,Male,Postpaid,Mid,27.5,1858,56.0,6.9,5,25.2,16.9,4,4440,0
SUB-302683,2025-10-11,Karachi,26.0,Male,Prepaid,High,77.0,213,45.0,57.2,2,54.0,72.9,1,2480,0
SUB-303712,2025-10-31,Peshawar,60.0,Male,Prepaid,Low,2.3,107,50.0,16.7,0,7.4,0.1,0,460,0
SUB-301742,2025-01-10,Faisalabad,56.0,Male,Prepaid,High,8.0,265,47.0,8.0,352,41.7,8.9,2,1760,0
SUB-302991,2023-05-15,Islamabad,26.0,Male,Prepaid,,49.6,341,46.0,59.5,1,50.4,77.4,0,1310,1
SUB-303399,2021-06-14,Mirpur,26.0,Female,Prepaid,Mid,44.9,188,49.0,67.6,0,61.8,93.8,0,1800,0
SUB-300128,2017-11-09,Mirpur,,Female,Prepaid,High,2.0,216,43.0,13.7,303,56.6,15.3,1,840,0
SUB-302317,2021-05-17,Sialkot,37.0,Male,Prepaid,Mid,15.6,331,19.0,27.0,436,46.0,7.5,1,2420,0
SUB-303871,2020-09-03,Lahore,28.0,Male,Prepaid,Mid,93.1,296,68.0,62.9,0,58.4,65.1,0,2310,0
SUB-301795,2018-03-08,Sialkot,59.0,Male,Prepaid,Mid,7.2,418,12.0,19.6,202,49.9,11.9,0,1630,0
SUB-300837,2022-09-30,Gujranwala,33.0,Male,Postpaid,High,14.7,298,27.0,24.1,128,48.8,5.3,1,1940,0
SUB-303294,2018-12-08,Karachi,20.0,Female,Prepaid,Mid,52.5,75,32.0,44.1,0,71.6,60.8,0,1780,0
SUB-303753,2023-07-12,Lahore,44.0,Male,Postpaid,Mid,15.6,808,101.0,18.3,33,32.3,12.7,9,4300,1
SUB-300969,2019-08-31,Rawalpindi,26.0,Male,Prepaid,Mid,29.9,179,50.0,56.6,7,76.3,36.0,0,1900,1
SUB-300457,2020-04-11,Gujranwala,42.0,Female,Prepaid,Low,1.6,135,,7.9,0,67.4,0.0,0,430,0
SUB-300284,2018-09-12,Multan,35.0,Male,Prepaid,Low,5.7,117,35.0,9.2,1,8.1,0.0,0,640,1
SUB-301899,2017-05-27,Mirpur,43.0,Male,Prepaid,Mid,5.5,57,8.0,12.9,1,3.7,0.0,0,380,1
SUB-303582,2017-06-01,Multan,65.0,Female,Prepaid,,5.4,229,27.0,26.6,134,37.2,3.1,2,2130,0
SUB-300429,2018-01-21,Sialkot,53.0,Male,Prepaid,Low,3.5,230,70.0,0.1,0,28.4,,0,220,0
SUB-300869,2021-12-17,Mirpur,27.0,Male,Postpaid,Low,43.6,209,58.0,56.3,3,56.5,74.9,0,2180,0
SUB-302430,2021-03-01,Peshawar,21.0,Male,Prepaid,High,1.1,118,53.0,15.3,0,28.2,2.3,0,750,1
SUB-300146,2024-06-26,Gujranwala,58.0,Male,Prepaid,Low,17.8,172,16.0,16.9,167,29.3,7.4,2,1760,0
SUB-303149,2022-06-02,Lahore,40.0,Male,Prepaid,Low,1.0,8,36.0,10.9,4,0.0,4.3,0,680,0
SUB-303286,2017-04-10,Quetta,32.0,Male,Prepaid,,4.8,233,32.0,19.3,0,42.1,,0,530,1
SUB-300815,2019-03-17,Karachi,55.0,Female,Postpaid,High,15.8,987,43.0,22.9,23,25.5,7.6,12,3540,2
SUB-302122,2018-02-18,Peshawar,,Male,Prepaid,Mid,10.7,256,6.0,16.0,311,32.5,10.6,3,2590,0
SUB-300907,2017-09-01,Rawalpindi,22.0,Male,Prepaid,Mid,50.1,248,32.0,61.8,0,50.1,109.0,0,1540,0
SUB-302133,2024-11-20,Multan,39.0,Male,Prepaid,Low,2.7,133,48.0,1.5,3,33.5,0.8,0,540,0
SUB-300034,2023-08-15,Quetta,27.0,Female,Prepaid,Mid,1.1,103,15.0,12.1,0,54.5,0.6,0,440,1
SUB-302259,2018-07-06,Mirpur,58.0,Male,Prepaid,Low,4.2,126,2.0,14.5,0,20.0,1.5,0,650,0
SUB-303240,2018-08-16,Sialkot,46.0,Female,Prepaid,High,8.1,195,6.0,16.4,363,31.7,11.8,2,2090,0
SUB-303257,2025-04-21,Peshawar,20.0,Female,Prepaid,Low,1.8,213,33.0,23.7,1,12.4,0.6,1,330,0
SUB-301100,2017-03-28,Karachi,38.0,Male,Prepaid,Low,3.6,120,52.0,14.0,0,44.8,3.4,0,570,0
SUB-302846,2023-09-05,Karachi,23.0,Male,Prepaid,Low,131.9,270,33.0,58.4,0,60.7,51.6,0,2260,0
SUB-302781,2024-08-05,Islamabad,53.0,Male,Postpaid,Mid,30.3,1258,60.0,13.1,44,10.4,11.8,9,5510,0
SUB-302349,2023-05-14,Multan,27.0,Male,Prepaid,Mid,0.9,207,41.0,3.3,2,29.0,2.2,0,510,0
SUB-300040,2021-07-02,Lahore,27.0,Female,Prepaid,Mid,66.4,163,0.0,46.9,0,70.5,78.3,0,1870,0
SUB-300568,2025-08-30,Multan,48.0,Female,Prepaid,Mid,3.0,133,40.0,5.6,0,42.2,3.0,0,810,1
SUB-301131,2023-02-06,Islamabad,42.0,Male,Prepaid,Low,9.4,195,11.0,27.3,400,33.5,4.2,3,3390,0
SUB-300377,2017-08-26,Karachi,23.0,Female,Prepaid,Mid,90.1,116,37.0,75.9,2,57.0,40.0,1,1770,0
SUB-301374,2025-02-11,Mirpur,44.0,Female,Prepaid,Mid,4.9,155,12.0,33.4,247,41.3,7.1,1,1090,0
SUB-302358,2017-12-06,Islamabad,22.0,Female,Prepaid,Mid,88.5,307,49.0,71.8,14,80.2,29.1,0,1930,0
SUB-303141,2021-05-15,Lahore,,Male,Postpaid,Low,33.6,292,0.0,60.2,0,58.7,60.1,0,1170,0
SUB-303963,2023-10-22,Gujranwala,63.0,Female,Prepaid,Low,4.5,57,47.0,6.2,2,43.1,0.0,0,480,0
SUB-300811,2023-04-29,Mirpur,34.0,Female,Prepaid,Mid,5.5,324,,17.3,389,51.1,3.6,0,2690,2
SUB-300806,2020-01-27,Mirpur,23.0,Male,Postpaid,Mid,44.8,237,,61.1,0,51.6,58.1,1,1290,0
SUB-301002,2019-06-29,Karachi,30.0,Male,Postpaid,High,19.1,979,74.0,13.2,29,29.8,13.2,6,3600,0
SUB-301724,2025-07-08,Sialkot,37.0,Male,Postpaid,Mid,22.5,1661,26.0,5.1,17,23.9,11.2,2,4710,1
SUB-301200,2017-02-07,Mirpur,61.0,Male,Prepaid,Low,5.3,105,17.0,6.6,4,30.5,0.9,0,510,1
SUB-302600,2018-04-18,Karachi,48.0,Male,Postpaid,Mid,20.3,1546,68.0,7.1,16,26.8,13.2,9,3540,1
SUB-301659,2024-06-13,Rawalpindi,24.0,Male,Prepaid,Mid,96.8,120,13.0,50.1,6,56.0,56.9,1,1270,0
SUB-300407,2020-09-20,Rawalpindi,26.0,Male,Prepaid,High,81.1,141,71.0,44.9,0,54.1,77.6,0,1340,1
SUB-303624,2024-04-22,Islamabad,24.0,Female,Prepaid,High,86.9,0,30.0,62.2,0,72.3,55.9,0,1800,0
SUB-301851,2020-04-07,Sialkot,45.0,Male,Postpaid,High,28.3,1898,58.0,13.4,15,25.6,8.5,13,3660,1
SUB-301265,2023-05-03,Rawalpindi,53.0,Male,Prepaid,Mid,18.7,328,40.0,18.7,181,52.7,5.3,0,1400,0
SUB-300406,2021-07-27,Islamabad,26.0,Female,Postpaid,High,127.4,212,58.0,35.4,5,45.6,82.7,2,2320,1
SUB-302612,2020-03-08,Lahore,19.0,Male,Prepaid,Mid,84.4,173,17.0,60.3,0,73.1,72.1,1,1990,0
SUB-302545,2025-08-26,Karachi,,Female,Prepaid,High,14.6,434,40.0,20.4,298,38.9,9.6,3,2470,0
SUB-302156,2017-04-05,Multan,18.0,Male,Prepaid,Low,93.5,137,59.0,69.1,1,73.0,66.1,2,1990,0
SUB-300580,2023-11-06,Islamabad,19.0,Female,Postpaid,High,45.8,240,48.0,58.6,1,47.4,71.5,0,1950,1
SUB-301187,2022-01-03,Quetta,54.0,Female,Postpaid,High,15.6,1236,69.0,12.5,54,38.1,,12,4940,3
SUB-303517,2016-11-24,Mirpur,55.0,Female,Prepaid,Mid,2.7,29,55.0,6.6,4,23.8,2.6,0,460,0
SUB-301144,2021-05-24,Rawalpindi,21.0,Female,Prepaid,Low,1.8,55,34.0,23.1,0,20.6,1.3,0,500,1
SUB-303216,2018-10-28,Gujranwala,40.0,Female,Prepaid,High,30.2,1175,93.0,23.3,68,17.7,9.6,6,3160,1
SUB-302361,2019-03-09,Mirpur,34.0,Male,Prepaid,Mid,4.9,81,23.0,4.6,4,31.2,0.0,0,350,0
SUB-303820,2019-04-07,Gujranwala,44.0,Female,Prepaid,Low,2.4,182,10.0,14.1,0,34.0,0.0,0,320,0
SUB-300071,2021-04-26,Karachi,29.0,Female,Postpaid,,22.4,1793,70.0,8.7,14,21.6,10.7,7,3740,0
SUB-302460,2016-07-05,Quetta,60.0,Male,Prepaid,Low,2.0,2,18.0,0.0,1,54.7,0.0,0,390,2
SUB-301290,2026-02-05,Lahore,21.0,Male,Prepaid,High,95.3,231,9.0,67.8,4,74.0,35.9,1,660,0
SUB-302280,2020-08-01,Quetta,33.0,Male,Prepaid,Low,3.1,51,26.0,4.2,0,30.9,5.3,0,460,1
SUB-300103,2017-10-02,Rawalpindi,44.0,Female,Prepaid,Low,2.6,113,28.0,22.1,0,43.7,0.0,0,480,1
SUB-300899,2021-10-01,Peshawar,20.0,Female,Prepaid,High,39.2,324,,62.3,0,72.8,35.6,0,1880,0
SUB-301674,2019-10-17,Karachi,36.0,Female,Postpaid,High,28.5,1846,24.0,21.5,12,36.0,7.8,12,5480,0
SUB-301826,2022-06-24,Karachi,32.0,Male,Prepaid,Mid,10.9,195,48.0,25.4,205,46.6,6.7,0,2410,1
SUB-302617,2021-12-31,Karachi,21.0,Male,Prepaid,Low,4.2,100,49.0,19.6,0,5.0,0.3,0,320,1
SUB-303361,2021-10-27,Mirpur,26.0,Male,Prepaid,High,43.0,177,58.0,51.1,9,58.2,24.7,1,2900,0
SUB-300728,2018-09-27,Karachi,55.0,Female,Postpaid,Low,3.7,146,0.0,14.3,0,34.0,0.3,0,470,0
SUB-303285,2021-07-23,Karachi,66.0,Male,Prepaid,Low,3.0,167,55.0,12.5,3,18.6,0.3,0,440,0
SUB-301454,2023-12-01,Peshawar,,Female,Postpaid,,13.0,1407,63.0,13.8,41,32.5,7.9,12,4100,2
SUB-303915,2021-05-13,Multan,45.0,Male,Prepaid,Mid,7.7,68,59.0,16.2,1,23.0,0.1,0,300,0
SUB-300893,2023-12-05,Lahore,23.0,Male,Postpaid,Low,66.8,158,89.0,51.0,0,77.6,57.1,0,1770,0
SUB-300962,2025-03-01,Rawalpindi,46.0,Male,Postpaid,Mid,27.4,1096,23.0,13.5,35,25.1,3.1,7,5920,1
SUB-302501,2022-06-07,Quetta,59.0,Female,Prepaid,Low,4.6,165,62.0,0.0,0,25.7,0.0,0,410,0
SUB-302292,2023-06-01,Karachi,26.0,Female,Prepaid,High,57.2,45,41.0,50.7,3,59.2,74.0,0,2170,0
SUB-303479,2022-09-05,Quetta,27.0,Male,Prepaid,Low,51.6,182,14.0,44.2,0,58.5,49.9,0,1940,0
SUB-302494,2025-10-04,Quetta,26.0,Male,Prepaid,Mid,109.3,306,34.0,58.0,2,64.0,60.7,0,2120,0
SUB-300000,2021-09-01,Peshawar,22.0,Male,Prepaid,Low,0.9,63,45.0,11.3,1,29.2,0.0,0,500,2
SUB-300220,2021-04-10,Islamabad,44.0,Male,Postpaid,High,22.4,973,7.0,2.0,15,23.4,11.1,8,3770,4
SUB-303337,2025-07-17,Sialkot,42.0,Female,Prepaid,High,10.3,271,31.0,23.4,394,18.8,7.2,1,1480,0
SUB-301757,2022-07-23,Multan,23.0,Male,Prepaid,Low,3.2,261,28.0,9.3,0,19.9,2.2,1,380,0
SUB-301443,2017-05-24,Lahore,44.0,Male,Postpaid,Mid,16.5,1759,80.0,17.1,0,21.3,8.8,11,4250,1
SUB-300175,2021-05-20,Sialkot,51.0,Female,Postpaid,Mid,11.5,307,23.0,23.1,391,47.9,6.9,5,1660,1
SUB-302125,2022-04-21,Lahore,25.0,Male,Prepaid,High,58.8,144,57.0,48.0,6,66.0,62.7,0,2090,0
SUB-300571,2019-09-09,Peshawar,48.0,Male,Prepaid,Low,7.1,205,23.0,10.7,1,45.8,1.0,0,620,0
SUB-300880,2022-12-30,Sialkot,34.0,Male,Prepaid,Low,1.3,129,0.0,4.0,0,14.8,3.0,0,480,0
SUB-300853,2018-05-17,Islamabad,51.0,Male,Postpaid,High,29.4,770,106.0,10.1,15,18.4,6.2,12,4430,1
SUB-300639,2024-05-12,Sialkot,52.0,Male,Postpaid,High,35.8,1640,88.0,7.6,26,25.9,6.7,9,3940,0
SUB-301902,2018-06-01,Multan,49.0,Female,Prepaid,Low,2.5,37,40.0,10.3,0,27.1,3.0,0,360,0
SUB-300145,2021-09-18,Rawalpindi,18.0,Male,Prepaid,High,79.0,151,0.0,56.1,3,65.9,,1,1630,0
SUB-303674,2022-12-18,Sialkot,34.0,Female,Prepaid,Low,3.5,190,62.0,3.8,0,56.5,0.4,0,360,0
SUB-302223,2018-05-04,Faisalabad,41.0,Male,Prepaid,High,26.4,1098,61.0,7.7,42,19.6,16.0,9,6280,0
SUB-303226,2022-03-07,Peshawar,31.0,Male,Prepaid,Mid,3.8,145,8.0,22.0,0,31.1,3.1,0,470,0
SUB-300387,2021-04-06,Islamabad,30.0,Male,Prepaid,Low,4.5,266,47.0,10.4,4,19.7,0.0,0,360,0
SUB-303542,2025-08-25,Lahore,50.0,Female,Postpaid,High,17.1,1153,36.0,0.9,38,26.7,9.4,11,3150,1
SUB-300711,2019-08-28,Sialkot,20.0,Male,Prepaid,High,72.1,168,34.0,55.0,2,57.1,28.0,0,2140,1
SUB-303043,2022-10-15,Multan,50.0,Male,Prepaid,Low,3.5,185,35.0,19.9,0,53.1,0.6,0,300,0
SUB-302011,2025-10-05,Islamabad,26.0,Male,Prepaid,High,75.4,87,20.0,56.6,6,52.8,40.0,1,2100,1
SUB-300772,2020-08-07,Islamabad,23.0,Male,Prepaid,Low,78.7,170,21.0,70.4,2,72.0,32.7,0,2280,0
SUB-301368,2017-09-24,Lahore,21.0,Male,Prepaid,Low,2.3,139,36.0,0.0,0,35.1,4.6,0,590,0
SUB-300478,2021-04-11,Gujranwala,28.0,Male,Prepaid,High,110.9,224,34.0,55.9,0,41.1,43.0,0,2510,0
SUB-303519,2020-02-05,Lahore,40.0,Male,Postpaid,High,23.7,1219,41.0,8.3,16,30.3,15.0,8,3540,1
SUB-300293,2019-02-18,Mirpur,60.0,Male,Prepaid,Low,1.0,139,70.0,6.1,0,61.7,0.9,0,380,0
SUB-303224,2022-05-27,Karachi,35.0,Male,Prepaid,Low,3.0,2,0.0,18.0,0,17.1,0.0,0,460,0
SUB-301165,2017-07-31,Mirpur,44.0,Female,Prepaid,Low,3.5,176,35.0,12.7,0,25.8,1.3,0,260,0
SUB-303828,2016-07-09,Lahore,25.0,Female,Postpaid,Mid,96.0,350,20.0,63.3,7,54.9,51.3,1,1370,0
SUB-303034,2019-07-17,Rawalpindi,45.0,Male,Postpaid,High,25.9,1591,36.0,13.7,24,21.2,11.8,12,3820,2
SUB-302687,2017-12-26,Karachi,41.0,Male,Postpaid,High,12.0,1850,23.0,16.4,69,34.7,14.4,7,3280,0
SUB-302998,2025-11-04,Peshawar,41.0,Female,Prepaid,Low,3.0,198,6.0,4.9,0,41.3,0.4,0,610,2
SUB-302931,2020-08-15,Rawalpindi,26.0,Female,Postpaid,Mid,9.7,140,38.0,50.1,2,65.1,66.7,1,1910,2
SUB-301207,2024-07-03,Islamabad,50.0,Male,Postpaid,High,34.5,1565,132.0,19.6,60,22.6,12.4,7,3580,0
SUB-303219,2025-03-30,Islamabad,18.0,Female,Prepaid,High,58.3,20,24.0,43.9,2,44.3,41.2,0,2320,1
SUB-303218,2024-04-24,Islamabad,46.0,Female,Postpaid,,19.3,1497,68.0,12.8,31,33.6,0.0,11,4090,0
SUB-303362,2018-04-11,Peshawar,50.0,Male,Prepaid,Low,0.8,199,0.0,11.2,0,19.8,0.0,0,360,0
SUB-301209,2016-11-03,Lahore,20.0,Male,Prepaid,High,72.8,148,79.0,41.0,5,51.8,65.1,1,1290,0
SUB-302306,2017-01-03,Faisalabad,34.0,Male,Prepaid,Mid,5.5,59,20.0,2.7,1,3.5,0.9,0,450,1
SUB-301217,2019-11-29,Lahore,31.0,Female,Postpaid,High,34.0,1468,76.0,14.1,19,11.1,7.0,9,4090,0
SUB-301160,2021-08-13,Gujranwala,34.0,Male,Postpaid,Low,16.9,1222,39.0,19.3,41,17.3,11.7,8,1790,0
SUB-302348,2025-11-22,Faisalabad,54.0,Male,Prepaid,Low,3.1,212,,8.9,2,35.5,1.7,0,500,0
SUB-301658,2024-10-10,Karachi,69.0,Male,Prepaid,Mid,2.1,128,45.0,5.7,2,9.1,0.0,0,530,1
SUB-303522,2021-08-02,Lahore,21.0,Male,Prepaid,Low,1.2,106,17.0,7.5,0,32.6,0.0,0,130,0
SUB-301860,2020-01-07,Islamabad,36.0,Male,Postpaid,Mid,27.0,1490,100.0,21.9,60,22.2,13.1,9,1140,3
SUB-303380,2023-05-06,Karachi,29.0,Male,Postpaid,High,28.2,794,76.0,4.2,37,21.1,11.0,5,4090,1
SUB-300801,2018-06-19,Quetta,47.0,Female,Prepaid,Mid,7.5,187,28.0,14.7,219,40.3,2.4,0,2620,0
SUB-301020,2022-02-04,Lahore,44.0,Female,POSTPAID,High,30.7,1649,118.0,14.5,23,17.1,1.3,10,4630,0
SUB-300643,2024-05-26,Peshawar,54.0,Male,Postpaid,High,32.0,1435,84.0,13.1,14,27.8,7.9,9,4600,0
SUB-302257,2018-10-28,Karachi,63.0,Female,Postpaid,Low,15.6,290,0.0,18.7,405,21.6,7.0,1,1790,2
SUB-302752,2024-06-03,Karachi,20.0,Male,Prepaid,Mid,44.3,257,20.0,55.5,0,65.7,44.1,0,1760,0
SUB-300832,2024-02-14,Islamabad,,Male,Prepaid,Mid,2.8,84,26.0,12.3,3,59.2,3.3,0,490,0
SUB-302378,2025-10-07,Rawalpindi,22.0,Male,Prepaid,Mid,85.4,189,43.0,51.2,8,62.5,66.0,1,2420,1
SUB-303099,2016-10-01,Peshawar,39.0,Female,Prepaid,Mid,12.6,175,0.0,5.9,34,59.5,0.0,0,2220,0
SUB-302159,2018-08-29,Islamabad,37.0,Male,Prepaid,High,34.7,1629,67.0,13.5,69,26.2,14.4,8,6080,1
SUB-302636,2017-12-30,Faisalabad,27.0,Male,Postpaid,High,86.6,131,40.0,65.6,4,75.7,60.6,2,2110,1
SUB-302074,2016-08-11,Multan,23.0,Female,Prepaid,Mid,12.2,116,52.0,51.3,11,54.0,48.8,1,1140,0
SUB-300204,2024-10-26,Sialkot,55.0,Male,Prepaid,High,6.0,118,18.0,18.4,259,44.0,0.0,1,2680,0
SUB-300959,2018-01-10,Lahore,28.0,Male,Prepaid,Mid,54.6,106,36.0,37.6,1,51.5,55.2,0,1020,0
SUB-303798,2021-03-29,Mirpur,39.0,Female,Postpaid,Low,6.0,232,48.0,19.1,2,36.6,0.8,0,450,1
SUB-302886,2023-04-24,Rawalpindi,27.0,Male,Prepaid,Mid,2.6,90,48.0,15.6,0,29.8,2.6,0,550,1
SUB-303575,2024-09-01,Lahore,19.0,Male,Prepaid,Low,53.1,171,4.0,44.0,0,57.2,44.2,1,840,2
SUB-300038,2024-04-06,Mirpur,23.0,Female,Prepaid,,75.5,186,0.0,61.0,0,69.5,53.6,0,1640,0
SUB-301651,2016-07-15,Sialkot,55.0,Male,Prepaid,Mid,1.2,141,13.0,4.8,0,38.9,2.8,0,320,0
SUB-303781,2018-03-07,Mirpur,41.0,Male,Prepaid,Low,2.7,59,40.0,4.2,4,24.1,0.0,0,540,0
SUB-303321,2018-01-25,Gujranwala,19.0,Female,Postpaid,Mid,51.6,165,25.0,65.7,6,53.6,60.7,0,2390,0
SUB-301789,2018-04-04,Islamabad,28.0,Male,Prepaid,Mid,98.1,164,34.0,63.3,6,64.0,61.5,0,2130,0
SUB-300238,2020-04-01,Gujranwala,46.0,Female,Prepaid,Low,12.8,391,35.0,14.7,538,48.8,2.9,0,3070,0
SUB-300049,2023-10-25,Peshawar,58.0,Male,Prepaid,Low,3.5,201,29.0,12.9,4,23.1,1.3,0,430,0
SUB-302213,2021-11-14,Karachi,68.0,Male,Prepaid,Low,2.6,172,55.0,0.1,3,18.0,2.0,0,400,1
SUB-301750,2022-01-17,Karachi,26.0,Male,Prepaid,Mid,12.9,163,56.0,46.4,10,55.4,40.7,0,1900,0
SUB-303412,2022-03-03,Karachi,49.0,Female,Prepaid,Low,20.1,1013,74.0,11.8,28,23.6,7.0,10,4090,0
SUB-301161,2019-11-09,Islamabad,20.0,Male,Prepaid,Mid,109.1,90,70.0,59.7,0,53.4,,0,2120,2
SUB-300399,2020-02-08,Lahore,68.0,Female,Prepaid,Low,3.9,154,38.0,14.5,2,28.7,4.0,0,380,0
SUB-300012,2026-02-25,Sialkot,24.0,Female,Prepaid,High,77.9,182,58.0,54.6,5,76.6,71.1,0,1540,1
SUB-300939,2017-03-23,Islamabad,,Male,Prepaid,Mid,82.6,140,20.0,56.5,3,57.9,72.3,1,700,1
SUB-303484,2022-08-04,Islamabad,26.0,Male,Prepaid,Mid,64.8,171,9.0,66.5,7,52.2,84.9,0,1020,1
SUB-301468,2022-05-30,Sialkot,37.0,Male,Postpaid,Mid,4.2,314,3.0,28.2,339,41.2,5.9,1,2740,0
SUB-303532,2016-10-03,Peshawar,36.0,Female,Prepaid,Low,2.3,72,40.0,10.9,0,43.7,1.7,0,240,0
SUB-301807,2021-01-15,Islamabad,33.0,Female,Postpaid,High,6.3,1190,108.0,3.1,28,27.5,17.7,6,4140,1
SUB-301276,2016-12-23,Quetta,59.0,Female,Prepaid,Low,3.1,149,8.0,11.8,0,60.6,2.5,0,540,0
SUB-302234,2022-12-25,Peshawar,34.0,Male,Prepaid,Low,1.2,138,35.0,0.0,0,43.3,2.6,0,650,0
SUB-302625,2017-11-04,Faisalabad,42.0,Female,Prepaid,Mid,6.6,243,29.0,20.4,269,38.6,4.7,1,2010,1
SUB-302573,2022-02-09,Rawalpindi,53.0,Female,Postpaid,Mid,12.2,361,19.0,23.0,266,37.4,13.7,2,1960,0
SUB-301176,2017-09-19,Quetta,66.0,Male,Prepaid,Low,3.6,78,85.0,13.5,4,27.6,1.3,0,320,0
SUB-300318,2026-01-31,Islamabad,29.0,Female,Postpaid,High,19.1,1238,77.0,11.2,34,20.5,14.7,12,3370,0
SUB-301759,2021-06-17,Gujranwala,55.0,Female,Prepaid,Low,6.3,164,17.0,28.6,356,38.6,6.9,1,1780,0
SUB-302879,2019-12-25,Quetta,61.0,Male,Prepaid,Mid,12.3,351,14.0,21.0,657,46.6,6.8,2,3110,1
SUB-301778,2018-01-08,Karachi,60.0,Female,Prepaid,Low,1.8,115,4.0,10.8,0,12.1,,0,340,0
SUB-303995,2025-05-08,Faisalabad,30.0,Female,Prepaid,Low,4.7,91,8.0,13.1,1,48.9,0.2,0,460,2
SUB-302969,2024-12-02,Faisalabad,55.0,Male,Prepaid,Low,3.4,223,35.0,17.2,0,45.7,0.2,0,350,0
SUB-300784,2023-03-04,Peshawar,43.0,Male,Prepaid,Mid,0.8,292,60.0,7.7,3,19.2,1.5,0,440,0
SUB-301891,2019-03-03,Sialkot,34.0,Female,Postpaid,High,21.2,1765,26.0,15.4,40,25.0,7.7,9,3700,3
SUB-303568,2024-02-14,Lahore,,Male,Postpaid,Mid,93.4,269,11.0,67.1,9,61.8,64.0,0,1320,1
SUB-302170,2020-08-25,Peshawar,39.0,Female,Postpaid,Mid,0.1,1179,45.0,6.6,5,29.5,11.3,10,5050,0
SUB-302061,2025-06-06,Lahore,33.0,Female,Prepaid,High,11.7,1649,47.0,10.6,31,17.0,4.9,8,4890,1
SUB-301728,2021-06-18,Gujranwala,64.0,Female,Postpaid,Low,10.3,268,6.0,7.7,210,64.9,4.1,1,1420,0
SUB-302562,2017-08-13,Multan,55.0,Female,Prepaid,Low,2.9,90,,3.9,0,52.4,2.8,0,240,0
SUB-301140,2024-07-05,Rawalpindi,55.0,Male,Postpaid,High,20.1,1205,77.0,7.9,0,16.8,12.4,9,4390,0
SUB-300776,2025-06-16,Mirpur,67.0,Male,Prepaid,Mid,5.2,217,0.0,17.6,3,46.0,0.4,0,360,0
SUB-301835,2020-08-18,Multan,23.0,Female,Prepaid,Mid,1.9,89,35.0,0.0,2,11.1,2.1,1,490,0
SUB-300637,2026-01-03,Multan,28.0,Male,Prepaid,Low,3.4,116,36.0,9.6,0,24.4,0.7,0,420,0
SUB-302312,2018-09-20,Islamabad,20.0,Male,Prepaid,Mid,67.6,230,64.0,38.8,0,95.0,43.0,0,1270,1
SUB-303898,2018-03-03,Karachi,45.0,Male,Postpaid,High,18.3,1508,,13.9,57,30.4,11.7,11,2940,0
SUB-303687,2018-11-06,Multan,29.0,Male,Prepaid,,4.0,295,35.0,11.3,0,37.3,,0,560,1
SUB-301661,2020-05-26,Lahore,42.0,Female,Postpaid,High,9.3,1076,,14.9,51,20.4,6.0,6,2100,0
SUB-303856,2016-12-20,Karachi,44.0,Female,Prepaid,Mid,14.2,1458,22.0,10.9,0,29.2,6.0,15,5370,3
SUB-301636,2025-10-18,Islamabad,23.0,Female,Postpaid,Mid,101.1,302,0.0,37.0,1,71.0,52.5,0,2360,0
SUB-300039,2022-03-21,Sialkot,45.0,Male,Prepaid,High,10.9,379,,13.2,332,61.8,5.2,0,2120,0
SUB-300418,2023-01-19,Islamabad,42.0,Male,Postpaid,High,19.5,1807,82.0,6.3,23,32.5,,5,5010,2
SUB-303383,2021-02-28,Faisalabad,24.0,Male,Prepaid,,0.6,113,25.0,13.8,2,42.1,1.6,0,310,1
SUB-302138,2024-12-24,Gujranwala,62.0,Female,Prepaid,Mid,9.3,294,23.0,7.5,342,29.5,8.6,0,2640,0
SUB-303769,2022-06-25,Quetta,24.0,Male,Prepaid,High,93.9,226,0.0,42.6,3,60.0,73.7,1,2170,0
SUB-302869,2021-04-07,Islamabad,18.0,Male,Prepaid,Mid,49.5,146,61.0,44.9,2,70.2,51.9,0,1870,1
SUB-302112,2020-07-10,Islamabad,35.0,Male,Postpaid,Mid,21.5,1521,55.0,9.7,22,24.4,10.6,8,4810,1
SUB-302762,2024-06-26,Gujranwala,47.0,Male,Prepaid,Mid,7.2,331,37.0,23.2,315,52.0,2.6,0,1440,0
SUB-300831,2023-10-02,Lahore,35.0,Male,Postpaid,High,16.5,1192,41.0,14.1,47,33.9,10.6,11,4110,1
SUB-301215,2018-03-24,Gujranwala,43.0,Female,Prepaid,Mid,12.8,374,50.0,30.3,337,42.0,5.8,0,1260,1
SUB-300439,2019-04-17,Sialkot,62.0,Female,Postpaid,Mid,11.7,242,11.0,17.4,453,25.7,5.4,2,1850,1
SUB-302712,2023-10-03,Sialkot,22.0,Male,Prepaid,Mid,69.9,125,24.0,31.1,2,44.3,29.5,0,2450,1
SUB-303214,2019-08-03,Karachi,43.0,Male,Postpaid,Mid,18.0,1490,65.0,20.7,28,30.2,9.1,7,3460,0
SUB-303894,2017-10-01,Quetta,,Male,Prepaid,Mid,3.6,101,54.0,9.8,1,28.0,2.2,0,490,0
SUB-302714,2025-03-23,Mirpur,30.0,Male,Postpaid,High,23.1,1424,46.0,5.7,38,21.0,1.4,8,2400,0
SUB-302442,2021-04-10,Karachi,43.0,Female,Prepaid,Low,1.7,152,54.0,16.3,0,31.6,1.0,0,600,0
SUB-300517,2026-01-09,Rawalpindi,53.0,Male,Prepaid,Low,4.7,103,17.0,25.2,421,51.8,6.3,0,2020,0
SUB-303427,2018-09-09,Mirpur,59.0,Male,Prepaid,Low,1.7,28,23.0,1.0,0,34.9,3.0,0,370,0
SUB-302675,2022-08-29,Mirpur,58.0,Male,Prepaid,Low,1.3,30,46.0,7.6,1,26.6,0.0,1,230,0
SUB-303382,2017-12-09,Karachi,18.0,Female,Postpaid,Mid,85.3,229,69.0,61.5,0,57.3,80.2,2,1690,0
SUB-303124,2022-11-04,Faisalabad,35.0,Female,Prepaid,Low,1.6,219,33.0,13.0,2,45.5,0.7,0,490,2
SUB-302763,2018-09-18,Karachi,40.0,Female,Postpaid,Mid,28.6,1147,101.0,17.1,27,18.9,4.6,8,4060,0
SUB-303821,2024-03-03,Lahore,25.0,Female,Prepaid,Mid,119.4,100,49.0,53.2,1,54.2,50.1,0,1970,0
SUB-301181,2018-11-21,Lahore,23.0,Male,Prepaid,High,106.0,181,39.0,51.5,0,75.2,57.2,1,2390,1
SUB-300047,2018-09-01,Quetta,42.0,Female,Prepaid,Mid,1.6,121,56.0,16.1,0,5.7,0.6,0,480,2
SUB-303108,2025-06-25,Multan,35.0,Male,Postpaid,High,21.0,1448,91.0,18.3,17,16.3,12.3,7,2840,1
SUB-300089,2023-01-19,Mirpur,56.0,Female,Prepaid,High,14.1,302,10.0,10.4,312,35.6,6.8,1,1960,0
SUB-303653,2017-01-14,Mirpur,50.0,Female,Prepaid,Low,6.5,185,28.0,16.9,217,19.8,10.9,2,890,0
SUB-303183,2018-09-14,Lahore,25.0,Female,Prepaid,Mid,22.1,281,45.0,59.4,5,49.6,68.1,0,1550,0
SUB-301301,2026-03-18,Karachi,26.0,Male,Postpaid,High,54.8,70,0.0,47.1,10,73.4,45.7,1,1300,0
SUB-303006,2023-07-16,Karachi,30.0,Male,Prepaid,High,15.9,2074,111.0,10.9,13,21.6,9.5,10,2900,0
SUB-300140,2017-05-19,Sialkot,48.0,Female,Prepaid,Low,9.1,293,25.0,20.0,218,35.0,3.5,2,2720,0
SUB-302854,2018-07-26,Mirpur,22.0,Female,Prepaid,Low,0.1,96,42.0,12.8,0,33.5,2.3,0,400,0
SUB-300593,2020-04-05,Faisalabad,53.0,Female,Postpaid,,0.1,62,40.0,5.2,0,39.6,4.2,0,690,0
SUB-300666,2018-08-26,Karachi,26.0,Male,Postpaid,Mid,51.4,284,0.0,68.8,2,62.9,71.9,0,1790,0
SUB-302163,2025-04-06,Sialkot,62.0,Male,Prepaid,Low,0.5,255,40.0,10.1,0,32.7,1.6,0,470,0
SUB-303334,2025-01-31,Rawalpindi,26.0,Male,Prepaid,Low,45.2,91,58.0,52.9,0,52.9,55.5,0,2110,0
SUB-302322,2019-04-19,Karachi,45.0,Male,Postpaid,Mid,20.6,1682,99.0,19.0,22,23.0,17.1,8,3150,2
SUB-301322,2024-10-27,Lahore,24.0,Female,Prepaid,High,68.7,55,59.0,52.7,3,81.3,,1,2080,0
SUB-301992,2023-10-21,Quetta,24.0,Female,Prepaid,Low,1.5,156,17.0,26.1,0,62.4,0.0,0,440,2
SUB-300185,2020-11-21,Islamabad,,Male,Postpaid,High,18.5,894,93.0,6.2,23,25.2,3.4,5,2840,1
SUB-303274,2025-04-06,Sialkot,53.0,Male,Prepaid,Low,2.5,184,5.0,3.3,0,16.0,0.0,0,300,1
SUB-302157,2025-04-11,Quetta,60.0,Female,Prepaid,Low,3.1,79,0.0,14.8,4,6.4,0.0,0,420,3
SUB-300120,2018-01-29,Karachi,50.0,Female,Postpaid,High,24.1,1547,42.0,19.2,33,34.0,0.0,8,2760,0
SUB-303009,2018-04-15,Peshawar,25.0,Female,Prepaid,High,114.8,269,37.0,59.9,1,59.3,82.5,0,1970,2
SUB-300741,2023-05-20,Lahore,,Male,Prepaid,Mid,14.2,407,16.0,39.6,491,25.1,6.2,2,2170,0
SUB-300160,2023-02-13,Sialkot,39.0,Male,Postpaid,Mid,3.7,157,13.0,2.7,0,21.2,0.0,0,160,0
SUB-300299,2023-05-15,Multan,47.0,Female,Postpaid,Mid,13.4,1165,73.0,13.4,59,17.0,0.0,14,4670,2
SUB-302966,2025-04-19,Lahore,20.0,Female,Prepaid,Mid,64.5,455,70.0,61.2,5,51.2,32.4,0,1570,0
SUB-300938,2023-10-05,Karachi,65.0,Male,Prepaid,Low,11.8,293,0.0,18.9,490,37.6,,2,1830,3
SUB-300014,2020-07-04,Islamabad,25.0,Female,Postpaid,High,90.1,154,40.0,35.9,0,63.9,73.9,0,2340,0
SUB-303460,2018-09-14,Lahore,24.0,Male,Prepaid,Low,71.0,185,12.0,38.9,0,77.8,42.1,0,1980,0
SUB-300799,2017-04-05,Islamabad,52.0,Male,Prepaid,Low,13.8,288,15.0,3.7,224,36.8,8.4,2,1890,1
SUB-302643,2017-08-25,Rawalpindi,59.0,Female,Prepaid,Low,2.0,146,36.0,21.8,0,37.5,0.0,0,290,0
SUB-300078,2021-02-01,Islamabad,26.0,Female,Prepaid,Mid,53.6,168,51.0,60.2,0,70.6,55.6,0,2060,0
SUB-302080,2018-06-16,Multan,23.0,Male,Prepaid,Mid,63.4,140,12.0,29.6,3,61.0,80.1,0,1870,0
SUB-303190,2025-06-22,Islamabad,47.0,Female,Postpaid,Low,16.5,499,92.0,13.6,54,30.8,11.1,13,4200,1
SUB-301375,2018-06-05,Sialkot,27.0,Male,Prepaid,Mid,82.0,72,58.0,41.9,6,39.8,36.6,0,1310,0
SUB-301030,2022-09-17,Islamabad,60.0,Male,Prepaid,Mid,1.1,240,10.0,11.6,1,23.2,1.6,0,530,0
SUB-303115,2023-02-21,Peshawar,39.0,Male,Postpaid,Mid,24.0,1043,63.0,11.3,39,33.6,10.6,9,3130,1
SUB-302263,2021-03-26,Faisalabad,47.0,Female,Prepaid,Mid,2.8,38,69.0,7.3,0,48.6,0.0,1,410,0
SUB-300167,2024-04-23,Mirpur,46.0,Male,Postpaid,High,23.4,1316,82.0,1.2,0,24.6,10.5,8,4230,1
SUB-302780,2022-04-28,Karachi,48.0,Male,Prepaid,High,23.6,1501,46.0,9.8,23,25.9,2.4,11,3740,0
SUB-303981,2024-01-15,Rawalpindi,21.0,Female,Prepaid,Low,2.9,101,47.0,13.1,1,51.2,1.4,0,130,0
SUB-301816,2025-08-22,Islamabad,43.0,Female,Postpaid,Mid,22.2,790,94.0,9.5,0,17.1,9.8,15,4420,1
SUB-300232,2023-04-13,Faisalabad,38.0,Male,Prepaid,Low,2.2,11,,0.0,0,10.1,0.3,0,410,0
SUB-301943,2020-04-21,Gujranwala,49.0,Female,Prepaid,Low,7.1,57,49.0,13.3,2,45.2,2.7,0,420,0
SUB-302492,2020-12-11,Lahore,22.0,Female,Prepaid,Low,87.4,150,26.0,64.6,2,34.0,48.5,0,1060,1
SUB-301721,2024-02-14,Faisalabad,61.0,Female,Prepaid,Low,0.8,319,16.0,15.7,0,39.0,1.1,0,500,1
SUB-301678,2023-09-25,Multan,21.0,Male,Prepaid,Mid,3.6,179,,0.0,1,33.0,1.2,0,480,0
SUB-300289,2016-10-05,Multan,32.0,Female,Prepaid,Mid,8.6,228,23.0,24.8,407,37.4,9.4,0,1870,0
SUB-302832,2024-09-26,Sialkot,26.0,Female,Prepaid,Mid,82.0,69,45.0,45.1,11,61.5,49.2,0,2040,0
SUB-300461,2020-12-30,Quetta,63.0,Male,Prepaid,Low,4.5,138,20.0,0.2,0,19.1,0.0,0,490,1
SUB-301828,2022-07-15,Lahore,57.0,Male,Prepaid,Mid,1.8,103,,5.1,3,0.0,2.5,0,640,0
SUB-302941,2020-01-16,Faisalabad,44.0,Male,Postpaid,High,16.5,1418,142.0,22.2,33,27.4,0.0,7,4750,2
SUB-303135,2020-01-03,Mirpur,53.0,Male,Prepaid,Mid,15.8,189,,22.1,106,9.4,,0,2790,0
SUB-302740,2021-10-16,Lahore,20.0,Female,Prepaid,Low,2.6,167,49.0,7.1,0,46.2,2.4,0,400,2
SUB-301421,2018-01-12,Karachi,57.0,Male,Prepaid,Mid,0.1,111,52.0,11.6,3,9.0,2.1,0,520,1
SUB-301074,2020-02-05,Peshawar,25.0,Female,Prepaid,Low,5.4,263,58.0,0.0,0,41.8,3.1,0,180,0
SUB-302151,2024-11-20,Islamabad,50.0,Female,Postpaid,High,17.5,919,106.0,18.5,0,19.6,3.5,10,6350,1
SUB-301729,2019-05-01,Sialkot,45.0,Female,Prepaid,Mid,2.0,113,29.0,8.9,1,22.7,2.7,0,670,1
SUB-300077,2025-02-23,Lahore,29.0,Male,Prepaid,Low,1.9,200,25.0,3.9,4,42.5,0.2,0,330,0
SUB-303960,2019-04-23,Gujranwala,24.0,Female,Prepaid,Low,2.4,157,21.0,11.5,3,35.5,0.0,0,340,0
SUB-301963,2026-02-10,Karachi,21.0,Female,Prepaid,Low,4.2,54,23.0,9.3,0,24.1,3.3,0,470,0
SUB-303619,2016-07-27,Quetta,38.0,Male,Prepaid,Low,7.0,138,44.0,11.0,5,50.5,0.3,0,440,0
SUB-301014,2026-03-20,Gujranwala,35.0,Female,Prepaid,Low,3.7,134,19.0,5.7,0,33.8,2.4,0,300,0
SUB-302065,2019-07-18,Sialkot,28.0,Male,Prepaid,Low,3.5,258,,7.4,1,37.5,,0,460,0
SUB-303887,2020-08-11,Karachi,21.0,Male,Prepaid,,31.6,87,82.0,61.1,7,49.3,75.0,1,1980,2
SUB-300111,2019-12-31,Rawalpindi,24.0,Male,Prepaid,,86.0,265,35.0,44.7,0,69.7,72.2,0,910,1
SUB-300415,2023-04-12,Karachi,42.0,Male,Postpaid,High,11.0,1630,32.0,17.6,25,12.0,0.9,12,3970,1
SUB-300366,2021-02-15,Rawalpindi,25.0,Male,Postpaid,Mid,94.9,267,81.0,58.1,7,63.9,84.8,0,2060,0
SUB-301887,2023-04-18,Rawalpindi,41.0,Male,Prepaid,Low,5.8,122,35.0,8.4,0,33.5,3.5,0,340,2
SUB-300953,2018-09-25,Karachi,27.0,Female,Prepaid,Low,79.1,205,3.0,59.8,11,58.2,,0,1370,0
SUB-302692,2025-07-05,Peshawar,55.0,Male,Prepaid,Low,0.9,132,26.0,4.1,2,24.9,2.3,0,450,2
SUB-302557,2022-10-02,Multan,54.0,Male,Postpaid,High,27.4,1304,38.0,6.0,0,24.7,7.7,6,2340,0
SUB-301055,2020-09-15,Gujranwala,,Male,Prepaid,Low,2.2,190,41.0,19.5,0,18.0,1.5,0,520,2
SUB-302026,2020-06-02,Peshawar,21.0,Female,Prepaid,Mid,71.3,180,67.0,55.5,2,57.8,38.7,2,2420,1
SUB-300957,2021-06-22,Lahore,24.0,Female,Prepaid,Low,56.6,150,9.0,53.0,0,66.4,76.0,0,2030,0
SUB-302315,2025-02-23,Multan,51.0,Female,Prepaid,Low,0.9,199,39.0,9.8,0,17.3,1.8,0,390,0
SUB-302025,2026-01-19,Multan,28.0,Male,Prepaid,Low,2.8,126,42.0,14.9,2,28.5,0.2,0,330,0
SUB-302057,2020-10-13,Karachi,32.0,Male,Postpaid,High,28.0,1015,17.0,0.6,10,35.5,6.7,6,3110,2
SUB-302323,2025-08-30,Lahore,21.0,Female,Prepaid,,47.3,168,27.0,54.0,0,68.5,81.1,0,2580,1
SUB-301214,2020-04-03,Sialkot,-1.0,Male,Prepaid,High,6.5,209,0.0,13.1,257,26.4,3.6,3,1980,0
SUB-303416,2018-10-02,Multan,36.0,Female,Prepaid,Low,0.1,237,50.0,10.0,0,0.0,1.4,0,380,0
SUB-301305,2018-05-21,Mirpur,23.0,Female,Prepaid,Low,6.2,230,34.0,7.9,3,61.4,3.6,0,230,1
SUB-300018,2024-11-03,Faisalabad,52.0,Female,Prepaid,Mid,0.6,266,23.0,2.9,502,13.3,2.6,0,2580,0
SUB-301244,2019-10-01,Islamabad,41.0,Female,Postpaid,High,24.3,1750,99.0,23.1,60,26.2,12.6,13,4480,1
SUB-300562,2022-01-29,Lahore,52.0,Female,Postpaid,High,0.9,1232,63.0,15.0,38,27.3,6.1,8,4260,1
SUB-301881,2025-10-02,Karachi,69.0,Female,PREPAID,Mid,5.0,48,20.0,18.1,2,43.7,3.2,0,590,0
SUB-300427,2023-05-20,Peshawar,28.0,Male,Prepaid,High,135.1,292,,53.2,7,83.6,39.2,0,1570,1
SUB-301303,2018-11-26,Sialkot,52.0,Female,Prepaid,Low,2.6,249,41.0,2.0,1,48.9,3.2,0,250,1
SUB-302073,2019-07-22,Lahore,26.0,Male,Prepaid,Mid,78.6,313,10.0,54.6,0,47.4,54.4,1,2110,0
SUB-302355,2025-04-30,Lahore,31.0,Male,Prepaid,High,16.8,1252,87.0,5.2,18,29.8,8.1,8,4930,0
SUB-302083,2019-05-29,Peshawar,52.0,Female,Prepaid,Low,5.4,107,47.0,12.0,0,18.6,0.6,0,240,1
SUB-302591,2024-11-26,Peshawar,59.0,Female,Prepaid,Low,0.1,143,18.0,7.9,0,37.7,1.5,0,320,0
SUB-303340,2017-04-11,Karachi,39.0,Male,Prepaid,,18.9,775,59.0,16.3,25,27.6,2.8,7,4010,0
SUB-302594,2022-10-18,Sialkot,43.0,Male,Prepaid,Mid,6.0,274,0.0,15.9,418,36.0,7.8,1,1880,1
SUB-300222,2022-03-22,Islamabad,22.0,Male,Prepaid,Mid,59.7,208,2.0,45.8,2,55.9,49.6,0,1850,1
SUB-301300,2022-11-10,Sialkot,23.0,Male,Prepaid,Mid,80.7,140,76.0,51.5,0,64.6,43.3,0,1700,0
SUB-301433,2025-04-18,Islamabad,19.0,Male,Prepaid,Mid,37.9,154,24.0,54.2,1,66.7,60.2,0,1750,0
SUB-303752,2016-07-30,Mirpur,66.0,Male,Prepaid,Low,0.1,116,0.0,4.9,0,19.7,1.1,0,240,0
SUB-301561,2023-12-01,Lahore,18.0,Female,Postpaid,Mid,125.2,173,23.0,51.1,2,50.7,58.6,1,2790,0
SUB-303888,2021-01-20,Rawalpindi,59.0,Female,Prepaid,High,1.2,74,38.0,5.8,3,33.2,0.1,0,510,0
SUB-302934,2025-04-11,Gujranwala,46.0,Male,Prepaid,Low,0.1,153,35.0,11.1,1,27.6,0.0,0,480,0
SUB-302289,2017-12-02,Sialkot,21.0,Female,Postpaid,Mid,102.3,206,31.0,61.4,5,64.5,76.3,0,2170,0
SUB-302079,2022-05-12,Lahore,55.0,Female,Prepaid,Mid,8.0,120,26.0,3.8,0,34.3,1.9,0,460,0
SUB-303168,2022-03-13,Karachi,21.0,Female,Prepaid,High,94.3,226,32.0,41.7,0,61.7,65.7,0,1210,0
SUB-301077,2025-07-15,Lahore,21.0,Male,Prepaid,Low,71.6,104,39.0,59.9,4,68.8,39.8,0,1770,0
SUB-303670,2018-05-18,Lahore,26.0,Female,Prepaid,Low,2.5,43,41.0,0.6,0,75.4,3.6,0,520,2
SUB-302873,2022-10-22,Peshawar,18.0,Female,Prepaid,Mid,17.0,78,77.0,48.8,4,67.6,55.6,0,1300,0
SUB-303704,2022-11-14,Lahore,39.0,Female,Postpaid,Mid,28.0,1689,52.0,20.0,27,25.7,2.2,9,5410,0
SUB-302035,2026-02-04,Islamabad,43.0,Male,Postpaid,Mid,15.3,1078,86.0,19.0,47,17.6,7.0,8,4480,0
SUB-303737,2024-12-13,Quetta,60.0,Male,Prepaid,Low,0.9,138,1.0,18.3,0,40.3,1.6,0,400,1
SUB-301913,2019-09-17,Rawalpindi,30.0,Male,Prepaid,High,21.2,811,101.0,21.1,3,29.7,6.3,9,3910,0
SUB-302637,2020-09-23,Karachi,28.0,Male,Prepaid,High,89.6,148,43.0,46.9,0,57.7,45.7,0,1780,0
SUB-303462,2017-01-12,Peshawar,46.0,Male,Prepaid,Low,4.8,23,26.0,0.7,3,13.5,,0,550,0
SUB-301388,2023-10-05,Lahore,33.0,Male,Prepaid,High,26.9,1272,77.0,7.8,12,30.3,16.2,5,4160,1
SUB-301581,2017-08-27,Peshawar,57.0,Male,Postpaid,Mid,8.4,229,13.0,19.3,194,66.3,6.2,1,2270,0
SUB-303309,2021-07-26,Karachi,55.0,Female,Postpaid,Mid,32.6,1393,40.0,10.9,22,41.6,8.6,13,3210,2
SUB-301041,2019-01-05,Sialkot,27.0,Male,Prepaid,Low,4.7,136,9.0,14.3,3,16.7,0.6,0,220,1
SUB-301973,2016-10-06,Sialkot,31.0,Male,Prepaid,Low,0.9,105,60.0,10.5,3,39.2,1.8,0,570,0
SUB-301716,2022-09-14,Lahore,35.0,Male,Prepaid,Mid,3.5,175,3.0,9.5,4,31.3,1.8,0,440,0
SUB-303299,2022-03-06,Multan,65.0,Female,Prepaid,Low,2.2,119,49.0,16.0,0,26.9,1.0,0,280,0
SUB-303559,2017-11-15,Sialkot,19.0,Female,Prepaid,High,74.4,130,59.0,38.1,11,50.5,76.1,0,1410,0
SUB-303247,2018-03-05,Sialkot,68.0,Female,Prepaid,Low,1.3,66,3.0,14.2,1,17.6,0.9,0,450,0
SUB-303221,2017-05-20,Gujranwala,28.0,Male,Prepaid,Mid,36.1,137,65.0,46.8,0,69.8,50.5,0,2260,0
SUB-300653,2016-09-30,Rawalpindi,19.0,Female,Prepaid,Mid,95.8,161,22.0,39.7,0,64.0,67.5,0,2560,1
SUB-301834,2025-01-09,Multan,38.0,Female,Prepaid,High,20.3,1274,,10.4,16,18.5,,19,5130,1
SUB-300878,2017-01-26,Islamabad,43.0,Female,Postpaid,High,26.5,1250,,12.2,11,10.6,3.9,16,4700,0
SUB-303280,2023-03-18,Peshawar,43.0,Male,Postpaid,High,24.8,661,27.0,6.0,31,32.0,8.3,8,4480,2
SUB-302351,2025-12-12,Sialkot,34.0,Female,Prepaid,Low,17.5,418,23.0,12.9,265,50.3,7.2,0,2880,1
SUB-301711,2021-07-02,Karachi,38.0,Female,Postpaid,High,33.7,1426,110.0,11.2,23,22.3,0.0,14,5820,1
SUB-300060,2024-09-02,Gujranwala,57.0,Male,Prepaid,High,12.0,197,61.0,12.5,255,53.9,,0,2240,2
SUB-300110,2019-04-12,Gujranwala,60.0,Female,Prepaid,Low,2.0,140,,11.8,0,22.8,1.5,0,410,0
SUB-302242,2022-05-27,Gujranwala,35.0,Female,Postpaid,High,15.3,1371,79.0,16.5,15,21.1,4.0,11,5070,0
SUB-301707,2017-03-10,Lahore,53.0,Male,Postpaid,High,31.4,1480,46.0,12.7,17,24.0,5.0,7,3220,1
SUB-302304,2018-12-31,Gujranwala,61.0,Female,Prepaid,Mid,0.1,221,34.0,2.7,1,15.3,1.0,0,460,1
SUB-301745,2017-04-17,Sialkot,54.0,Female,Prepaid,Low,2.4,261,9.0,20.0,446,8.5,5.0,1,2640,0
SUB-301539,2022-07-22,Lahore,31.0,Female,Postpaid,High,22.0,661,51.0,9.9,44,34.8,4.8,12,2870,2
SUB-300861,2017-02-17,Mirpur,30.0,Male,Prepaid,Low,8.0,117,19.0,14.1,0,16.0,,0,380,1
SUB-300498,2024-06-16,Mirpur,,Male,Prepaid,Low,4.3,198,9.0,17.6,1,30.7,0.7,0,520,1
SUB-302862,2016-09-23,Islamabad,42.0,Female,Postpaid,Mid,18.6,1406,102.0,13.9,31,28.2,7.7,4,2170,1
SUB-302736,2017-02-07,Sialkot,58.0,Male,Prepaid,Low,12.1,117,16.0,32.9,114,63.6,4.4,0,2590,0
SUB-301616,2020-09-21,Rawalpindi,,Male,Prepaid,Low,2.5,90,56.0,13.0,0,29.6,5.1,1,520,0
SUB-301471,2024-07-08,Sialkot,42.0,Male,Prepaid,Mid,2.6 GB,93,18.0,4.7,2,0.0,1.0,0,390,0
SUB-301925,2025-01-11,Sialkot,35.0,Female,Postpaid,Low,8.3,242,,17.8,370,27.3,7.0,1,2430,0
SUB-301914,2022-10-04,Mirpur,20.0,Male,Prepaid,Low,1.9,158,14.0,14.7,0,7.1,0.5,0,500,0
SUB-303267,2023-11-23,Rawalpindi,50.0,Male,Prepaid,Low,4.3,70,41.0,14.6,4,46.7,2.0,0,450,0
SUB-301726,2023-01-15,Multan,23.0,Male,Prepaid,Mid,129.2,205,74.0,46.7,0,64.4,62.3,0,2330,0
SUB-303740,2020-03-07,Karachi,48.0,Male,Prepaid,Low,4.0,161,33.0,12.2,0,17.4,1.9,0,510,0
SUB-302124,2025-10-03,Karachi,69.0,Male,Prepaid,Low,4.5,80,44.0,10.9,1,18.5,0.1,0,390,0
SUB-302866,2025-12-18,Gujranwala,45.0,Female,Prepaid,Mid,15.4,310,32.0,15.0,311,54.8,8.1,1,2360,0
SUB-302164,2018-08-08,Rawalpindi,20.0,Male,Prepaid,High,25.4,155,42.0,52.4,11,79.5,61.0,0,2240,0
SUB-303618,2024-02-28,Lahore,48.0,Female,Prepaid,Mid,20.1,923,54.0,7.3,26,26.2,10.9,8,3110,1
SUB-303253,2023-02-05,Sialkot,43.0,Female,Prepaid,Low,3.0,0,44.0,16.0,2,45.7,0.0,0,440,2
SUB-300327,2021-12-03,Lahore,55.0,Male,Prepaid,Low,0.7,215,5.0,19.5,1,35.7,3.3,0,430,0
SUB-300141,2019-12-15,Lahore,37.0,Male,Postpaid,High,29.3,1486,81.0,13.2,26,22.2,3.2,8,1690,1
SUB-300311,2019-04-01,Quetta,28.0,Female,Prepaid,Mid,63.5,249,42.0,56.2,3,70.7,56.5,0,2100,0
SUB-301021,2017-04-01,Mirpur,56.0,Female,Prepaid,Low,3.2,207,53.0,14.3,1,23.1,0.0,0,440,1
SUB-300528,2025-08-02,Sialkot,,Female,Postpaid,Low,8.2,287,10.0,22.6,281,38.3,4.7,1,2300,0
SUB-301592,2024-05-20,Islamabad,22.0,Male,Prepaid,,50.5,191,,46.7,0,48.2,63.1,2,1830,0
SUB-301195,2023-01-20,Karachi,24.0,Male,Prepaid,Mid,41.7,332,39.0,45.2,3,77.6,76.9,0,1690,0
SUB-302638,2023-12-15,Peshawar,20.0,Male,Postpaid,Mid,3.8,141,,9.2,1,50.1,0.0,0,440,0
SUB-303576,2017-11-19,Sialkot,59.0,Male,Prepaid,,6.5,113,12.0,15.0,471,46.1,8.4,0,1980,0
SUB-301578,2020-04-17,Gujranwala,30.0,Male,Prepaid,Low,2.9,170,43.0,2.8,0,19.0,2.4,0,500,0
SUB-301614,2025-09-02,Mirpur,22.0,Female,Prepaid,Low,1.3,134,30.0,3.8,0,39.9,0.4,0,210,2
SUB-300956,2026-01-23,Sialkot,28.0,Male,Postpaid,High,93.2,84,56.0,61.3,2,59.8,68.7,1,1820,1
SUB-300388,2017-12-24,Karachi,45.0,Male,Postpaid,High,18.5,1842,43.0,10.8,17,23.3,5.0,12,2790,1
SUB-300582,2019-03-06,Karachi,21.0,Female,Prepaid,Mid,93.2,84,39.0,48.6,5,62.6,,0,1430,0
SUB-303290,2019-05-10,Islamabad,55.0,Male,Postpaid,High,33.4,1030,80.0,17.6,45,33.1,13.3,7,3190,0
SUB-301802,2021-08-17,Gujranwala,41.0,Female,Prepaid,Low,3.5,234,25.0,20.7,0,42.5,3.4,0,450,2
SUB-301106,2026-03-29,Multan,,Male,Prepaid,Low,10.9,199,8.0,20.9,491,39.0,1.2,4,2400,0
SUB-303424,2021-01-28,Karachi,65.0,Male,Prepaid,High,12.9,331,0.0,22.2,320,32.5,7.4,1,2830,0
SUB-301518,2019-10-10,Multan,54.0,Male,Prepaid,Low,18.6,227,0.0,21.1,470,44.7,8.2,3,2460,1
SUB-301568,2024-07-01,Sialkot,49.0,Male,Prepaid,Mid,10.1,119,0.0,13.5,355,43.7,6.9,1,2820,0
SUB-300616,2022-10-13,Islamabad,,Male,Prepaid,High,30.5,832,71.0,8.4,41,21.1,12.6,15,3160,0
SUB-301075,2018-01-08,Lahore,21.0,Female,Prepaid,Mid,95.6,377,0.0,47.4,0,85.2,45.7,1,2100,0
SUB-300057,2018-02-02,Karachi,36.0,Female,Prepaid,Mid,1.3,101,0.0,6.4,2,33.3,,0,540,0
SUB-301701,2022-10-18,Multan,65.0,Female,Prepaid,Low,4.3,80,18.0,12.4,2,20.0,5.1,0,500,0
SUB-300121,2019-10-26,Sialkot,45.0,Male,Prepaid,Low,13.0,143,26.0,29.2,373,32.1,8.2,0,1450,0
SUB-300234,2020-06-10,Multan,50.0,Male,Postpaid,High,19.2,1431,84.0,7.0,0,20.2,2.9,13,4360,0
SUB-300471,2022-07-12,Islamabad,51.0,Male,Postpaid,High,18.6,574,49.0,0.9,46,23.8,22.1,8,4900,2
SUB-301029,2017-03-01,Islamabad,24.0,Male,Prepaid,Mid,105.1 GB,269,13.0,62.4,0,70.8,60.7,1,1870,1
SUB-303485,2022-03-15,Gujranwala,59.0,Male,Prepaid,Low,7.4,63,18.0,20.2,372,48.7,10.5,1,2530,1
SUB-301105,2025-07-03,Faisalabad,64.0,Female,Prepaid,Low,4.4,110,46.0,12.1,2,21.5,1.2,1,350,1
SUB-303300,2024-06-23,Islamabad,54.0,Female,Prepaid,Mid,8.1,232,14.0,28.8,419,21.8,0.0,0,2060,0
SUB-302560,2018-10-26,Lahore,41.0,Male,Postpaid,Mid,15.6,1010,4.0,23.8,50,33.0,,11,3660,0
SUB-302713,2018-02-23,Lahore,22.0,Male,Prepaid,Low,3.8,183,30.0,7.0,0,17.2,2.4,0,330,0
SUB-303976,2020-09-16,Gujranwala,56.0,Female,Prepaid,Low,3.9,183,35.0,11.9,0,8.3,0.0,0,650,1
SUB-303306,2018-11-28,Karachi,59.0,Female,Prepaid,Mid,10.0,195,64.0,13.1,503,34.2,10.0,0,1410,0
SUB-300193,2020-08-16,Rawalpindi,28.0,Male,Postpaid,Mid,121.5,91,55.0,42.6,3,54.6,71.2,0,1580,0
SUB-302278,2018-04-03,Lahore,43.0,Male,Postpaid,Mid,17.4,1735,55.0,14.4,31,24.0,0.3,10,6680,1
SUB-302816,2025-08-25,Mirpur,69.0,Female,Prepaid,Low,4.9,82,34.0,3.3,4,36.5,1.5,0,470,0
SUB-302556,2021-11-17,Faisalabad,28.0,Male,Prepaid,Low,3.7,74,53.0,18.1,0,27.5,2.4,0,370,0
SUB-300819,2019-09-22,Lahore,52.0,Male,Prepaid,Low,3.7,204,23.0,10.2,1,18.2,1.6,0,590,0
SUB-300026,2023-05-05,Faisalabad,34.0,Male,Prepaid,Low,3.0,215,23.0,3.7,0,6.5,2.1,0,530,0
SUB-300119,2021-07-29,Rawalpindi,41.0,Female,Prepaid,Low,3.8,99,6.0,13.9,2,56.2,0.0,0,440,0
SUB-302038,2025-05-24,Mirpur,23.0,Male,Prepaid,Low,78.1,73,17.0,47.3,11,50.7,92.7,0,1560,0
SUB-301086,2019-01-31,Gujranwala,54.0,Male,Prepaid,High,1.1,93,47.0,11.0,0,45.3,0.8,0,500,1
SUB-300412,2017-11-09,Lahore,27.0,Female,Prepaid,Low,91.0,57,46.0,49.3,9,70.4,58.3,1,2420,0
SUB-300106,2018-09-01,Quetta,19.0,Male,Prepaid,Mid,112.3,319,5.0,62.9,5,65.7,66.5,0,1180,0
SUB-303652,2023-11-29,Faisalabad,54.0,Male,Prepaid,Low,6.3,277,17.0,16.9,6,3.9,0.5,0,600,0
SUB-300476,2021-06-15,Gujranwala,22.0,Male,PREPAID,Low,60.2,237,85.0,69.5,3,71.9,64.2,0,1970,2
SUB-301093,2017-09-23,Gujranwala,,Male,PREPAID,Mid,7.6,222,27.0,31.0,278,25.9,15.0,0,2430,0
SUB-303552,2018-11-25,Karachi,28.0,Male,Postpaid,Mid,107.7,291,30.0,48.9,4,73.0,41.7,0,1720,0
SUB-303091,2025-09-07,Quetta,21.0,Male,Prepaid,Mid,75.1,178,25.0,65.1,5,49.6,72.6,1,2290,1
SUB-302926,2017-02-06,Sialkot,52.0,Male,Postpaid,Low,6.6,265,12.0,20.5,454,50.2,8.1,4,2660,1
SUB-303095,2018-05-26,Sialkot,45.0,Male,Postpaid,,10.1,249,8.0,22.6,501,55.5,7.0,1,2200,0
SUB-301585,2024-01-21,Karachi,18.0,Female,Prepaid,Mid,40.3,241,54.0,62.4,3,69.4,59.5,1,2160,0
SUB-301028,2016-11-02,Lahore,28.0,Male,Prepaid,Low,95.4,41,13.0,52.7,6,57.3,44.5,0,1470,1
SUB-303041,2021-01-20,Islamabad,,Male,Postpaid,High,36.0,858,95.0,3.7,38,34.6,8.8,11,5470,0
SUB-300122,2019-05-01,Sialkot,61.0,Female,Postpaid,Mid,12.5,251,0.0,17.9,195,39.4,9.3,2,2180,0
SUB-301046,2022-01-05,Rawalpindi,51.0,Male,Prepaid,Low,4.7,52,16.0,2.6,1,37.0,0.0,0,450,0
SUB-302696,2016-09-02,Karachi,41.0,Male,Prepaid,Mid,18.4,1496,119.0,15.5,32,27.0,12.5,4,3820,0
SUB-300036,2020-01-06,Karachi,20.0,Male,Prepaid,Mid,85.7,52,40.0,70.3,4,61.6,60.8,0,2430,0
SUB-301897,2021-02-23,Islamabad,51.0,Male,Postpaid,High,25.8,1451,58.0,17.9,22,28.8,3.8,7,4430,1
SUB-300794,2022-10-08,Lahore,28.0,Male,Prepaid,Mid,109.2,176,10.0,32.2,2,69.8,,1,1720,1
SUB-302247,2016-08-23,Gujranwala,68.0,Male,Prepaid,Low,4.0,239,24.0,7.9,2,36.1,3.9,0,640,1
SUB-302194,2021-05-13,Mirpur,33.0,Male,Prepaid,Low,5.8,215,0.0,19.4,0,35.0,1.5,0,470,1
SUB-303990,2025-08-01,Multan,46.0,Male,Prepaid,Low,3.1,104,55.0,0.0,1,28.2,2.8,0,520,2
SUB-303930,2019-05-14,Faisalabad,67.0,Male,Prepaid,Mid,2.4,104,37.0,8.0,1,39.8,0.0,0,540,0
SUB-302051,2025-09-09,Lahore,18.0,Male,Postpaid,High,89.3,255,46.0,64.9,10,65.7,68.7,0,1950,0
SUB-303664,2022-10-23,Islamabad,38.0,Female,Postpaid,Mid,7.7,1809,88.0,17.6,41,17.5,15.4,11,4260,1
SUB-301079,2021-04-11,Multan,64.0,Male,Prepaid,Mid,3.7,165,31.0,4.5,1,41.2,2.7,0,520,1
SUB-302113,2026-01-05,Sialkot,49.0,Male,Prepaid,Low,3.2,121,43.0,12.0,4,20.3,2.1,0,520,1
SUB-300621,2018-01-20,Peshawar,18.0,Female,Prepaid,Mid,108.4,97,,52.4,0,70.4,66.1,1,1530,1
SUB-302658,2017-01-26,Sialkot,41.0,Male,Prepaid,Low,4.0,395,27.0,22.3,281,32.9,0.0,1,2440,0
SUB-300958,2017-05-23,Lahore,25.0,Male,Prepaid,Mid,2.8,127,38.0,8.9,0,46.5,3.2,0,380,0
SUB-301884,2023-04-16,Gujranwala,20.0,Male,Prepaid,Mid,53.7,233,51.0,43.4,5,65.4,57.8,0,1870,0
SUB-303119,2025-09-08,Faisalabad,21.0,Female,Postpaid,Mid,57.6,75,24.0,51.3,3,52.2,54.0,0,2160,0
SUB-302851,2023-04-24,Peshawar,21.0,Male,Prepaid,Low,2.9,178,35.0,9.9,0,43.9,0.0,0,360,1
SUB-302412,2022-09-28,Rawalpindi,44.0,Female,Prepaid,Low,2.1,140,28.0,6.4,0,27.2,2.8,0,420,1
SUB-300502,2023-01-17,Faisalabad,33.0,Male,Prepaid,Low,4.1,303,20.0,18.1,402,41.8,3.9,1,1250,0
SUB-302359,2023-06-04,Peshawar,59.0,Male,Prepaid,Low,2.6,113,27.0,11.7,6,62.4,0.8,0,610,0
SUB-301593,2023-09-06,Islamabad,39.0,Male,Postpaid,Mid,15.4,1646,107.0,18.3,12,22.2,,4,2750,2
SUB-302959,2017-12-30,Rawalpindi,63.0,Female,Prepaid,Low,2.6,50,22.0,12.9,2,50.9,1.0,0,290,0
SUB-301227,2024-12-10,Peshawar,24.0,Female,Prepaid,Low,128.6,252,13.0,65.1,0,51.6,63.9,1,1600,0
SUB-303186,2025-10-01,Karachi,51.0,Male,Prepaid,Low,3.4,188,10.0,17.8,0,32.8,1.5,0,330,0
SUB-301626,2019-12-20,Lahore,21.0,Female,Postpaid,Mid,94.2,193,64.0,55.0,3,57.5,,0,1010,0
SUB-300657,2022-04-19,Lahore,28.0,Male,Postpaid,High,24.3,1443,60.0,12.1,0,13.0,10.3,11,3490,1
SUB-302485,2017-10-10,Karachi,18.0,Female,Prepaid,Mid,53.1,171,60.0,51.6,5,78.9,82.0,0,1370,0
SUB-300129,2020-09-12,Karachi,27.0,Male,Prepaid,Mid,63.7,137,39.0,66.1,0,72.2,64.7,0,2300,0
SUB-300646,2025-02-01,Sialkot,54.0,Male,Postpaid,High,10.3 GB,182,8.0,12.1,409,34.5,8.0,1,2950,0
SUB-302187,2018-02-10,Mirpur,58.0,Male,Prepaid,Mid,16.5,170,36.0,15.3,253,46.9,12.0,0,2140,1
SUB-303625,2020-06-29,Rawalpindi,27.0,Male,Prepaid,,84.7,147,59.0,64.6,0,65.1,44.6,0,1460,2
SUB-302797,2017-09-20,Peshawar,24.0,Female,Prepaid,Low,71.0,212,62.0,65.0,4,50.0,66.1,0,2250,1
SUB-301755,2024-11-01,Islamabad,31.0,Female,Prepaid,Low,2.4,178,39.0,26.6,0,30.6,2.7,0,460,2
SUB-300033,2023-09-30,Lahore,33.0,Male,Postpaid,High,23.1,1243,42.0,10.3,8,25.8,5.2,10,3380,3
SUB-303258,2024-07-16,Rawalpindi,56.0,Male,Prepaid,Low,2.1,231,58.0,9.9,1,5.7,3.9,0,400,0
SUB-301127,2025-03-10,Rawalpindi,35.0,Female,Prepaid,Low,2.9,96,2.0,13.6,0,11.8,1.1,0,430,0
SUB-303549,2025-08-29,Lahore,27.0,Female,Prepaid,High,66.6,244,35.0,55.1,4,66.3,20.2,0,1480,0
SUB-302207,2023-07-29,Islamabad,41.0,Female,Postpaid,Mid,20.5,1293,94.0,12.9,32,28.7,2.9,7,4010,0
SUB-301579,2022-05-19,Lahore,34.0,Female,Postpaid,Low,2.4,131,39.0,2.1,0,30.5,3.1,0,380,0
SUB-300131,2020-04-19,Islamabad,49.0,Female,Postpaid,High,22.7,891,74.0,5.1,57,22.9,7.8,15,3790,1
SUB-302735,2019-05-27,Sialkot,53.0,Male,Postpaid,Mid,10.6,1069,56.0,14.9,0,32.1,12.9,13,3910,2
SUB-300550,2024-07-21,Rawalpindi,38.0,Male,Prepaid,Low,6.3,327,28.0,11.5,286,52.3,3.5,1,2130,1
SUB-300855,2020-04-04,Rawalpindi,46.0,Male,Prepaid,Low,0.8,150,19.0,8.5,0,3.9,3.3,0,420,0
SUB-302481,2020-10-24,Gujranwala,18.0,Male,Prepaid,High,63.3,229,18.0,62.0,9,54.5,41.0,0,1870,0
SUB-301667,2018-01-14,Lahore,25.0,Female,Prepaid,Mid,67.7,169,75.0,49.2,2,66.3,84.0,1,2200,1
SUB-301656,2017-11-21,Faisalabad,38.0,Female,Postpaid,Mid,4.3,279,29.0,32.7,276,20.9,3.4,1,2890,1
SUB-301105,2025-07-03,Faisalabad,64.0,Female,Prepaid,Low,4.4,110,46.0,12.1,2,21.5,1.2,1,350,1
SUB-300985,2020-02-28,Sialkot,24.0,Male,Postpaid,High,27.5,288,41.0,31.8,2,75.7,37.3,0,2700,1
SUB-302842,2024-11-27,Rawalpindi,,Male,Prepaid,Low,3.5,98,19.0,12.0,2,51.4,0.0,1,550,0
SUB-303984,2024-08-16,Lahore,38.0,Male,Prepaid,Mid,3.0,88,33.0,6.8,0,51.7,0.0,1,610,0
SUB-300808,2018-01-09,Gujranwala,37.0,Female,Prepaid,Mid,1.0,206,15.0,7.0,0,18.0,3.7,0,370,1
SUB-301964,2021-07-12,Rawalpindi,20.0,Male,Prepaid,Low,2.1,39,34.0,7.5,0,31.2,3.3,0,480,0
SUB-300043,2020-05-08,Karachi,39.0,Male,Postpaid,High,27.4,1106,102.0,20.7,1,19.1,0.0,8,4030,1
SUB-301321,2017-10-22,Karachi,28.0,Male,Prepaid,High,104.5,355,50.0,42.3,0,74.8,33.8,0,1410,1
SUB-303295,2019-12-23,Peshawar,,Male,Prepaid,Low,1.8,160,41.0,13.5,3,28.7,1.3,0,550,0
SUB-302480,2020-06-16,Peshawar,61.0,Male,Prepaid,Low,2.8,211,5.0,2.7,1,22.4,1.7,0,410,0
SUB-303341,2018-08-08,Sialkot,47.0,Male,Prepaid,Low,11.7,354,0.0,23.9,454,46.8,7.2,1,1480,0
SUB-301328,2022-04-26,Multan,53.0,Male,Prepaid,Low,4.7,37,22.0,0.6,3,48.9,2.7,1,430,0
SUB-303783,2018-07-03,Karachi,39.0,Male,Postpaid,,8.8,372,20.0,29.1,285,27.7,5.1,0,1510,0
SUB-302950,2016-07-27,Peshawar,21.0,Male,Prepaid,Mid,80.4,163,17.0,43.8,9,80.1,54.3,0,2090,0
SUB-303863,2021-01-08,Gujranwala,40.0,Male,Prepaid,Low,2.0,160,35.0,0.0,0,30.8,1.6,0,370,2
SUB-303537,2026-04-25,Karachi,26.0,Male,Prepaid,High,41.5,250,54.0,59.0,0,59.9,41.6,0,1100,1
SUB-300391,2024-11-11,Sialkot,35.0,Male,Prepaid,Low,12.4,183,9.0,17.4,400,15.5,3.5,2,2540,1
SUB-302284,2023-05-18,Mirpur,65.0,Female,Prepaid,Low,2.4,102,55.0,9.7,2,21.6,0.9,0,330,3
SUB-301183,2020-03-25,Peshawar,53.0,Male,Prepaid,High,23.8,1490,70.0,0.0,18,20.7,16.8,12,2590,1
SUB-301647,2023-11-08,Rawalpindi,,Male,Postpaid,Mid,27.4,1464,27.0,21.4,33,27.0,0.4,7,4990,2
SUB-300008,2023-01-10,Rawalpindi,,Male,Prepaid,Low,0.6,52,25.0,15.9,0,30.3,2.4,0,600,0
SUB-303836,2022-09-08,Islamabad,,Female,Prepaid,Mid,88.2,248,26.0,39.7,3,64.3,54.6,0,2100,0
SUB-303169,2026-04-11,Karachi,32.0,Male,Postpaid,High,27.8,1150,73.0,6.0,12,38.1,11.5,12,4840,0
SUB-300567,2025-01-05,Lahore,24.0,Male,Prepaid,Low,65.5,372,5.0,46.6,0,59.4,74.2,0,1740,0
SUB-300617,2020-01-06,Quetta,18.0,Male,Prepaid,Mid,74.3,132,0.0,62.4,0,58.9,41.8,0,1670,0
SUB-302745,2024-10-11,Gujranwala,26.0,Male,Prepaid,Mid,8.3,33,48.0,7.7,0,5.4,0.8,0,400,0
SUB-302516,2023-07-01,Multan,20.0,Male,Prepaid,Mid,83.9,173,12.0,52.0,4,64.1,,1,2400,1
SUB-300883,2025-06-07,Lahore,50.0,Female,Prepaid,Mid,3.3,124,31.0,13.5,0,42.7,2.9,0,420,1
SUB-302664,2024-08-17,Rawalpindi,52.0,Female,Prepaid,Low,5.3,329,32.0,10.3,194,20.0,2.4,1,1940,0
SUB-300483,2020-05-23,Sialkot,55.0,Male,Prepaid,,3.2,32,6.0,17.8,1,68.8,2.7,0,410,0
SUB-301885,2022-04-13,Karachi,68.0,Female,Prepaid,Low,2.1,111,14.0,0.2,1,39.8,1.1,0,660,0
SUB-301061,2017-06-22,Lahore,23.0,Female,Prepaid,High,62.1,212,2.0,49.4,5,36.3,72.4,0,1900,0
SUB-300221,2017-04-07,Quetta,50.0,Male,Prepaid,Mid,6.5,163,4.0,19.1,290,48.5,10.1,1,2530,0
SUB-303567,2022-11-09,Karachi,28.0,Male,Prepaid,High,113.2,240,57.0,52.7,4,62.6,51.0,0,2600,0
SUB-303809,2017-10-28,Karachi,64.0,Female,Prepaid,Low,2.9,106,23.0,5.9,1,43.5,2.3,0,340,1
SUB-302310,2025-10-10,Lahore,42.0,Male,Prepaid,High,32.1,1856,98.0,8.3,34,32.7,4.5,11,3700,0
SUB-301111,2026-01-19,Gujranwala,43.0,Female,Postpaid,Mid,20.5,1616,45.0,10.4,20,24.0,4.5,14,6460,0
SUB-302075,2023-09-09,Gujranwala,69.0,Male,Prepaid,Low,3.1,100,34.0,16.6,1,29.9,3.3,0,630,1
SUB-303852,2026-04-10,Quetta,55.0,Female,Prepaid,Low,3.7,9,0.0,10.8,0,21.5,2.8,0,460,0
SUB-300660,2023-12-15,Mirpur,55.0,Male,Prepaid,Mid,4.9,82,5.0,9.9,0,24.0,0.9,0,450,1
SUB-302463,2019-10-16,Peshawar,20.0,Male,Prepaid,Mid,1.8,131,48.0,18.9,4,22.4,1.8,1,450,0
SUB-303055,2016-07-25,Sialkot,26.0,Male,Prepaid,High,74.6,74,25.0,46.8,3,54.6,59.7,0,2490,1
SUB-303815,2026-02-11,Quetta,56.0,Female,Prepaid,Low,1.3,131,36.0,23.1,3,50.2,0.0,0,330,0
SUB-300865,2023-12-10,Lahore,41.0,Male,Prepaid,Mid,3.1,276,41.0,24.2,371,31.1,5.7,1,1560,0
SUB-302448,2022-06-01,Sialkot,25.0,Female,PREPAID,High,145.5,188,47.0,40.8,3,54.4,70.9,0,2670,1
SUB-301130,2021-08-21,Karachi,21.0,Male,Prepaid,High,29.5,117,78.0,52.7,0,69.1,46.4,1,1240,0
SUB-301232,2020-10-02,Islamabad,28.0,Male,Prepaid,Mid,88.2,143,0.0,50.0,10,69.8,90.7,1,2650,0
SUB-302812,2017-02-27,Multan,24.0,Female,Postpaid,,38.3,154,66.0,52.8,4,44.5,69.3,0,1990,0
SUB-301359,2018-10-04,Rawalpindi,27.0,Female,Prepaid,Mid,104.3 GB,52,77.0,64.3,4,57.1,70.2,0,1640,0
SUB-300641,2018-01-04,Karachi,19.0,Male,Prepaid,Mid,92.4,164,1.0,55.6,7,64.4,27.4,0,1280,0
SUB-303595,2024-10-28,Mirpur,23.0,Female,Prepaid,,7.3,21,16.0,5.5,3,29.1,0.0,0,600,0
SUB-303709,2025-10-12,Lahore,44.0,Female,Postpaid,High,38.3,1618,81.0,1.9,17,30.8,11.0,8,4130,0
SUB-300116,2022-03-07,Rawalpindi,19.0,Male,Prepaid,Mid,54.0,198,99.0,64.7,8,72.5,47.9,0,1440,0
SUB-300573,2023-03-31,Gujranwala,55.0,Male,Postpaid,High,8.8,461,24.0,24.2,253,38.3,2.1,0,2240,0
SUB-302461,2024-09-24,Peshawar,49.0,Female,Prepaid,Mid,2.5,9,2.0,6.0,2,39.8,2.2,0,450,1
SUB-301479,2018-07-19,Karachi,26.0,Female,Prepaid,Low,74.6,25,12.0,74.9,0,64.4,,0,1190,1
SUB-300455,2023-03-30,Karachi,33.0,Female,Postpaid,Mid,18.8,1126,23.0,8.1,0,32.1,25.2,9,3610,0
SUB-300396,2018-08-23,Faisalabad,31.0,Female,Prepaid,High,18.1,995,110.0,14.1,42,31.3,5.8,12,5200,1
SUB-300559,2024-12-11,Mirpur,57.0,Male,Prepaid,Low,0.1,232,,16.1,0,62.3,0.0,0,560,1
SUB-300397,2022-01-25,Multan,19.0,Male,Postpaid,Low,87.8,278,67.0,59.6,2,59.1,42.4,0,2460,1
SUB-300093,2022-06-22,Mirpur,,Male,Prepaid,Low,3.7,111,10.0,8.1,2,27.1,1.7,1,580,1
SUB-303829,2022-02-02,Islamabad,42.0,Female,Prepaid,High,24.5,1657,79.0,8.4,43,39.7,3.3,11,5160,0
SUB-301343,2019-05-26,Peshawar,26.0,Male,Prepaid,Low,99.3,183,56.0,54.3,0,52.3,32.6,1,1960,0
SUB-300955,2021-06-21,Multan,61.0,Female,Prepaid,Low,2.9,138,3.0,12.0,0,30.3,1.0,0,480,1
SUB-301521,2020-01-31,Islamabad,23.0,Male,Prepaid,Mid,102.5,187,29.0,64.1,0,85.0,85.7,0,1560,0
SUB-302211,2021-02-05,Sialkot,69.0,Male,Prepaid,Low,5.5,49,50.0,14.1,0,47.9,3.6,0,360,2
SUB-302172,2020-07-20,Lahore,27.0,Male,Prepaid,Mid,75.3,182,68.0,68.1,5,63.5,,1,2220,1
SUB-301058,2021-06-23,Mirpur,35.0,Male,Postpaid,Mid,13.5,255,14.0,5.1,375,43.7,5.8,2,1620,0
SUB-301252,2019-07-01,Faisalabad,39.0,Male,Postpaid,High,17.9,891,108.0,16.5,10,23.3,9.4,8,1880,1
SUB-300320,2021-09-06,Karachi,34.0,Male,Postpaid,High,5.5,1913,90.0,17.8,51,28.7,2.1,5,2600,0
SUB-302903,2025-10-31,Lahore,36.0,Female,Postpaid,High,20.4,1954,76.0,9.2,24,20.8,10.4,11,4590,0
SUB-301080,2021-11-15,Peshawar,62.0,Male,Prepaid,Low,0.1,101,46.0,12.3,0,38.2,1.8,0,490,0
SUB-301297,2020-07-28,Mirpur,21.0,Male,Prepaid,Mid,60.0,223,53.0,57.5,1,69.0,30.5,1,1220,1
SUB-301175,2020-05-03,Lahore,27.0,Male,Prepaid,High,51.3 GB,245,30.0,42.7,3,68.7,70.2,1,2630,0
SUB-300479,2025-03-03,Faisalabad,62.0,Male,Prepaid,Low,3.8,256,54.0,11.4,1,32.9,2.1,0,240,1
SUB-302849,2021-08-19,Faisalabad,44.0,Male,Prepaid,High,5.6,86,,8.7,0,28.8,0.8,0,510,0
SUB-300997,2023-01-03,Karachi,31.0,Female,Postpaid,High,19.3,1494,44.0,7.0,20,12.6,0.0,4,3960,1
SUB-301624,2025-01-27,Sialkot,23.0,Female,Postpaid,Mid,84.1,112,34.0,59.5,4,59.3,61.4,0,1990,0
SUB-301335,2024-07-23,Lahore,27.0,Male,Prepaid,High,23.6 GB,282,43.0,59.8,1,56.3,95.6,1,1330,1
SUB-300413,2016-07-11,Faisalabad,26.0,Male,Prepaid,Mid,102.9,81,5.0,60.7,10,58.2,47.5,0,1360,0
SUB-303007,2021-03-12,Sialkot,52.0,Female,Prepaid,Low,1.6,183,39.0,9.3,3,11.3,4.5,0,490,1
SUB-303574,2016-08-08,Lahore,62.0,Female,Prepaid,Low,12.0,180,15.0,16.0,425,37.6,2.4,0,2620,2
SUB-303254,2023-07-27,Lahore,18.0,Female,Prepaid,Mid,88.7,141,90.0,47.9,2,82.4,70.3,0,2200,1
SUB-300894,2025-08-27,Mirpur,45.0,Female,Prepaid,,9.3,194,38.0,20.4,346,30.6,4.0,1,2430,0
SUB-303025,2024-01-29,Rawalpindi,25.0,Female,Prepaid,Mid,90.3,177,35.0,71.6,6,62.5,57.8,0,1440,0
SUB-303617,2018-06-12,Sialkot,38.0,Female,Prepaid,Low,3.5,286,37.0,21.6,0,42.4,2.1,0,180,0
SUB-301104,2026-01-07,Karachi,,Male,Prepaid,High,47.3,123,13.0,47.7,0,84.7,27.8,0,1060,0
SUB-302587,2017-06-03,Lahore,20.0,Female,Prepaid,Low,88.8,176,31.0,45.8,0,72.8,55.4,2,1990,1
SUB-302436,2018-02-20,Karachi,50.0,Male,Postpaid,High,25.0,985,103.0,14.6,21,34.4,0.0,6,2470,0
SUB-301114,2023-02-06,Peshawar,53.0,Male,Prepaid,Low,5.3,117,29.0,3.9,2,13.3,0.0,0,450,3
SUB-303359,2021-12-30,Mirpur,58.0,Male,Prepaid,Low,11.2,330,14.0,11.4,300,33.2,3.5,2,2040,1
SUB-303066,2021-04-17,Peshawar,28.0,Male,Prepaid,Low,2.3,48,33.0,3.6,1,0.0,0.0,1,390,0
SUB-303694,2022-03-30,Gujranwala,25.0,Male,Prepaid,Low,6.1,0,26.0,9.0,0,13.0,2.1,0,580,1
SUB-300016,2017-11-04,Sialkot,29.0,Female,Prepaid,Low,2.2,115,33.0,6.7,0,33.5,3.0,0,530,0
SUB-302906,2022-10-31,Faisalabad,53.0,Female,Prepaid,High,6.0,308,34.0,11.9,461,45.8,13.0,0,2440,0
SUB-303955,2018-05-29,Peshawar,46.0,Female,Prepaid,Low,7.0,238,5.0,5.6,0,57.5,2.6,0,400,0
SUB-302868,2016-08-26,Lahore,42.0,Male,Postpaid,High,22.4,2014,69.0,4.8,45,36.5,7.9,8,4770,1
SUB-303723,2020-11-19,Mirpur,23.0,Male,Prepaid,Low,2.8,223,28.0,15.7,0,53.3,2.0,0,510,0
SUB-302428,2020-12-11,Gujranwala,20.0,Male,Prepaid,Mid,115.6,187,7.0,44.5,2,67.9,40.4,1,2470,2
SUB-301761,2023-07-31,Faisalabad,42.0,Male,Prepaid,Low,2.6,66,36.0,5.5,0,40.2,2.8,0,440,1
SUB-302622,2022-09-07,Islamabad,37.0,Female,Postpaid,Mid,17.7,980,25.0,7.6,0,23.9,0.4,8,4990,2
SUB-300545,2017-11-08,Rawalpindi,,Female,Postpaid,High,32.9,128,0.0,51.0,0,61.4,64.1,1,1730,0
SUB-301196,2021-07-16,Karachi,57.0,Male,Postpaid,Mid,5.8,198,21.0,28.2,177,53.5,7.7,0,1470,0
SUB-302731,2025-07-21,Gujranwala,61.0,Female,Prepaid,Mid,1.7,198,0.0,35.5,284,29.7,6.2,3,2620,1
SUB-301242,2017-07-14,Lahore,48.0,Male,Postpaid,High,17.1,1514,69.0,11.3,43,24.6,6.9,8,4090,1
SUB-302723,2016-07-09,Lahore,36.0,Male,Postpaid,Mid,17.4,1715,67.0,21.6,3,26.3,11.8,11,3370,1
SUB-302048,2024-11-17,Gujranwala,52.0,Female,Prepaid,Mid,4.5,172,,26.4,177,38.9,4.3,2,2750,0
SUB-303144,2021-10-09,Karachi,25.0,Male,Prepaid,Mid,47.7,193,34.0,63.0,2,63.1,89.7,0,1430,2
SUB-302334,2019-08-09,Faisalabad,27.0,Male,Prepaid,Low,43.8,278,69.0,56.4,1,58.6,50.7,0,2150,0
SUB-302532,2024-10-18,Mirpur,54.0,Female,Prepaid,Low,0.9,147,54.0,7.7,1,36.4,1.1,0,480,0
SUB-301603,2017-06-11,Faisalabad,21.0,Female,Prepaid,High,56.7,74,14.0,61.3,2,57.1,58.3,0,1450,1
SUB-301089,2022-07-10,Sialkot,31.0,Male,Prepaid,Low,3.7,269,,14.8,0,45.1,0.0,0,520,0
SUB-303199,2019-06-28,Faisalabad,18.0,Female,Prepaid,,49.8,98,76.0,56.5,3,55.8,49.0,0,2750,1
SUB-300802,2021-06-30,Peshawar,27.0,Male,Prepaid,Mid,104.7,195,56.0,60.4,1,63.9,91.1,1,1450,0
SUB-303808,2017-06-25,Gujranwala,63.0,Male,Prepaid,High,19.3,276,9.0,32.8,67,28.0,8.6,1,2010,0
SUB-300872,2019-03-19,Gujranwala,57.0,Male,Prepaid,Low,2.7,34,1.0,5.5,1,0.0,2.9,0,510,0
SUB-303523,2025-06-10,Karachi,34.0,Male,Postpaid,Mid,23.4,1127,41.0,14.9,0,22.8,6.8,15,2040,0
SUB-302395,2022-05-22,Peshawar,,Male,Prepaid,Low,2.1,127,41.0,15.9,0,26.2,0.7,0,480,1
SUB-303363,2022-11-02,Lahore,36.0,Male,Prepaid,Low,3.7,198,20.0,24.3,520,31.2,3.2,1,2620,0
SUB-300375,2023-06-09,Karachi,43.0,Male,Prepaid,Mid,7.7,1595,122.0,16.2,27,29.6,10.2,8,3950,0
SUB-303956,2023-01-20,Karachi,23.0,Female,Prepaid,Mid,97.2,133,57.0,50.7,3,43.2,71.2,0,1880,0
SUB-301564,2018-06-13,Lahore,25.0,Male,Prepaid,Mid,5.3,140,59.0,12.8,2,25.8,1.4,0,510,0
SUB-301059,2017-12-04,Sialkot,32.0,Female,Prepaid,Mid,9.6,241,24.0,15.3,347,52.1,2.9,2,2420,0
SUB-301861,2017-11-03,Sialkot,42.0,Male,Postpaid,Mid,9.0,291,30.0,21.9,488,38.2,1.4,0,2720,2
SUB-303874,2023-05-03,Quetta,56.0,Male,Prepaid,Low,4.4,159,15.0,10.1,2,43.3,5.5,0,440,0
SUB-303089,2023-07-31,Islamabad,62.0,Female,Prepaid,Low,6.3,234,19.0,9.5,153,51.7,6.2,1,1340,0
SUB-300283,2020-11-07,Sialkot,23.0,Male,Prepaid,Mid,3.1,275,24.0,0.0,1,9.2,1.8,0,260,0
SUB-300630,2025-11-01,Multan,61.0,Male,Postpaid,High,16.0,285,30.0,10.8,397,44.2,12.4,0,1100,0
SUB-303734,2019-03-24,Islamabad,32.0,Female,Postpaid,High,18.1,1351,70.0,10.1,48,31.0,6.2,15,2270,2
SUB-303931,2016-10-02,Karachi,42.0,Male,Prepaid,Low,2.6,171,19.0,6.8,3,29.8,0.0,0,500,1
SUB-303832,2023-09-02,Faisalabad,40.0,Female,Prepaid,Low,5.2,86,52.0,8.2,0,36.8,2.1,0,640,1
SUB-303284,2017-01-05,Karachi,58.0,Male,Prepaid,Low,3.9,289,27.0,8.6,2,35.3,2.6,0,430,0
SUB-301764,2020-03-26,Peshawar,47.0,Male,Prepaid,Low,2.0,127,,8.4,3,62.9,1.3,0,380,1
SUB-301928,2025-06-27,Islamabad,41.0,Male,Postpaid,High,28.7,1572,70.0,20.5,26,19.3,0.0,8,5080,2
SUB-301096,2022-06-10,Faisalabad,24.0,Male,Prepaid,High,113.1,187,62.0,65.7,0,74.3,51.7,1,1980,0
SUB-301691,2021-03-17,Gujranwala,28.0,Male,Prepaid,Mid,3.4,136,,6.7,1,40.5,4.0,0,360,1
SUB-303207,2024-06-28,Karachi,18.0,Female,Prepaid,Mid,126.1,200,56.0,55.6,2,60.4,27.8,0,1790,1
SUB-302195,2021-09-29,Rawalpindi,19.0,Male,Prepaid,Mid,54.3,126,20.0,44.9,8,67.5,39.4,0,1010,1
SUB-301461,2019-07-01,Faisalabad,48.0,Male,Prepaid,Low,3.0,272,13.0,11.8,0,49.7,1.6,0,350,0
SUB-303509,2016-08-25,Multan,48.0,Female,Postpaid,High,27.1,1403,74.0,16.0,1,22.0,8.5,11,3220,0
SUB-301994,2025-10-29,Mirpur,27.0,Male,Prepaid,High,105.6,202,0.0,50.0,4,75.8,43.3,1,2340,1
SUB-300350,2019-07-27,Sialkot,40.0,Female,Prepaid,Low,1.5,93,15.0,1.1,0,34.2,2.9,0,410,1
SUB-302145,2019-08-19,Peshawar,23.0,Male,Prepaid,Mid,112.9,143,34.0,71.6,4,58.0,52.8,2,1590,0
SUB-303307,2018-06-21,Sialkot,19.0,Male,Prepaid,High,74.2,282,3.0,52.1,9,58.4,55.7,0,1830,2
SUB-300565,2023-10-20,Mirpur,27.0,Male,Postpaid,Mid,60.7,149,9.0,50.0,4,60.2,47.2,0,2140,0
SUB-300482,2025-05-30,Karachi,51.0,Female,Postpaid,High,28.4,1017,58.0,12.4,34,29.0,10.7,10,3100,1
SUB-302895,2026-02-10,Quetta,,Male,Prepaid,Mid,0.1,214,24.0,8.2,2,44.8,0.0,0,350,0
SUB-302314,2021-10-15,Sialkot,43.0,Female,Prepaid,Low,13.0,158,45.0,27.2,220,32.6,7.7,0,1880,0
SUB-300127,2023-09-13,Gujranwala,36.0,Male,Prepaid,Mid,4.2,142,23.0,9.4,0,8.0,3.6,0,640,0
SUB-303187,2017-10-17,Islamabad,31.0,Male,PREPAID,Low,1.1,250,28.0,10.8,0,25.0,2.2,0,480,0
SUB-300355,2022-06-05,Islamabad,40.0,Male,Postpaid,High,10.2,1566,54.0,10.8,53,10.1,9.8,9,3890,0
SUB-302747,2024-08-07,Islamabad,23.0,Male,Prepaid,Mid,101.5,345,0.0,64.7,6,51.6,60.4,0,1510,2
SUB-303743,2020-06-07,Lahore,33.0,Female,Prepaid,High,11.4,1119,89.0,17.1,40,22.7,13.4,8,3490,0
SUB-302411,2018-03-18,Gujranwala,50.0,Female,Prepaid,Low,0.1,275,17.0,20.8,578,80.3,0.0,2,2380,1
SUB-302850,2017-09-30,Sialkot,62.0,Female,Prepaid,Low,8.2,180,3.0,25.0,497,46.4,5.7,0,1710,0
SUB-303505,2017-05-18,Lahore,21.0,Female,Prepaid,High,101.1,235,113.0,60.2,4,55.8,62.7,0,1570,0
SUB-301519,2022-04-21,Quetta,20.0,Female,Prepaid,High,54.7,94,,49.0,0,57.6,73.4,1,1660,1
SUB-301034,2022-10-12,Multan,48.0,Female,Prepaid,Low,2.0,149,19.0,11.6,0,1.2,1.7,0,440,0
SUB-300053,2023-12-04,Lahore,,Female,Postpaid,Mid,26.1,1878,83.0,15.1,23,22.9,3.4,6,5100,2
SUB-303432,2025-04-23,Gujranwala,40.0,Male,Prepaid,Low,8.9,408,12.0,22.4,144,28.1,5.8,1,1420,0
SUB-300745,2021-03-04,Rawalpindi,43.0,Female,Prepaid,Low,2.5,217,16.0,8.0,0,27.1,1.8,0,670,1
SUB-302813,2022-11-19,Lahore,47.0,Male,Postpaid,High,33.9,588,38.0,13.6,16,37.7,0.0,9,4190,0
SUB-301240,2022-09-06,Mirpur,49.0,Female,Prepaid,High,7.9,305,11.0,5.4,160,46.7,3.7,2,2020,0
SUB-303097,2017-12-20,Rawalpindi,45.0,Female,Postpaid,High,15.7,1486,,15.9,0,15.6,8.9,11,3440,1
SUB-301189,2021-08-03,Faisalabad,63.0,Male,Prepaid,Low,4.2,133,70.0,15.3,2,22.9,2.3,0,460,0
SUB-300456,2024-01-02,Karachi,45.0,Male,Prepaid,Low,5.4,172,34.0,5.5,0,18.8,1.7,0,410,1
SUB-303665,2018-05-25,Quetta,57.0,Male,Prepaid,Low,1.3,194,0.0,6.5,3,36.7,1.3,0,620,1
SUB-303837,2023-05-30,Mirpur,24.0,Male,Prepaid,Mid,72.5,172,44.0,60.9,4,46.3,75.3,0,980,0
SUB-303227,2021-05-10,Karachi,53.0,Male,Postpaid,Low,17.5,1534,80.0,12.7,58,35.1,7.8,14,4030,1
SUB-301281,2019-07-04,Peshawar,44.0,Female,Prepaid,Mid,9.6,308,0.0,21.7,588,25.2,3.0,0,1510,0
SUB-300633,2023-06-17,Gujranwala,57.0,Male,Prepaid,High,10.2,149,31.0,33.0,227,35.6,11.0,2,1840,0
SUB-302981,2023-08-27,Karachi,54.0,Female,Postpaid,Mid,25.1,1812,104.0,6.2,27,31.7,5.8,10,3430,0
SUB-303626,2017-10-10,Peshawar,25.0,Female,Prepaid,Mid,37.6,221,0.0,60.2,11,52.4,66.0,0,2000,1
SUB-303994,2018-12-31,Faisalabad,67.0,Male,Prepaid,Low,4.3,115,36.0,6.4,0,28.9,,0,300,1
SUB-301775,2017-12-03,Faisalabad,59.0,Female,Prepaid,Mid,9.1,250,16.0,6.4,409,31.5,2.7,2,2670,1
SUB-303461,2021-05-08,Faisalabad,36.0,Female,Prepaid,Low,2.1,143,55.0,9.1,0,40.5,0.8,0,320,0
SUB-300694,2019-08-16,Gujranwala,32.0,Female,Prepaid,High,6.5,173,24.0,14.4,0,37.1,0.4,0,120,0
SUB-300612,2019-08-27,Sialkot,39.0,Male,Prepaid,Low,11.7,276,59.0,23.0,209,38.8,6.4,0,1710,0
SUB-302559,2016-12-27,Karachi,25.0,Male,Prepaid,Mid,104.3,182,,50.0,1,64.1,32.2,1,1340,0
SUB-302836,2018-11-20,Multan,69.0,Male,Prepaid,Low,3.0,233,42.0,13.7,0,0.1,2.5,0,310,1
SUB-300464,2017-08-20,Karachi,37.0,Female,Prepaid,High,11.1,676,33.0,0.7,27,19.0,3.2,10,4040,0
SUB-303711,2017-03-20,Sialkot,62.0,Male,Prepaid,Low,11.3,229,6.0,11.7,417,20.6,13.7,2,1750,0
SUB-303311,2021-02-25,Rawalpindi,24.0,Female,Prepaid,High,19.4,382,6.0,48.7,1,62.5,53.3,0,3030,1
SUB-303508,2022-08-27,Multan,22.0,Female,Prepaid,Low,8.9,277,12.0,5.0,1,29.1,2.0,0,410,0
SUB-301465,2023-11-04,Karachi,23.0,Male,Postpaid,Low,49.0,82,45.0,44.3,5,55.8,70.1,0,2120,0
SUB-301476,2023-01-30,Lahore,48.0,Male,Prepaid,Mid,8.5,209,17.0,14.2,312,67.1,6.1,2,2580,0
SUB-301503,2022-07-10,Faisalabad,26.0,Female,Postpaid,Mid,125.5,106,59.0,67.1,7,68.6,81.6,0,1620,2
SUB-301799,2022-07-05,Karachi,62.0,Female,Prepaid,Low,7.0,247,2.0,17.2,257,15.4,7.4,0,1630,0
SUB-303733,2021-05-06,Multan,24.0,Female,Prepaid,Mid,117.7,177,41.0,49.1,2,65.1,34.5,0,2280,0
SUB-301630,2025-03-06,Karachi,27.0,Male,Prepaid,Mid,35.0,350,8.0,50.7,0,71.9,65.2,0,2420,1
SUB-300404,2026-04-06,Rawalpindi,24.0,Female,Prepaid,High,109.5,86,10.0,59.9,0,63.7,66.7,0,2250,0
SUB-303197,2023-05-30,Faisalabad,29.0,Male,Postpaid,Low,2.6,40,18.0,18.2,1,53.2,0.1,0,370,0
SUB-301123,2019-01-18,Multan,68.0,Female,Prepaid,Low,6.2,182,6.0,16.1,4,22.5,1.0,0,440,0
SUB-303080,2024-04-01,Islamabad,27.0,Female,Prepaid,Mid,65.7,22,22.0,59.7,5,57.9,66.2,0,1940,0
SUB-303553,2017-08-28,Lahore,25.0,Male,Prepaid,Mid,83.4,202,16.0,54.3,0,76.1,58.3,0,2000,0
SUB-302368,2022-10-15,Mirpur,57.0,Male,Prepaid,Mid,8.2,296,,22.9,199,30.1,0.0,2,2960,0
SUB-301271,2021-07-21,Islamabad,29.0,Male,Postpaid,,20.7,1765,68.0,19.7,28,15.6,5.4,6,3260,2
SUB-300196,2024-10-30,Karachi,18.0,Female,Prepaid,Mid,71.4,283,15.0,43.8,7,68.5,63.5,1,2010,1
SUB-302265,2025-01-17,Multan,22.0,Female,Prepaid,High,122.5,44,61.0,78.2,0,56.6,64.1,0,2110,2
SUB-303842,2024-08-02,Peshawar,27.0,Male,Prepaid,High,4.9 GB,80,53.0,11.0,1,26.7,0.6,0,560,0
SUB-301268,2025-07-30,Islamabad,19.0,Male,Prepaid,Low,91.5,72,30.0,62.6,0,68.1,66.9,1,2280,3
SUB-302567,2020-08-04,Karachi,37.0,Male,Prepaid,Low,1.6,66,32.0,1.8,0,50.2,0.0,0,470,0
SUB-301883,2020-05-06,Mirpur,41.0,Male,Prepaid,Mid,14.6,237,22.0,29.8,267,32.5,5.4,1,2460,0
SUB-300881,2025-04-11,Lahore,32.0,Male,Postpaid,High,22.3,1996,120.0,20.5,0,34.4,11.1,13,3670,0
SUB-301352,2025-07-18,Peshawar,25.0,Female,Prepaid,,102.0,256,21.0,63.1,0,45.5,70.7,1,2180,1
SUB-303234,2018-01-30,Multan,66.0,Male,Prepaid,Low,0.5,154,20.0,11.0,0,26.4,2.2,0,630,0
SUB-301714,2024-08-02,Multan,36.0,Female,Postpaid,Low,12.4,341,19.0,10.8,337,61.4,9.6,0,1940,1
SUB-303631,2022-05-21,Karachi,66.0,Male,Prepaid,,1.6,102,,17.9,2,35.4,0.1,0,540,0
SUB-301415,2016-09-12,Mirpur,37.0,Female,Prepaid,Low,4.9,217,,15.3,231,43.3,9.9,1,2700,1
SUB-302610,2025-05-28,Lahore,19.0,Male,Prepaid,Mid,87.2,119,37.0,57.5,0,73.8,,1,2210,2
SUB-303648,2024-10-24,Lahore,51.0,Female,Prepaid,Low,3.2,161,15.0,8.7,4,8.1,0.2,0,530,0
SUB-302301,2025-08-27,Rawalpindi,26.0,Female,Prepaid,Low,68.4,219,,75.1,5,45.3,72.0,0,1230,0
SUB-301494,2019-08-28,Islamabad,24.0,Female,Postpaid,High,88.0,254,50.0,51.4,9,53.9,74.3,0,1740,0
SUB-302770,2019-12-19,Mirpur,35.0,Female,Prepaid,Low,1.0,158,3.0,16.2,0,24.2,3.0,0,670,0
SUB-300823,2022-03-06,Lahore,18.0,Male,Prepaid,Mid,33.9,228,41.0,54.3,8,66.1,43.1,1,1880,0
SUB-302827,2017-11-09,Gujranwala,22.0,Male,Prepaid,High,49.1,246,19.0,67.5,7,79.3,51.6,0,3650,0
SUB-303579,2022-02-28,Sialkot,44.0,Female,Postpaid,Mid,1.2,191,31.0,23.2,337,42.6,5.7,0,1720,0
SUB-300791,2025-12-23,Quetta,38.0,Male,Prepaid,Low,1.3,224,0.0,22.9,0,47.3,0.5,0,550,0
SUB-300712,2022-11-14,Islamabad,41.0,Male,Prepaid,Low,19.8,1498,,11.9,55,25.8,7.9,8,3820,2
SUB-302593,2020-04-04,Lahore,34.0,Male,Postpaid,Mid,8.9,224,22.0,16.5,441,56.1,7.1,0,1470,3
SUB-301848,2017-04-07,Peshawar,21.0,Male,Prepaid,Mid,21.7,224,68.0,68.8,0,66.3,55.1,1,2530,0
SUB-301509,2025-06-24,Karachi,22.0,Male,Prepaid,Mid,62.7,223,0.0,48.9,0,83.2,65.9,1,1380,0
SUB-300718,2019-09-14,Gujranwala,34.0,Male,Prepaid,Mid,0.1,169,35.0,2.9,1,18.2,2.8,0,420,0
SUB-303958,2024-12-12,Multan,48.0,Male,Prepaid,Low,4.2,258,14.0,9.8,0,27.5,0.0,0,420,0
SUB-302592,2024-11-26,Islamabad,48.0,Male,Prepaid,High,12.0,1237,76.0,23.8,12,25.7,7.7,7,5100,0
SUB-302948,2023-08-09,Lahore,25.0,Female,Prepaid,Low,91.9,221,75.0,51.6,7,58.0,64.4,0,1770,0
SUB-301158,2017-08-17,Gujranwala,37.0,Female,Prepaid,Low,4.2,24,56.0,1.8,1,38.9,1.2,0,470,0
SUB-301231,2021-12-21,Karachi,33.0,Male,Postpaid,High,25.7,1352,83.0,23.5,0,18.3,9.1,7,4240,0
SUB-302894,2019-03-19,Gujranwala,57.0,Male,Prepaid,Low,2.2,196,0.0,5.4,0,22.5,2.7,0,300,1
SUB-303885,2020-01-30,Karachi,28.0,Male,Prepaid,Low,2.1,107,40.0,14.9,4,58.1,0.0,0,420,0
SUB-301958,2023-12-31,Multan,32.0,Male,Prepaid,Low,4.7,120,45.0,11.6,0,39.3,,0,500,0
SUB-301257,2018-09-07,Quetta,22.0,Female,Prepaid,Low,127.0,247,44.0,64.6,7,70.5,84.8,1,1990,1
SUB-301221,2026-03-11,Karachi,35.0,Male,Prepaid,Low,4.4,78,11.0,4.1,1,33.1,1.5,0,460,0
SUB-302004,2018-10-10,Faisalabad,27.0,Male,Postpaid,Mid,79.3,173,29.0,59.0,1,63.3,75.3,0,2870,1
SUB-302729,2017-06-29,Gujranwala,65.0,Female,Prepaid,Mid,6.1,160,51.0,23.7,294,30.1,2.6,2,1800,0
SUB-301180,2017-01-19,Sialkot,53.0,Male,Prepaid,Low,9.4,113,20.0,21.0,274,34.3,6.7,0,1980,0
SUB-302452,2026-04-02,Karachi,63.0,Female,Prepaid,Low,0.8,190,31.0,12.7,0,0.0,1.3,0,440,0
SUB-303880,2019-01-13,Multan,26.0,Female,Prepaid,Low,0.1,115,34.0,10.5,1,39.2,2.1,0,500,0
SUB-302673,2022-04-25,Quetta,53.0,Male,Postpaid,Low,8.1,333,23.0,19.8,416,53.3,2.8,0,2110,1
SUB-303281,2025-01-22,Mirpur,45.0,Female,Prepaid,Low,8.9,239,5.0,23.6,416,31.6,3.7,0,2500,0
SUB-302722,2024-10-14,Gujranwala,61.0,Female,Prepaid,Low,2.1,117,13.0,9.6,5,28.3,1.4,0,420,0
SUB-303216,2018-10-28,Gujranwala,40.0,Female,Prepaid,High,30.2,1175,93.0,23.3,68,17.7,9.6,6,3160,1
SUB-301246,2021-02-06,Rawalpindi,60.0,Female,Prepaid,Low,0.1,153,66.0,25.6,0,24.3,0.6,0,470,0
SUB-302791,2024-09-02,Rawalpindi,34.0,Female,Prepaid,Low,6.3,217,14.0,16.8,453,45.4,1.6,3,2490,1
SUB-303966,2018-03-19,Lahore,34.0,Male,Postpaid,,35.5,523,11.0,2.2,2,21.7,10.2,9,5860,1
SUB-303503,2017-04-27,Karachi,39.0,Female,Prepaid,Mid,4.0,38,8.0,15.9,471,41.7,5.3,1,1460,0
SUB-300009,2018-12-13,Karachi,18.0,Male,Prepaid,High,77.0,86,46.0,52.9,6,77.4,43.1,0,1620,0
SUB-301618,2020-09-20,Peshawar,25.0,Female,Prepaid,High,102.3,172,13.0,39.9,0,68.0,71.5,0,2780,1
SUB-303573,2020-08-02,Quetta,18.0,Male,Postpaid,Mid,86.4,333,36.0,48.3,1,55.3,53.4,1,2130,1
SUB-303164,2020-10-18,Rawalpindi,23.0,Male,Postpaid,High,107.5,176,34.0,41.8,7,34.5,38.8,0,1550,0
SUB-301284,2020-11-30,Rawalpindi,41.0,Male,Postpaid,High,23.1,1447,69.0,3.1,39,20.8,0.9,3,4640,0
SUB-303755,2021-01-19,Karachi,,Female,Prepaid,Low,9.3,253,16.0,9.7,225,47.2,2.5,2,2190,1
SUB-303322,2021-03-29,Karachi,26.0,Male,Prepaid,Low,46.5,85,30.0,50.0,5,54.5,80.2,0,2120,0
SUB-302564,2023-11-15,Islamabad,20.0,Male,Prepaid,Mid,56.1,264,32.0,72.1,9,72.1,105.1,0,2620,0
SUB-301740,2020-07-12,Rawalpindi,27.0,Male,Prepaid,Mid,54.0,266,55.0,55.3,0,58.2,33.6,1,1590,0
SUB-301768,2021-01-01,Karachi,19.0,Male,Prepaid,Mid,82.8,183,,48.2,2,62.7,61.8,0,2530,1
SUB-301868,2016-10-25,Multan,32.0,Female,Postpaid,High,31.9,289,84.0,18.8,24,37.3,14.0,6,2780,0
SUB-302901,2024-05-08,Quetta,24.0,Female,Prepaid,Mid,82.1,200,5.0,53.0,4,70.8,52.2,0,1480,0
SUB-301170,2022-10-06,Peshawar,34.0,Female,Prepaid,Low,0.1,113,41.0,20.9,2,45.1,0.2,0,410,0
SUB-300134,2019-10-25,Sialkot,31.0,Female,Prepaid,Low,6.2,168,13.0,3.3,1,42.7,2.2,0,520,0
SUB-303716,2018-07-30,Sialkot,22.0,Female,Prepaid,Mid,111.5,210,58.0,65.6,4,73.6,22.5,1,1640,0
SUB-300963,2024-08-29,Quetta,42.0,Male,Prepaid,Low,6.2,51,13.0,15.4,0,18.8,0.8,0,660,0
SUB-301840,2017-04-25,Lahore,41.0,Male,Prepaid,Low,7.8,346,12.0,28.0,503,49.5,3.8,2,910,0
SUB-300542,2017-01-25,Faisalabad,22.0,Female,Postpaid,Low,72.1,172,85.0,57.1,0,74.3,30.0,0,2140,0
SUB-300493,2016-09-04,Rawalpindi,25.0,Male,Prepaid,Mid,93.2,119,46.0,27.6,0,51.6,75.3,1,2390,1
SUB-302454,2022-05-19,Faisalabad,54.0,Female,Postpaid,Mid,24.6,1256,52.0,8.6,40,34.0,1.6,9,3390,0
SUB-300996,2023-09-26,Islamabad,67.0,Female,Prepaid,Mid,0.3,227,48.0,4.5,3,38.7,0.0,0,410,2
SUB-300523,2020-01-08,Karachi,28.0,Male,Prepaid,Mid,98.6,74,41.0,65.9,3,37.3,,0,1950,0
SUB-303176,2018-02-06,Faisalabad,46.0,Male,Prepaid,Mid,7.0,417,25.0,23.5,387,42.6,6.9,1,690,0
SUB-301419,2025-04-23,Sialkot,34.0,Female,Postpaid,High,16.5,1854,41.0,21.0,28,22.8,11.2,6,3650,0
SUB-303493,2019-03-22,Multan,44.0,Male,Prepaid,Low,2.1,169,39.0,11.9,3,18.3,2.0,0,360,1
SUB-301272,2017-07-15,Mirpur,27.0,Male,Prepaid,,90.9,199,35.0,71.4,0,57.1,83.8,1,1750,1
SUB-303938,2023-07-07,Rawalpindi,19.0,Female,Prepaid,Mid,122.4,294,43.0,39.4,0,61.2,34.7,0,1650,0
SUB-300785,2016-08-31,Rawalpindi,47.0,Male,Prepaid,Low,2.5,147,39.0,14.2,2,23.0,4.1,0,230,0
SUB-303313,2024-10-04,Karachi,30.0,Male,Postpaid,Mid,21.0,1108,60.0,22.3,43,26.8,7.8,8,3730,1
SUB-300960,2024-02-17,Multan,32.0,Female,Prepaid,Low,2.2,190,43.0,14.7,0,8.7,1.8,0,630,1
SUB-300892,2023-09-18,Lahore,46.0,Male,Postpaid,High,25.1,1046,47.0,19.8,0,22.9,6.4,11,4850,0
SUB-301342,2025-01-20,Lahore,31.0,Female,Postpaid,High,19.4,1454,47.0,16.3,47,35.8,,12,3840,0
SUB-301049,2023-09-19,Mirpur,23.0,Male,Prepaid,Low,0.1,137,55.0,4.6,1,27.6,0.9,0,360,2
SUB-302652,2019-09-06,Karachi,,Female,Postpaid,Mid,28.5,1179,102.0,21.7,41,29.4,17.0,10,6100,1
SUB-301118,2022-04-10,Sialkot,39.0,Male,Prepaid,Mid,11.5,106,8.0,19.1,277,43.0,4.3,0,1780,1
SUB-301370,2017-07-30,Multan,37.0,Female,Postpaid,High,38.0,1436,94.0,7.3,46,40.4,11.2,9,5640,1
SUB-303374,2025-08-26,Peshawar,24.0,Male,Postpaid,High,42.5,264,30.0,66.1,6,55.3,43.4,1,2420,0
SUB-301697,2018-04-07,Faisalabad,27.0,Male,Prepaid,Mid,71.8,170,53.0,64.0,10,71.3,36.9,0,1810,0
SUB-302248,2024-11-07,Mirpur,64.0,Female,Prepaid,Mid,0.4,116,44.0,15.1,0,39.6,1.8,0,540,1
SUB-303838,2018-09-04,Karachi,44.0,Female,Prepaid,High,10.7,905,65.0,12.3,24,20.4,1.7,9,3270,1
SUB-301299,2024-12-10,Karachi,25.0,Male,Prepaid,High,47.5,301,37.0,55.2,0,48.7,81.3,0,2010,1
SUB-303189,2021-04-16,Islamabad,22.0,Male,Prepaid,Low,2.6,166,39.0,5.2,2,51.4,2.1,0,460,0
SUB-301532,2021-01-30,Karachi,43.0,Male,Prepaid,Mid,4.4,89,,13.0,0,28.9,2.0,0,510,0
SUB-301314,2023-07-05,Sialkot,40.0,Male,Prepaid,Low,0.2,70,43.0,14.5,0,0.4,0.0,0,540,1
SUB-301869,2026-03-17,Lahore,38.0,Male,Prepaid,Low,7.1,163,6.0,8.6,1,25.2,3.7,0,320,1
SUB-301410,2020-06-21,Quetta,20.0,Female,Prepaid,Low,1.3,95,8.0,13.2,0,41.1,2.4,0,550,1
SUB-303983,2021-01-19,Mirpur,63.0,Male,Prepaid,Low,13.6,293,0.0,24.4,330,54.8,13.1,1,1600,0
SUB-302155,2019-05-31,Multan,54.0,Male,Postpaid,Low,22.0,1316,33.0,12.5,59,26.5,0.0,11,2670,1
SUB-303596,2023-12-05,Mirpur,51.0,Female,Prepaid,Low,4.7,127,25.0,8.2,0,25.2,3.7,0,530,2
SUB-300344,2022-03-09,Rawalpindi,23.0,Male,Prepaid,Mid,101.0,173,29.0,53.9,8,62.4,41.5,2,1450,1
SUB-302699,2023-11-17,Quetta,20.0,Male,Postpaid,Mid,1.8,232,34.0,2.8,1,22.1,0.0,0,390,2
SUB-303303,2021-09-08,Karachi,51.0,Male,PREPAID,Mid,3.5,113,4.0,16.7,1,48.1,3.7,0,470,0
SUB-303691,2022-02-14,Lahore,19.0,Female,Prepaid,Mid,121.8,305,31.0,55.3,4,74.3,65.0,1,1940,1
SUB-302990,2016-11-14,Multan,48.0,Male,Prepaid,Mid,4.9,86,38.0,3.8,0,29.5,0.0,1,410,0
SUB-301076,2021-10-14,Islamabad,46.0,Male,Postpaid,Low,22.2,1316,72.0,13.8,25,20.3,0.0,9,4940,1
SUB-301024,2017-05-21,Karachi,51.0,Female,Postpaid,Mid,17.8,912,41.0,16.1,1,27.8,10.4,11,2760,0
SUB-300632,2025-09-04,Lahore,35.0,Male,Prepaid,Mid,19.8,1611,60.0,14.6,7,33.2,5.8,8,5130,1
SUB-303085,2018-12-13,Faisalabad,20.0,Male,Prepaid,Mid,72.5,236,49.0,52.8,7,59.4,54.9,0,980,0
SUB-301210,2018-04-19,Peshawar,42.0,Female,PREPAID,Low,3.9,157,38.0,2.3,0,32.0,1.2,0,620,0
SUB-301663,2017-10-12,Karachi,28.0,Male,Prepaid,Mid,102.8,228,16.0,46.0,9,68.8,80.8,0,1800,1
SUB-301256,2022-11-01,Karachi,28.0,Female,Prepaid,Low,2.4,254,52.0,14.4,0,47.5,0.0,0,430,0
SUB-301820,2018-01-10,Gujranwala,20.0,Male,Prepaid,Low,3.3,81,33.0,13.1,0,34.7,0.8,0,500,1
SUB-300217,2017-10-27,Mirpur,21.0,Male,Prepaid,Low,5.9,249,2.0,13.8,2,0.0,2.5,0,420,0
SUB-302962,2021-07-18,Rawalpindi,21.0,Female,Prepaid,Mid,72.1,192,12.0,47.2,3,47.8,,0,2000,0
SUB-301787,2025-08-25,Faisalabad,44.0,Female,Prepaid,Low,4.1,150,42.0,7.1,0,23.6,2.6,0,550,0
SUB-300411,2018-07-31,Sialkot,62.0,Male,Postpaid,Mid,10.8,357,20.0,23.2,278,26.1,10.2,1,2470,0
SUB-300194,2021-06-18,Karachi,28.0,Male,Prepaid,High,60.7,284,61.0,64.6,3,69.9,63.6,0,1730,2
SUB-303050,2018-12-11,Islamabad,23.0,Male,Prepaid,High,83.1,195,23.0,60.6,3,55.7,72.5,0,1410,0
SUB-302337,2021-03-15,Lahore,20.0,Male,Prepaid,Mid,49.0,279,65.0,63.7,3,72.5,71.0,0,1220,0
SUB-301338,2021-08-18,Gujranwala,30.0,Male,Prepaid,High,5.5,173,,12.6,4,17.1,1.7,0,470,0
SUB-300020,2025-09-16,Lahore,49.0,Male,Prepaid,Low,3.0,202,13.0,8.3,1,23.3,0.9,0,310,1
SUB-303262,2021-11-04,Mirpur,50.0,Female,Prepaid,Mid,4.2,337,9.0,40.7,341,39.0,0.0,0,1220,0
SUB-300249,2020-06-10,Sialkot,38.0,Female,Postpaid,Low,10.1,289,,24.7,219,36.7,11.6,1,2750,0
SUB-302333,2016-07-11,Gujranwala,48.0,Female,Postpaid,Mid,2.0,67,0.0,24.2,0,15.1,0.9,0,370,0
SUB-302870,2026-01-30,Islamabad,33.0,Female,Postpaid,Mid,11.1,1285,65.0,8.5,14,21.8,5.0,13,3030,1
SUB-303022,2023-04-30,Multan,44.0,Female,Prepaid,Mid,2.8,388,53.0,9.5,329,27.5,11.0,0,2400,1
SUB-301505,2022-11-21,Rawalpindi,32.0,Male,Postpaid,High,18.4,1373,,7.0,9,26.6,1.2,11,5460,0
SUB-302676,2022-07-06,Mirpur,25.0,Male,Postpaid,High,124.9,168,0.0,57.1,0,45.6,80.4,1,1640,0
SUB-302372,2025-03-21,Sialkot,53.0,Male,Prepaid,Low,13.5,209,36.0,13.3,323,50.2,,0,1880,0
SUB-301157,2024-12-27,Gujranwala,33.0,Male,Prepaid,Low,5.6,190,81.0,11.9,5,37.8,0.0,0,470,0
SUB-302298,2025-03-24,Sialkot,68.0,Male,Prepaid,Low,3.4,71,11.0,16.0,0,11.7,2.0,0,390,2
SUB-302914,2024-06-28,Quetta,60.0,Male,Prepaid,Low,2.2,100,23.0,11.3,0,0.7,3.4,0,340,0
SUB-300286,2017-10-28,Islamabad,20.0,Male,Prepaid,,54.7,226,24.0,60.3,2,59.3,62.8,0,1990,1
SUB-301507,2023-04-24,Multan,66.0,Male,Prepaid,Mid,5.3,163,58.0,3.8,0,3.8,0.8,0,400,0
SUB-300096,2017-07-24,Multan,55.0,Male,Prepaid,Low,1.6,105,50.0,9.0,4,37.6,2.2,0,300,1
SUB-302419,2021-11-03,Mirpur,61.0,Male,Postpaid,High,7.7,374,33.0,23.8,398,41.4,0.0,0,2820,0
SUB-302864,2023-09-05,Gujranwala,21.0,Female,Prepaid,High,96.7,178,70.0,51.2,3,69.0,79.0,0,1710,1
SUB-302345,2024-06-05,Islamabad,25.0,Female,Prepaid,Low,43.8,171,,60.5,0,40.3,68.9,0,1390,0
SUB-301258,2018-10-11,Multan,48.0,Male,Prepaid,Mid,12.4,110,18.0,26.6,156,41.0,5.9,0,1940,0
SUB-302056,2018-04-29,Karachi,54.0,Male,Postpaid,,2.9,1389,57.0,16.8,21,32.6,,9,5160,1
SUB-302504,2024-07-18,Mirpur,18.0,Male,Postpaid,Mid,82.7,167,44.0,49.0,2,58.2,63.3,0,2280,1
SUB-300386,2016-08-21,Mirpur,32.0,Female,Prepaid,Mid,6.5,293,0.0,25.3,327,35.2,0.6,1,2160,0
SUB-302139,2019-05-16,Gujranwala,32.0,Male,Prepaid,Mid,5.5,129,52.0,12.7,1,32.9,0.0,0,600,0
SUB-302087,2016-07-22,Karachi,49.0,Female,Postpaid,High,19.9,1574,103.0,26.1,35,32.5,13.7,11,4460,2
SUB-302470,2021-09-10,Rawalpindi,26.0,Male,Prepaid,Low,78.7,101,63.0,60.2,7,52.3,23.4,1,2390,1
SUB-301646,2016-12-04,Karachi,21.0,Female,Prepaid,Mid,55.4,290,54.0,59.7,8,68.0,,1,2840,0
SUB-302390,2024-08-06,Lahore,31.0,Male,PREPAID,Low,2.6,188,36.0,14.2,1,17.8,4.3,0,460,1
SUB-301751,2019-10-07,Sialkot,50.0,Female,Prepaid,Low,1.4,80,4.0,13.6,2,56.5,2.4,0,510,0
SUB-301113,2016-11-07,Islamabad,25.0,Female,Prepaid,Mid,94.7,253,74.0,61.5,5,63.7,93.4,2,1700,0
SUB-303655,2022-11-26,Mirpur,26.0,Male,Prepaid,High,102.4,321,56.0,44.1,1,55.7,73.7,0,2460,1
SUB-300599,2021-04-13,Quetta,22.0,Male,Prepaid,Low,2.9,206,44.0,8.4,0,19.2,1.4,0,480,1
SUB-301081,2022-02-15,Mirpur,32.0,Male,Prepaid,Mid,9.0,251,1.0,28.3,366,25.3,3.0,1,1330,2
SUB-303543,2023-01-22,Mirpur,19.0,Female,Prepaid,Mid,130.7 GB,97,35.0,51.2,2,72.5,58.7,0,1770,1
SUB-301770,2025-08-10,Peshawar,67.0,Male,Prepaid,Low,1.2,0,34.0,14.6,0,48.6,1.5,0,470,0
SUB-300857,2023-09-01,Lahore,,Male,Prepaid,Mid,2.0,0,27.0,2.2,0,27.6,2.5,0,390,1
SUB-303788,2019-09-30,Multan,36.0,Female,Prepaid,Low,1.3,84,15.0,10.5,0,29.8,3.6,0,440,0
SUB-300984,2021-12-10,Faisalabad,50.0,Male,Postpaid,High,20.6,1801,73.0,12.2,30,18.1,7.0,10,5470,3
SUB-301527,2017-08-13,Rawalpindi,33.0,Female,Prepaid,Low,5.6,160,11.0,4.9,2,15.0,,0,390,0
SUB-300764,2026-02-16,Mirpur,19.0,Female,Prepaid,Low,102.8,181,12.0,44.5,1,58.3,75.1,0,2230,0
SUB-301556,2022-07-18,Islamabad,51.0,Female,Postpaid,High,30.6,1434,102.0,15.4,14,28.0,7.6,9,4990,1
SUB-301866,2025-10-24,Faisalabad,57.0,Female,Prepaid,Low,7.8,206,17.0,21.9,388,44.1,3.9,1,2450,0
SUB-301094,2018-03-13,Lahore,44.0,Male,Prepaid,High,9.2,667,22.0,11.8,1,33.0,18.8,7,4580,1
SUB-300079,2023-04-15,Karachi,28.0,Male,Prepaid,Mid,95.0,60,27.0,61.9,7,50.8,23.7,0,2160,0
SUB-300133,2026-03-04,Karachi,22.0,Male,Prepaid,Mid,76.5,92,64.0,49.2,8,62.1,26.8,2,2070,0
SUB-303975,2024-10-25,Faisalabad,68.0,Female,Postpaid,Low,5.2,96,0.0,4.2,1,25.5,2.8,0,360,3
SUB-302267,2022-07-26,Gujranwala,46.0,Female,Prepaid,Mid,10.0,324,35.0,28.1,159,39.2,4.2,0,1820,0
SUB-301490,2017-04-08,Mirpur,25.0,Female,Prepaid,Mid,87.7,372,0.0,67.1,0,57.8,85.2,0,1850,0
SUB-301831,2021-01-02,Islamabad,19.0,Male,Prepaid,Low,47.8,75,9.0,53.9,0,64.8,47.4,0,2100,0
SUB-302473,2023-02-19,Rawalpindi,52.0,Female,Postpaid,High,19.3,1565,39.0,8.8,45,19.4,14.5,8,2650,0
SUB-301065,2020-02-28,Mirpur,33.0,Male,PREPAID,Low,4.0,99,41.0,15.8,0,42.4,1.2,0,410,1
SUB-302726,2025-04-23,Lahore,39.0,Female,Postpaid,Mid,33.8,558,28.0,19.1,17,26.6,8.7,13,3580,1
SUB-303215,2020-08-10,Karachi,,Female,Postpaid,,17.8,1659,76.0,14.1,18,12.9,20.0,11,3460,1
SUB-302341,2020-03-01,Sialkot,56.0,Female,Prepaid,Low,3.2,47,24.0,15.2,2,14.1,1.8,0,410,1
SUB-303435,2019-05-23,Lahore,21.0,Male,Prepaid,Mid,39.5,100,27.0,47.2,0,56.6,45.9,1,2770,0
SUB-300889,2018-05-30,Karachi,33.0,Female,Postpaid,High,4.9,1275,51.0,13.3,60,12.7,9.4,9,3640,1
SUB-303867,2022-10-07,Rawalpindi,33.0,Male,POSTPAID,Mid,25.3,1620,43.0,17.0,31,17.0,4.0,7,4060,0
SUB-303116,2023-07-29,Faisalabad,42.0,Female,Prepaid,,4.1,397,42.0,13.1,427,52.9,17.0,0,2160,0
SUB-302685,2017-05-05,Sialkot,58.0,Male,Prepaid,Low,3.6,280,2.0,24.6,337,54.8,5.7,2,1510,0
SUB-303421,2020-02-24,Lahore,26.0,Male,Postpaid,Mid,86.4,143,56.0,66.2,0,53.2,64.2,0,2440,1
SUB-300529,2020-07-15,Quetta,33.0,Male,Postpaid,High,17.3,1069,90.0,4.9,46,26.5,9.9,7,3880,2
SUB-301448,2018-11-25,Islamabad,20.0,Male,Prepaid,High,86.8,195,77.0,42.0,2,66.4,64.1,0,1940,0
SUB-302276,2018-11-06,Gujranwala,28.0,Female,Prepaid,Mid,87.6,218,44.0,68.7,4,68.4,76.3,0,1740,1
SUB-300273,2022-07-29,Lahore,53.0,Female,Prepaid,Low,2.8,183,53.0,4.8,1,10.8,1.8,0,530,1
SUB-303087,2023-03-24,Mirpur,45.0,Male,Prepaid,,3.2,335,25.0,28.8,313,28.6,6.9,1,2740,0
SUB-303259,2017-11-11,Karachi,27.0,Female,Postpaid,Low,124.1,126,31.0,61.0,3,60.6,59.5,1,830,0
SUB-302540,2021-09-02,Sialkot,59.0,Male,Prepaid,Low,0.3,133,25.0,7.9,0,30.2,2.4,0,430,0
SUB-303352,2022-08-25,Multan,49.0,Female,Prepaid,Low,1.6,42,,0.0,0,0.0,3.5,0,710,2
SUB-301497,2024-12-20,Mirpur,62.0,Male,Prepaid,Low,0.3,217,42.0,9.3,0,22.1,0.2,0,310,0
SUB-300180,2017-10-18,Islamabad,19.0,Male,Prepaid,Low,92.1,178,42.0,45.3,0,46.8,76.6,1,1160,0
SUB-301097,2024-02-12,Islamabad,33.0,Male,Prepaid,Low,2.4,203,18.0,0.8,2,24.3,,0,470,1
SUB-302221,2019-12-18,Multan,44.0,Male,Prepaid,Low,3.2,187,59.0,5.5,1,53.2,0.1,0,400,0
SUB-301407,2021-10-17,Multan,64.0,Male,Prepaid,Low,4.9,81,28.0,6.6,0,32.8,3.1,0,490,0
SUB-300132,2019-11-02,Karachi,26.0,Female,Prepaid,,121.6,235,67.0,51.5,0,64.9,56.2,0,2170,0
SUB-303801,2024-03-18,Islamabad,29.0,Female,Prepaid,Mid,11.1,2370,73.0,11.3,3,28.8,9.1,9,3210,0
SUB-302888,2025-04-25,Peshawar,18.0,Male,Prepaid,,100.7,167,38.0,40.6,0,57.2,57.8,0,2550,0
SUB-303951,2018-06-27,Islamabad,65.0,Female,Prepaid,Mid,9.6,417,7.0,26.1,248,40.2,3.6,0,2050,0
SUB-300936,2021-01-02,Lahore,23.0,Female,Prepaid,Low,84.9,262,55.0,66.3,7,67.9,52.1,0,2030,1
SUB-302464,2021-01-18,Peshawar,23.0,Female,Prepaid,Mid,73.4,147,94.0,57.1,4,54.6,71.6,0,1830,0
SUB-300505,2018-11-25,Multan,62.0,Female,Prepaid,Low,5.7,210,38.0,19.4,0,41.1,3.0,0,440,1
SUB-303489,2025-08-27,Karachi,61.0,Male,Prepaid,High,9.5,184,20.0,22.8,104,24.6,,0,2720,1
SUB-302353,2024-04-06,Islamabad,49.0,Male,Postpaid,Low,27.5,2001,65.0,15.8,7,16.8,1.9,10,5450,0
SUB-303763,2019-04-19,Multan,60.0,Male,Prepaid,Low,3.3,160,34.0,5.9,1,33.3,1.5,0,360,0
SUB-300280,2022-10-29,Gujranwala,24.0,Male,Prepaid,High,106.5,177,,50.1,0,66.8,63.6,0,1690,0
SUB-301523,2019-02-26,Lahore,25.0,Male,Prepaid,Mid,0.9,237,34.0,11.6,0,35.8,0.6,0,270,0
SUB-301458,2020-01-07,Lahore,25.0,Female,Prepaid,Mid,88.2,240,42.0,58.5,0,40.2,46.5,2,2220,0
SUB-301839,2016-11-06,Multan,26.0,Male,Prepaid,,2.1,208,17.0,12.0,1,12.8,0.3,0,320,1
SUB-300136,2026-01-05,Karachi,68.0,Male,Prepaid,Low,2.4,76,64.0,12.6,3,30.7,4.0,0,470,0
SUB-303540,2019-10-09,Lahore,37.0,Male,Prepaid,Mid,0.2,243,45.0,7.3,0,48.9,2.4,0,520,0
SUB-302196,2022-05-28,Multan,44.0,Male,Prepaid,Low,9.4,310,29.0,22.2,503,32.8,9.0,0,1610,0
SUB-301228,2026-02-18,Lahore,43.0,Male,Prepaid,Mid,16.2,203,4.0,20.2,374,55.8,10.4,0,2340,0
SUB-300112,2023-08-28,Islamabad,55.0,Male,Postpaid,High,30.6,1037,65.0,17.8,17,19.8,11.7,13,3180,2
SUB-300154,2022-06-09,Multan,24.0,Male,Prepaid,Mid,61.7,151,53.0,61.3,0,59.2,60.1,0,2690,0
SUB-303237,2025-05-05,Islamabad,64.0,Male,Prepaid,Low,3.4,149,14.0,5.5,4,53.7,3.3,0,700,1
SUB-300330,2021-10-02,Sialkot,53.0,Female,Prepaid,,4.4,213,39.0,17.3,177,32.5,10.8,1,2780,0
SUB-300369,2019-10-01,Quetta,62.0,Female,Prepaid,Low,0.9,0,9.0,3.0,1,38.2,2.7,0,560,0
SUB-302635,2021-06-21,Mirpur,61.0,Male,Prepaid,Low,10.3,150,17.0,29.9,342,41.4,5.0,3,2540,0
SUB-303004,2020-11-12,Islamabad,28.0,Female,Prepaid,Mid,91.5,178,100.0,53.7,8,70.9,71.3,0,950,0
SUB-301120,2017-02-02,Quetta,58.0,Male,Prepaid,Mid,5.7,145,0.0,2.6,5,30.9,0.0,0,600,0
SUB-301744,2025-10-27,Lahore,19.0,Male,Prepaid,High,61.8,380,45.0,53.9,4,68.4,58.3,0,1870,1
SUB-301042,2021-10-20,Gujranwala,39.0,Male,Prepaid,Mid,14.0,302,33.0,26.5,306,38.1,10.8,0,1590,0
SUB-303774,2025-11-13,Gujranwala,33.0,Male,Prepaid,,1.4,346,35.0,14.9,381,42.6,7.3,1,3440,0
SUB-300673,2018-09-06,Karachi,55.0,Female,Prepaid,High,4.5,304,16.0,13.4,0,11.8,0.7,0,330,1
SUB-302949,2022-09-28,Faisalabad,,Male,Prepaid,Mid,0.1,52,7.0,7.6,0,7.9,1.3,0,490,2
SUB-302659,2018-07-28,Gujranwala,45.0,Male,Prepaid,Low,6.8,248,5.0,2.8,3,38.1,0.0,0,410,2
SUB-302657,2022-12-22,Multan,52.0,Male,Prepaid,Low,1.8,147,55.0,5.0,0,19.3,0.2,0,490,2
SUB-300069,2022-07-18,Sialkot,,Male,Postpaid,Mid,1.0,129,25.0,18.7,363,41.7,13.7,0,1210,1
SUB-301565,2025-02-12,Quetta,45.0,Female,Prepaid,Low,0.3,287,5.0,11.8,1,37.9,2.0,0,370,0
SUB-300113,2024-03-07,Mirpur,35.0,Female,Prepaid,Mid,0.8,206,30.0,9.1,0,27.5,2.4,0,510,1
SUB-302302,2020-03-05,Karachi,,Male,Postpaid,High,9.4,1904,109.0,12.2,12,34.3,11.7,13,1980,3
SUB-300994,2018-01-19,Karachi,39.0,Male,Postpaid,High,31.3,1526,62.0,10.1,10,20.4,3.3,3,4970,1
SUB-302374,2021-08-06,Rawalpindi,,Male,Postpaid,High,23.4,1184,71.0,16.9,36,23.6,4.1,12,5690,0
SUB-301166,2025-10-28,Quetta,69.0,Male,Prepaid,Mid,3.8,238,21.0,13.3,0,50.9,1.3,0,480,1
SUB-303181,2023-08-29,Karachi,41.0,Male,Postpaid,Low,2.4,69,38.0,15.6,0,25.8,2.8,0,360,0
SUB-300647,2019-03-21,Quetta,30.0,Male,Postpaid,Mid,14.1,1130,123.0,11.1,0,31.0,12.1,3,4500,0
SUB-301339,2018-05-29,Quetta,19.0,Female,Prepaid,Mid,92.7,213,72.0,54.0,4,53.1,68.8,0,1980,1
SUB-303266,2022-06-21,Karachi,45.0,Male,Postpaid,High,32.9,1509,23.0,8.1,1,18.6,7.2,11,4340,0
SUB-303044,2025-01-09,Islamabad,28.0,Male,Postpaid,Low,24.9,1591,82.0,12.2,24,27.8,8.7,6,4590,3
SUB-301222,2024-07-29,Gujranwala,59.0,Male,Prepaid,Low,3.9,142,74.0,3.5,0,44.8,0.8,0,420,0
SUB-303122,2016-10-06,Peshawar,53.0,Female,Prepaid,High,6.7,77,23.0,14.3,403,46.3,2.3,1,1890,1
SUB-302563,2021-06-06,Sialkot,61.0,Male,Prepaid,Low,0.1,61,50.0,8.2,0,26.6,1.9,0,420,0
SUB-302779,2016-11-01,Islamabad,27.0,Female,Prepaid,Low,65.7,203,66.0,49.7,1,64.5,47.7,0,2100,0
SUB-300592,2022-05-03,Lahore,48.0,Female,Prepaid,Low,7.9,300,26.0,19.3,418,36.8,2.4,2,2100,0
SUB-300746,2019-10-03,Faisalabad,31.0,Male,Prepaid,Low,1.3,123,0.0,10.7,1,47.3,1.0,0,340,0
SUB-301535,2018-02-28,Rawalpindi,34.0,Male,Prepaid,High,0.1,230,13.0,23.0,359,50.0,5.0,0,1670,0
SUB-301722,2022-07-24,Karachi,20.0,Female,Prepaid,Mid,110.3,145,,56.2,2,64.1,64.0,0,2280,1
SUB-303860,2025-04-28,Faisalabad,19.0,Female,Prepaid,High,91.3,138,0.0,40.9,7,70.0,44.1,0,2120,1
SUB-301924,2022-04-01,Multan,65.0,Female,Prepaid,Mid,10.6,357,0.0,30.2,432,53.2,12.1,0,2060,0
SUB-302049,2019-06-15,Islamabad,34.0,Male,Prepaid,High,25.1,1391,124.0,19.1,0,19.8,10.0,9,3500,0
SUB-302708,2021-02-06,Faisalabad,56.0,Male,Prepaid,Mid,2.7,218,46.0,9.7,0,12.8,3.6,0,630,0
SUB-300430,2019-09-17,Karachi,29.0,Male,Prepaid,High,12.0,1312,24.0,22.2,26,26.8,10.8,8,4490,1
SUB-301469,2020-11-15,Mirpur,20.0,Male,Prepaid,Mid,79.9,217,27.0,46.2,3,73.7,42.0,1,2310,1
SUB-301747,2016-07-18,Lahore,25.0,Female,Prepaid,Low,0.6,226,50.0,15.4,1,44.1,4.3,0,390,0
SUB-303780,2023-12-25,Karachi,23.0,Male,Prepaid,Low,64.7,187,23.0,53.3,1,54.0,58.4,1,2390,0
SUB-301791,2020-08-13,Gujranwala,23.0,Female,Prepaid,Low,53.8,113,42.0,56.1,4,80.0,64.5,0,1650,1
SUB-301577,2017-03-19,Peshawar,20.0,Male,Prepaid,Low,2.8,108,,15.9,0,30.0,0.0,0,590,0
SUB-303439,2020-09-02,Karachi,51.0,Female,Postpaid,Mid,28.3,1032,159.0,9.2,60,28.6,4.4,15,5180,1
SUB-301351,2023-05-28,Multan,63.0,Female,Prepaid,Low,4.3,118,49.0,22.5,2,38.0,2.3,0,570,0
SUB-300838,2025-12-10,Islamabad,33.0,Male,Postpaid,High,27.5,1515,95.0,8.2,30,33.5,9.5,20,4090,0
SUB-300821,2022-06-25,Karachi,27.0,Male,Prepaid,Mid,115.9,0,15.0,70.2,9,60.1,74.5,0,1810,0
SUB-303692,2021-06-02,Sialkot,30.0,Female,Prepaid,Low,5.1,141,59.0,0.0,0,21.6,1.2,0,320,2
SUB-300685,2026-04-09,Sialkot,40.0,Female,Prepaid,Low,2.0,100,44.0,15.5,4,53.2,5.2,0,590,0
SUB-302235,2022-05-06,Sialkot,64.0,Female,Prepaid,High,15.7,239,24.0,3.7,358,42.5,0.3,0,2580,1
SUB-302777,2017-04-03,Mirpur,20.0,Female,Prepaid,Low,3.0,270,15.0,5.4,0,37.0,0.7,0,460,0
SUB-303272,2017-02-08,Lahore,48.0,Male,Postpaid,Mid,8.8,317,9.0,8.1,280,29.5,7.3,2,2760,1
SUB-302098,2025-01-09,Rawalpindi,26.0,Female,Prepaid,High,70.9,169,72.0,59.5,6,60.2,70.1,0,2190,0
SUB-302386,2023-08-08,Islamabad,18.0,Female,Prepaid,Low,68.3,166,,62.1,0,52.5,78.3,0,1970,0
SUB-301467,2021-06-12,Lahore,40.0,Male,Prepaid,Low,4.2,172,,12.4,4,13.8,0.0,0,420,1
SUB-303651,2016-07-23,Quetta,29.0,Male,Prepaid,High,4.2,115,34.0,13.9,0,49.5,0.1,0,500,0
SUB-300577,2022-03-24,Karachi,63.0,Female,Prepaid,Low,4.0,152,12.0,20.0,1,32.3,1.2,0,510,1
SUB-301038,2024-06-27,Lahore,49.0,Female,Postpaid,High,9.0,1135,100.0,11.8,33,29.7,8.9,12,4250,1
SUB-301739,2018-04-28,Gujranwala,44.0,Female,Prepaid,Low,4.4 GB,94,,8.8,2,30.0,,0,730,0
SUB-300183,2018-01-09,Faisalabad,59.0,Male,Postpaid,Low,6.6,80,12.0,8.2,237,50.3,3.3,1,2660,0
SUB-300724,2025-09-10,Rawalpindi,20.0,Male,Prepaid,Low,91.5,209,53.0,54.6,3,55.3,85.0,0,1650,3
SUB-300011,2023-05-12,Peshawar,,Male,Prepaid,High,12.7,191,5.0,29.8,334,31.1,4.8,0,1740,1
SUB-300100,2016-07-10,Mirpur,30.0,Female,Prepaid,High,5.9,43,20.0,4.9,2,15.0,0.2,0,210,1
SUB-302586,2019-09-02,Lahore,49.0,Female,Postpaid,High,27.8,807,58.0,4.4,8,13.4,14.9,6,4390,0
SUB-303138,2024-05-14,Rawalpindi,20.0,Male,Prepaid,High,79.2,104,57.0,57.0,0,58.9,32.9,0,1470,1
SUB-302382,2018-06-05,Lahore,53.0,Male,Postpaid,High,24.5,1527,116.0,12.8,53,22.1,6.8,12,3930,2
SUB-303987,2018-08-21,Lahore,51.0,Female,Postpaid,Mid,30.7,1429,116.0,12.0,42,25.1,5.2,9,3960,0
SUB-302264,2017-12-11,Peshawar,59.0,Female,Prepaid,Low,4.2,174,21.0,6.4,0,22.8,0.3,0,400,0
SUB-303396,2019-08-16,Lahore,23.0,Female,Prepaid,Low,85.8,98,8.0,60.1,0,81.7,50.8,0,1390,1
SUB-302644,2025-03-28,Lahore,21.0,Male,Prepaid,Mid,60.9,153,22.0,41.3,1,71.1,55.7,1,2280,1
SUB-300317,2017-09-10,Lahore,29.0,Female,Postpaid,High,29.0,1558,85.0,13.5,9,36.0,0.0,10,3370,0
SUB-301172,2024-12-24,Gujranwala,59.0,Male,Prepaid,Mid,0.1,104,9.0,5.5,0,50.8,1.2,0,610,0
SUB-300200,2022-12-06,Rawalpindi,25.0,Male,Prepaid,High,79.5,275,55.0,44.2,6,61.1,78.5,0,2030,1
SUB-300076,2018-03-24,Mirpur,27.0,Male,Prepaid,Low,6.6,165,0.0,11.1,4,7.5,1.5,0,480,0
SUB-302572,2019-04-06,Multan,27.0,Male,Prepaid,Mid,73.9,146,0.0,62.7,1,42.5,42.3,1,2200,1
SUB-302727,2026-02-23,Quetta,43.0,Female,Postpaid,High,12.4,1421,83.0,19.1,16,18.0,3.8,6,2130,0
SUB-302505,2024-10-28,Lahore,50.0,Male,Prepaid,Mid,3.8,147,0.0,17.2,0,13.8,2.1,0,530,0
SUB-301245,2017-10-06,Quetta,23.0,Female,Prepaid,Low,2.0,170,35.0,16.9,0,45.9,0.8,0,270,1
SUB-300558,2022-10-18,Peshawar,35.0,Male,Prepaid,Low,6.2,197,11.0,11.3,3,0.0,0.0,0,600,0
SUB-303977,2018-11-07,Lahore,23.0,Female,Prepaid,Mid,87.1,48,11.0,60.0,0,63.6,59.1,1,2060,1
SUB-303826,2021-10-02,Lahore,21.0,Male,Prepaid,Mid,75.1,231,0.0,40.7,2,70.1,36.8,0,2400,3
SUB-300594,2019-07-16,Karachi,49.0,Male,Postpaid,High,16.2,899,67.0,12.9,26,28.0,4.0,5,5050,1
SUB-303843,2022-09-03,Mirpur,51.0,Male,Prepaid,Low,0.1,47,29.0,10.8,3,26.7,2.3,0,430,0
SUB-300710,2017-01-07,Rawalpindi,35.0,Female,Prepaid,Low,0.8,93,25.0,17.9,0,10.1,1.6,0,430,1
SUB-302774,2020-12-18,Multan,38.0,Male,Prepaid,Low,2.9,141,29.0,11.4,0,34.6,4.1,0,640,0
SUB-301962,2018-11-10,Multan,46.0,Female,Prepaid,,7.9,253,18.0,10.1,3,33.4,1.9,0,480,0
SUB-302093,2017-08-11,Mirpur,19.0,Male,Prepaid,High,142.9,258,10.0,46.8,4,63.2,46.4,0,1780,0
SUB-301920,2023-01-10,Islamabad,21.0,Male,POSTPAID,High,97.8,287,37.0,65.7,7,58.0,49.7,0,2320,0
SUB-302716,2017-03-23,Faisalabad,46.0,Male,Prepaid,Low,4.3,213,0.0,5.4,0,27.0,1.1,0,440,0
SUB-301154,2025-07-31,Sialkot,59.0,Male,Prepaid,Mid,12.2,435,27.0,18.5,243,38.1,10.5,1,1510,0
SUB-303917,2017-08-05,Multan,46.0,Male,Prepaid,Low,1.8,180,19.0,7.6,1,9.3,2.6,0,530,1
SUB-303117,2021-06-19,Rawalpindi,35.0,Male,Postpaid,High,34.9,927,89.0,16.0,48,39.8,16.5,11,3770,0
SUB-302414,2016-07-13,Lahore,20.0,Male,Prepaid,High,100.1,154,30.0,60.3,6,59.3,76.1,0,2070,0
SUB-302324,2024-03-06,Faisalabad,62.0,Male,Prepaid,Low,4.1,96,50.0,32.1,0,5.6,2.3,0,450,0
SUB-300919,2023-07-20,Karachi,18.0,Female,Prepaid,Mid,114.0,203,,47.8,7,59.4,,0,1970,0
SUB-301871,2016-07-05,Gujranwala,50.0,Male,Prepaid,Low,5.8,168,32.0,10.5,0,22.6,2.5,0,230,0
SUB-302552,2018-06-20,Peshawar,59.0,Male,Prepaid,Low,3.3,111,,11.4,0,0.0,0.0,0,290,0
SUB-300495,2024-01-30,Quetta,26.0,Male,Prepaid,Low,2.7,71,46.0,17.5,0,36.6,0.1,0,510,1
SUB-302533,2017-06-24,Islamabad,47.0,Female,Prepaid,High,29.3,846,,9.9,15,22.2,,10,6170,1
SUB-303444,2023-01-21,Faisalabad,24.0,Male,Prepaid,Mid,111.8,255,7.0,56.7,1,77.3,59.1,0,1590,1
SUB-300814,2022-11-17,Karachi,27.0,Male,Prepaid,Mid,90.4,169,70.0,41.0,10,59.6,66.4,1,1710,0
SUB-301044,2019-01-06,Sialkot,27.0,Male,Prepaid,Mid,107.3,128,27.0,74.9,0,58.6,58.2,0,1310,0
SUB-300256,2021-09-27,Faisalabad,19.0,Female,Prepaid,Mid,61.1,92,53.0,60.5,6,66.3,70.4,1,3050,0
SUB-302996,2022-11-25,Lahore,55.0,Male,Prepaid,Low,1.8,173,41.0,0.0,0,23.5,0.0,0,480,0
SUB-301903,2018-01-02,Lahore,43.0,Male,Prepaid,Mid,7.4,227,32.0,26.8,534,26.9,5.2,2,1830,1
SUB-301167,2019-04-01,Rawalpindi,61.0,Female,Prepaid,Low,0.1,249,16.0,14.6,1,24.0,2.3,0,500,0
SUB-300467,2025-08-21,Lahore,18.0,Female,Prepaid,Mid,101.3,176,38.0,71.3,6,60.0,94.6,0,1420,0
SUB-302570,2020-10-28,Karachi,27.0,Male,Prepaid,High,58.4,136,19.0,53.0,9,66.7,58.5,0,260,0
SUB-302908,2023-02-11,Faisalabad,39.0,Female,Prepaid,Low,2.3,174,20.0,2.4,0,52.6,3.0,0,510,1
SUB-303717,2019-09-19,Faisalabad,,Male,Prepaid,Mid,4.0,130,7.0,0.4,0,32.3,0.0,0,400,1
SUB-301700,2021-07-21,Karachi,66.0,Male,Prepaid,Mid,2.5,204,28.0,11.8,1,45.5,0.0,0,650,1
SUB-300004,2023-09-01,Lahore,25.0,Male,Prepaid,Mid,67.7,44,55.0,44.2,5,47.6,81.7,0,2120,1
SUB-302261,2019-01-27,Lahore,25.0,Female,Prepaid,Mid,50.3,236,12.0,46.2,2,61.5,62.3,0,2310,1
SUB-303770,2020-09-05,Multan,25.0,Male,Prepaid,Low,55.0,205,94.0,57.1,4,60.5,92.0,0,2120,0
SUB-303793,2019-10-29,Lahore,22.0,Male,Prepaid,High,88.9,0,0.0,58.5,5,72.0,70.7,0,1700,0
SUB-300866,2023-02-18,Faisalabad,64.0,Male,Prepaid,Mid,3.0,183,0.0,17.3,0,41.2,2.1,0,510,0
SUB-301741,2021-04-18,Peshawar,58.0,Male,Prepaid,Low,2.5 GB,186,40.0,15.0,1,20.7,0.8,0,620,0
SUB-301998,2019-06-03,Karachi,,Male,Prepaid,Mid,103.2,252,63.0,48.2,9,69.9,32.3,0,1360,0
SUB-303589,2022-01-05,Islamabad,22.0,Male,Postpaid,Mid,62.6,200,,65.4,2,65.3,48.8,1,1780,0
SUB-302928,2018-12-24,Islamabad,54.0,Male,Prepaid,Low,6.7,171,35.0,16.9,0,20.4,3.3,0,340,0
SUB-302808,2020-11-12,Sialkot,54.0,Male,Prepaid,Mid,2.7,134,17.0,10.4,5,28.4,1.2,0,510,0
SUB-302578,2018-10-01,Karachi,26.0,Female,Prepaid,Mid,108.0,121,13.0,65.4,3,76.1,72.6,1,940,0
SUB-303213,2019-07-19,Gujranwala,34.0,Male,Prepaid,Mid,11.8,278,,32.0,325,39.6,1.3,0,2470,1
SUB-302044,2022-04-24,Quetta,53.0,Male,Prepaid,Mid,2.6,71,62.0,2.8,3,28.5,0.0,0,540,0
SUB-302293,2023-09-11,Peshawar,40.0,Female,Prepaid,Low,0.1,110,17.0,6.3,0,41.0,,0,360,0
SUB-301842,2019-03-22,Multan,27.0,Male,Prepaid,Mid,3.8,0,54.0,13.7,4,34.6,2.2,0,530,1
SUB-300576,2025-04-13,Lahore,20.0,Male,Prepaid,Mid,89.6,137,57.0,58.1,1,57.9,51.5,0,2970,0
SUB-302212,2019-12-29,Gujranwala,49.0,Female,Prepaid,Low,6.2,127,13.0,13.2,0,35.6,0.2,0,440,2
SUB-303628,2023-11-14,Multan,28.0,Female,Prepaid,Mid,2.6,49,,16.3,0,34.5,2.5,0,360,0
SUB-301416,2018-10-18,Rawalpindi,40.0,Male,Prepaid,Mid,1.2,274,21.0,3.1,0,23.0,1.5,0,430,1
SUB-300611,2021-03-11,Faisalabad,18.0,Male,Prepaid,Low,62.5,51,54.0,62.0,6,60.5,66.8,0,2560,2
SUB-303883,2019-06-16,Sialkot,53.0,Male,Postpaid,Mid,7.0,119,28.0,25.7,249,52.2,3.6,0,2080,0
SUB-302558,2020-06-19,Rawalpindi,31.0,Male,Prepaid,Low,3.4,171,6.0,4.7,0,32.8,1.5,0,360,0
SUB-303779,2020-09-17,Karachi,19.0,Female,Prepaid,Mid,78.6,229,17.0,64.0,3,54.2,53.1,1,1890,1
SUB-302776,2026-04-27,Lahore,22.0,Male,Prepaid,,76.2,135,61.0,66.5,3,53.5,65.4,0,2010,0
SUB-303481,2021-07-01,Karachi,28.0,Male,Postpaid,Mid,65.9,326,29.0,38.8,4,65.6,65.6,1,1740,0
SUB-303577,2021-09-06,Karachi,45.0,Male,Postpaid,High,14.5,1126,77.0,10.4,50,32.0,,8,3020,1
SUB-301251,2022-02-27,Gujranwala,25.0,Male,Prepaid,Mid,93.0,0,23.0,57.1,8,57.0,70.6,1,1860,1
SUB-302844,2024-02-04,Multan,23.0,Male,Prepaid,Mid,55.6,141,45.0,49.3,3,58.8,42.5,0,2030,1
SUB-303680,2016-11-28,Lahore,47.0,Female,Prepaid,Low,1.6,249,7.0,1.6,0,19.2,0.0,0,320,0
SUB-303571,2020-12-25,Peshawar,64.0,Male,Prepaid,Mid,2.5,114,3.0,5.6,0,47.3,0.3,1,310,0
SUB-300564,2023-06-14,Sialkot,19.0,Female,Prepaid,Mid,104.5,229,58.0,66.3,6,46.5,33.7,0,1580,0
SUB-300915,2019-05-14,Quetta,59.0,Male,Prepaid,High,0.1,238,21.0,6.6,3,15.0,0.0,0,510,0
SUB-303130,2023-07-15,Lahore,28.0,Male,Prepaid,High,24.0,1880,37.0,13.4,18,9.1,,10,3100,2
SUB-301402,2026-03-15,Faisalabad,53.0,Male,Prepaid,Low,5.2,154,26.0,7.3,0,60.8,2.4,0,380,0
SUB-303707,2020-04-29,Quetta,59.0,Male,Prepaid,Low,2.7,0,13.0,11.2,0,11.8,0.2,0,420,0
SUB-300291,2017-05-23,Rawalpindi,28.0,Female,Prepaid,Mid,79.8,289,30.0,63.2,9,39.8,37.4,1,1770,0
SUB-302929,2018-10-29,Multan,26.0,Female,Prepaid,Mid,89.8,142,0.0,56.3,1,59.2,,0,1090,0
SUB-303407,2017-04-09,Lahore,42.0,Male,Prepaid,Low,4.7,105,11.0,8.0,0,38.2,3.6,0,360,0
SUB-300507,2024-07-25,Peshawar,21.0,Male,Prepaid,Low,0.5,110,14.0,10.0,1,29.5,1.1,0,540,0
SUB-301422,2020-04-13,Multan,51.0,Female,Prepaid,Low,3.7,0,72.0,5.6,2,35.7,,0,570,0
SUB-300035,2019-09-19,Sialkot,24.0,Male,Prepaid,Mid,2.7,159,0.0,18.0,0,42.5,0.9,0,480,1
SUB-302917,2024-05-09,Peshawar,27.0,Male,Prepaid,Mid,46.1,246,0.0,57.3,0,62.4,38.7,1,1520,0
SUB-302173,2021-04-18,Multan,30.0,Male,Postpaid,High,34.5,1194,85.0,15.5,7,32.1,20.1,8,4600,0
SUB-302000,2025-05-02,Islamabad,50.0,Male,Postpaid,Mid,9.4,214,24.0,6.0,263,37.3,0.0,3,2170,1
SUB-303621,2025-02-21,Multan,56.0,Male,Prepaid,Mid,0.3,145,35.0,0.8,1,47.2,2.2,0,320,0
SUB-301620,2023-03-15,Sialkot,59.0,Male,Prepaid,Mid,13.0,272,8.0,6.8,529,19.4,0.1,2,540,2
SUB-303323,2025-02-26,Rawalpindi,50.0,Male,Prepaid,Low,5.0,27,34.0,4.2,2,32.8,0.7,0,470,0
SUB-303476,2017-02-05,Mirpur,59.0,Male,Postpaid,Low,3.5,250,58.0,11.2,0,10.1,0.0,0,460,0
SUB-303969,2016-09-28,Karachi,39.0,Male,Postpaid,High,12.7,1206,85.0,10.9,33,31.4,14.5,10,4840,0
SUB-300218,2023-05-17,Karachi,33.0,Female,Prepaid,Mid,25.3,1328,90.0,13.6,43,29.0,4.3,17,4150,1
SUB-300584,2020-09-04,Sialkot,,Female,Prepaid,High,7.5,110,7.0,9.9,2,24.7,2.0,0,360,1
SUB-302730,2024-03-07,Islamabad,26.0,Male,Prepaid,Low,71.5,300,28.0,52.3,9,79.5,3.2,0,2350,0
SUB-300714,2017-02-23,Sialkot,46.0,Male,Prepaid,Mid,3.4,303,9.0,13.7,155,32.0,5.0,1,3180,0
SUB-301016,2017-01-06,Sialkot,50.0,Male,Prepaid,Low,2.1,214,22.0,15.9,4,32.9,0.5,0,550,1
SUB-303933,2019-01-18,Gujranwala,59.0,Female,Prepaid,Mid,6.7,60,,9.2,211,57.7,5.1,2,1010,2
SUB-302979,2021-10-27,Quetta,53.0,Female,Prepaid,Low,0.1,114,39.0,19.8,0,25.5,0.6,1,620,0
SUB-300600,2023-10-12,Karachi,24.0,Female,Prepaid,High,61.3,168,50.0,43.3,5,59.9,62.3,0,1410,2
SUB-303919,2024-11-22,Quetta,,Male,Prepaid,Low,1.7,115,31.0,10.0,0,24.6,2.3,0,430,0
SUB-301522,2018-06-11,Lahore,27.0,Male,Prepaid,Low,2.6,202,0.0,12.2,0,16.4,2.0,1,460,1
SUB-303536,2022-06-04,Karachi,28.0,Male,Prepaid,Low,63.4,334,53.0,45.0,0,71.0,74.1,1,1700,0
SUB-301942,2018-04-15,Quetta,23.0,Female,Prepaid,High,41.1,164,38.0,63.7,9,63.9,57.3,0,2960,0
SUB-301488,2022-04-01,Sialkot,53.0,Female,Prepaid,Low,9.6,279,13.0,16.2,341,24.3,0.0,0,2070,2
SUB-301874,2018-11-17,Multan,53.0,Female,Prepaid,Mid,6.3,234,32.0,12.2,1,7.2,3.2,0,350,0
SUB-301930,2022-07-13,Peshawar,40.0,Female,Prepaid,Mid,1.4,119,12.0,15.6,3,37.4,3.7,0,500,0
SUB-303865,2020-11-02,Multan,27.0,Male,Prepaid,Mid,76.3,76,57.0,54.3,6,43.2,86.7,1,1290,0
SUB-303925,2024-06-07,Sialkot,45.0,Male,Prepaid,Mid,10.5,271,14.0,28.9,329,46.3,4.7,3,2520,1
SUB-303699,2025-06-28,Karachi,38.0,Male,Postpaid,High,20.0,1768,72.0,8.3,39,27.7,2.8,8,5090,0
SUB-302732,2021-09-04,Faisalabad,19.0,Male,Postpaid,Low,63.4,228,83.0,27.3,0,39.0,16.7,0,2100,1
SUB-300438,2026-04-24,Lahore,30.0,Female,Prepaid,Low,4.7,86,41.0,13.7,3,7.3,0.0,0,320,0
SUB-300681,2022-02-24,Quetta,60.0,Female,Prepaid,Mid,2.3,174,29.0,9.6,0,16.9,4.8,0,360,0
SUB-300763,2017-02-02,Lahore,24.0,Male,Prepaid,Low,38.5,120,0.0,64.8,2,62.5,34.1,0,1440,0
SUB-303974,2024-01-09,Karachi,23.0,Male,Prepaid,Low,70.0,256,23.0,63.1,0,83.9,77.4,0,2190,0
SUB-302914,2024-06-28,Quetta,60.0,Male,Prepaid,Low,2.2,100,23.0,11.3,0,0.7,3.4,0,340,0
SUB-303370,2021-05-20,Gujranwala,18.0,Female,Prepaid,Mid,54.3,78,1.0,56.5,0,70.0,57.5,1,2340,1
SUB-302459,2017-11-05,Rawalpindi,22.0,Male,Prepaid,Mid,133.6,318,51.0,62.6,0,62.6,54.4,1,2360,1
SUB-300650,2023-01-18,Lahore,24.0,Male,Prepaid,High,52.0,207,38.0,68.1,7,63.8,53.3,0,2430,0
SUB-302626,2025-12-29,Mirpur,50.0,Male,Prepaid,Low,8.0,176,10.0,16.6,458,21.1,0.9,2,1830,0
SUB-301562,2024-12-05,Karachi,28.0,Male,Postpaid,High,15.7,1212,64.0,15.8,26,23.9,13.3,4,4420,3
SUB-300276,2019-05-19,Rawalpindi,19.0,Male,Prepaid,High,98.0,142,65.0,60.2,0,47.5,77.3,0,2180,0
SUB-303782,2025-03-09,Peshawar,21.0,Female,Prepaid,Low,2.8,15,27.0,12.3,4,11.4,,0,270,1
SUB-301753,2018-06-14,Rawalpindi,,Female,Prepaid,Low,2.6,171,31.0,18.4,2,18.6,3.0,0,580,0
SUB-302027,2023-02-24,Gujranwala,62.0,Male,Prepaid,Low,0.1,36,38.0,10.9,1,40.1,1.0,1,590,0
SUB-303693,2020-11-13,Faisalabad,48.0,Male,Postpaid,High,5.4,1701,74.0,23.3,56,30.0,5.0,8,5060,2
SUB-301855,2022-10-18,Rawalpindi,51.0,Male,Postpaid,Low,7.4,309,50.0,15.2,358,39.6,15.0,0,1340,0
SUB-300492,2016-11-04,Lahore,41.0,Female,Postpaid,Mid,19.7,1361,91.0,14.7,29,31.8,5.3,13,2740,2
SUB-300693,2024-10-23,Multan,27.0,Female,Prepaid,High,102.9,94,92.0,64.8,0,35.7,69.5,0,1790,0
SUB-302283,2023-06-18,Faisalabad,22.0,Female,Prepaid,Mid,52.4,178,12.0,43.5,5,77.7,41.3,0,1100,0
SUB-302415,2019-06-14,Multan,24.0,Female,Prepaid,High,45.6,206,54.0,62.1,8,56.8,60.5,0,2360,1
SUB-300992,2019-08-07,Karachi,21.0,Female,Prepaid,,69.3,219,25.0,50.8,0,58.6,79.9,1,1140,0
SUB-301067,2020-05-03,Gujranwala,62.0,Male,Prepaid,Low,5.6,121,21.0,0.0,2,48.4,5.3,0,500,0
SUB-301888,2021-06-08,Gujranwala,37.0,Female,Prepaid,Mid,2.9,183,,18.2,3,57.4,,0,440,2
SUB-301008,2022-09-15,Quetta,47.0,Female,Postpaid,Low,13.9,1450,90.0,21.0,41,27.3,11.9,8,4680,1
SUB-302835,2020-09-12,Quetta,18.0,Female,Prepaid,High,70.6,336,33.0,51.1,0,54.6,55.6,0,2430,0
SUB-302032,2024-05-05,Karachi,29.0,Female,Prepaid,Low,5.3,333,53.0,13.1,0,32.2,0.9,0,460,0
SUB-300913,2025-06-16,Karachi,49.0,Male,PREPAID,Low,6.1,208,54.0,13.4,0,5.6,3.3,0,480,0
SUB-300323,2023-07-01,Islamabad,46.0,Female,Postpaid,High,25.8,1953,64.0,18.8,17,8.6,10.0,13,4600,0
SUB-302686,2019-09-05,Lahore,30.0,Female,Postpaid,Mid,31.2,1023,61.0,7.6,0,21.5,10.5,11,5560,2
SUB-302853,2022-07-24,Islamabad,47.0,Female,Prepaid,Low,4.5,56,0.0,19.2,2,23.7,2.7,0,380,0
SUB-300367,2018-03-11,Gujranwala,,Female,Prepaid,Low,6.2,0,7.0,12.6,1,38.1,2.9,0,490,0
SUB-301482,2017-04-07,Lahore,19.0,Male,Prepaid,High,75.5,173,41.0,66.8,0,64.4,65.9,0,2760,0
SUB-303637,2020-12-01,Multan,49.0,Female,Postpaid,Mid,33.5,1321,92.0,0.0,33,17.4,0.0,9,3070,0
SUB-302739,2017-06-12,Rawalpindi,25.0,Female,Prepaid,Mid,59.7,124,42.0,47.8,0,60.9,76.0,0,1760,0
SUB-303434,2017-08-12,Karachi,67.0,Male,Prepaid,Low,0.7,97,29.0,10.9,0,21.5,0.0,0,530,0
SUB-303584,2022-02-28,Multan,48.0,Female,Prepaid,High,5.8,161,37.0,10.7,2,54.1,0.9,0,290,1
SUB-300310,2019-07-28,Peshawar,55.0,Male,Prepaid,Low,15.9,290,21.0,23.6,391,40.3,6.7,2,2390,0
SUB-302136,2018-06-22,Multan,24.0,Male,Prepaid,High,86.3,337,67.0,64.5,0,81.3,90.4,0,2000,0
SUB-301151,2023-04-24,Karachi,27.0,Male,Prepaid,High,102.8,217,36.0,42.9,5,76.4,37.7,1,1810,0
SUB-302956,2026-01-28,Islamabad,29.0,Female,Postpaid,High,38.7,794,68.0,12.8,9,22.0,16.9,7,5110,0
SUB-300165,2018-08-18,Islamabad,,Male,Prepaid,Mid,53.6,231,48.0,49.5,8,65.9,73.2,0,1690,1
SUB-301329,2020-07-26,Karachi,36.0,Female,Prepaid,Low,7.1,198,33.0,9.2,0,27.9,,0,420,0
SUB-300237,2017-08-20,Mirpur,28.0,Male,Prepaid,Mid,100.0,158,61.0,41.2,0,57.2,58.8,0,1440,1
SUB-300510,2024-06-14,Islamabad,28.0,Male,Prepaid,Mid,75.7,243,68.0,64.4,0,72.6,36.7,0,1820,0
SUB-303019,2024-11-24,Mirpur,,Female,Postpaid,Low,2.5,151,33.0,6.9,1,33.2,0.2,0,530,1
SUB-301211,2022-07-25,Quetta,67.0,Male,Prepaid,Low,0.1,39,12.0,19.7,0,17.4,1.5,0,590,1
SUB-303830,2024-04-15,Karachi,33.0,Female,Prepaid,Mid,1.8,142,38.0,3.6,0,14.1,1.7,0,540,0
SUB-301821,2023-09-08,Gujranwala,23.0,Male,Postpaid,Mid,58.7,145,4.0,43.7,0,58.4,72.1,0,1790,0
SUB-301986,2024-11-13,Gujranwala,63.0,Male,Prepaid,Mid,4.7,38,29.0,6.3,1,52.1,2.3,0,670,1
SUB-301203,2022-12-02,Lahore,45.0,Male,Prepaid,Low,1.2,100,37.0,10.6,0,43.2,2.7,0,500,2
SUB-302704,2021-03-16,Multan,32.0,Male,Prepaid,Low,0.1,36,32.0,18.9,0,42.5,0.0,0,490,0
SUB-301148,2019-08-31,Lahore,21.0,Female,Prepaid,Low,55.7,204,29.0,54.7,8,50.3,63.3,0,2050,0
SUB-303765,2025-08-18,Gujranwala,28.0,Male,Prepaid,Mid,72.5,95,48.0,43.5,3,61.0,34.7,0,2410,0
SUB-303488,2018-05-05,Faisalabad,22.0,Male,Prepaid,Low,2.3,17,60.0,10.0,0,17.1,,0,340,0
SUB-301657,2017-03-23,Karachi,56.0,Male,Prepaid,Low,6.6,227,5.0,20.4,301,47.7,4.2,1,2210,0
SUB-302294,2019-07-20,Karachi,21.0,Female,Prepaid,Mid,63.6,245,34.0,48.4,3,65.5,63.8,0,2020,1
SUB-301767,2024-11-16,Sialkot,28.0,Male,Postpaid,Mid,91.8,290,1.0,50.3,0,66.9,47.4,0,2090,1
SUB-302582,2021-07-22,Sialkot,39.0,Male,Prepaid,Low,3.5,169,27.0,8.9,3,45.0,2.9,0,530,0
SUB-303872,2019-10-03,Gujranwala,62.0,Male,Postpaid,Mid,7.2,382,43.0,17.9,288,23.0,8.3,1,2810,1
SUB-303040,2017-06-12,Lahore,41.0,Male,Postpaid,High,26.8,1224,134.0,14.8,30,15.5,7.6,11,3570,2
SUB-300781,2020-10-31,Lahore,37.0,Female,Postpaid,High,38.6,1492,80.0,13.4,11,30.1,12.2,10,4670,2
SUB-300619,2020-01-30,Rawalpindi,33.0,Female,Prepaid,Mid,18.0,946,81.0,9.1,31,31.6,14.9,9,3870,1
SUB-302281,2021-04-21,Faisalabad,,Male,Prepaid,Mid,5.2,279,33.0,12.4,0,29.7,1.9,0,530,0
SUB-302721,2022-02-26,Multan,35.0,Male,Prepaid,Mid,11.4,289,3.0,33.9,293,41.5,0.8,1,2200,1
SUB-303143,2018-05-15,Faisalabad,68.0,Male,Prepaid,,3.0,179,22.0,6.8,0,38.5,2.0,0,370,1
SUB-300669,2023-09-30,Karachi,32.0,Female,Postpaid,Low,11.4,180,26.0,13.6,374,37.3,12.5,2,3000,0
SUB-302429,2021-03-27,Peshawar,44.0,Female,Prepaid,Mid,16.1,453,37.0,28.5,159,50.3,0.3,0,1980,0
SUB-302413,2016-11-09,Mirpur,47.0,Male,Postpaid,Low,10.3,151,,3.2,262,64.9,6.3,1,1630,1
SUB-302468,2018-10-19,Islamabad,27.0,Male,Prepaid,High,66.1,150,,56.8,1,60.3,92.7,1,1960,2
SUB-300474,2025-01-18,Sialkot,51.0,Male,Prepaid,Low,1.4,305,5.0,19.1,334,57.5,4.2,1,3310,1
SUB-300634,2021-04-21,Gujranwala,24.0,Female,Prepaid,Mid,39.4,187,34.0,61.6,0,52.2,61.8,0,2110,0
SUB-300836,2021-10-18,Faisalabad,55.0,Male,Postpaid,High,11.0,771,31.0,12.1,33,26.7,8.7,11,3700,0
SUB-302890,2024-06-30,Sialkot,26.0,Male,Prepaid,Low,5.1,165,34.0,13.8,3,30.5,5.8,0,390,0
SUB-300262,2021-11-18,Islamabad,52.0,Male,Postpaid,High,34.2,1841,125.0,9.8,14,34.5,10.4,12,1450,1
SUB-300066,2019-04-21,Gujranwala,28.0,Male,Prepaid,Low,0.1,140,49.0,16.5,0,10.2,0.0,0,310,0
SUB-302911,2022-01-27,Lahore,53.0,Male,Postpaid,High,33.6,1220,69.0,8.8,47,22.6,11.0,10,3700,1
SUB-301788,2019-05-20,Sialkot,62.0,Male,Prepaid,Low,2.7,177,21.0,4.9,1,33.4,0.9,0,310,0
SUB-301984,2024-10-10,Gujranwala,47.0,Female,Prepaid,Mid,2.4,78,18.0,6.6,1,29.8,1.4,0,670,0
SUB-300870,2025-04-24,Multan,22.0,Female,Prepaid,High,14.4,134,66.0,64.0,0,80.3,96.6,1,2710,0
SUB-302030,2022-08-08,Peshawar,19.0,Male,Prepaid,Mid,99.0,209,66.0,63.9,2,47.4,36.1,0,2350,0
SUB-303647,2020-09-16,Quetta,35.0,Female,Prepaid,Low,0.1,224,40.0,11.9,0,13.1,2.5,0,490,1
SUB-302775,2021-12-30,Mirpur,23.0,Female,Postpaid,Mid,1.6,111,22.0,8.6,3,59.2,0.0,0,400,0
SUB-303946,2021-10-29,Multan,36.0,Female,Prepaid,Low,1.5,278,6.0,15.6,2,41.7,0.1,0,310,0
SUB-300863,2019-09-04,Faisalabad,63.0,Male,Prepaid,Mid,9.7,255,13.0,12.9,189,46.6,11.6,1,1940,0
SUB-302553,2025-04-19,Lahore,36.0,Male,Postpaid,High,27.3,1195,79.0,18.0,19,19.7,,11,5470,2
SUB-300328,2024-06-30,Sialkot,25.0,Female,Prepaid,High,83.5,59,62.0,69.1,0,55.1,39.3,0,2130,1
SUB-303587,2018-07-04,Quetta,27.0,Male,Prepaid,High,91.7,122,52.0,41.1,0,61.0,46.2,1,1910,0
SUB-302431,2017-10-31,Karachi,23.0,Male,Prepaid,High,105.6,176,64.0,46.4,0,59.0,18.2,0,2390,0
SUB-302029,2017-01-24,Multan,46.0,Male,Prepaid,Low,3.0,201,25.0,0.0,0,38.3,0.8,0,480,0
SUB-301611,2017-07-04,Karachi,20.0,Female,Prepaid,Mid,73.2,112,36.0,45.7,0,62.5,72.9,0,1960,1
SUB-301108,2022-12-28,Lahore,34.0,Female,Prepaid,Low,4.7,75,12.0,5.1,1,36.5,4.5,0,690,1
SUB-302354,2017-10-01,Gujranwala,24.0,Male,Prepaid,Low,3.5,140,30.0,7.7,1,44.6,0.3,0,590,0
SUB-303870,2023-06-23,Peshawar,28.0,Male,Prepaid,Low,4.4,76,11.0,15.1,0,37.1,3.3,0,390,0
SUB-303317,2023-02-06,Karachi,23.0,Male,Prepaid,High,76.9,143,53.0,56.2,4,63.7,58.0,1,1740,0
SUB-302985,2021-02-05,Peshawar,53.0,Female,Prepaid,Low,1.1,94,11.0,12.7,0,41.3,0.0,0,330,0
SUB-303879,2017-05-11,Karachi,47.0,Female,Postpaid,Mid,29.0,1345,,26.0,66,29.8,3.7,12,4760,0
SUB-301220,2023-03-04,Quetta,65.0,Male,Prepaid,Low,2.6,59,70.0,12.2,0,62.7,2.6,0,530,1
SUB-301689,2018-07-25,Karachi,25.0,Male,Prepaid,Mid,59.6,132,,47.0,0,64.7,67.2,0,2110,0
SUB-300260,2017-04-09,Gujranwala,50.0,Male,Prepaid,Mid,12.6,184,2.0,17.4,262,26.5,10.3,3,1940,0
SUB-303263,2024-02-16,Gujranwala,,Male,Prepaid,Mid,75.5,217,28.0,45.2,5,46.5,51.3,0,1480,0
SUB-301808,2018-07-20,Karachi,27.0,Female,Prepaid,Mid,31.1,102,40.0,35.4,3,63.4,68.1,1,2210,1
SUB-301362,2024-03-12,Mirpur,52.0,Male,Prepaid,Low,6.5,88,30.0,7.5,2,21.7,0.0,0,400,0
SUB-302759,2018-01-11,Lahore,26.0,Male,Prepaid,High,72.9,127,83.0,64.3,0,52.2,48.7,1,1950,0
SUB-301043,2019-05-21,Gujranwala,21.0,Male,Prepaid,Low,1.5,140,23.0,7.1,0,54.1,1.6,0,480,0
SUB-300769,2023-01-07,Rawalpindi,35.0,Male,Prepaid,Mid,25.5,1589,82.0,20.9,0,44.8,4.9,10,4560,0
SUB-301625,2025-01-07,Islamabad,37.0,Female,Prepaid,High,6.4,1101,71.0,10.0,13,26.2,9.0,9,3590,1
SUB-301705,2020-07-17,Faisalabad,36.0,Female,Prepaid,Low,0.1,139,24.0,0.0,1,31.3,5.5,0,360,1
SUB-303018,2016-10-10,Karachi,24.0,Female,Prepaid,High,69.5,287,63.0,57.6,8,56.6,32.8,0,1480,0
SUB-302233,2024-10-11,Peshawar,57.0,Male,Prepaid,Low,4.5,199,41.0,20.2,0,23.1,3.6,0,570,0
SUB-303941,2020-03-24,Lahore,31.0,Female,Postpaid,High,22.3,1864,66.0,12.6,33,16.5,6.3,12,5780,0
SUB-300754,2026-02-10,Lahore,32.0,Male,Postpaid,High,24.2,591,70.0,11.0,47,11.2,4.1,12,3240,0
SUB-302110,2024-03-20,Faisalabad,30.0,Female,Prepaid,Low,7.2,60,20.0,6.9,1,50.4,0.5,0,410,0
SUB-303250,2026-03-27,Lahore,30.0,Male,Prepaid,High,3.2,288,38.0,0.0,0,29.6,3.7,0,600,0
SUB-302329,2018-10-28,Islamabad,67.0,Male,Prepaid,Low,4.7,141,62.0,20.9,0,25.0,0.9,0,330,0
SUB-301605,2021-09-21,Multan,45.0,Female,Prepaid,Low,1.2,87,25.0,6.8,1,28.9,2.7,0,260,0
SUB-303708,2017-04-14,Lahore,24.0,Female,Prepaid,Low,3.6,99,17.0,9.8,0,14.8,1.8,0,380,0
SUB-300883,2025-06-07,Lahore,50.0,Female,Prepaid,Mid,3.3,124,31.0,13.5,0,42.7,2.9,0,420,1
SUB-302799,2025-03-23,Rawalpindi,53.0,Female,Prepaid,Low,15.9,115,58.0,26.0,304,43.9,9.9,2,2050,0
SUB-302105,2025-04-14,Islamabad,29.0,Female,Postpaid,High,14.8,1427,64.0,15.9,33,23.0,10.3,7,3870,1
SUB-300288,2016-07-07,Sialkot,52.0,Female,Postpaid,Low,0.1,34,53.0,15.7,3,46.8,3.0,0,420,0
SUB-300226,2023-01-29,Faisalabad,57.0,Male,Prepaid,Low,1.2,66,22.0,0.0,3,13.2,1.5,0,410,1
SUB-301995,2018-08-08,Karachi,41.0,Male,Postpaid,Mid,36.9,1137,115.0,15.1,86,25.6,12.5,4,4370,0
SUB-300954,2025-12-23,Karachi,22.0,Male,Prepaid,High,77.0,273,45.0,57.6,0,71.4,21.5,1,1550,1
SUB-301767,2024-11-16,Sialkot,28.0,Male,Postpaid,Mid,91.8,290,1.0,50.3,0,66.9,47.4,0,2090,1
SUB-300544,2019-06-17,Rawalpindi,44.0,Male,Prepaid,Low,5.3,5,4.0,9.9,1,22.3,0.1,0,180,0
SUB-303021,2022-01-05,Mirpur,54.0,Male,Prepaid,Low,8.4,492,31.0,18.5,406,40.0,0.0,2,2830,0
SUB-303118,2025-06-01,Faisalabad,38.0,Female,Prepaid,Low,1.8,70,42.0,12.4,0,26.2,2.3,0,420,0
SUB-301218,2024-07-27,Multan,34.0,Male,Prepaid,Low,5.7,268,45.0,13.4,1,33.9,1.4,1,570,1
SUB-301512,2017-07-27,Faisalabad,62.0,Male,Prepaid,Mid,7.9,196,22.0,33.5,157,43.9,10.5,0,1470,1
SUB-303356,2018-04-16,Sialkot,42.0,Male,Prepaid,Mid,11.8,381,32.0,15.3,312,50.4,3.4,0,2540,0
SUB-301198,2018-09-26,Karachi,23.0,Male,Prepaid,High,89.7,172,65.0,71.9,0,62.2,68.0,0,1310,2
SUB-301107,2022-02-10,Mirpur,46.0,Male,Prepaid,High,10.7,1032,111.0,0.0,39,27.4,7.9,9,3500,0
SUB-300688,2019-02-25,Mirpur,43.0,Male,Prepaid,Mid,2.8,149,38.0,20.7,342,52.7,8.1,5,2310,1
SUB-302077,2019-06-28,Rawalpindi,33.0,Male,Prepaid,Low,5.6,212,9.0,16.7,260,28.1,9.0,1,1690,1
SUB-301952,2024-05-12,Mirpur,,Male,Prepaid,Mid,15.9,262,15.0,32.1,326,21.1,7.4,5,2340,1
SUB-302535,2022-08-25,Lahore,30.0,Male,Postpaid,Low,10.6 GB,1159,95.0,14.3,0,41.5,2.0,14,3620,1
SUB-303319,2025-07-21,Karachi,24.0,Female,Prepaid,Low,105.8,215,23.0,55.5,0,77.4,82.1,1,1940,0
SUB-302084,2025-07-23,Rawalpindi,30.0,Female,Postpaid,High,28.7,1501,29.0,1.8,4,36.1,21.5,2,5400,1
SUB-301162,2017-03-09,Islamabad,44.0,Male,Postpaid,High,35.4,1416,120.0,11.2,13,38.6,9.9,9,3670,0
SUB-303922,2019-09-02,Sialkot,22.0,Female,Prepaid,Low,3.8,75,30.0,15.8,0,37.6,,0,440,0
SUB-303196,2026-02-13,Mirpur,32.0,Female,Prepaid,Low,0.1,188,43.0,23.6,0,46.0,2.8,0,370,1
SUB-303391,2018-03-28,Quetta,24.0,Male,Prepaid,Low,73.4,153,27.0,65.1,0,58.5,62.3,1,1080,0
SUB-303431,2024-08-08,Sialkot,26.0,Male,Prepaid,High,66.2,168,66.0,45.9,8,41.4,78.7,1,2290,1
SUB-302391,2022-01-01,Sialkot,26.0,Male,Prepaid,High,63.9,180,37.0,58.3,3,56.3,69.0,1,1590,0
SUB-303455,2019-11-06,Rawalpindi,56.0,Female,Prepaid,Low,1.8,124,43.0,2.8,0,48.7,0.0,0,510,1
SUB-302550,2020-07-12,Multan,27.0,Male,Prepaid,Mid,89.1,0,,61.5,9,70.3,95.9,0,2180,1
SUB-302095,2022-08-22,Mirpur,26.0,Female,Prepaid,Low,2.8,211,17.0,12.6,0,24.2,1.5,0,310,0
SUB-302784,2024-05-21,Peshawar,37.0,Male,Prepaid,Low,1.3,154,29.0,19.7,0,25.7,1.7,0,500,0
SUB-300348,2020-01-31,Gujranwala,23.0,Female,Prepaid,High,92.0,207,16.0,53.1,7,60.0,53.6,0,1610,0
SUB-301766,2024-08-14,Lahore,55.0,Female,Postpaid,High,6.4,2066,70.0,10.3,27,25.9,0.3,4,5390,1
SUB-301437,2020-04-21,Lahore,39.0,Female,Prepaid,Low,4.0,71,,2.0,0,46.6,0.9,0,320,0
SUB-300331,2024-04-03,Faisalabad,29.0,Male,Prepaid,Mid,2.0,237,53.0,4.2,3,30.5,0.4,1,270,0
SUB-300156,2019-07-19,Quetta,38.0,Female,Prepaid,Low,9.2,298,22.0,22.1,222,28.8,4.2,0,2260,2
SUB-301337,2018-01-04,Faisalabad,33.0,Female,Prepaid,Mid,12.8,249,15.0,28.3,253,28.6,,0,3260,1
SUB-302647,2021-10-26,Karachi,20.0,Male,Prepaid,High,57.1,103,72.0,62.0,6,49.4,46.6,0,1850,0
SUB-303853,2025-09-08,Multan,47.0,Male,Prepaid,Low,5.4,225,24.0,1.5,1,28.9,1.0,0,480,0
SUB-301513,2020-09-04,Lahore,19.0,Male,Prepaid,Mid,122.4,324,31.0,66.5,6,61.6,45.7,0,1890,0
SUB-303201,2021-08-24,Islamabad,37.0,Male,Postpaid,Mid,27.8,538,29.0,14.1,39,29.6,13.5,6,4110,0
SUB-301654,2023-09-27,Karachi,22.0,Female,Prepaid,Mid,87.5,316,,49.3,0,70.0,52.3,0,2630,0
SUB-301510,2023-05-20,Karachi,20.0,Male,Prepaid,High,79.0,302,22.0,44.0,0,61.6,55.3,1,2260,0
SUB-300087,2021-08-04,Multan,43.0,Male,Prepaid,Low,3.6,114,43.0,12.2,0,19.1,0.0,0,610,2
SUB-300042,2022-04-13,Gujranwala,26.0,Male,Prepaid,Mid,84.5,231,11.0,62.4,0,65.7,42.3,0,2060,1
SUB-300163,2019-09-22,Faisalabad,52.0,Male,Prepaid,Low,4.3,123,9.0,4.6,0,94.6,0.0,0,600,0
SUB-301988,2019-01-15,Mirpur,48.0,Male,Prepaid,Low,0.1,96,0.0,3.5,0,35.8,0.0,0,430,0
SUB-301629,2020-07-27,Sialkot,30.0,Female,Prepaid,Mid,2.3,54,39.0,11.5,1,17.4,0.4,0,470,0
SUB-303101,2021-11-03,Lahore,43.0,Male,Postpaid,High,27.5,1321,104.0,22.1,26,31.2,9.7,13,4290,1
SUB-302365,2024-05-22,Quetta,27.0,Male,Prepaid,Low,4.1,89,31.0,6.1,0,59.2,2.6,0,650,0
SUB-300005,2017-03-16,Peshawar,52.0,Male,Prepaid,Mid,16.7,416,24.0,16.4,245,49.0,3.4,1,2100,0
SUB-301817,2018-11-09,Gujranwala,42.0,Male,Prepaid,Low,4.0,67,0.0,7.2,3,24.4,1.3,0,510,0
SUB-301280,2020-09-03,Peshawar,33.0,Male,Prepaid,Low,4.8,146,12.0,8.2,0,58.3,2.4,0,440,1
SUB-301886,2016-07-03,Gujranwala,30.0,Male,Prepaid,Low,0.1,287,38.0,10.0,0,34.6,0.0,0,550,0
SUB-302215,2021-08-03,Islamabad,24.0,Female,Prepaid,High,62.6,155,56.0,60.9,11,50.1,53.6,0,2060,2
SUB-301927,2023-04-20,Faisalabad,40.0,Male,Prepaid,Low,5.4,176,38.0,11.9,5,14.4,2.8,0,470,0
SUB-300021,2017-05-25,Quetta,28.0,Male,Prepaid,Low,94.9,63,78.0,53.8,0,72.3,85.7,0,1550,2
SUB-300752,2023-02-28,Rawalpindi,57.0,Female,Prepaid,Low,7.4,108,11.0,11.5,0,25.5,1.9,0,350,0
SUB-303082,2017-04-05,Quetta,53.0,Male,Prepaid,Low,7.0,173,37.0,12.1,1,40.5,0.0,0,540,1
SUB-300775,2017-06-02,Sialkot,25.0,Male,Prepaid,Low,3.8,127,0.0,7.8,0,36.4,0.3,0,310,0
SUB-302829,2024-05-03,Sialkot,54.0,Male,Prepaid,Low,0.1,196,28.0,19.0,2,10.1,1.2,0,630,1
SUB-303193,2017-04-21,Sialkot,53.0,Female,Prepaid,Low,2.0,70,36.0,4.4,0,60.4,1.5,0,580,1
SUB-303776,2019-12-29,Faisalabad,55.0,Male,Prepaid,High,6.3,1620,78.0,1.4,19,21.5,12.0,6,6490,1
SUB-300991,2021-06-12,Mirpur,24.0,Male,Prepaid,Mid,83.5,128,28.0,43.9,0,54.6,71.3,0,1400,0
SUB-301022,2023-08-29,Rawalpindi,,Male,Prepaid,Low,80.6,143,0.0,41.2,7,81.3,56.7,0,2070,1
SUB-302357,2024-06-20,Rawalpindi,30.0,Male,Prepaid,Low,6.0,217,73.0,5.2,1,17.4,1.1,0,600,0
SUB-301582,2023-02-17,Islamabad,25.0,Female,Postpaid,Low,59.9,215,39.0,51.0,0,56.5,37.0,1,1240,1
SUB-303606,2018-07-06,Rawalpindi,22.0,Male,Prepaid,Low,72.4,175,44.0,45.8,0,55.4,101.0,1,1820,0
SUB-301372,2018-12-10,Peshawar,38.0,Male,Prepaid,High,2.3,135,29.0,14.9,2,10.6,2.1,0,470,2
SUB-302001,2020-07-02,Islamabad,29.0,Male,Postpaid,Mid,30.1,1817,70.0,8.4,19,19.8,15.5,9,3730,0
SUB-303684,2016-09-09,Mirpur,64.0,Female,Prepaid,Mid,3.1,72,57.0,7.4,1,39.5,0.8,0,340,0
SUB-300921,2023-02-04,Rawalpindi,21.0,Male,Prepaid,Low,3.0,148,9.0,7.1,2,22.0,3.5,0,280,0
SUB-302918,2019-01-27,Quetta,62.0,Male,Prepaid,Mid,5.8,279,17.0,18.4,450,43.5,1.0,2,2020,0
SUB-300335,2016-12-11,Karachi,20.0,Male,Prepaid,Mid,7.7,131,53.0,47.0,5,72.5,45.7,0,2070,1
SUB-302833,2022-07-03,Karachi,19.0,Male,Prepaid,High,83.1,115,38.0,63.3,0,58.8,66.1,0,1910,1
SUB-302602,2019-05-16,Gujranwala,61.0,Female,Prepaid,Low,3.7,129,6.0,10.3,0,33.3,2.6,0,340,0
SUB-300213,2016-08-31,Karachi,43.0,Male,Postpaid,Mid,21.7,1685,50.0,14.5,28,22.9,10.2,5,4630,0
SUB-303521,2018-12-24,Karachi,42.0,Male,Postpaid,High,14.0,1377,40.0,12.0,63,15.9,13.0,11,4480,0
SUB-300661,2019-12-03,Lahore,26.0,Male,Prepaid,Low,7.1,130,37.0,18.0,1,39.8,0.6,0,360,1
SUB-303943,2026-02-16,Mirpur,21.0,Male,Prepaid,Mid,51.0,93,62.0,62.1,8,63.9,17.6,2,1550,0
SUB-302765,2026-01-25,Karachi,27.0,Female,Prepaid,High,84.4,71,88.0,57.0,11,58.0,35.1,0,2360,1
SUB-303527,2021-01-07,Karachi,59.0,Female,Prepaid,Mid,3.8,168,19.0,3.0,0,35.8,2.5,0,600,0
SUB-302008,2018-09-22,Karachi,36.0,Male,Prepaid,High,29.0,1235,82.0,18.5,52,32.1,6.1,9,4240,3
SUB-301318,2020-05-16,Multan,58.0,Male,Prepaid,Mid,13.7,186,36.0,15.5,343,55.0,14.7,1,1430,0
SUB-302871,2025-10-08,Islamabad,22.0,Male,Prepaid,Mid,48.5,45,7.0,50.4,6,50.1,54.2,0,1290,0
SUB-301972,2018-01-26,Islamabad,20.0,Male,Prepaid,Low,120.9,151,0.0,71.2,4,56.6,,0,1920,0
SUB-302982,2017-11-20,Sialkot,38.0,Male,Prepaid,Low,7.9,156,0.0,11.3,238,4.3,6.4,3,2900,0
SUB-300178,2018-03-17,Multan,37.0,Male,Postpaid,Mid,28.4,740,91.0,13.2,12,24.9,9.8,11,3940,0
SUB-303191,2017-12-22,Karachi,48.0,Male,Postpaid,Mid,19.9,1343,26.0,9.9,62,13.1,3.3,3,3900,0
SUB-303297,2021-07-09,Sialkot,59.0,Male,Prepaid,Mid,8.8,425,0.0,12.4,428,37.8,4.8,0,2290,1
SUB-300607,2017-08-01,Islamabad,27.0,Male,Prepaid,Mid,76.0,58,,74.1,3,53.4,55.3,0,2180,1
SUB-303741,2022-11-20,Karachi,19.0,Male,Prepaid,High,65.0,264,2.0,58.6,8,72.8,78.8,1,2890,0
SUB-301206,2019-07-28,Lahore,51.0,Female,Postpaid,High,25.3,1232,42.0,15.9,38,25.5,11.9,12,3820,2
SUB-303403,2026-02-24,Mirpur,45.0,Male,Prepaid,Low,1.8,40,15.0,7.2,2,21.2,2.0,0,260,1
SUB-303349,2017-07-11,Gujranwala,53.0,Male,Prepaid,Low,2.8,192,45.0,1.4,4,51.0,2.0,0,260,1
SUB-303051,2023-04-04,Islamabad,21.0,Male,Postpaid,Mid,34.6,266,45.0,56.9,1,55.1,58.2,2,2240,0
SUB-302881,2024-10-08,Rawalpindi,23.0,Female,Prepaid,Mid,42.1,253,0.0,53.8,0,46.3,48.7,0,2160,2
SUB-302656,2024-09-07,Gujranwala,31.0,Male,Postpaid,High,15.0,1693,67.0,17.2,1,34.1,11.7,9,4290,2
SUB-302646,2017-03-10,Sialkot,66.0,Male,Postpaid,Low,4.3,160,40.0,6.6,1,21.0,0.0,0,370,1
SUB-302013,2019-08-30,Islamabad,46.0,Female,Postpaid,Mid,21.3,1386,76.0,14.4,0,29.4,5.0,14,3250,1
SUB-303283,2016-11-24,Sialkot,59.0,Male,Prepaid,Low,11.7,210,34.0,6.9,317,42.0,7.9,1,2160,0
SUB-300922,2022-06-28,Islamabad,33.0,Female,Postpaid,High,32.5,1213,62.0,1.2,4,46.9,9.1,9,5990,3
SUB-300059,2018-09-14,Multan,20.0,Male,Prepaid,High,57.5,165,,47.9,2,62.7,39.8,0,2240,0
SUB-303546,2021-06-25,Sialkot,30.0,Female,Prepaid,Low,3.7,33,30.0,9.2,2,33.7,2.2,0,530,0
SUB-302783,2026-01-06,Islamabad,,Male,Prepaid,High,14.3,1745,82.0,16.5,9,13.8,0.0,8,5610,3
SUB-300247,2017-06-27,Lahore,28.0,Male,Prepaid,Low,61.8,199,72.0,44.6,4,66.0,33.3,1,2200,0
SUB-303831,2023-11-02,Lahore,27.0,Male,Prepaid,Mid,80.6,221,39.0,54.9,7,61.1,99.7,0,1870,0
SUB-300303,2021-04-30,Faisalabad,22.0,Female,Prepaid,Low,81.3,130,71.0,42.1,1,83.0,18.7,0,1620,1
SUB-300287,2020-02-24,Quetta,57.0,Male,Prepaid,Low,6.5,119,47.0,8.9,6,32.6,1.5,0,390,0
SUB-303678,2020-05-30,Karachi,25.0,Male,Prepaid,Mid,95.4,133,,54.7,0,49.7,71.3,1,2110,0
SUB-301672,2017-06-27,Lahore,56.0,Female,Prepaid,Mid,7.8,243,30.0,23.0,157,36.3,7.7,0,1830,0
SUB-301931,2025-04-15,Islamabad,22.0,Male,Prepaid,High,111.9,128,34.0,35.7,5,53.4,72.9,0,2000,0
SUB-300520,2026-04-24,Sialkot,45.0,Male,Prepaid,Low,11.2,191,,18.5,165,49.5,1.7,0,2090,0
SUB-301644,2024-09-11,Karachi,28.0,Male,Postpaid,,10.9,1003,119.0,9.3,24,42.9,11.0,8,3580,2
SUB-303643,2021-07-28,Sialkot,30.0,Male,Prepaid,Low,4.3,304,0.0,2.6,0,40.4,4.8,0,370,0
SUB-301520,2025-05-25,Rawalpindi,62.0,Male,Prepaid,Low,4.7,206,29.0,7.4,0,4.7,3.2,0,440,0
SUB-301837,2022-11-22,Sialkot,46.0,Male,Prepaid,Mid,6.7,370,40.0,10.8,257,5.7,2.3,1,2330,0
SUB-302789,2026-03-17,Gujranwala,34.0,Male,Prepaid,Low,0.2,74,,15.3,3,38.2,0.6,0,470,1
SUB-301573,2025-10-14,Multan,36.0,Female,Prepaid,High,18.5,1477,0.0,12.2,0,22.6,6.2,6,3450,1
SUB-303291,2017-08-15,Lahore,47.0,Male,Postpaid,High,24.7,1030,64.0,8.4,12,10.5,8.2,12,3350,3
SUB-303154,2021-06-03,Gujranwala,53.0,Male,Postpaid,Mid,10.1,247,36.0,31.0,251,60.3,6.3,2,1890,1
SUB-300699,2019-03-07,Multan,26.0,Male,Postpaid,,67.4,198,36.0,52.6,1,66.5,42.1,0,2220,1
SUB-303773,2016-11-04,Quetta,35.0,Female,Prepaid,Low,5.2,74,,9.3,2,25.4,2.7,0,420,3
SUB-303061,2017-03-20,Mirpur,51.0,Female,Prepaid,Mid,10.1,221,32.0,21.4,418,28.3,0.2,0,1200,0
SUB-303903,2020-04-05,Karachi,38.0,Male,Postpaid,High,6.3,1548,52.0,11.6,29,30.0,6.8,5,4450,1
SUB-302047,2018-12-27,Quetta,36.0,Female,Prepaid,Low,2.9,141,20.0,7.8,0,20.0,0.0,0,540,0
SUB-302455,2025-08-21,Lahore,20.0,Female,PREPAID,,32.7,183,63.0,48.2,1,49.5,61.8,0,2470,0
SUB-303668,2019-06-05,Faisalabad,20.0,Female,Postpaid,Mid,79.0,205,50.0,39.6,1,47.8,34.6,0,2190,0
SUB-303714,2019-11-18,Quetta,62.0,Male,Prepaid,Low,3.5,167,42.0,8.2,5,8.1,4.3,0,550,0
SUB-302053,2024-03-05,Peshawar,62.0,Male,Prepaid,Low,1.1,124,46.0,14.7,0,18.7,2.5,0,480,0
SUB-300403,2022-02-11,Rawalpindi,45.0,Male,Postpaid,High,11.7,1106,114.0,7.6,12,22.9,1.6,11,3390,1
SUB-300025,2021-01-23,Quetta,51.0,Male,Prepaid,Mid,7.1,189,48.0,19.5,0,37.6,2.9,0,310,0
SUB-303013,2022-01-15,Quetta,30.0,Male,Prepaid,Low,0.1,114,58.0,17.4,1,11.7,1.2,0,420,0
SUB-301394,2025-02-17,Karachi,37.0,Male,Postpaid,High,10.6,814,55.0,10.9,18,15.9,0.8,9,5210,1
SUB-301993,2023-10-03,Peshawar,20.0,Female,Prepaid,High,82.3,208,78.0,69.6,0,52.6,40.5,0,1980,0
SUB-302423,2024-10-21,Karachi,21.0,Male,Prepaid,High,69.9,148,109.0,42.1,4,64.0,68.2,0,1530,0
SUB-301039,2024-02-20,Lahore,21.0,Male,Prepaid,Mid,79.7,117,51.0,47.0,2,63.2,29.2,0,2980,0
SUB-302014,2020-03-19,Quetta,26.0,Female,Prepaid,Mid,69.8,271,41.0,37.0,2,52.0,62.7,0,2570,0
SUB-303952,2025-01-25,Multan,45.0,Male,Prepaid,Low,0.1,99,21.0,14.4,4,0.0,1.4,0,450,0
SUB-303928,2020-02-03,Mirpur,61.0,Male,Prepaid,Low,0.1,186,18.0,3.4,0,18.2,1.0,0,440,0
SUB-300219,2020-03-05,Faisalabad,28.0,Male,Prepaid,High,63.1,85,15.0,67.6,0,49.0,46.6,0,2030,0
SUB-303583,2020-04-07,Karachi,,Female,Prepaid,Low,34.5,165,46.0,42.4,9,76.4,56.7,0,2340,1
SUB-301292,2023-07-16,Rawalpindi,58.0,Female,Prepaid,High,10.7,174,38.0,23.9,358,35.6,8.7,4,2740,0
SUB-300707,2023-08-12,Karachi,23.0,Male,Prepaid,High,64.9,91,61.0,68.8,8,47.3,50.6,0,2390,0
SUB-300242,2023-12-21,Karachi,25.0,Male,Prepaid,High,136.6,234,48.0,54.5,0,43.0,55.5,0,2250,1
SUB-302613,2020-10-08,Mirpur,42.0,Male,Prepaid,High,9.8,300,1.0,14.7,60,44.7,4.6,0,2660,0
SUB-303972,2018-04-16,Karachi,62.0,Female,Prepaid,Low,11.5,219,23.0,23.5,511,22.8,0.5,2,2040,0
SUB-303264,2023-11-05,Sialkot,58.0,Male,Prepaid,Mid,7.1,370,8.0,23.5,378,42.4,6.1,2,1530,0
SUB-302518,2021-07-01,Gujranwala,55.0,Male,Prepaid,High,12.9,273,28.0,16.2,383,41.3,8.9,1,1250,1
SUB-300316,2021-09-29,Karachi,55.0,Male,Postpaid,Mid,21.0,1305,42.0,0.9,3,38.0,8.7,10,1360,1
SUB-302425,2023-07-06,Sialkot,23.0,Female,Prepaid,Low,3.8,159,41.0,15.5,1,65.1,2.6,1,560,0
SUB-303791,2023-03-25,Gujranwala,64.0,Female,Prepaid,Low,0.1,176,5.0,8.1,3,40.2,,0,520,0
SUB-303233,2024-04-19,Islamabad,48.0,Female,POSTPAID,High,23.0,1403,70.0,6.1,16,35.0,10.8,6,4580,1
SUB-301895,2023-12-25,Faisalabad,62.0,Female,Prepaid,Mid,6.6,190,34.0,11.5,518,34.2,10.0,3,1910,0
SUB-303736,2022-07-18,Multan,39.0,Female,Prepaid,Low,5.2,192,26.0,13.8,307,39.4,7.5,0,1690,1
SUB-301425,2020-05-25,Rawalpindi,,Female,Prepaid,High,148.5,222,53.0,39.5,7,70.8,62.1,1,1530,0
SUB-303507,2016-09-19,Karachi,22.0,Female,Prepaid,Mid,76.0,189,50.0,38.0,4,82.2,36.0,0,1920,2
SUB-300001,2019-03-18,Islamabad,40.0,Male,Postpaid,Mid,13.9,1534,75.0,22.3,37,30.9,3.9,6,4260,0
SUB-302645,2020-05-21,Gujranwala,40.0,Female,Prepaid,Low,14.9,358,,19.5,499,36.6,6.1,1,2300,0
SUB-303127,2026-01-26,Multan,25.0,Male,Prepaid,High,68.4,278,58.0,53.7,9,82.6,83.6,0,1370,0
SUB-303518,2022-01-30,Karachi,24.0,Male,Prepaid,,1.7,143,18.0,18.7,2,41.0,2.8,0,410,0
SUB-301184,2024-04-10,Peshawar,23.0,Male,Prepaid,High,89.1,196,34.0,61.8,11,67.2,63.7,0,2210,0
SUB-302820,2023-12-23,Islamabad,27.0,Male,Prepaid,High,45.8,147,,54.8,1,59.7,70.1,0,1980,0
SUB-303308,2018-08-10,Gujranwala,69.0,Male,Prepaid,Low,4.8,202,43.0,14.9,3,17.2,1.6,0,540,1
SUB-301087,2025-09-10,Mirpur,43.0,Male,Postpaid,High,17.5,1306,97.0,11.2,44,27.0,12.8,15,5400,1
SUB-300625,2017-06-23,Sialkot,28.0,Male,Prepaid,High,97.3,86,0.0,55.5,0,59.7,68.7,0,2180,0
SUB-303177,2018-01-01,Quetta,23.0,Female,Prepaid,Mid,58.1,40,52.0,58.9,3,74.1,66.4,1,1080,0
SUB-302400,2021-11-12,Karachi,27.0,Female,Prepaid,Low,3.9,171,29.0,8.3,0,15.8,2.1,0,450,2
SUB-300436,2022-07-31,Lahore,20.0,Male,Prepaid,Mid,53.2,269,45.0,58.0,1,60.9,85.9,0,2160,0
SUB-302081,2017-05-15,Quetta,37.0,Male,Prepaid,Low,4.6,99,0.0,7.9,3,0.0,1.4,0,290,0
SUB-301906,2019-02-05,Sialkot,41.0,Female,Postpaid,High,8.1,254,29.0,21.3,355,49.0,8.7,0,1760,2
SUB-301212,2020-12-21,Sialkot,24.0,Male,Prepaid,,72.1,191,93.0,53.9,2,55.6,19.7,1,1600,3
SUB-300912,2022-11-01,Mirpur,42.0,Male,Prepaid,Low,0.5,5,24.0,23.5,1,33.6,0.0,0,280,0
SUB-303777,2019-08-15,Lahore,,Female,Prepaid,Low,2.5,99,3.0,15.0,3,48.3,,0,410,0
SUB-302709,2023-10-28,Gujranwala,41.0,Male,Prepaid,Low,5.5,304,,24.9,366,31.4,3.3,3,1840,1
SUB-303494,2023-12-08,Lahore,23.0,Female,Prepaid,Mid,91.3,285,57.0,61.3,1,68.7,41.3,0,1550,0
SUB-303600,2024-11-21,Peshawar,53.0,Male,Prepaid,Mid,1.5,113,28.0,17.6,2,25.4,,1,470,1
SUB-301779,2017-04-05,Rawalpindi,,Male,Postpaid,Mid,13.2,1450,53.0,8.6,5,36.6,0.0,10,4610,0
SUB-300449,2019-03-22,Sialkot,,Female,Prepaid,Low,13.5,176,,16.5,451,41.6,5.9,2,1770,1
SUB-301792,2018-05-25,Karachi,,Male,Postpaid,High,19.8,831,71.0,8.4,34,29.3,1.2,4,3400,0
SUB-300698,2025-05-25,Rawalpindi,27.0,Female,Postpaid,Low,108.3,155,37.0,69.1,9,56.6,46.2,0,1300,0
SUB-303745,2021-06-04,Lahore,24.0,Male,Prepaid,Mid,78.7,53,2.0,56.8,5,60.9,74.4,0,2040,0
SUB-300031,2016-10-17,Sialkot,49.0,Male,Prepaid,Low,2.4,115,23.0,13.0,242,40.1,4.4,0,1810,0
SUB-300768,2023-07-10,Sialkot,32.0,Male,Prepaid,Low,2.4,242,2.0,28.8,310,23.4,8.0,1,1980,0
SUB-300395,2018-01-22,Islamabad,39.0,Male,Postpaid,High,27.3,1556,75.0,24.7,39,12.2,13.3,10,4140,0
SUB-303739,2022-01-06,Sialkot,66.0,Female,Prepaid,Low,3.9,105,30.0,13.0,0,26.7,1.1,0,520,0
SUB-302119,2024-01-20,Peshawar,20.0,Female,Prepaid,Mid,67.6,179,55.0,55.6,9,67.3,29.0,0,2200,1
SUB-300314,2022-05-23,Lahore,60.0,Male,Prepaid,Low,1.3,241,30.0,6.7,0,14.6,3.7,0,680,0
SUB-303900,2022-07-20,Rawalpindi,30.0,Male,Postpaid,Mid,26.5,1654,67.0,12.9,42,33.0,9.4,10,3820,0
SUB-301610,2024-08-31,Gujranwala,34.0,Male,Prepaid,Low,3.9,191,55.0,7.6,0,21.0,1.0,0,370,0
SUB-301811,2023-07-14,Mirpur,27.0,Male,Prepaid,Low,5.4,208,,3.9,0,31.2,1.1,0,430,1
SUB-301922,2021-02-12,Peshawar,45.0,Male,Prepaid,Mid,22.7,1782,114.0,10.2,21,21.0,1.0,7,6900,1
SUB-302513,2021-05-18,Multan,63.0,Female,Postpaid,Low,7.9,146,18.0,17.8,212,38.1,2.7,1,1510,0
SUB-300500,2022-04-05,Karachi,59.0,Male,Prepaid,Mid,0.3,100,9.0,11.8,0,22.5,2.2,0,250,0
SUB-300266,2020-02-12,Sialkot,57.0,Female,Prepaid,Mid,6.1,122,61.0,0.0,2,60.5,0.7,0,530,1
SUB-300731,2017-02-22,Multan,,Male,Prepaid,Low,3.2,149,9.0,0.0,0,37.4,0.0,0,390,1
SUB-302878,2024-11-20,Mirpur,32.0,Male,Postpaid,Low,2.1,203,59.0,8.2,2,43.5,2.2,0,390,0
SUB-303614,2024-01-16,Faisalabad,45.0,Female,Postpaid,Mid,19.4,1302,107.0,0.4,5,18.2,11.2,17,3670,1
SUB-303688,2024-03-24,Lahore,19.0,Male,Prepaid,Low,71.0,288,41.0,65.3,3,61.0,58.0,0,1740,2
SUB-300027,2019-07-28,Karachi,27.0,Female,POSTPAID,Mid,66.6,302,28.0,54.3,0,60.9,37.4,0,2260,0
SUB-300272,2019-06-09,Lahore,24.0,Male,Prepaid,Mid,70.9,156,43.0,44.5,5,68.8,48.1,0,1970,1
SUB-300228,2018-02-08,Multan,68.0,Female,Prepaid,Low,1.1,179,48.0,19.6,0,25.5,2.3,0,400,1
SUB-301558,2021-05-13,Sialkot,25.0,Female,Prepaid,Mid,71.8,293,20.0,37.9,5,55.7,66.3,0,2390,0
SUB-303706,2019-05-10,Rawalpindi,67.0,Female,Prepaid,Low,1.6,53,15.0,15.0,0,35.2,0.8,0,390,1
SUB-300771,2021-10-21,Karachi,40.0,Female,Prepaid,High,21.5,816,71.0,27.2,36,39.8,3.1,7,2860,2
SUB-300975,2017-08-08,Islamabad,26.0,Female,Prepaid,Low,0.1,66,70.0,13.1,2,21.2,3.2,0,190,0
SUB-303020,2020-06-30,Rawalpindi,37.0,Male,Prepaid,High,9.1,233,13.0,16.2,281,41.8,4.8,1,1850,1
SUB-303604,2016-12-22,Karachi,23.0,Male,PREPAID,Mid,2.1,289,6.0,7.5,0,31.7,3.0,0,280,0
SUB-302152,2021-06-19,Lahore,33.0,Male,Postpaid,High,21.9,1217,52.0,15.9,14,30.7,8.2,12,2000,0
SUB-302641,2020-02-04,Rawalpindi,39.0,Male,Postpaid,Mid,11.6,218,7.0,14.8,363,28.0,4.4,1,2270,2
SUB-303496,2022-04-03,Karachi,31.0,Male,Prepaid,High,37.2,1382,86.0,1.2,0,26.2,4.9,8,3450,1
SUB-301955,2025-04-16,Karachi,,Male,Prepaid,Mid,102.3,345,47.0,58.5,3,54.4,37.7,0,640,1
SUB-300209,2021-11-15,Lahore,45.0,Male,Postpaid,Mid,14.8,1635,41.0,14.9,53,32.9,14.5,13,5770,0
SUB-301936,2023-09-23,Lahore,22.0,Male,Prepaid,Mid,90.9,186,0.0,55.8,0,66.1,47.6,0,1580,1
SUB-301934,2020-09-26,Rawalpindi,64.0,Female,Prepaid,,0.8,208,,8.3,0,12.4,3.3,0,490,0
SUB-301844,2020-02-03,Quetta,55.0,Female,Prepaid,Mid,12.6,174,28.0,19.6,328,38.0,6.6,1,1310,1
SUB-303437,2025-03-09,Lahore,44.0,Male,Postpaid,High,18.9,1231,,12.4,50,34.0,6.2,7,5140,0
SUB-303967,2025-05-29,Lahore,,Female,Postpaid,Mid,19.0,1715,79.0,1.2,7,26.0,0.0,7,4880,3
SUB-302800,2021-08-28,Faisalabad,28.0,Male,Prepaid,Low,60.0,125,39.0,56.2,6,60.8,80.0,0,1180,0
SUB-300708,2017-01-15,Mirpur,20.0,Male,Prepaid,Low,20.4,156,38.0,74.5,0,60.9,43.1,0,1800,0
SUB-301935,2025-05-26,Rawalpindi,27.0,Female,Prepaid,Mid,3.9,125,17.0,16.8,0,8.5,0.0,0,450,1
SUB-300635,2021-12-16,Multan,37.0,Male,Postpaid,Mid,9.0,795,68.0,17.7,37,18.3,9.0,11,5600,2
SUB-300240,2022-03-21,Rawalpindi,58.0,Female,Prepaid,Low,4.9,47,0.0,10.9,1,31.2,0.0,0,420,0
SUB-302346,2016-08-19,Gujranwala,43.0,Female,Prepaid,Mid,16.5,0,0.0,8.7,335,39.0,9.6,1,3030,0
SUB-303147,2022-11-05,Peshawar,46.0,Male,Prepaid,Low,1.3,60,30.0,11.8,3,50.0,4.0,0,550,0
SUB-301749,2019-02-23,Multan,27.0,Male,Prepaid,Low,84.1,215,,57.0,1,60.3,93.4,0,2130,0
SUB-300944,2024-06-29,Karachi,49.0,Male,Postpaid,High,15.6,562,82.0,4.0,72,21.4,2.6,7,3600,1
SUB-303515,2020-12-03,Faisalabad,48.0,Female,Prepaid,Mid,2.1,172,17.0,13.2,0,15.5,2.1,0,350,1
SUB-301397,2025-03-23,Gujranwala,67.0,Female,Prepaid,Low,3.6,295,34.0,14.1,4,26.8,0.0,0,480,1
SUB-303759,2016-08-23,Rawalpindi,20.0,Male,Prepaid,Mid,64.0,173,0.0,64.4,7,65.1,80.9,0,2150,1
SUB-302426,2019-04-09,Lahore,27.0,Female,Prepaid,High,88.1,135,22.0,61.3,4,54.4,83.6,1,2190,0
SUB-301643,2023-04-11,Karachi,42.0,Male,Postpaid,High,31.2,810,68.0,0.0,0,32.5,3.0,4,6080,0
SUB-303796,2022-12-16,Rawalpindi,40.0,Male,Prepaid,Mid,3.0,114,9.0,3.4,0,18.1,2.3,0,400,0
SUB-300572,2017-06-26,Multan,23.0,Male,Prepaid,High,91.5,166,42.0,60.0,0,55.0,75.5,0,2540,1
SUB-303884,2020-10-18,Gujranwala,55.0,Female,Prepaid,Low,5.1,261,28.0,35.7,440,42.9,9.6,2,2540,0
SUB-300211,2020-01-03,Quetta,,Female,Postpaid,Mid,109.9,30,59.0,51.9,4,54.3,76.2,0,2190,3
SUB-301680,2023-12-12,Sialkot,33.0,Male,Prepaid,Mid,5.9,105,,0.5,1,33.1,1.0,1,170,0
SUB-300499,2022-05-13,Quetta,21.0,Female,Prepaid,Mid,94.8,157,18.0,54.5,2,48.3,65.3,0,2210,0
SUB-302615,2022-03-28,Lahore,25.0,Male,Prepaid,High,93.8,277,37.0,57.6,1,63.5,73.7,1,1620,1
SUB-302544,2018-02-21,Gujranwala,64.0,Female,Prepaid,Mid,0.3,208,36.0,7.9,0,14.2,,0,520,0
SUB-302821,2025-07-26,Karachi,35.0,Male,Prepaid,Low,6.4,182,15.0,10.2,2,58.2,1.8,0,410,0
SUB-301004,2020-01-03,Peshawar,53.0,Female,Prepaid,High,28.7,577,137.0,11.0,42,13.1,10.1,7,3290,4
SUB-303170,2024-04-27,Lahore,48.0,Male,Postpaid,Low,23.0,1356,77.0,22.4,46,22.5,,9,4510,0
SUB-302282,2019-01-09,Rawalpindi,43.0,Male,Prepaid,Low,3.6 GB,187,0.0,5.8,4,23.6,0.0,0,470,0
SUB-301606,2026-04-28,Gujranwala,27.0,Female,Prepaid,High,91.6,160,39.0,42.0,11,61.6,42.6,1,2660,2
SUB-302975,2018-04-30,Sialkot,66.0,Female,Prepaid,Low,1.5,210,16.0,15.2,0,16.1,1.9,0,310,1
SUB-300533,2017-04-04,Lahore,23.0,Female,Postpaid,High,74.7,133,44.0,51.0,5,52.2,90.3,0,2110,1
SUB-301545,2017-10-08,Faisalabad,19.0,Female,Prepaid,Mid,113.0,202,38.0,50.3,0,65.1,,0,2230,0
SUB-300658,2020-07-29,Faisalabad,42.0,Female,Prepaid,Low,1.8,132,14.0,11.8,5,16.5,5.2,0,570,0
SUB-303588,2021-01-13,Multan,24.0,Male,Prepaid,,22.7,296,34.0,66.8,3,53.5,57.0,0,2340,0
SUB-302715,2016-12-08,Karachi,31.0,Female,Prepaid,Low,2.8,104,16.0,3.5,0,24.5,1.5,0,510,1
SUB-302502,2018-04-21,Faisalabad,36.0,Female,Prepaid,Mid,4.7,108,42.0,17.5,0,24.7,0.0,1,440,1
SUB-300268,2017-07-18,Rawalpindi,38.0,Male,Prepaid,Mid,21.1,900,61.0,0.5,21,20.2,11.3,11,4420,1
SUB-301525,2017-07-21,Islamabad,28.0,Female,Prepaid,High,61.5,10,,54.2,1,51.5,77.9,1,2380,0
SUB-302782,2022-04-09,Karachi,44.0,Female,Prepaid,High,19.0,669,70.0,6.1,43,21.3,8.2,5,4390,1
SUB-302701,2024-11-23,Lahore,28.0,Male,Prepaid,Mid,89.6,93,27.0,56.7,0,44.3,66.5,0,1340,1
SUB-300227,2022-10-31,Multan,38.0,Male,Prepaid,Mid,2.3,209,53.0,0.0,2,31.5,3.7,0,470,0
SUB-303601,2016-08-21,Peshawar,,Female,Prepaid,Low,1.9,239,28.0,9.5,5,26.8,3.0,0,530,0
SUB-301800,2019-05-24,Lahore,19.0,Male,Prepaid,Mid,94.5,180,8.0,51.3,4,58.3,75.8,0,1570,1
SUB-300930,2016-07-26,Faisalabad,44.0,Male,PREPAID,Mid,7.1,351,47.0,14.6,415,41.6,9.9,1,1340,0
SUB-302522,2018-03-07,Karachi,47.0,Male,Postpaid,High,37.7,1335,127.0,6.0,56,22.7,2.1,9,3860,2
SUB-302086,2021-04-28,Karachi,20.0,Male,Prepaid,Low,94.0,149,41.0,66.1,0,68.5,42.4,0,1330,0
SUB-303156,2025-03-28,Faisalabad,28.0,Male,Postpaid,High,19.7,1338,43.0,20.2,21,33.7,13.5,12,2180,1
SUB-300888,2021-12-11,Karachi,38.0,Female,Prepaid,Low,0.4,82,38.0,11.7,0,27.4,4.0,0,270,0
SUB-303395,2023-05-01,Karachi,39.0,Male,Prepaid,Low,3.3,163,0.0,18.3,0,14.1,2.4,0,430,0
SUB-302206,2018-10-09,Rawalpindi,38.0,Female,Prepaid,Low,2.0,122,8.0,25.4,1,39.0,0.7,0,390,0
SUB-300744,2026-02-09,Faisalabad,41.0,Female,Postpaid,Low,0.1,86,19.0,13.9,0,28.5,0.4,1,560,0
SUB-301023,2025-04-23,Sialkot,49.0,Female,Postpaid,Mid,7.4,289,15.0,10.5,190,52.4,6.0,0,2080,0
SUB-300150,2018-08-29,Lahore,37.0,Male,Postpaid,Mid,23.4,2054,79.0,18.3,9,33.8,18.9,4,4340,1
SUB-302418,2019-08-22,Multan,62.0,Male,Prepaid,Low,5.2,156,29.0,8.8,0,17.4,1.2,1,480,0
SUB-302465,2018-10-05,Sialkot,54.0,Male,Prepaid,High,21.0,1531,85.0,14.0,17,18.9,16.7,8,3610,0
SUB-300608,2020-03-19,Multan,29.0,Male,Prepaid,Low,1.9,127,30.0,3.7,1,36.6,0.2,0,400,0
SUB-300896,2016-09-11,Quetta,58.0,Male,Prepaid,Low,0.1,224,46.0,13.2,0,0.0,0.0,0,480,0
SUB-302363,2017-06-09,Sialkot,62.0,Male,Prepaid,Low,1.9,98,38.0,3.9,3,37.5,,0,310,1
SUB-301378,2023-02-15,Islamabad,26.0,Male,Prepaid,Mid,102.1,179,24.0,61.9,0,51.7,53.9,0,2320,1
SUB-300897,2019-06-06,Lahore,57.0,Female,Prepaid,Low,2.5,89,13.0,19.8,0,14.5,4.8,0,440,1
SUB-301622,2023-06-14,Sialkot,37.0,Male,Prepaid,Low,6.2,79,9.0,15.5,358,37.7,7.5,3,1460,0
SUB-302100,2020-09-22,Mirpur,19.0,Male,Prepaid,High,120.9,180,67.0,52.9,5,59.1,69.9,1,1300,0
SUB-301718,2017-04-26,Karachi,40.0,Male,Postpaid,Mid,14.3,644,29.0,5.6,41,27.9,3.7,13,2690,1
SUB-302499,2016-12-13,Karachi,,Female,Prepaid,High,37.1,217,0.0,62.8,1,71.4,49.3,0,2560,0
SUB-302450,2022-03-30,Karachi,52.0,Male,Postpaid,High,23.4,1573,64.0,14.7,22,20.7,6.4,10,6330,0
SUB-301640,2020-09-07,Lahore,60.0,Male,Prepaid,Low,5.6,133,40.0,3.3,2,30.9,1.9,0,310,2
SUB-303932,2023-12-17,Islamabad,46.0,Male,Postpaid,Mid,23.4,984,89.0,13.2,53,27.8,8.6,7,2810,1
SUB-301366,2022-06-23,Karachi,23.0,Male,Prepaid,High,39.4,283,33.0,48.9,2,66.0,46.8,0,1830,0
SUB-303194,2017-01-29,Sialkot,36.0,Male,Prepaid,Mid,9.3,221,0.0,18.3,211,46.6,4.8,1,2550,0
SUB-303070,2021-09-08,Mirpur,51.0,Male,Prepaid,Low,2.6,205,5.0,5.9,3,23.7,4.7,0,210,0
SUB-300191,2023-04-03,Karachi,23.0,Female,Prepaid,Mid,73.8,236,52.0,38.8,1,61.9,68.0,0,1790,0
SUB-302521,2025-08-06,Mirpur,42.0,Male,Prepaid,High,1.9,180,31.0,10.5,0,35.0,3.5,1,340,2
SUB-303200,2023-07-21,Gujranwala,26.0,Female,Prepaid,Low,3.0,20,31.0,11.4,2,60.3,0.0,0,440,2
SUB-303854,2023-03-16,Rawalpindi,37.0,Female,Postpaid,Mid,14.9,1506,,17.3,26,20.7,3.8,8,3870,0
SUB-303557,2023-05-18,Multan,28.0,Male,Prepaid,Mid,111.2,155,34.0,66.5,4,47.5,58.6,0,2030,1
SUB-300676,2018-03-24,Karachi,27.0,Male,Prepaid,Mid,99.9,177,30.0,43.7,3,61.9,39.6,1,2660,0
SUB-303646,2021-04-28,Karachi,32.0,Female,Prepaid,High,24.0,1735,117.0,2.8,25,19.4,3.7,7,5020,1
SUB-301875,2017-03-05,Sialkot,58.0,Female,Prepaid,Mid,8.9,286,10.0,31.7,345,43.8,4.3,1,1870,2
SUB-300825,2019-04-21,Rawalpindi,64.0,Female,Prepaid,Mid,8.7,319,41.0,6.2,251,44.7,5.1,1,1950,0
SUB-301889,2017-12-21,Multan,60.0,Male,Prepaid,Mid,2.1,169,40.0,12.8,2,37.0,2.5,0,350,0
SUB-301692,2017-01-30,Rawalpindi,21.0,Female,Prepaid,Low,90.6,113,20.0,53.0,1,57.1,63.3,1,1740,1
SUB-303185,2023-06-20,Peshawar,45.0,Male,Prepaid,Low,3.6,114,15.0,3.4,0,13.5,0.6,0,590,2
SUB-300164,2019-09-25,Quetta,49.0,Male,Prepaid,Mid,7.7,361,6.0,23.0,428,44.4,12.0,2,2850,0
SUB-302819,2018-12-10,Mirpur,60.0,Male,Prepaid,Mid,4.8,344,0.0,17.7,466,61.8,8.7,0,2550,0
SUB-303696,2018-09-06,Karachi,19.0,Female,Prepaid,,70.0,151,11.0,57.9,6,61.2,87.3,1,1850,0
SUB-301009,2023-12-22,Faisalabad,44.0,Male,Prepaid,Mid,23.3,1495,67.0,14.3,36,12.8,10.0,5,4060,1
SUB-301459,2018-12-07,Lahore,31.0,Male,Prepaid,Low,3.8,142,34.0,6.9,1,5.3,2.4,0,400,0
SUB-303906,2024-03-25,Sialkot,38.0,Male,Postpaid,Low,13.2,60,12.0,43.1,382,49.1,4.0,1,1810,0
SUB-302143,2026-02-12,Lahore,53.0,Female,Prepaid,Low,5.0,101,17.0,14.1,0,40.5,3.3,0,410,1
SUB-303787,2023-06-23,Karachi,53.0,Female,Postpaid,Mid,21.2,1314,108.0,17.0,6,27.3,15.7,14,3410,2
SUB-301474,2023-09-24,Lahore,63.0,Male,Postpaid,Mid,3.1,197,59.0,11.7,1,45.8,3.3,0,470,0
SUB-303491,2025-08-18,Lahore,61.0,Male,Prepaid,Mid,3.3,144,42.0,14.8,1,21.4,,0,490,1
SUB-303869,2019-10-23,Lahore,28.0,Male,Prepaid,Mid,81.2,135,26.0,78.6,0,60.2,71.7,0,2510,0
SUB-300864,2018-12-22,Rawalpindi,61.0,Male,Prepaid,,12.9,352,9.0,19.2,271,35.2,0.0,2,2470,0
SUB-301159,2020-08-18,Multan,47.0,Female,Prepaid,Mid,7.9,234,24.0,21.6,291,28.9,5.4,1,2340,0
SUB-300678,2024-05-03,Lahore,28.0,Male,Postpaid,High,27.6,1089,72.0,1.5,40,35.8,12.2,5,3850,1
SUB-301325,2018-06-18,Islamabad,20.0,Female,Postpaid,High,93.7,193,72.0,63.1,0,54.7,67.8,0,2030,0
SUB-301979,2019-12-15,Lahore,52.0,Male,Postpaid,High,14.7,1483,27.0,6.5,29,30.5,4.5,9,5050,0
SUB-303332,2019-01-16,Sialkot,64.0,Female,Prepaid,Mid,4.8,263,26.0,22.8,337,41.1,,0,1520,0
SUB-302443,2023-12-23,Faisalabad,41.0,Male,PREPAID,Low,5.7,113,10.0,10.5,5,50.0,,0,420,0
SUB-302251,2019-10-22,Quetta,32.0,Male,Prepaid,Mid,2.8,174,0.0,8.7,0,25.2,3.8,0,340,0
SUB-301045,2017-04-18,Mirpur,42.0,Female,Postpaid,,28.6,688,91.0,10.1,38,22.5,8.9,7,1720,1
SUB-302710,2023-11-30,Islamabad,35.0,Female,Postpaid,High,28.0,1659,5.0,6.8,9,25.8,7.2,11,4510,1
SUB-303140,2023-03-05,Gujranwala,30.0,Female,Prepaid,Low,0.1,33,36.0,7.8,0,26.0,3.2,0,330,0
SUB-303672,2018-08-24,Mirpur,47.0,Female,Postpaid,,30.2,1725,57.0,13.8,71,27.4,11.7,14,4350,1
SUB-301294,2024-11-03,Faisalabad,21.0,Male,Prepaid,Low,4.3,178,59.0,11.7,3,44.4,1.7,0,290,0
SUB-302811,2023-01-04,Lahore,30.0,Male,Postpaid,High,28.5,1473,58.0,8.8,42,30.4,4.8,7,3240,1
SUB-300871,2021-07-19,Lahore,26.0,Male,Prepaid,Mid,69.0 GB,370,5.0,42.0,4,64.6,49.9,0,1100,0
SUB-302755,2016-10-15,Lahore,25.0,Female,Prepaid,Mid,120.3,86,45.0,42.1,4,59.8,45.3,2,1810,0
SUB-303126,2022-05-04,Sialkot,25.0,Male,Prepaid,High,50.1,200,,39.2,2,70.3,41.5,0,2010,0
SUB-301794,2026-01-04,Lahore,18.0,Male,Prepaid,Mid,77.4,234,35.0,31.3,1,72.2,40.5,0,1550,0
SUB-300914,2021-12-27,Karachi,26.0,Male,Prepaid,Mid,0.1,99,22.0,4.9,2,25.2,3.7,0,230,1
SUB-301655,2023-12-19,Lahore,28.0,Female,Prepaid,Mid,60.8,105,25.0,57.7,2,70.6,16.4,1,2010,0
SUB-303533,2018-02-06,Islamabad,49.0,Male,Postpaid,Mid,19.1,1250,84.0,3.0,44,23.6,6.1,11,3540,0
SUB-301827,2022-04-28,Faisalabad,23.0,Female,Prepaid,Mid,86.0,106,26.0,48.4,8,53.4,,0,2170,0
SUB-303744,2018-10-17,Lahore,23.0,Male,Prepaid,Low,1.6,93,21.0,13.3,0,26.5,1.2,0,430,0
SUB-302186,2018-08-16,Faisalabad,,Male,Prepaid,Low,3.4,298,0.0,13.0,0,19.6,2.5,0,420,0
SUB-300737,2016-09-27,Islamabad,35.0,Male,Postpaid,High,21.4,2177,,17.7,13,17.4,1.5,7,4000,1
SUB-303054,2023-11-17,Multan,56.0,Female,Postpaid,Mid,2.7,350,2.0,21.0,224,27.6,3.5,2,2250,0
SUB-300190,2024-06-04,Karachi,50.0,Female,Prepaid,Mid,13.7 GB,270,33.0,16.8,301,50.4,8.6,1,2460,1
SUB-301444,2019-06-28,Islamabad,37.0,Female,Postpaid,Mid,15.9,665,82.0,16.7,24,23.7,11.9,13,3220,1
SUB-301517,2017-03-02,Lahore,26.0,Female,Postpaid,Mid,81.7,206,43.0,50.1,7,63.9,45.0,0,2410,1
SUB-300432,2019-04-17,Lahore,21.0,Male,Prepaid,Low,91.9,285,46.0,43.6,0,73.9,47.5,0,2290,1
SUB-303771,2018-01-31,Karachi,52.0,Female,Postpaid,High,22.3,1658,115.0,8.1,22,23.2,,14,4080,0
SUB-302920,2020-12-17,Karachi,25.0,Male,Prepaid,Mid,65.3,267,42.0,60.6,0,78.3,47.8,0,2570,0
SUB-301430,2023-11-07,Lahore,22.0,Male,Prepaid,Mid,57.5,134,6.0,55.0,0,69.2,70.9,0,880,0
SUB-300013,2020-03-24,Peshawar,28.0,Male,Prepaid,High,70.0,259,31.0,55.7,9,56.4,68.8,0,2720,0
SUB-302007,2022-02-13,Karachi,58.0,Male,Prepaid,Mid,2.9,359,32.0,28.5,242,41.3,7.3,0,2010,0
SUB-301607,2016-09-09,Lahore,29.0,Female,Postpaid,Mid,8.2,1467,56.0,6.0,27,19.1,1.2,10,3180,1
SUB-301632,2024-09-02,Islamabad,25.0,Male,Prepaid,Low,70.0,215,30.0,54.0,6,91.5,56.5,0,1510,0
SUB-303795,2020-08-25,Karachi,22.0,Female,Prepaid,High,80.1,215,21.0,69.8,0,71.7,90.0,0,1730,0
SUB-302269,2023-02-08,Lahore,26.0,Male,Prepaid,High,101.2,284,15.0,57.0,4,63.8,85.8,0,2720,0
SUB-302642,2017-03-27,Multan,53.0,Female,Prepaid,Low,6.3,158,35.0,5.5,1,15.2,0.0,0,390,0
SUB-302584,2017-09-27,Sialkot,34.0,Male,Prepaid,Mid,3.7,174,46.0,4.2,1,27.7,3.0,0,450,1
SUB-301071,2024-08-07,Multan,55.0,Female,Prepaid,Low,0.1,147,12.0,13.2,1,27.6,,0,500,0
SUB-301546,2018-01-27,Islamabad,22.0,Male,Prepaid,High,91.1,0,23.0,86.0,7,51.9,105.0,0,2540,1
SUB-300203,2020-11-22,Karachi,18.0,Female,Prepaid,Mid,66.8,169,66.0,59.2,1,59.9,66.0,0,1090,0
SUB-301446,2021-12-04,Peshawar,41.0,Male,Prepaid,Mid,7.2,41,34.0,2.1,0,29.5,2.2,0,570,0
SUB-302980,2018-03-07,Lahore,68.0,Male,Prepaid,Mid,3.1,183,46.0,11.1,2,46.0,0.0,0,460,0
SUB-300649,2018-11-02,Karachi,27.0,Male,Prepaid,Mid,73.2,189,44.0,56.7,7,69.5,52.1,1,1610,0
SUB-300891,2026-02-22,Gujranwala,28.0,Male,Prepaid,Mid,40.3,261,14.0,45.9,0,52.8,81.5,1,1510,1
SUB-302209,2020-07-07,Multan,27.0,Male,Prepaid,Mid,89.1,164,73.0,69.1,5,70.0,90.7,0,2050,0
SUB-301345,2016-12-10,Rawalpindi,21.0,Female,Prepaid,Mid,95.3,220,43.0,54.9,0,72.7,55.7,1,2100,0
SUB-301845,2024-12-26,Peshawar,54.0,Female,Prepaid,Low,2.5,150,17.0,11.8,2,46.5,0.0,0,350,2
SUB-303351,2018-09-16,Lahore,28.0,Female,Prepaid,Low,84.3,106,32.0,56.2,0,58.5,72.8,0,2640,0
SUB-302507,2023-04-15,Karachi,26.0,Male,Prepaid,Low,88.2,184,29.0,67.4,3,76.2,87.5,0,1750,0
SUB-300003,2020-04-05,Islamabad,29.0,Male,Prepaid,Low,4.0,61,13.0,11.4,0,44.5,0.9,0,570,0
SUB-303873,2024-12-30,Gujranwala,25.0,Female,Prepaid,Mid,3.8,205,12.0,15.9,5,8.4,1.2,0,370,0
SUB-303703,2018-03-02,Quetta,54.0,Male,Prepaid,Mid,0.6,133,44.0,15.3,0,34.4,1.3,0,470,0
SUB-300371,2021-09-07,Quetta,47.0,Female,Prepaid,Low,3.0,81,35.0,8.4,1,9.6,0.7,0,230,0
SUB-301707,2017-03-10,Lahore,53.0,Male,Postpaid,High,31.4,1480,46.0,12.7,17,24.0,5.0,7,3220,1
SUB-302694,2020-05-29,Gujranwala,41.0,Female,Prepaid,Mid,10.2,339,,14.1,206,46.5,6.6,0,1640,1
SUB-300527,2017-09-29,Multan,50.0,Male,Prepaid,Mid,3.8,147,22.0,9.3,3,6.1,0.9,0,320,1
SUB-303067,2023-12-24,Lahore,66.0,Female,Prepaid,Low,5.5,189,32.0,2.4,3,17.4,0.0,1,470,0
SUB-300068,2022-03-19,Lahore,23.0,Female,Prepaid,Mid,70.4,305,13.0,40.9,2,74.4,25.9,0,1730,0
SUB-300585,2019-03-26,Islamabad,53.0,Male,Postpaid,High,6.3,1522,,4.0,25,29.6,7.6,10,5280,0
SUB-300044,2019-11-21,Islamabad,19.0,Male,Prepaid,High,129.5,112,7.0,50.5,2,50.4,78.5,1,2220,0
SUB-301825,2019-05-08,Sialkot,27.0,Male,Postpaid,Low,47.0,235,42.0,57.7,1,74.9,57.5,0,2390,0
SUB-300948,2026-03-10,Rawalpindi,29.0,Male,Prepaid,Low,0.1,180,13.0,0.8,0,45.5,0.4,0,520,0
SUB-300097,2023-02-02,Rawalpindi,43.0,Male,Prepaid,Low,3.1,247,10.0,16.9,2,52.2,2.0,0,620,0
SUB-300609,2023-12-14,Islamabad,26.0,Female,Prepaid,Mid,85.8,177,61.0,55.6,8,66.9,66.0,0,600,0
SUB-302555,2018-06-28,Quetta,25.0,Male,Prepaid,Low,68.3,252,26.0,48.6,4,83.6,41.2,0,1460,0
SUB-303965,2025-01-04,Gujranwala,37.0,Male,Postpaid,,16.8,1381,48.0,5.0,12,18.9,2.9,8,3490,1
SUB-302809,2021-09-07,Quetta,66.0,Male,Prepaid,Low,2.0,72,38.0,2.1,2,21.0,0.9,0,370,0
SUB-302988,2022-02-07,Karachi,39.0,Male,Prepaid,Low,1.3,133,65.0,16.7,0,33.5,2.0,0,260,0
SUB-302103,2025-06-24,Lahore,46.0,Male,Postpaid,High,19.6,1380,152.0,17.7,0,25.4,9.8,7,3060,1
SUB-300143,2021-08-17,Multan,34.0,Female,Postpaid,Mid,13.2,1388,98.0,16.5,13,34.9,12.4,12,3940,0
SUB-303594,2021-03-27,Lahore,,Female,Prepaid,High,30.4,1223,66.0,12.7,0,27.1,3.9,5,4210,1
SUB-300383,2020-02-20,Multan,52.0,Male,Postpaid,High,30.0,1261,46.0,9.6,57,19.7,9.5,10,3960,1
SUB-303913,2022-03-26,Islamabad,47.0,Male,Prepaid,Mid,10.2,1556,71.0,0.0,44,7.6,3.3,10,4380,1
SUB-302619,2022-05-21,Multan,26.0,Female,Prepaid,,70.6,123,55.0,49.6,0,53.8,58.9,1,1720,0
SUB-301907,2018-03-31,Lahore,20.0,Male,Prepaid,High,52.9,191,42.0,47.2,3,48.4,65.8,0,1780,1
SUB-301230,2020-01-12,Sialkot,62.0,Female,Prepaid,Mid,12.6,246,34.0,31.4,336,52.5,2.2,0,2050,0
SUB-300189,2017-05-24,Faisalabad,34.0,Female,Prepaid,Low,3.3,133,15.0,19.6,1,23.8,0.8,0,500,0
SUB-301122,2017-09-16,Karachi,19.0,Male,Postpaid,Mid,74.2,142,7.0,63.2,0,61.1,50.3,1,1610,0
SUB-302790,2017-08-21,Rawalpindi,21.0,Male,Prepaid,Mid,63.0,215,43.0,69.7,0,66.1,85.1,0,2310,0
SUB-303448,2021-07-05,Karachi,28.0,Male,Prepaid,Low,1.2,222,15.0,0.0,3,11.1,0.3,0,260,0
SUB-302720,2024-02-08,Karachi,66.0,Male,Prepaid,Low,4.0,210,15.0,13.8,0,30.2,1.6,0,410,1
SUB-303690,2022-11-18,Lahore,48.0,Male,Prepaid,Mid,29.9,1148,35.0,9.5,35,22.8,4.9,12,4220,0
SUB-301540,2021-04-27,Rawalpindi,38.0,Female,Prepaid,Low,0.1,307,,15.5,347,50.1,5.2,2,2190,0
SUB-300626,2022-11-09,Mirpur,33.0,Male,Prepaid,Mid,13.8,190,,0.0,297,55.1,6.5,1,1930,1
SUB-302660,2025-03-22,Mirpur,60.0,Female,Prepaid,Low,1.0,203,0.0,2.4,1,51.6,0.0,0,270,0
SUB-303109,2018-12-08,Sialkot,54.0,Male,Prepaid,Low,6.2,348,28.0,41.7,203,17.0,3.8,1,890,1
SUB-300072,2024-02-08,Karachi,57.0,Male,Prepaid,Low,5.4,111,24.0,12.6,0,13.4,2.7,0,220,0
SUB-302603,2023-12-28,Lahore,34.0,Male,Postpaid,Mid,23.4,1418,53.0,2.3,20,30.5,10.9,2,3890,1
SUB-301393,2022-03-13,Rawalpindi,22.0,Female,Prepaid,High,80.7,204,7.0,42.8,2,67.0,30.6,0,760,0
SUB-300400,2025-02-05,Karachi,49.0,Female,Postpaid,High,19.3,1659,86.0,2.3,34,33.6,11.6,15,4710,3
SUB-302202,2017-09-09,Lahore,59.0,Female,Prepaid,Low,2.7,176,79.0,24.8,2,16.4,0.7,0,340,0
SUB-302497,2022-10-30,Lahore,53.0,Female,Prepaid,Low,16.0,1347,72.0,17.4,46,12.5,12.9,12,3770,0
SUB-300988,2025-07-23,Lahore,43.0,Female,Prepaid,High,14.8,1070,17.0,9.2,14,28.5,0.0,8,3640,0
SUB-303909,2024-10-13,Mirpur,48.0,Male,Prepaid,Low,6.4,111,20.0,1.8,0,12.7,2.2,0,370,0
SUB-303205,2017-09-03,Lahore,53.0,Male,Postpaid,High,18.6,802,49.0,6.0,45,24.6,17.4,7,2730,0
SUB-301557,2020-04-16,Multan,47.0,Male,Postpaid,High,13.1,792,55.0,2.9,31,14.5,11.2,8,2200,0
SUB-303466,2020-02-04,Gujranwala,,Female,Prepaid,Low,4.5,173,28.0,3.4,0,40.1,3.5,0,240,1
SUB-301511,2024-11-05,Karachi,67.0,Male,Prepaid,Low,7.3,40,,13.9,4,47.7,0.8,0,340,0
SUB-300251,2019-08-31,Mirpur,53.0,Female,Postpaid,High,10.5,166,9.0,26.9,338,42.2,5.8,3,1750,1
SUB-300750,2021-07-31,Lahore,21.0,Male,Prepaid,Mid,102.0,0,16.0,62.8,3,55.4,66.2,0,2200,1
SUB-303622,2020-09-16,Rawalpindi,34.0,Male,Postpaid,High,11.6,1112,96.0,15.6,41,31.8,0.2,7,3540,2
SUB-301790,2021-09-16,Peshawar,43.0,Male,Prepaid,Mid,2.1,160,31.0,0.2,0,18.5,2.3,0,600,1
SUB-300971,2024-12-02,Karachi,18.0,Male,Prepaid,Mid,31.6,256,36.0,52.3,0,52.4,86.3,1,1320,0
SUB-301194,2020-02-25,Gujranwala,37.0,Male,Prepaid,Low,2.1,166,15.0,8.5,4,12.4,0.7,0,450,0
SUB-303338,2020-08-10,Islamabad,38.0,Male,Postpaid,High,25.2,1352,118.0,15.0,71,14.4,13.9,8,5670,1
SUB-303011,2019-12-12,Lahore,24.0,Female,Prepaid,Mid,20.1,192,48.0,31.7,4,45.6,58.1,1,1820,0
SUB-302512,2017-04-09,Mirpur,35.0,Female,Prepaid,Low,1.5,169,42.0,21.5,2,30.1,3.1,0,480,0
SUB-301917,2017-07-24,Karachi,18.0,Male,Prepaid,Low,85.3,205,29.0,61.6,3,67.7,,0,2150,0
SUB-300610,2022-07-03,Quetta,54.0,Female,Prepaid,Low,0.4,120,20.0,19.8,2,14.8,2.9,0,490,1
SUB-303948,2025-05-03,Lahore,24.0,Female,Postpaid,Mid,134.0,208,77.0,56.5,0,55.2,55.8,0,1360,0
SUB-302115,2016-10-20,Rawalpindi,25.0,Female,Prepaid,High,55.5,113,39.0,53.8,4,54.5,11.1,0,2190,1
SUB-300278,2016-11-06,Sialkot,50.0,Male,Prepaid,Mid,4.9,202,3.0,15.5,0,37.7,3.2,0,390,0
SUB-303381,2016-08-05,Rawalpindi,56.0,Female,Prepaid,Low,13.1,472,33.0,23.4,390,25.2,11.0,2,2160,0
SUB-302117,2022-03-22,Sialkot,21.0,Male,Prepaid,High,52.2,291,100.0,39.3,14,62.3,78.5,0,1840,1
SUB-301880,2023-10-14,Multan,27.0,Female,Prepaid,Low,3.1,122,9.0,7.0,0,44.7,2.3,0,440,0
SUB-300613,2018-01-30,Mirpur,39.0,Male,Prepaid,Low,17.2,242,23.0,9.3,311,51.7,9.6,1,1700,0
SUB-300665,2020-12-08,Faisalabad,26.0,Female,Prepaid,Low,1.9,100,65.0,8.5,0,20.2,0.3,0,700,0
SUB-302059,2024-09-10,Sialkot,23.0,Male,Prepaid,High,93.4,136,43.0,49.7,5,43.2,84.0,1,3320,2
SUB-303590,2024-06-20,Karachi,48.0,Male,Prepaid,Mid,22.2,1035,94.0,16.6,21,21.9,6.4,2,5130,1
SUB-300052,2024-07-06,Karachi,62.0,Male,Prepaid,Mid,1.8,191,30.0,14.7,522,47.9,9.8,0,3180,2
SUB-301263,2024-08-31,Sialkot,48.0,Male,Prepaid,Low,7.4,48,42.0,0.0,0,15.6,3.0,0,520,1
SUB-300290,2019-04-29,Gujranwala,20.0,Male,Postpaid,Mid,77.2,76,46.0,47.4,2,70.5,30.3,1,1680,0
SUB-301190,2017-10-21,Gujranwala,69.0,Male,Prepaid,Low,4.9,257,13.0,15.3,1,27.2,0.9,0,560,0
SUB-303593,2016-08-20,Peshawar,20.0,Male,Postpaid,Mid,65.6,195,49.0,46.8,4,41.5,46.2,0,2000,1
SUB-300364,2017-03-31,Sialkot,38.0,Female,Prepaid,Mid,11.4,152,23.0,27.6,369,42.6,9.4,1,2280,0
SUB-300508,2024-01-23,Karachi,40.0,Male,Postpaid,Low,10.2,170,39.0,26.4,169,47.3,0.0,1,2230,0
SUB-303823,2017-10-12,Lahore,24.0,Male,Prepaid,Mid,100.7,176,59.0,60.0,1,54.2,65.7,0,1230,0
SUB-300295,2019-04-29,Gujranwala,43.0,Male,Prepaid,Mid,1.3,174,19.0,12.6,2,42.5,0.0,0,450,1
SUB-301641,2026-01-18,Karachi,24.0,Male,Prepaid,,4.6,106,54.0,19.8,0,11.6,2.4,0,530,0
SUB-303159,2026-03-11,Mirpur,26.0,Female,Prepaid,Low,0.1,59,63.0,5.1,3,36.9,1.4,0,200,2
SUB-302609,2023-01-31,Mirpur,66.0,Female,Prepaid,Mid,0.4,201,22.0,14.7,1,36.4,,0,360,0
SUB-301202,2025-09-06,Rawalpindi,67.0,Male,Prepaid,Low,1.2,75,51.0,15.6,0,36.7,3.1,0,400,0
SUB-300424,2025-06-07,Gujranwala,54.0,Female,Postpaid,Mid,20.6,1740,52.0,30.5,14,30.7,13.4,8,3380,0
SUB-303556,2017-01-30,Islamabad,41.0,Female,Postpaid,Mid,22.5,1336,,9.7,46,19.0,8.6,10,3450,0
SUB-302369,2017-04-01,Multan,46.0,Male,Postpaid,Mid,9.6,239,0.0,16.4,336,9.7,2.8,1,1660,0
SUB-300024,2025-11-11,Gujranwala,45.0,Female,Prepaid,Low,2.4,167,77.0,19.1,0,27.4,0.7,0,510,0
SUB-300046,2025-09-20,Karachi,,Male,Postpaid,Low,3.8,135,31.0,9.7,0,57.5,2.3,0,380,1
SUB-301890,2021-02-24,Islamabad,44.0,Female,Postpaid,Mid,22.9,902,94.0,10.8,54,3.5,12.9,10,3940,1
SUB-300526,2023-11-30,Rawalpindi,29.0,Female,Postpaid,High,27.4,1829,78.0,10.8,31,41.2,11.7,7,4770,0
SUB-301249,2020-01-04,Karachi,30.0,Male,Prepaid,High,26.8,1605,14.0,12.4,0,22.5,11.9,9,5320,0
SUB-301941,2019-08-31,Karachi,22.0,Female,Prepaid,High,64.2,212,51.0,55.3,4,46.8,52.2,1,1990,0
SUB-303766,2020-07-22,Peshawar,46.0,Male,Prepaid,Low,0.1,231,34.0,11.7,3,14.9,3.1,0,250,1
SUB-302580,2018-01-15,Sialkot,36.0,Female,Prepaid,Low,8.2,238,0.0,21.1,293,30.6,3.3,0,1370,0
SUB-302198,2026-04-12,Gujranwala,28.0,Male,Prepaid,Low,62.0,64,37.0,39.8,2,54.5,51.1,1,1930,0
SUB-300255,2022-01-18,Karachi,20.0,Female,Postpaid,Low,80.4,161,61.0,53.8,7,59.6,80.3,0,1730,1
SUB-302352,2022-11-06,Islamabad,26.0,Male,Prepaid,Mid,44.3,278,61.0,59.2,0,58.7,78.3,0,2110,0
SUB-303555,2017-09-27,Gujranwala,32.0,Male,Prepaid,Low,8.3,138,,3.7,471,36.7,2.0,1,1980,1
SUB-300511,2024-02-28,Sialkot,58.0,Male,Postpaid,Mid,12.5,256,36.0,13.9,445,56.1,9.2,0,1530,1
SUB-300709,2018-06-20,Mirpur,31.0,Male,Prepaid,Mid,0.1,286,28.0,10.1,1,46.3,0.0,0,360,0
SUB-302515,2020-05-14,Multan,34.0,Female,Postpaid,Mid,20.3,1008,25.0,10.5,54,26.5,13.9,6,3960,0
SUB-301347,2021-03-08,Lahore,24.0,Male,Prepaid,Mid,73.3,183,,61.3,3,61.7,19.3,1,1720,0
SUB-303949,2022-04-20,Gujranwala,,Male,Prepaid,Low,1.2,27,56.0,8.2,1,28.4,0.6,0,540,1
SUB-300017,2025-09-24,Karachi,47.0,Male,Prepaid,High,17.5,173,25.0,13.6,188,52.6,6.5,3,1520,1
SUB-302900,2022-12-10,Multan,46.0,Female,Prepaid,Low,3.6,274,47.0,11.2,0,44.3,3.6,0,260,0
SUB-302724,2024-07-07,Mirpur,21.0,Female,Prepaid,High,56.3,74,42.0,71.7,4,70.7,65.5,0,2450,0
SUB-303985,2025-05-29,Islamabad,27.0,Male,Prepaid,Mid,78.7,250,65.0,53.7,0,61.4,43.2,0,1690,0
SUB-301413,2016-12-19,Lahore,18.0,Female,Prepaid,Low,46.2,278,,55.7,10,59.6,42.1,0,1910,0
SUB-302471,2024-08-05,Quetta,50.0,Female,Prepaid,Mid,6.4,220,49.0,5.8,6,39.2,1.4,0,390,1
SUB-302295,2025-11-25,Multan,38.0,Male,Prepaid,Low,4.9,190,23.0,6.4,3,27.7,0.0,0,640,0
SUB-302758,2021-02-26,Islamabad,26.0,Male,Prepaid,High,84.9,126,8.0,48.3,0,40.7,88.3,0,950,0
SUB-302653,2023-03-20,Sialkot,26.0,Male,Prepaid,Mid,100.7,154,68.0,47.6,1,65.0,71.0,0,2450,0
SUB-303315,2020-02-06,Peshawar,41.0,Male,Prepaid,Low,0.8,49,10.0,5.3,2,30.4,2.5,1,170,0
SUB-302978,2017-03-19,Quetta,23.0,Female,Prepaid,Low,3.2,182,41.0,14.9,0,51.2,1.9,0,490,0
SUB-300902,2021-08-28,Mirpur,29.0,Female,Prepaid,Low,0.7,117,1.0,14.8,0,32.3,1.5,0,570,1
SUB-302082,2025-10-21,Islamabad,60.0,Male,Prepaid,Mid,11.9,323,35.0,17.1,214,57.3,3.6,1,2400,0
SUB-302094,2019-10-05,Mirpur,58.0,Female,Prepaid,Low,2.5,309,0.0,9.8,1,10.9,1.2,0,470,1
SUB-300743,2024-12-07,Sialkot,52.0,Female,Prepaid,,12.0,207,48.0,15.8,359,36.6,7.7,3,2160,1
SUB-303926,2024-02-20,Gujranwala,40.0,Female,Prepaid,Low,2.1,218,31.0,15.2,1,25.8,0.0,0,420,1
SUB-301239,2024-10-24,Quetta,56.0,Male,Prepaid,Low,7.8,348,27.0,16.9,239,41.0,4.0,1,2560,1
SUB-301060,2023-04-07,Quetta,56.0,Male,Prepaid,Low,1.0,137,42.0,0.0,2,22.2,0.7,0,150,0
SUB-303031,2020-09-28,Peshawar,24.0,Male,Prepaid,Mid,53.7,106,95.0,46.9,0,74.7,56.9,0,2400,0
SUB-300591,2021-07-03,Gujranwala,31.0,Male,Prepaid,Mid,2.7,12,0.0,9.9,2,32.0,0.0,0,360,0
SUB-301601,2017-12-30,Lahore,27.0,Female,Prepaid,Mid,112.9,94,0.0,56.4,5,57.4,61.7,0,1950,1
SUB-301138,2021-02-15,Sialkot,22.0,Female,Prepaid,High,36.2,49,67.0,44.8,0,55.5,81.2,0,1340,0
SUB-300843,2016-12-05,Karachi,65.0,Male,Prepaid,Low,3.9,119,28.0,2.1,1,16.4,0.0,0,560,1
SUB-302043,2023-03-06,Gujranwala,64.0,Male,Prepaid,Low,5.8,143,44.0,21.7,0,47.6,0.0,0,310,0
SUB-303834,2023-03-14,Lahore,22.0,Male,Postpaid,Low,47.5,328,6.0,42.2,4,59.0,51.4,0,2080,1
SUB-301758,2026-01-23,Mirpur,30.0,Male,Prepaid,Low,2.2,74,25.0,10.9,3,43.8,3.5,1,350,0
SUB-301050,2025-09-16,Lahore,40.0,Male,Prepaid,High,12.0,708,91.0,15.8,65,29.1,9.7,11,5590,0
SUB-300770,2023-05-04,Rawalpindi,40.0,Male,Postpaid,High,14.5,897,108.0,13.1,0,30.9,20.8,5,3100,1
SUB-302225,2024-02-19,Multan,43.0,Male,Prepaid,Low,4.3,29,25.0,8.9,0,6.8,1.1,0,510,0
SUB-300445,2018-01-30,Gujranwala,57.0,Male,Prepaid,Low,4.5,220,47.0,12.7,1,35.9,2.9,0,300,0
SUB-303812,2022-03-20,Sialkot,53.0,Male,Prepaid,Low,8.6,221,33.0,18.1,268,38.3,1.6,1,2080,0
SUB-301371,2024-03-20,Mirpur,33.0,Male,Prepaid,Low,0.1,175,44.0,1.0,0,20.3,0.0,0,370,0
SUB-300201,2022-09-16,Sialkot,52.0,Female,Prepaid,Low,4.1,128,71.0,1.5,2,35.8,1.5,0,520,0
SUB-300470,2016-07-26,Gujranwala,43.0,Male,Prepaid,Mid,14.6,368,17.0,18.9,295,39.2,11.6,0,2060,0
SUB-301238,2017-08-19,Gujranwala,59.0,Female,Postpaid,Low,9.5,189,29.0,19.1,328,47.3,8.9,0,2170,0
SUB-301401,2018-08-26,Lahore,28.0,Female,Prepaid,Low,4.9,254,44.0,15.3,0,7.0,0.8,0,500,0
SUB-301255,2016-07-05,Mirpur,23.0,Female,Prepaid,Mid,71.5,77,85.0,57.6,0,48.7,46.9,2,2200,2
SUB-302614,2021-07-07,Karachi,28.0,Male,Prepaid,High,33.5,1074,88.0,17.2,0,33.6,3.2,11,6010,1
SUB-303667,2022-04-25,Faisalabad,48.0,Female,Prepaid,Low,3.5,201,6.0,12.6,0,32.5,2.1,0,500,0
SUB-302373,2016-11-07,Sialkot,29.0,Female,Prepaid,Low,1.8,75,19.0,0.0,0,6.3,1.6,0,430,0
SUB-303452,2018-07-13,Faisalabad,69.0,Female,Prepaid,Low,0.7,117,22.0,11.7,2,35.0,1.5,0,340,0
SUB-302662,2018-01-16,Quetta,23.0,Male,Prepaid,Low,2.8,77,25.0,7.8,0,14.4,5.6,0,500,2
SUB-303802,2025-12-25,Rawalpindi,24.0,Male,Prepaid,High,9.1,259,45.0,40.9,1,56.2,81.6,0,1980,1
SUB-303756,2018-12-07,Quetta,19.0,Female,Prepaid,High,37.6,124,18.0,48.5,2,64.4,71.0,1,1210,0
SUB-300104,2024-01-13,Lahore,27.0,Female,Prepaid,High,76.6,262,33.0,58.0,6,66.3,52.6,0,2890,0
SUB-300275,2022-01-30,Lahore,42.0,Male,Postpaid,Mid,23.4,1462,51.0,13.9,0,35.0,,16,5550,0
SUB-303251,2024-08-26,Gujranwala,40.0,Female,Prepaid,Low,4.1,152,59.0,14.1,2,29.4,2.3,0,370,0
SUB-301069,2018-09-11,Karachi,36.0,Male,Prepaid,Low,32.4,1260,93.0,10.3,38,28.9,10.1,6,3530,1
SUB-301727,2021-01-16,Lahore,50.0,Female,Postpaid,High,32.8,1478,93.0,12.7,10,26.7,12.3,16,5430,0
SUB-302695,2025-07-22,Lahore,28.0,Female,Prepaid,Low,2.0,173,31.0,9.6,1,15.3,0.3,0,630,1
SUB-302250,2026-03-16,Karachi,,Female,Prepaid,,54.5,228,47.0,55.8,0,54.3,64.2,0,2050,1
SUB-301785,2020-05-21,Peshawar,53.0,Male,Postpaid,Low,0.1,194,25.0,0.1,0,23.3,3.3,0,350,1
SUB-302893,2022-08-01,Sialkot,36.0,Female,Prepaid,Mid,6.0,82,17.0,38.3,297,35.5,4.4,1,1980,0
SUB-302204,2018-09-24,Lahore,19.0,Male,Prepaid,High,71.2,164,37.0,59.4,0,60.1,36.9,0,1520,0
SUB-303057,2022-05-30,Rawalpindi,24.0,Female,Prepaid,Mid,55.1,227,9.0,63.5,5,43.9,60.5,0,2340,0
SUB-303005,2023-03-06,Lahore,45.0,Female,Postpaid,High,15.2,1956,44.0,10.2,0,31.6,13.1,11,5380,1
SUB-303329,2020-11-01,Rawalpindi,36.0,Male,Prepaid,Mid,31.9,1370,92.0,20.1,55,14.2,5.7,17,4370,0
SUB-303591,2016-11-17,Multan,66.0,Female,Prepaid,Low,4.5,139,29.0,3.5,0,10.7,2.4,0,540,1
SUB-300974,2018-02-05,Lahore,35.0,Male,Postpaid,High,19.5,1359,97.0,7.3,43,23.7,9.5,6,4970,2
SUB-303902,2024-12-05,Multan,59.0,Female,Prepaid,Mid,5.7,89,58.0,10.0,3,45.9,1.9,0,330,0
SUB-301508,2017-05-14,Gujranwala,23.0,Female,Prepaid,Low,2.1,74,,10.2,1,16.8,1.2,1,420,0
SUB-301865,2017-09-20,Lahore,58.0,Male,Prepaid,Mid,7.2,237,29.0,37.4,205,47.9,8.7,2,2190,1
SUB-300552,2017-03-01,Faisalabad,22.0,Female,Postpaid,High,117.5,254,,49.3,10,61.1,50.4,0,1850,0
SUB-303510,2021-02-05,Islamabad,20.0,Male,Prepaid,Mid,76.7,30,97.0,62.7,0,57.6,58.6,0,1820,1
SUB-303525,2020-07-01,Rawalpindi,63.0,Male,Prepaid,Mid,4.8,125,60.0,5.8,0,56.0,0.6,0,470,0
SUB-302307,2019-07-30,Sialkot,26.0,Male,Prepaid,High,75.1,192,52.0,62.6,5,56.7,49.6,1,2230,0
SUB-301961,2024-03-04,Quetta,23.0,Male,Prepaid,Mid,44.4,130,64.0,56.1,0,70.5,59.9,0,1620,0
SUB-302203,2025-07-26,Lahore,26.0,Male,Prepaid,Mid,68.6,110,16.0,70.4,0,67.1,85.6,0,2390,0
SUB-303767,2017-03-01,Islamabad,23.0,Female,Postpaid,Mid,53.6,323,55.0,79.1,0,51.0,88.7,1,2230,1
SUB-300829,2020-01-30,Faisalabad,23.0,Male,Prepaid,Low,2.0,128,50.0,8.6,1,28.7,1.6,0,550,0
SUB-301538,2025-09-17,Multan,55.0,Male,Prepaid,High,12.9,364,6.0,13.9,390,29.7,5.4,0,1660,0
SUB-302147,2023-05-16,Mirpur,42.0,Female,Prepaid,High,6.9,176,50.0,20.9,451,45.1,9.9,1,2980,1
SUB-302629,2025-03-26,Rawalpindi,51.0,Female,Prepaid,High,22.0,1667,1.0,0.4,49,31.7,6.5,14,4020,0
SUB-303411,2018-10-02,Karachi,37.0,Male,Postpaid,High,20.8,1978,54.0,4.7,16,30.9,11.9,9,4050,0
SUB-300873,2024-03-19,Islamabad,18.0,Female,Prepaid,Low,62.4,253,,58.9,0,78.4,28.3,0,1580,0
SUB-302529,2020-06-27,Lahore,20.0,Female,Prepaid,Mid,109.1,248,28.0,53.2,8,64.4,16.0,0,1450,1
SUB-302216,2017-07-03,Faisalabad,40.0,Female,Prepaid,Mid,2.1,97,2.0,17.9,6,16.9,1.7,0,390,0
SUB-301783,2019-07-04,Quetta,21.0,Female,Prepaid,Low,1.3,220,39.0,17.9,4,43.0,2.8,0,450,0
SUB-301293,2025-11-17,Mirpur,55.0,Male,Prepaid,Low,12.4,252,11.0,21.8,384,32.5,3.3,3,2760,1
SUB-303810,2024-06-02,Lahore,34.0,Male,Prepaid,Low,6.8,138,28.0,9.8,331,48.2,7.3,1,1800,1
SUB-302005,2021-04-21,Lahore,51.0,Female,Prepaid,Mid,5.1,189,23.0,8.9,1,34.1,0.4,0,530,0
SUB-303914,2016-12-30,Multan,24.0,Male,Prepaid,Low,3.1,135,11.0,18.5,1,59.3,3.0,0,430,0
SUB-300356,2017-05-18,Sialkot,,Male,Postpaid,Mid,38.1,883,58.0,22.3,42,23.2,13.4,15,5540,1
SUB-302630,2018-05-15,Multan,29.0,Male,Prepaid,Low,1.2,88,47.0,18.9,0,23.8,1.0,0,360,0
SUB-303478,2025-05-23,Multan,61.0,Male,Prepaid,Low,2.6,185,17.0,1.2,0,19.8,0.0,0,320,0
SUB-303008,2016-12-01,Karachi,63.0,Female,Postpaid,Low,4.4,195,17.0,5.4,2,27.4,0.0,0,360,1
SUB-301139,2017-01-29,Gujranwala,35.0,Male,Postpaid,Mid,22.1,597,48.0,8.6,3,16.0,10.5,8,4190,0
SUB-301420,2021-06-22,Quetta,69.0,Male,Prepaid,Mid,4.2,142,35.0,9.6,0,5.9,1.1,0,450,1
SUB-301361,2016-11-21,Karachi,19.0,Male,Prepaid,Low,109.7,125,0.0,76.5,11,61.1,50.3,1,2920,2
SUB-302364,2023-04-25,Karachi,46.0,Female,Postpaid,Low,22.5,1320,72.0,4.5,61,32.6,10.8,11,4220,0
SUB-303907,2016-08-30,Quetta,19.0,Male,Postpaid,Mid,106.2,158,40.0,41.5,1,61.9,39.2,0,860,0
SUB-303992,2016-12-16,Lahore,48.0,Male,Postpaid,Mid,29.1,969,20.0,12.7,1,11.8,8.4,7,3690,0
SUB-302977,2019-03-15,Karachi,26.0,Female,Postpaid,Mid,38.6,52,0.0,55.9,0,58.8,67.7,1,1230,1
SUB-301660,2018-12-31,Lahore,29.0,Female,Prepaid,Low,6.5,137,66.0,6.0,0,33.2,0.0,0,720,0
SUB-300602,2018-04-24,Gujranwala,55.0,Female,Postpaid,Low,10.8,127,34.0,24.4,235,45.6,3.4,1,2230,1
SUB-300514,2019-11-10,Islamabad,23.0,Female,Prepaid,Mid,95.4,160,4.0,67.7,3,72.1,67.2,0,1980,1
SUB-303182,2019-12-09,Rawalpindi,20.0,Female,Prepaid,High,91.5,167,34.0,41.5,4,57.9,64.7,0,2210,0
SUB-300683,2019-03-10,Lahore,38.0,Male,Prepaid,Mid,1.7,238,29.0,2.9,3,31.6,1.7,0,280,1
SUB-303896,2019-11-09,Peshawar,30.0,Male,Prepaid,Low,2.4,107,50.0,9.4,0,54.8,0.0,0,660,0
SUB-302698,2019-11-19,Gujranwala,28.0,Male,Postpaid,Low,56.9,175,32.0,28.6,4,56.7,54.9,0,1840,1
SUB-303429,2017-09-22,Quetta,24.0,Male,Prepaid,Mid,63.7,31,47.0,54.6,0,55.1,59.9,0,1730,0
SUB-303641,2024-03-19,Multan,46.0,Female,Prepaid,Mid,11.7,172,25.0,14.7,274,28.4,8.0,2,1360,0
SUB-301112,2018-04-19,Sialkot,36.0,Male,Postpaid,Low,0.1,327,0.0,21.6,367,49.0,0.0,0,1590,0
SUB-302185,2022-01-03,Lahore,20.0,Female,Postpaid,Low,71.9,140,74.0,50.0,0,55.6,64.7,0,2480,0
SUB-303747,2018-03-04,Multan,26.0,Male,Prepaid,Mid,78.1,286,41.0,64.4,2,51.1,45.0,0,1700,0
SUB-300931,2023-11-06,Peshawar,49.0,Female,Prepaid,Low,3.4,181,28.0,8.4,0,10.9,1.8,0,400,1
SUB-303428,2024-01-13,Faisalabad,28.0,Female,Prepaid,Mid,86.6,314,50.0,51.3,0,58.9,43.0,1,2530,1
SUB-300187,2025-07-14,Lahore,30.0,Male,Prepaid,High,26.2,1027,66.0,8.8,6,18.9,7.9,12,4300,2
SUB-301588,2026-03-14,Mirpur,37.0,Male,Prepaid,Mid,8.0,170,29.0,11.9,116,31.2,0.4,2,2500,0
SUB-303800,2023-05-08,Multan,21.0,Male,Prepaid,Low,34.1,34,36.0,50.5,6,41.7,50.2,0,2240,0
SUB-303160,2023-04-05,Lahore,,Male,Postpaid,Mid,7.0,230,3.0,23.6,184,57.0,0.0,0,2160,0
SUB-300672,2023-11-21,Mirpur,49.0,Female,Prepaid,Low,5.4,323,32.0,8.5,0,32.8,,0,470,0
SUB-300701,2021-10-20,Rawalpindi,41.0,Male,Postpaid,High,27.8,1304,38.0,7.5,32,32.8,2.7,7,2800,0
SUB-300484,2019-05-05,Rawalpindi,,Male,Prepaid,Mid,88.3,224,76.0,43.7,5,65.7,50.6,0,1900,0
SUB-303106,2017-12-11,Karachi,37.0,Male,Prepaid,Mid,9.0,307,12.0,19.6,438,47.1,5.6,0,1230,0
SUB-303644,2024-02-04,Lahore,27.0,Female,Prepaid,Mid,77.6,191,44.0,41.2,0,67.3,53.9,1,1120,0
SUB-303373,2020-07-21,Karachi,42.0,Male,Prepaid,Mid,20.1,1280,51.0,12.8,25,20.7,2.3,10,3270,1
SUB-302339,2023-06-16,Rawalpindi,26.0,Male,Prepaid,Low,2.3,99,31.0,10.7,0,26.9,1.2,0,480,0
SUB-302761,2017-11-17,Lahore,37.0,Male,Postpaid,High,32.9,1563,64.0,26.6,44,39.2,13.2,7,3940,1
SUB-303166,2024-02-23,Karachi,45.0,Female,Postpaid,High,26.5,1268,50.0,2.5,17,24.7,4.8,6,4030,0
SUB-303458,2019-02-09,Islamabad,42.0,Female,Prepaid,High,22.3,1535,93.0,21.4,37,9.5,13.2,10,4400,1
SUB-301053,2025-04-24,Quetta,32.0,Female,Prepaid,Low,2.1,5,78.0,6.0,0,25.8,1.0,0,560,1
SUB-301156,2020-06-25,Faisalabad,37.0,Female,Prepaid,High,6.4,97,16.0,18.4,344,47.9,13.9,3,2420,0
SUB-302561,2025-12-29,Peshawar,26.0,Female,Prepaid,Mid,87.8,106,54.0,60.6,5,64.9,49.0,1,1760,0
SUB-300927,2019-07-12,Karachi,64.0,Male,Prepaid,Low,2.1,194,72.0,12.2,0,37.8,1.5,1,330,0
SUB-302963,2022-10-13,Lahore,37.0,Female,Postpaid,High,3.6,114,4.0,19.2,216,41.0,0.0,2,2470,1
SUB-303677,2016-08-24,Lahore,34.0,Female,Prepaid,Low,3.8,140,61.0,7.7,1,31.9,1.6,0,400,0
SUB-300816,2023-03-31,Multan,64.0,Male,Prepaid,Low,1.9,103,67.0,9.5,1,49.6,4.7,0,550,0
SUB-302738,2023-05-05,Faisalabad,60.0,Male,Postpaid,Low,4.3,93,47.0,11.3,0,46.3,1.4,2,570,0
SUB-303950,2021-08-29,Peshawar,39.0,Male,Prepaid,Low,1.6,60,38.0,18.5,0,39.4,2.4,0,640,0
SUB-301948,2016-10-14,Multan,53.0,Male,Prepaid,Low,2.9,157,63.0,6.5,3,11.6,0.0,0,260,0
SUB-301137,2023-11-02,Rawalpindi,23.0,Male,Prepaid,Mid,62.4,117,41.0,48.6,10,70.5,76.3,0,1440,0
SUB-302290,2022-06-11,Mirpur,51.0,Female,Postpaid,High,12.4,1329,59.0,5.1,0,33.4,6.7,8,2450,0
SUB-302887,2020-07-31,Lahore,40.0,Female,Postpaid,Mid,21.6,1528,99.0,3.8,2,25.9,10.8,5,2660,3
SUB-301236,2022-12-04,Mirpur,21.0,Male,Prepaid,High,82.2,90,13.0,54.6,4,56.1,,1,1780,0
SUB-300998,2024-04-10,Karachi,58.0,Female,Prepaid,Mid,6.9,21,,31.0,377,37.9,6.1,1,2660,0
SUB-300241,2026-01-19,Multan,63.0,Female,Prepaid,Mid,1.1,280,25.0,5.8,0,24.6,1.1,0,340,0
SUB-300730,2026-04-06,Lahore,22.0,Male,Prepaid,High,50.3,349,49.0,44.5,0,66.8,80.7,0,1660,2
SUB-302316,2022-08-12,Islamabad,28.0,Male,Prepaid,Mid,52.0,85,,45.5,3,55.6,55.0,0,1820,1
SUB-303477,2020-05-01,Islamabad,20.0,Male,Prepaid,Mid,84.9,287,55.0,42.4,0,62.1,20.7,1,1400,0
SUB-301066,2020-03-24,Islamabad,21.0,Female,Prepaid,Mid,88.9,144,60.0,48.5,8,69.2,71.4,2,1950,0
SUB-303561,2020-01-12,Multan,56.0,Female,Prepaid,Mid,4.1,164,30.0,5.6,0,14.2,0.6,0,430,1
SUB-303093,2024-04-18,Multan,38.0,Male,Prepaid,Low,3.3,144,50.0,2.4,0,38.3,0.3,0,540,0
SUB-301261,2018-01-18,Multan,,Male,Postpaid,Mid,1.2,97,11.0,8.9,0,26.5,2.5,0,600,0
SUB-303134,2018-08-05,Lahore,44.0,Male,Prepaid,Low,4.3,128,29.0,15.0,0,20.0,0.7,0,540,0
SUB-303098,2023-07-28,Rawalpindi,35.0,Female,Prepaid,Low,5.2,142,20.0,21.6,1,26.0,0.8,0,350,0
SUB-303028,2018-05-18,Lahore,27.0,Male,Prepaid,High,70.1,223,43.0,40.6,6,51.0,47.7,0,1800,0
SUB-301412,2024-11-30,Quetta,41.0,Female,Prepaid,,1.6,111,15.0,16.8,5,64.1,4.2,0,670,0
SUB-301101,2018-04-20,Rawalpindi,26.0,Male,Prepaid,Mid,90.6,86,49.0,57.4,10,66.5,72.8,1,1830,1
SUB-301163,2020-02-04,Islamabad,18.0,Male,Prepaid,High,34.7,285,9.0,60.3,8,46.4,70.2,0,2060,0
SUB-301253,2019-01-08,Rawalpindi,20.0,Male,Prepaid,Mid,125.0,197,1.0,39.8,8,63.9,51.7,1,2210,2
SUB-301409,2021-07-04,Lahore,24.0,Male,Prepaid,High,79.5,131,45.0,40.2,0,77.1,55.0,0,1600,1
SUB-303939,2024-09-25,Lahore,36.0,Male,Prepaid,Low,0.7,219,29.0,5.1,5,17.8,3.1,0,470,0
SUB-303702,2018-11-02,Mirpur,20.0,Male,Prepaid,Low,89.9,101,35.0,50.8,5,45.6,87.1,0,1520,1
SUB-301478,2020-11-10,Peshawar,24.0,Male,Prepaid,Mid,28.1,135,90.0,70.0,7,41.0,66.3,0,2150,0
SUB-303761,2020-06-18,Rawalpindi,21.0,Male,Prepaid,Mid,37.5,278,44.0,61.4,5,62.4,69.0,1,1270,0
SUB-300817,2023-06-30,Multan,37.0,Male,Prepaid,Mid,3.1,38,13.0,11.1,0,22.7,0.0,0,410,1
SUB-300648,2025-05-29,Gujranwala,18.0,Female,Prepaid,High,78.3,117,66.0,62.6,1,56.0,45.7,1,2630,0
SUB-302071,2020-12-18,Lahore,58.0,Male,Prepaid,Low,2.3,114,31.0,10.5,1,25.8,0.5,0,260,0
SUB-301449,2017-10-08,Multan,27.0,Male,Prepaid,Mid,5.1,156,42.0,17.1,0,22.0,1.2,0,600,0
SUB-300171,2022-10-20,Karachi,18.0,Male,Prepaid,Mid,88.3,303,32.0,64.9,7,51.1,63.2,0,2070,2
SUB-301286,2019-08-11,Quetta,19.0,Male,Prepaid,Mid,80.3,16,44.0,41.3,7,71.0,66.9,0,2200,0
SUB-303184,2024-11-17,Sialkot,27.0,Male,Prepaid,Mid,113.2,174,20.0,66.9,6,72.8,20.4,0,1660,1
SUB-303415,2023-06-02,Mirpur,49.0,Male,Postpaid,Mid,15.9,274,0.0,2.2,246,53.0,11.5,1,2650,1
SUB-303408,2020-12-23,Mirpur,53.0,Female,Prepaid,,5.5,148,34.0,18.2,1,24.8,4.2,0,460,0
SUB-302090,2019-06-05,Multan,39.0,Male,Prepaid,Low,5.6,170,34.0,13.3,1,31.7,0.0,0,460,0
SUB-301642,2026-04-22,Karachi,23.0,Male,Prepaid,Mid,44.1,279,38.0,44.5,9,56.0,57.1,1,1820,1
SUB-302260,2024-08-08,Islamabad,20.0,Female,Prepaid,High,57.0,170,42.0,57.1,5,69.1,59.9,0,1980,1
SUB-301911,2023-03-04,Lahore,35.0,Male,Postpaid,Mid,16.4,1068,,17.0,47,15.1,3.3,5,5050,0
SUB-301587,2020-04-28,Mirpur,48.0,Male,Prepaid,High,17.2,1348,51.0,22.5,0,36.4,5.5,9,3570,1
SUB-301147,2024-04-19,Multan,65.0,Male,Prepaid,Low,2.3,221,36.0,0.0,0,27.9,2.1,0,490,0
SUB-303371,2022-05-12,Mirpur,63.0,Female,Prepaid,High,7.8,299,18.0,29.3,142,37.4,2.0,0,2500,0
SUB-300142,2018-05-18,Lahore,29.0,Female,Prepaid,Mid,6.7,299,52.0,11.9,2,19.9,,0,390,0
SUB-301423,2022-12-25,Karachi,51.0,Male,Postpaid,,28.3,1828,59.0,10.5,23,33.4,0.0,7,3600,0
SUB-301062,2018-02-27,Faisalabad,25.0,Female,Postpaid,Mid,72.3,83,47.0,54.4,4,69.1,7.4,0,2720,0
SUB-300339,2016-08-06,Lahore,53.0,Female,Prepaid,Low,2.5,67,9.0,7.1,3,49.0,3.9,1,260,0
SUB-302130,2019-10-20,Mirpur,52.0,Male,Prepaid,Low,8.2,343,0.0,20.8,527,38.9,8.3,2,2210,0
SUB-301652,2020-12-02,Peshawar,20.0,Male,Prepaid,Low,3.4,21,0.0,8.4,0,35.6,0.8,0,320,1
SUB-303993,2021-11-06,Peshawar,49.0,Male,Prepaid,Low,0.1,156,28.0,2.5,3,10.5,0.0,0,610,2
SUB-300721,2021-07-10,Peshawar,66.0,Female,Prepaid,Low,1.0,95,53.0,14.2,3,36.4,0.7,0,790,0
SUB-301793,2018-10-17,Karachi,24.0,Male,Prepaid,Mid,86.5,106,0.0,56.1,4,66.8,58.6,0,2180,1
SUB-300941,2016-10-05,Peshawar,63.0,Male,Prepaid,Low,1.3,158,0.0,15.1,1,40.1,0.0,0,300,0
SUB-301383,2026-03-16,Rawalpindi,28.0,Male,Prepaid,Mid,54.2,260,32.0,53.0,3,73.0,19.2,1,1630,0
SUB-303333,2017-07-24,Gujranwala,,Female,Prepaid,Mid,3.2,81,24.0,12.1,1,16.6,2.8,0,460,1
SUB-301684,2022-09-11,Gujranwala,55.0,Male,Prepaid,Low,3.5,175,37.0,0.3,1,21.2,2.9,0,340,1
SUB-303569,2024-07-25,Faisalabad,26.0,Female,Prepaid,Mid,70.4,155,40.0,71.1,0,73.2,60.6,0,1190,1
SUB-302176,2019-01-14,Karachi,22.0,Female,Prepaid,Mid,96.0,237,52.0,53.6,0,71.4,63.2,1,1910,0
SUB-302134,2018-06-12,Islamabad,43.0,Male,Postpaid,High,4.4,1163,89.0,21.4,3,19.2,8.0,8,4570,1
SUB-302705,2021-02-04,Mirpur,23.0,Male,Prepaid,,76.7,102,0.0,34.2,0,51.1,69.4,0,2140,1
SUB-303748,2022-12-21,Gujranwala,,Female,Prepaid,Low,0.1,116,38.0,10.9,3,9.3,0.0,0,490,0
SUB-300277,2016-12-03,Faisalabad,54.0,Female,Prepaid,Low,3.2,154,17.0,4.9,0,27.1,3.1,0,310,0
SUB-301440,2021-12-27,Islamabad,57.0,Male,Prepaid,Mid,0.9,0,24.0,14.3,0,25.7,2.1,0,280,0
SUB-300216,2018-02-02,Multan,26.0,Male,Prepaid,Low,85.9,228,30.0,66.8,3,64.2,,1,1920,0
SUB-302796,2018-09-20,Sialkot,60.0,Male,Prepaid,Low,3.1,98,59.0,17.8,0,40.5,0.0,0,630,0
SUB-300569,2021-12-29,Peshawar,32.0,Male,Prepaid,High,10.4,358,18.0,21.0,249,57.4,5.5,0,2470,0
SUB-303807,2025-10-12,Sialkot,49.0,Male,Prepaid,Mid,9.5,179,35.0,14.5,299,37.1,0.6,0,1990,0
SUB-303270,2021-09-08,Lahore,26.0,Female,Prepaid,Low,4.3,214,27.0,1.3,2,30.5,0.1,0,700,0
SUB-300321,2022-10-29,Rawalpindi,26.0,Female,Postpaid,Mid,66.6,40,53.0,45.1,0,64.7,,0,2410,0
SUB-300417,2024-01-06,Islamabad,30.0,Female,Prepaid,Mid,24.5,1415,,4.5,0,29.0,7.9,9,4810,1
SUB-302645,2020-05-21,Gujranwala,40.0,Female,Prepaid,Low,14.9,358,,19.5,499,36.6,6.1,1,2300,0
SUB-301612,2025-06-06,Karachi,,Female,Prepaid,High,20.1,1444,21.0,6.7,60,19.4,10.3,3,5610,1
SUB-303623,2018-04-09,Karachi,22.0,Female,Prepaid,Low,2.1,127,17.0,7.2,2,0.0,,0,460,0
SUB-303554,2024-09-15,Multan,61.0,Female,Prepaid,Mid,3.2,228,14.0,6.1,0,45.7,3.4,0,480,0
SUB-302483,2018-11-17,Islamabad,36.0,Male,Postpaid,Mid,14.8,1457,22.0,6.6,5,21.9,8.1,9,3850,1
SUB-303756,2018-12-07,Quetta,19.0,Female,Prepaid,High,37.6,124,18.0,48.5,2,64.4,71.0,1,1210,0
SUB-302042,2022-09-13,Quetta,28.0,Male,Prepaid,Mid,81.7,284,0.0,56.2,9,58.5,89.5,0,1300,0
SUB-302933,2019-11-16,Lahore,34.0,Male,Prepaid,Mid,6.7,280,41.0,5.5,207,54.6,1.3,1,2180,0
SUB-301233,2016-07-24,Islamabad,44.0,Male,Postpaid,High,24.1,509,59.0,15.6,24,36.0,12.7,14,4160,0
SUB-303520,2022-12-09,Faisalabad,58.0,Female,Prepaid,High,1.9,110,43.0,18.4,0,15.1,0.8,0,420,1
SUB-300792,2018-07-19,Sialkot,61.0,Female,Prepaid,Mid,1.5,52,,12.7,6,27.7,1.5,0,400,0
SUB-301762,2023-01-24,Karachi,20.0,Female,Prepaid,High,34.6,137,48.0,49.6,0,46.8,3.2,0,2600,0
SUB-302528,2017-12-25,Lahore,43.0,Male,Postpaid,High,17.9,1419,90.0,23.1,10,15.9,0.5,7,4980,3
SUB-302268,2025-06-21,Peshawar,32.0,Female,Prepaid,Low,6.4,218,,5.7,0,36.0,0.0,0,460,0
SUB-303957,2022-09-27,Sialkot,19.0,Female,Prepaid,Mid,22.9,170,28.0,44.8,3,47.9,95.4,0,3000,0
SUB-303347,2017-05-26,Karachi,18.0,Male,Prepaid,Mid,94.6,207,32.0,59.3,6,53.6,50.2,0,950,2
SUB-301481,2019-03-23,Rawalpindi,51.0,Male,Postpaid,,31.3,1333,75.0,15.3,30,15.0,4.9,11,3560,1
SUB-300977,2024-10-28,Rawalpindi,27.0,Male,Prepaid,Low,69.5,69,14.0,66.3,1,48.5,60.5,0,2270,1
SUB-300795,2021-01-25,Karachi,33.0,Male,Prepaid,Low,4.4,81,36.0,16.0,4,52.8,,1,580,0
SUB-302006,2020-07-26,Mirpur,28.0,Male,Postpaid,Mid,11.9,1228,30.0,16.4,59,32.1,10.2,9,2940,1
SUB-302444,2022-03-21,Karachi,50.0,Male,Prepaid,High,20.5,1090,94.0,21.0,25,33.8,17.4,7,4720,0
SUB-302226,2021-02-13,Rawalpindi,19.0,Male,Prepaid,Mid,72.8,78,19.0,63.9,4,58.2,34.2,1,2150,1
SUB-300924,2019-10-03,Lahore,34.0,Male,Prepaid,Mid,22.8,1221,45.0,21.5,18,6.2,2.3,8,3370,3
SUB-301978,2019-08-02,Lahore,69.0,Male,Prepaid,Mid,4.8,41,45.0,3.3,0,19.0,1.1,0,320,0
SUB-303065,2025-10-27,Islamabad,26.0,Male,Prepaid,Mid,88.3,196,57.0,53.0,0,59.0,60.4,0,2000,0
SUB-302508,2023-11-13,Lahore,26.0,Male,Prepaid,High,116.9,270,115.0,48.4,1,64.8,52.5,1,1720,1
SUB-301498,2025-08-31,Lahore,19.0,Male,Prepaid,Mid,57.3,367,,59.9,5,52.8,79.8,1,1260,0
SUB-303078,2019-09-20,Lahore,53.0,Female,Postpaid,High,22.6,1748,98.0,5.1,16,27.1,8.4,10,4350,0
SUB-300174,2021-03-31,Karachi,20.0,Male,Prepaid,Low,3.7,142,32.0,11.0,0,31.9,,0,380,0
SUB-302915,2024-05-25,Lahore,64.0,Male,Prepaid,Low,4.8,143,23.0,6.1,0,35.0,1.1,0,300,0
SUB-301309,2021-12-08,Lahore,63.0,Male,Prepaid,Low,2.5,117,,17.5,0,60.3,0.0,0,460,0
SUB-300378,2018-05-25,Gujranwala,40.0,Female,Prepaid,Low,9.6,148,25.0,17.9,288,26.2,0.7,3,2360,0
SUB-301637,2022-09-03,Faisalabad,44.0,Female,Prepaid,Low,0.4,192,46.0,18.7,2,30.9,,0,500,0
SUB-302410,2024-02-07,Islamabad,55.0,Female,Prepaid,High,20.7,2031,48.0,10.8,32,17.6,7.2,15,3400,0
SUB-300835,2018-06-26,Lahore,32.0,Male,Prepaid,Low,6.5,70,22.0,10.1,1,24.2,0.0,0,640,1
SUB-300354,2024-05-12,Gujranwala,58.0,Female,Postpaid,Low,6.7,137,4.0,18.2,306,31.9,11.2,0,2030,0
SUB-302608,2019-03-04,Multan,52.0,Female,Postpaid,Mid,20.5,1475,48.0,11.9,60,36.2,15.6,8,2000,0
SUB-300172,2017-06-19,Quetta,48.0,Female,Prepaid,Mid,4.0,143,17.0,13.8,0,11.6,1.7,0,410,0
SUB-300123,2023-12-16,Islamabad,23.0,Female,Prepaid,Mid,95.1,89,66.0,51.7,2,68.6,47.8,0,1840,0
SUB-301141,2019-05-02,Lahore,21.0,Male,Prepaid,High,90.5,167,41.0,60.2,1,58.8,,1,2230,0
SUB-302792,2019-03-06,Lahore,54.0,Male,Postpaid,High,31.5,1433,59.0,12.0,13,39.9,16.1,6,6270,4
SUB-301145,2020-03-26,Lahore,39.0,Female,Prepaid,Low,2.4,199,4.0,2.9,0,21.5,1.6,0,470,0
SUB-302262,2024-04-05,Peshawar,,Male,Prepaid,Low,3.3,70,0.0,8.1,0,24.3,0.3,0,460,0
SUB-302500,2016-07-07,Karachi,67.0,Female,Prepaid,Low,2.0,177,46.0,8.3,0,71.5,2.4,0,520,0
SUB-302495,2018-01-30,Sialkot,35.0,Male,Postpaid,Low,11.8,430,27.0,13.6,498,28.5,4.2,2,3020,0
SUB-302856,2016-09-28,Multan,,Male,Postpaid,Low,5.3,126,18.0,27.4,298,50.3,5.3,2,1680,2
SUB-300758,2026-03-30,Islamabad,32.0,Female,Postpaid,Mid,17.5,1299,24.0,16.1,14,15.4,7.2,8,4370,1
SUB-301348,2023-12-03,Mirpur,32.0,Male,Prepaid,Low,9.5,225,24.0,24.9,135,40.2,9.4,0,1370,0
SUB-300252,2024-11-01,Faisalabad,45.0,Male,Prepaid,Low,3.0,207,11.0,19.8,1,42.3,3.0,0,530,0
SUB-303504,2017-06-15,Karachi,21.0,Female,Prepaid,High,71.3,81,16.0,52.4,15,61.3,72.3,1,1680,0
SUB-302451,2018-07-17,Rawalpindi,32.0,Male,Prepaid,Mid,15.8,1267,71.0,10.3,8,31.8,10.1,8,3610,0
SUB-302867,2025-05-17,Lahore,39.0,Male,Prepaid,Mid,0.3,291,39.0,21.0,0,18.5,0.8,0,470,0
SUB-303398,2023-12-24,Islamabad,32.0,Male,Postpaid,High,21.5,1115,75.0,10.1,53,29.4,5.6,6,3220,1
SUB-302405,2019-10-22,Multan,48.0,Male,Prepaid,Low,2.6,94,40.0,15.8,2,35.5,4.4,0,460,1
SUB-303343,2018-05-05,Lahore,35.0,Female,Postpaid,High,31.4,644,8.0,9.5,37,16.7,1.5,7,4860,0
SUB-302482,2017-10-11,Karachi,25.0,Female,Prepaid,Mid,79.0,110,19.0,48.5,4,61.2,88.0,2,2370,0
SUB-300803,2021-05-15,Islamabad,24.0,Male,Prepaid,Low,75.0,318,8.0,76.3,0,75.5,58.6,1,2860,0
SUB-302684,2024-12-06,Lahore,24.0,Female,Prepaid,Mid,82.4,335,20.0,32.3,6,65.8,53.4,1,1880,0
SUB-301648,2019-01-24,Rawalpindi,,Male,PREPAID,Low,97.6,0,10.0,65.6,0,45.3,46.2,0,1780,0
SUB-302058,2018-11-15,Sialkot,57.0,Female,Prepaid,Mid,7.9,285,26.0,15.2,244,39.4,8.5,1,2660,1
SUB-302877,2022-05-16,Lahore,49.0,Female,Postpaid,High,31.2,1074,113.0,1.0,36,24.2,,5,2910,0
SUB-302102,2016-12-21,Lahore,44.0,Male,Postpaid,High,25.4,1803,49.0,8.8,38,25.9,13.6,12,4720,0
SUB-301223,2018-03-23,Mirpur,37.0,Male,Prepaid,Low,5.8,168,32.0,14.0,0,42.5,0.9,0,530,0
SUB-301031,2024-01-23,Sialkot,19.0,Male,Prepaid,Mid,63.4,273,48.0,44.8,0,53.4,76.6,0,1730,0
SUB-301991,2017-02-23,Islamabad,54.0,Female,Prepaid,High,29.7,1088,89.0,10.4,5,24.6,4.9,9,6620,1
SUB-302402,2016-12-27,Multan,58.0,Male,Prepaid,Mid,12.7,200,,21.0,216,52.9,5.6,2,2380,0
SUB-302188,2021-01-11,Lahore,46.0,Male,Postpaid,High,23.1,900,79.0,23.0,59,35.6,1.6,14,4340,2
SUB-300002,2023-08-15,Mirpur,55.0,Female,Postpaid,High,28.4,1656,50.0,22.1,37,20.0,12.9,10,4620,0
SUB-300990,2024-02-08,Quetta,58.0,Male,Prepaid,Low,5.1,115,33.0,13.9,0,33.1,1.1,0,440,0
SUB-303613,2017-05-19,Sialkot,51.0,Male,Prepaid,Low,5.1,141,6.0,11.6,1,33.5,1.2,0,530,0
SUB-300642,2025-10-15,Mirpur,37.0,Female,Prepaid,Low,6.0,140,38.0,20.7,0,34.6,0.4,0,560,1
SUB-300906,2021-07-06,Rawalpindi,48.0,Female,Postpaid,Mid,19.3,1747,107.0,7.0,49,19.9,15.9,10,4390,1
SUB-301596,2022-12-24,Faisalabad,21.0,Female,Postpaid,High,62.0 GB,157,32.0,40.1,8,71.4,58.9,0,590,0
SUB-300205,2022-06-05,Lahore,25.0,Male,Prepaid,Mid,84.3,186,42.0,39.0,2,69.1,79.6,1,1690,0
SUB-303086,2022-07-27,Karachi,20.0,Female,Prepaid,Mid,68.8,295,17.0,51.8,0,79.1,54.8,0,2050,0
SUB-303369,2017-02-23,Lahore,40.0,Male,Prepaid,Low,3.5,227,41.0,5.9,0,18.2,2.1,0,410,1
SUB-303535,2023-03-12,Mirpur,,Male,Prepaid,Low,12.5,167,30.0,29.1,659,45.6,8.7,1,1690,0
SUB-302200,2026-03-29,Karachi,24.0,Male,Postpaid,Low,73.4,185,31.0,80.6,6,66.3,57.2,0,2260,1
SUB-300800,2021-08-27,Faisalabad,62.0,Female,Prepaid,Mid,4.0,188,13.0,6.8,0,15.7,3.4,0,220,0
SUB-302913,2025-04-21,Lahore,51.0,Female,Postpaid,High,19.7,1956,56.0,0.0,0,24.7,1.0,7,2630,1
SUB-301304,2018-03-21,Mirpur,56.0,Female,Prepaid,Mid,2.5,53,17.0,8.5,0,26.3,2.0,0,300,1
SUB-303495,2017-06-10,Sialkot,58.0,Female,Prepaid,Low,2.8,15,21.0,15.7,0,0.6,0.0,0,560,1
SUB-301990,2019-10-19,Islamabad,55.0,Male,Postpaid,Mid,23.8,1350,87.0,19.7,5,34.6,0.0,3,3730,0
SUB-302232,2022-04-03,Karachi,22.0,Male,Prepaid,Mid,88.1,151,39.0,57.2,2,53.5,70.5,0,2720,0
SUB-303772,2024-05-24,Gujranwala,41.0,Female,Prepaid,Low,8.3,278,33.0,23.3,383,37.7,,2,2260,0
SUB-301584,2021-04-26,Islamabad,22.0,Male,Prepaid,Mid,39.5,40,35.0,68.9,10,80.1,69.0,0,2480,1
SUB-302240,2017-07-31,Sialkot,,Female,Prepaid,Mid,14.9,299,56.0,21.7,76,18.8,7.9,0,1440,0
SUB-301772,2024-12-05,Mirpur,24.0,Female,Postpaid,Mid,122.1,182,59.0,63.8,0,67.6,78.4,0,1010,0
SUB-300797,2023-01-25,Peshawar,,Female,Prepaid,High,69.1 GB,374,35.0,31.2,5,68.6,66.7,1,1950,0
SUB-301693,2024-09-21,Quetta,41.0,Female,Prepaid,Low,5.9,201,10.0,16.3,1,29.0,2.1,0,500,0
SUB-302467,2020-06-14,Islamabad,,Female,Prepaid,Low,2.0,80,25.0,10.1,0,32.8,5.3,0,350,0
SUB-300561,2019-01-14,Rawalpindi,28.0,Male,Prepaid,Low,64.7,138,12.0,63.0,10,53.1,52.9,0,2330,1
SUB-303413,2017-04-09,Mirpur,23.0,Male,Prepaid,High,3.7,82,37.0,5.7,5,40.2,0.9,0,380,0
SUB-302524,2016-07-15,Multan,64.0,Male,Prepaid,Low,4.9,76,68.0,9.6,1,34.8,3.6,0,440,0
SUB-302764,2017-09-09,Rawalpindi,23.0,Female,Prepaid,Low,75.9,96,46.0,34.3,0,56.6,82.1,1,1130,0
SUB-303222,2024-09-06,Islamabad,24.0,Male,Prepaid,Low,101.5,225,0.0,64.0,0,52.8,83.8,1,1480,0
SUB-301965,2019-03-01,Gujranwala,41.0,Male,Prepaid,Low,5.5,267,38.0,15.9,5,24.3,0.0,1,490,0
SUB-302857,2026-03-22,Lahore,25.0,Male,Postpaid,Mid,83.7,242,28.0,38.2,5,65.8,46.9,0,1910,1
SUB-302466,2017-05-23,Sialkot,42.0,Male,Prepaid,Low,5.4,77,42.0,11.7,4,17.9,0.7,0,450,0
SUB-302824,2025-11-13,Karachi,45.0,Female,Prepaid,High,22.5,1608,76.0,10.7,0,29.2,4.7,6,1720,1
SUB-300851,2026-02-07,Sialkot,21.0,Female,Prepaid,Low,42.1,277,55.0,46.4,0,39.6,65.9,0,2590,0
SUB-301543,2025-12-08,Sialkot,64.0,Male,Prepaid,Low,0.1,95,20.0,19.9,0,41.1,2.8,0,440,1
SUB-302750,2016-11-09,Lahore,52.0,Male,Postpaid,High,23.8,1577,69.0,10.4,55,32.4,11.2,8,3620,1
SUB-300454,2025-11-13,Rawalpindi,65.0,Male,Prepaid,Mid,6.6,132,7.0,14.5,293,39.7,3.5,1,1510,1
SUB-303010,2020-08-21,Islamabad,24.0,Male,Prepaid,Low,115.4,181,11.0,57.9,0,74.2,48.3,0,1820,1
SUB-303565,2024-10-03,Karachi,54.0,Male,Postpaid,Low,25.0,1178,128.0,15.5,8,15.3,6.0,9,5180,0
SUB-301185,2025-09-10,Sialkot,38.0,Male,Prepaid,High,9.6,340,0.0,17.5,370,22.7,6.8,1,930,0
SUB-302634,2022-12-26,Islamabad,25.0,Female,Prepaid,Mid,124.6,190,45.0,55.9,1,54.9,30.5,1,2220,0
SUB-301019,2017-06-03,Lahore,45.0,Female,Postpaid,Mid,15.8,1569,49.0,8.6,0,35.7,10.6,12,3340,0
SUB-301168,2018-05-26,Peshawar,20.0,Female,Prepaid,Mid,5.0,64,18.0,10.5,1,16.2,0.0,0,180,0
SUB-303241,2019-10-06,Sialkot,39.0,Male,Postpaid,Low,1.0,334,53.0,24.4,132,32.7,0.0,0,2160,0
SUB-300928,2018-09-15,Sialkot,38.0,Male,Prepaid,Mid,15.0,258,32.0,22.8,407,30.5,6.9,0,2160,1
SUB-303683,2025-08-04,Mirpur,32.0,Male,Prepaid,Low,3.6,209,71.0,6.7,1,58.3,0.5,0,300,0
SUB-300028,2019-08-21,Lahore,42.0,Female,Prepaid,High,24.2,1428,70.0,2.8,6,32.8,6.8,5,4700,0
SUB-301551,2021-11-09,Rawalpindi,58.0,Male,Prepaid,Mid,9.0,232,40.0,21.0,438,27.6,7.4,1,2850,0
SUB-303627,2024-04-22,Islamabad,21.0,Male,Prepaid,High,91.1,197,90.0,59.7,3,75.5,48.2,0,1530,0
SUB-301404,2024-11-29,Lahore,18.0,Female,Prepaid,High,100.2,216,66.0,73.2,1,55.7,44.4,0,2380,0
SUB-303447,2022-06-20,Lahore,,Male,Prepaid,Low,1.2 GB,283,10.0,17.2,0,16.7,0.0,0,420,0
SUB-300381,2019-05-15,Karachi,25.0,Male,Prepaid,Mid,77.2,325,1.0,50.5,0,69.2,57.1,0,2000,0
SUB-301896,2023-01-15,Karachi,28.0,Female,Prepaid,High,99.7,302,81.0,57.9,1,65.6,45.4,2,2020,0
SUB-302618,2023-03-06,Faisalabad,41.0,Male,Prepaid,Low,7.3,167,1.0,11.7,409,23.9,2.3,3,2730,1
SUB-301171,2017-12-22,Lahore,52.0,Female,Postpaid,High,22.3,1039,96.0,2.4,24,22.7,16.1,10,6560,0
SUB-300911,2017-09-01,Peshawar,,Male,Prepaid,Low,8.8,353,5.0,19.0,267,38.9,0.0,0,1640,1
SUB-300679,2022-10-28,Rawalpindi,21.0,Female,Prepaid,Mid,40.2,73,0.0,58.3,3,53.6,58.0,0,1580,0
SUB-303545,2023-11-12,Multan,26.0,Female,Prepaid,Low,5.6,81,0.0,11.3,0,7.5,2.9,0,480,1
SUB-303528,2019-12-31,Islamabad,22.0,Male,Prepaid,Mid,53.2,173,27.0,62.1,3,62.8,69.5,0,2050,1
SUB-303292,2020-08-21,Karachi,44.0,Male,Postpaid,High,21.7,310,,4.9,9,24.6,10.8,9,2060,0
SUB-302222,2024-05-02,Faisalabad,38.0,Male,Prepaid,Low,5.6,185,23.0,12.4,2,29.2,3.4,0,600,0
SUB-301291,2021-10-26,Mirpur,56.0,Male,Prepaid,Low,3.6,100,36.0,8.9,1,24.8,0.5,0,450,1
SUB-301099,2018-07-02,Multan,32.0,Male,Postpaid,Mid,6.0,1094,69.0,12.5,24,31.9,12.8,11,3790,0
SUB-302531,2024-06-17,Karachi,44.0,Female,Prepaid,Low,0.1,128,23.0,0.0,2,11.0,0.9,0,550,0
SUB-302707,2021-10-04,Karachi,20.0,Male,Prepaid,Mid,103.1,237,55.0,49.3,1,58.7,57.0,0,1830,0
SUB-300834,2018-06-27,Rawalpindi,37.0,Male,Prepaid,Low,2.4,210,,6.6,1,64.3,1.4,0,520,1
SUB-301669,2024-09-11,Rawalpindi,21.0,Male,Prepaid,Mid,90.4,17,25.0,47.2,0,59.7,61.3,1,2200,0
SUB-301436,2017-03-05,Gujranwala,26.0,Male,Prepaid,Low,3.1,243,21.0,10.2,1,45.9,0.0,0,580,0
SUB-300767,2018-05-05,Sialkot,42.0,Male,Postpaid,Low,6.2,187,23.0,3.7,366,39.0,2.1,1,1160,2
SUB-302054,2024-12-07,Islamabad,24.0,Male,Prepaid,High,62.1,166,82.0,48.2,0,64.1,78.6,0,2210,0
SUB-301688,2025-04-29,Lahore,41.0,Female,Postpaid,Mid,13.8,1262,43.0,11.2,27,14.6,5.4,7,3180,0
SUB-301250,2024-09-13,Islamabad,45.0,Female,Postpaid,High,18.1,1766,,13.1,32,40.2,12.9,12,2430,0
SUB-303287,2017-01-28,Karachi,48.0,Male,Prepaid,Low,2.2,77,0.0,18.6,0,30.0,0.0,0,510,0
SUB-300098,2021-01-23,Karachi,46.0,Male,Postpaid,High,21.8,910,93.0,16.2,31,32.6,4.4,8,3890,0
SUB-303320,2020-11-27,Faisalabad,48.0,Female,Postpaid,High,24.1,1238,165.0,2.2,9,29.0,5.8,11,3300,0
SUB-300788,2020-09-18,Lahore,21.0,Male,Prepaid,Low,5.7,117,0.0,12.6,0,12.1,2.0,0,410,2
SUB-302153,2025-07-28,Rawalpindi,53.0,Male,Postpaid,High,24.4,1698,89.0,20.9,53,27.2,12.8,9,3290,2
SUB-301719,2017-01-21,Gujranwala,46.0,Female,Prepaid,Low,3.3,172,0.0,13.3,0,39.2,1.7,0,500,0
SUB-300756,2020-01-12,Rawalpindi,56.0,Female,Prepaid,Low,4.8,221,11.0,4.4,2,46.6,1.5,0,490,1
SUB-300951,2023-09-07,Quetta,46.0,Female,Prepaid,Low,6.5,143,5.0,4.5,0,22.9,1.9,0,390,1
SUB-300761,2022-11-24,Sialkot,20.0,Male,Prepaid,Low,2.0,99,39.0,21.7,1,58.4,4.2,0,290,1
SUB-300118,2026-02-26,Karachi,42.0,Female,Postpaid,High,18.1,1736,101.0,17.8,20,17.4,3.1,10,4910,3
SUB-300206,2019-06-01,Sialkot,39.0,Male,Prepaid,Low,16.7,136,8.0,22.5,84,49.9,5.9,2,1900,0
SUB-302160,2023-01-24,Quetta,62.0,Female,Prepaid,Low,1.9,123,50.0,12.0,1,29.5,0.6,1,600,0
SUB-302576,2023-11-16,Karachi,36.0,Male,Prepaid,Mid,15.2,326,22.0,33.2,304,31.0,7.3,1,2210,1
SUB-303626,2017-10-10,Peshawar,25.0,Female,Prepaid,Mid,37.6,221,0.0,60.2,11,52.4,66.0,0,2000,1
SUB-300304,2024-12-02,Multan,20.0,Female,Prepaid,Low,118.8,175,73.0,58.6,0,58.5,78.5,1,2270,0
SUB-300827,2024-10-06,Lahore,20.0,Male,Prepaid,Mid,38.1,326,71.0,54.6,9,64.2,72.7,0,2120,1
SUB-302067,2021-05-22,Gujranwala,63.0,Male,Prepaid,High,9.3,78,17.0,16.9,374,45.6,8.5,1,2770,1
SUB-302474,2024-04-11,Lahore,31.0,Male,Prepaid,Mid,5.8,168,25.0,3.6,2,30.2,1.1,0,540,2
SUB-300742,2016-07-20,Sialkot,26.0,Female,Prepaid,Low,4.2,196,32.0,8.5,0,18.3,3.5,0,440,0
SUB-302018,2023-09-26,Quetta,31.0,Male,Prepaid,Mid,2.6,234,25.0,13.1,2,42.1,5.0,0,610,0
SUB-301417,2017-05-22,Sialkot,22.0,Male,Prepaid,,3.6,179,4.0,6.8,0,32.6,1.1,0,580,0
SUB-301406,2025-09-29,Multan,68.0,Female,Postpaid,Low,1.8,88,40.0,8.4,0,34.2,0.0,0,430,1
SUB-302055,2025-02-01,Karachi,61.0,Female,Prepaid,Low,5.8,227,12.0,6.4,305,50.8,1.2,2,1610,1
SUB-303042,2021-09-23,Karachi,45.0,Male,Postpaid,High,40.5,1316,100.0,0.8,38,28.8,3.5,11,4130,1
SUB-300841,2023-02-21,Karachi,58.0,Male,Prepaid,Mid,4.5,231,43.0,1.4,0,14.8,1.0,0,230,0
SUB-303232,2024-06-01,Karachi,34.0,Male,Prepaid,Mid,23.7,1273,70.0,7.9,24,23.1,17.5,10,4420,2
SUB-302399,2023-05-02,Mirpur,64.0,Male,Prepaid,Mid,2.7,213,33.0,6.2,5,15.5,1.6,0,400,0
SUB-303718,2022-10-26,Lahore,47.0,Male,Prepaid,Low,3.9,197,44.0,13.4,0,20.9,3.3,0,300,0
SUB-301070,2019-11-20,Gujranwala,51.0,Female,Prepaid,Low,5.8,137,31.0,9.0,1,42.4,1.0,0,310,0
SUB-302682,2021-06-05,Islamabad,26.0,Male,Prepaid,High,89.9,185,28.0,46.9,0,85.5,53.1,0,2100,0
SUB-300423,2023-10-30,Mirpur,24.0,Female,Prepaid,Mid,6.8,178,54.0,21.9,0,28.7,0.2,0,460,0
SUB-301334,2019-12-06,Faisalabad,40.0,Female,Prepaid,Low,1.4,0,17.0,6.3,1,22.8,0.0,0,660,0
SUB-301574,2019-02-27,Multan,31.0,Female,Prepaid,Low,3.6,97,19.0,7.8,2,27.5,4.6,0,410,1
SUB-303538,2022-08-10,Quetta,49.0,Male,Prepaid,Low,5.3,310,53.0,8.5,1,2.0,0.0,0,350,0
SUB-300450,2020-07-15,Peshawar,49.0,Male,Prepaid,High,12.5,359,39.0,24.7,181,54.0,3.3,0,1810,0
SUB-301387,2020-09-28,Lahore,18.0,Female,Postpaid,,99.3,154,0.0,43.2,0,65.9,40.7,0,2310,0
SUB-303365,2018-09-09,Peshawar,42.0,Male,Postpaid,Mid,23.0,1029,85.0,15.1,12,22.9,10.7,4,4170,1
SUB-300964,2023-10-31,Gujranwala,38.0,Female,Prepaid,Low,3.0,70,25.0,16.8,0,48.3,0.0,0,450,2
SUB-303675,2017-08-31,Karachi,63.0,Male,Prepaid,Low,1.4,117,45.0,12.0,2,41.2,0.0,0,380,0
SUB-303686,2024-04-22,Karachi,24.0,Female,Prepaid,Mid,21.3,245,22.0,47.6,3,68.2,72.1,0,2830,0
SUB-301241,2020-02-25,Karachi,24.0,Male,Prepaid,High,119.0,143,21.0,57.0,4,66.5,,0,1520,0
SUB-301400,2025-01-29,Sialkot,66.0,Female,Prepaid,Mid,1.8,119,73.0,10.9,0,20.3,1.8,0,580,0
SUB-303195,2017-08-09,Peshawar,69.0,Male,Prepaid,Low,3.3,70,42.0,9.0,1,49.6,0.0,0,400,0
SUB-303620,2025-01-13,Rawalpindi,22.0,Male,Prepaid,High,33.1,150,50.0,55.4,4,65.4,47.7,0,1580,0
SUB-302015,2022-01-05,Gujranwala,56.0,Male,PREPAID,Mid,4.3,100,18.0,12.1,0,20.4,0.0,0,600,1
SUB-300199,2022-08-28,Multan,59.0,Female,Prepaid,Low,0.1,171,42.0,7.5,5,47.4,3.1,0,440,0
SUB-300422,2024-08-26,Mirpur,61.0,Female,Prepaid,Mid,5.9,157,34.0,18.8,4,49.0,2.7,0,580,2
SUB-301026,2022-01-28,Lahore,36.0,Female,Postpaid,,16.7,955,43.0,21.5,0,39.6,9.2,4,5350,0
SUB-302989,2026-01-01,Sialkot,58.0,Male,Prepaid,Low,3.2,70,0.0,0.0,3,47.1,1.7,0,380,0
SUB-303904,2019-12-27,Islamabad,30.0,Female,Prepaid,Mid,25.8,1458,61.0,10.1,33,29.0,11.3,12,2710,1
SUB-301418,2017-10-16,Lahore,18.0,Female,Postpaid,Mid,100.9,176,26.0,43.8,3,64.3,36.6,0,1620,1
SUB-302607,2017-04-03,Karachi,21.0,Male,Prepaid,Low,97.6,245,35.0,69.9,0,62.1,24.2,0,1870,0
SUB-300735,2021-06-26,Peshawar,46.0,Male,Prepaid,Low,3.6,225,23.0,13.8,1,11.1,2.0,0,430,0
SUB-302076,2017-11-14,Peshawar,,Male,Postpaid,High,28.3,1690,114.0,2.8,38,26.9,3.9,9,3830,0
SUB-303036,2020-01-06,Karachi,20.0,Female,Prepaid,Mid,83.9,207,17.0,64.2,7,73.5,99.9,1,2600,1
SUB-302760,2021-11-08,Mirpur,48.0,Male,Prepaid,Low,0.1,179,2.0,10.8,0,11.9,3.4,0,470,1
SUB-302581,2021-09-20,Lahore,,Male,Postpaid,High,18.6,2127,115.0,16.3,31,31.6,9.0,7,4910,0
SUB-302733,2017-08-03,Multan,22.0,Female,Prepaid,High,69.1,230,47.0,51.8,6,66.3,75.8,0,2690,1
SUB-303092,2019-08-29,Gujranwala,66.0,Male,Prepaid,Low,2.5,84,1.0,5.3,1,0.0,1.8,0,640,0
SUB-303103,2016-12-04,Lahore,19.0,Female,Prepaid,Mid,77.1,158,30.0,51.3,0,50.1,50.7,0,1350,0
SUB-300598,2016-08-28,Karachi,20.0,Female,Prepaid,Mid,71.1,72,94.0,49.5,0,64.3,69.3,1,2030,0
SUB-300575,2025-12-06,Peshawar,22.0,Male,Prepaid,Low,1.5,205,32.0,21.6,0,30.6,0.0,0,330,0
SUB-300491,2017-12-26,Peshawar,38.0,Male,Prepaid,Low,0.1,230,34.0,9.1,4,63.9,2.6,0,140,0
SUB-300347,2020-11-02,Sialkot,26.0,Male,Prepaid,High,78.0,248,37.0,47.9,4,65.7,20.6,1,1000,0
SUB-301500,2023-10-25,Karachi,51.0,Male,Prepaid,Low,6.0,77,65.0,0.0,2,28.2,2.4,0,400,0
SUB-303855,2018-06-14,Mirpur,18.0,Female,Postpaid,Mid,89.7,222,50.0,58.8,3,59.5,37.9,0,1180,1
SUB-303947,2023-07-03,Faisalabad,53.0,Male,Prepaid,Low,3.8,180,43.0,12.3,1,15.9,1.3,0,310,0
SUB-303153,2017-11-21,Islamabad,26.0,Male,Postpaid,High,50.3,288,44.0,59.8,3,49.2,74.3,0,1550,0
SUB-302542,2019-09-06,Rawalpindi,42.0,Female,Prepaid,Mid,8.8,235,36.0,22.5,417,51.5,5.8,2,2820,1
SUB-303453,2023-05-02,Karachi,68.0,Female,Prepaid,Low,3.4,144,42.0,11.1,2,34.3,0.6,0,540,0
SUB-301765,2016-07-19,Karachi,20.0,Male,Prepaid,High,66.1,189,,48.0,9,55.0,58.3,0,1630,1
SUB-303081,2017-02-11,Rawalpindi,55.0,Female,Postpaid,High,26.1,1554,1.0,15.4,0,13.8,5.2,8,4080,0
SUB-301894,2017-09-08,Karachi,45.0,Male,Prepaid,Mid,3.1,178,9.0,5.8,0,34.9,1.3,0,450,0
SUB-302370,2021-04-06,Sialkot,59.0,Female,Prepaid,High,5.9,119,44.0,20.1,126,74.7,8.3,1,2630,0
SUB-300410,2023-05-23,Multan,58.0,Male,Prepaid,Low,1.5,148,54.0,15.8,1,15.5,0.0,0,550,1
SUB-303945,2022-08-04,Islamabad,24.0,Male,Prepaid,High,71.8,152,31.0,53.6,4,81.9,50.5,0,3020,2
SUB-302218,2017-03-02,Lahore,33.0,Male,Prepaid,High,18.9,1585,63.0,14.2,6,22.5,3.9,12,3500,2
SUB-302875,2024-08-27,Gujranwala,47.0,Male,Prepaid,Low,11.0,107,14.0,25.0,457,39.4,8.9,0,1790,0
SUB-301863,2021-03-20,Peshawar,59.0,Male,Prepaid,Low,4.5,26,15.0,7.0,0,48.9,0.0,0,320,0
SUB-303893,2021-03-21,Karachi,23.0,Male,Prepaid,Mid,93.5,30,26.0,55.1,3,76.7,89.0,0,1480,0
SUB-300949,2017-04-03,Lahore,40.0,Female,Postpaid,High,33.4,1477,80.0,5.9,34,43.1,11.8,13,5180,0
SUB-303012,2019-02-02,Gujranwala,27.0,Female,Prepaid,Low,44.7,182,5.0,68.1,6,58.0,78.7,1,1530,0
SUB-300563,2020-04-29,Rawalpindi,60.0,Female,Prepaid,Low,10.4,281,17.0,16.5,363,40.3,0.0,0,2400,0
SUB-300777,2026-01-07,Lahore,50.0,Female,POSTPAID,Mid,12.7,1686,123.0,3.2,46,18.8,4.1,8,5670,1
SUB-302488,2016-12-18,Karachi,,Female,Postpaid,Mid,11.3,1829,67.0,9.4,19,30.7,13.6,7,5710,2
SUB-300349,2025-03-12,Karachi,45.0,Male,Prepaid,Mid,7.6,225,25.0,35.6,339,40.3,12.6,1,2650,0
SUB-303174,2017-03-19,Quetta,42.0,Male,Prepaid,Low,3.9,159,19.0,19.3,0,38.3,2.7,0,310,1
SUB-300270,2023-05-14,Karachi,47.0,Male,Postpaid,Mid,29.8,1304,59.0,12.5,0,21.8,9.8,12,3620,0
SUB-303602,2021-07-18,Sialkot,69.0,Male,Prepaid,Low,4.7,222,47.0,8.9,3,41.8,2.2,0,400,2
SUB-303387,2022-10-27,Mirpur,44.0,Female,Prepaid,Low,2.0,321,51.0,8.4,0,31.1,2.0,0,480,0
SUB-303426,2023-04-01,Karachi,54.0,Female,Prepaid,High,15.5,1312,65.0,18.7,0,25.1,16.3,9,5790,2
SUB-301373,2024-06-20,Gujranwala,23.0,Male,Prepaid,Low,0.6,118,0.0,17.1,3,36.7,0.0,0,370,0
SUB-302191,2016-07-31,Peshawar,39.0,Male,Prepaid,Mid,3.7,126,31.0,23.2,294,47.4,6.7,0,1590,2
SUB-301085,2025-01-07,Karachi,51.0,Female,Prepaid,Mid,10.7,336,20.0,22.3,425,43.5,5.2,0,1620,0
SUB-301929,2020-09-13,Sialkot,48.0,Female,Prepaid,Mid,10.1,69,22.0,11.4,255,36.9,0.0,2,1040,1
SUB-300269,2024-03-29,Sialkot,63.0,Male,Prepaid,Mid,10.8,276,19.0,8.1,248,35.8,10.0,2,2460,0
SUB-300620,2019-12-11,Peshawar,,Male,Prepaid,Mid,2.4,0,56.0,9.5,0,43.9,1.2,0,420,0
SUB-300667,2025-01-12,Islamabad,20.0,Male,Prepaid,Mid,62.4,331,1.0,56.0,0,47.4,71.1,0,1800,0
SUB-300458,2024-12-04,Gujranwala,32.0,Male,Prepaid,,2.5,0,0.0,19.6,0,38.7,0.3,0,370,0
SUB-300115,2019-04-03,Karachi,28.0,Male,Prepaid,Mid,0.7,185,53.0,7.5,0,17.4,4.0,0,580,0
SUB-300828,2024-03-30,Karachi,66.0,Male,Prepaid,Mid,0.2,26,19.0,8.0,3,19.4,3.4,0,290,0
SUB-301109,2022-10-17,Peshawar,42.0,Female,Prepaid,Low,7.0,113,,21.5,3,12.1,0.0,0,560,0
SUB-301901,2023-05-31,Multan,40.0,Male,Prepaid,,0.1,179,36.0,16.1,0,11.1,0.3,0,490,0
SUB-302096,2016-08-13,Lahore,50.0,Female,Postpaid,High,26.4,1471,68.0,14.4,20,25.7,0.0,15,4620,1
SUB-303775,2017-06-12,Karachi,18.0,Female,Postpaid,Mid,32.4,106,13.0,65.6,8,63.6,58.9,0,1460,1
SUB-301384,2019-04-07,Lahore,25.0,Male,Prepaid,,71.1,57,60.0,42.3,1,60.4,82.8,0,1960,2
SUB-302899,2026-04-25,Karachi,41.0,Male,Postpaid,High,14.2,904,89.0,8.6,32,24.4,,8,3170,1
SUB-302184,2019-06-15,Gujranwala,37.0,Female,Prepaid,Low,2.1,162,50.0,9.9,2,60.7,2.2,0,230,1
SUB-300986,2018-06-19,Sialkot,23.0,Female,Prepaid,High,73.3,159,0.0,55.2,3,54.0,60.5,0,2010,1
SUB-302181,2018-11-06,Rawalpindi,48.0,Female,Postpaid,Mid,19.9,1697,42.0,10.3,43,30.5,10.4,9,3300,2
SUB-302409,2020-04-24,Peshawar,49.0,Female,Prepaid,Low,2.2,176,35.0,3.7,0,36.4,3.1,0,400,1
SUB-302033,2017-11-15,Quetta,21.0,Male,Prepaid,Mid,73.2,291,49.0,72.0,0,47.3,72.6,0,2250,1
SUB-301364,2024-02-04,Rawalpindi,50.0,Male,Prepaid,Mid,21.0,1537,34.0,5.2,45,19.2,19.2,9,2620,2
SUB-300451,2025-06-05,Multan,23.0,Female,Prepaid,Mid,87.5,170,9.0,43.8,0,60.2,83.3,0,1910,1
