order_id,order_date,store_city,product_category,sales_channel,customer_segment,unit_price,quantity,discount_percent,promotion_applied,customer_rating,sales_amount,profit,returned
ORD500117,2024-01-02,Faisalabad,Electronics,Mobile App,New,378.59,4,5,No,5.0,1403.54,420.35,No
ORD501467,2024-01-02,Faisalabad,Electronics,In-Store,Regular,441.89,3,5,No,3.8,1291.11,499.56,No
ORD502862,2024-01-02,Islamabad,Electronics,Mobile App,Regular,324.4,4,5,No,4.2,1287.95,416.69,No
ORD500286,2024-01-03,Islamabad,Beauty,In-Store,New,34.31,4,5,No,2.9,133.37,37.6,No
ORD502368,2024-01-03,Faisalabad,Beauty,In-Store,Regular,15.39,4,25,Yes,4.5,46.66,1.39,No
ORD500937,2024-01-04,Lahore,Home & Kitchen,Mobile App,New,48.46,7,10,No,4.0,306.24,119.48,No
ORD502963,2024-01-04,Lahore,Electronics,Mobile App,Regular,442.82,5,10,No,4.5,1928.08,211.92,No
ORD500078,2024-01-04,Lahore,Groceries,Online,New,13.66,6,25,Yes,4.7,60.08,9.24,No
ORD501629,2024-01-05,Lahore,Groceries,In-Store,New,13.77,2,0,No,4.3,28.56,9.38,Yes
ORD502016,2024-01-05,Faisalabad,Clothing,Online,New,58.51,4,20,Yes,,183.86,48.59,No
ORD500841,2024-01-06,Islamabad,Groceries,Online,Regular,16.31,6,25,Yes,3.4,75.42,17.06,Yes
ORD501890,2024-01-06,Karachi,Electronics,In-Store,Regular,305.46,1,0,No,3.8,313.03,127.91,No
ORD500384,2024-01-07,Karachi,Groceries,In-Store,Regular,19.08,4,0,Yes,5.0,76.15,30.03,No
ORD502158,2024-01-07,Islamabad,Sports,Online,New,74.68,2,0,Yes,4.3,153.99,42.46,No
ORD500506,2024-01-07,Lahore,Clothing,In-Store,Regular,52.0,3,0,No,,149.66,33.93,No
ORD501675,2024-01-07,Multan,Beauty,Online,Regular,35.6,3,5,Yes,4.5,99.28,39.68,Yes
ORD500874,2024-01-07,Faisalabad,Home & Kitchen,In-Store,Premium,80.38,6,15,Yes,5.0,391.47,39.96,No
ORD502128,2024-01-08,Karachi,Home & Kitchen,Mobile App,Premium,70.4,6,0,No,3.1,410.56,78.75,No
ORD502155,2024-01-09,Islamabad,Electronics,In-Store,Regular,356.72,6,5,Yes,4.5,2134.68,560.79,No
ORD501351,2024-01-09,Karachi,Beauty,Online,New,19.91,4,15,Yes,,68.92,16.58,No
ORD502772,2024-01-09,Karachi,Clothing,Online,Regular,62.18,6,5,No,3.3,339.67,48.17,No
ORD502019,2024-01-09,Lahore,Sports,Mobile App,New,73.11,2,20,Yes,4.6,113.13,-3.76,No
ORD500482,2024-01-09,Lahore,Sports,In-Store,Regular,87.06,4,15,Yes,4.2,284.13,7.0,No
ORD500978,2024-01-09,Faisalabad,Clothing,In-Store,New,71.93,5,5,No,4.0,354.43,139.35,No
ORD500605,2024-01-09,Islamabad,Groceries,Online,Regular,13.14,5,0,No,3.2,67.7,19.38,No
ORD500553,2024-01-10,Lahore,Home & Kitchen,In-Store,Premium,66.21,4,10,No,4.6,229.68,36.39,No
ORD502035,2024-01-11,Karachi,Sports,In-Store,Premium,46.84,5,0,No,3.7,240.91,55.99,No
ORD502542,2024-01-11,Islamabad,Beauty,In-Store,Regular,23.36,2,0,Yes,3.1,45.84,13.85,No
ORD501748,2024-01-11,Karachi,Home & Kitchen,Online,New,57.71,2,15,Yes,3.2,101.18,13.08,No
ORD502814,2024-01-11,Islamabad,Sports,In-Store,New,51.27,1,10,No,3.5,43.91,6.73,Yes
ORD502858,2024-01-12,Karachi,Sports,In-Store,New,95.98,6,5,No,3.6,571.24,204.7,Yes
ORD502232,2024-01-12,Islamabad,Electronics,Online,Premium,429.34,5,0,No,3.5,2076.71,800.16,No
ORD500047,2024-01-12,Multan,Beauty,Online,Premium,29.51,4,20,Yes,2.8,91.69,18.18,No
ORD500973,2024-01-12,Faisalabad,Clothing,In-Store,New,57.63,3,15,Yes,4.1,141.67,33.8,Yes
ORD500169,2024-01-12,Lahore,Groceries,In-Store,New,11.94,4,20,Yes,2.4,39.35,3.36,No
ORD501968,2024-01-12,Karachi,Groceries,Mobile App,Regular,,3,0,No,5.0,27.33,12.41,No
ORD502141,2024-01-12,Karachi,Groceries,In-Store,Regular,8.51,1,15,Yes,3.6,7.05,1.05,No
ORD502413,2024-01-12,Karachi,Clothing,In-Store,Regular,,6,10,No,4.5,362.77,142.8,No
ORD502702,2024-01-13,Karachi,Beauty,Online,New,26.28,4,25,Yes,3.9,78.86,14.78,No
ORD502660,2024-01-13,Lahore,Home & Kitchen,In-Store,New,93.89,5,0,No,3.6,474.07,196.28,No
ORD502036,2024-01-14,Karachi,Groceries,Online,New,9.57,5,20,Yes,4.7,37.91,4.48,No
ORD500461,2024-01-14,Islamabad,Home & Kitchen,Mobile App,Regular,74.07,3,25,Yes,3.4,170.13,27.15,Yes
ORD501753,2024-01-14,Karachi,Electronics,Mobile App,Regular,420.47,3,5,No,3.5,1187.7,339.09,No
ORD502677,2024-01-14,Karachi,Sports,Online,Premium,71.72,3,5,Yes,3.4,205.15,63.8,No
ORD501425,2024-01-15,Faisalabad,Groceries,Mobile App,Premium,12.51,9,20,Yes,4.7,90.76,16.48,No
ORD501887,2024-01-15,Lahore,Clothing,In-Store,Regular,66.25,5,0,Yes,4.7,343.7,83.42,No
ORD501274,2024-01-15,Lahore,Sports,Mobile App,Premium,60.45,9,25,Yes,2.7,422.25,115.14,No
ORD500535,2024-01-16,Lahore,Home & Kitchen,Mobile App,Regular,,7,5,No,3.6,239.49,98.88,No
ORD502327,2024-01-16,Islamabad,Electronics,In-Store,Premium,232.83,3,15,Yes,3.9,598.01,206.13,No
ORD502832,2024-01-16,Faisalabad,Beauty,In-Store,New,19.81,2,5,Yes,4.0,39.24,13.19,No
ORD502852,2024-01-17,Islamabad,Groceries,Online,Regular,12.04,2,5,No,3.5,22.45,5.19,No
ORD501316,2024-01-18,Faisalabad,Sports,In-Store,New,105.67,7,10,No,4.8,637.67,158.66,No
ORD501752,2024-01-18,Lahore,Electronics,In-Store,Premium,550.3,11,5,Yes,2.3,5605.46,1504.26,Yes
ORD501947,2024-01-18,Islamabad,Electronics,In-Store,Premium,391.95,8,15,Yes,3.2,2563.39,790.5,No
ORD500866,2024-01-19,Karachi,Sports,Mobile App,Premium,,9,10,No,4.5,811.43,78.22,No
ORD502410,2024-01-19,Karachi,Groceries,In-Store,Regular,12.58,2,0,No,3.0,25.44,6.67,No
ORD501374,2024-01-19,Karachi,Clothing,Online,New,70.41,6,15,Yes,,346.75,99.23,Yes
ORD502494,2024-01-19,Karachi,Electronics,Online,Regular,336.73,7,20,Yes,4.1,1940.57,147.77,No
ORD500429,2024-01-20,Lahore,Sports,Online,Regular,74.53,6,5,Yes,3.3,412.77,166.23,No
ORD501214,2024-01-20,Faisalabad,Sports,In-Store,,111.42,5,0,Yes,4.8,541.51,178.44,No
ORD501577,2024-01-20,Karachi,Home & Kitchen,Online,Premium,77.08,2,25,Yes,3.9,113.59,10.59,No
ORD502888,2024-01-20,Islamabad,Beauty,In-Store,Regular,32.82,3,20,Yes,3.6,75.73,9.12,No
ORD502706,2024-01-20,Faisalabad,Electronics,In-Store,New,229.04,4,20,Yes,3.8,738.92,14.27,No
ORD501403,2024-01-20,Karachi,Electronics,In-Store,Regular,431.65,7,10,Yes,3.7,2654.67,971.67,No
ORD500404,2024-01-21,Islamabad,Home & Kitchen,In-Store,Regular,60.72,6,5,No,3.6,359.43,93.55,No
ORD502989,2024-01-21,Islamabad,Beauty,Online,Premium,36.04,3,10,No,2.1,100.71,23.74,No
ORD500980,2024-01-21,Lahore,Beauty,In-Store,Regular,15.89,8,15,Yes,4.1,112.77,42.8,No
ORD502759,2024-01-21,Multan,Sports,In-Store,Premium,55.65,12,10,Yes,4.9,601.59,158.43,No
ORD500157,2024-01-22,Multan,Sports,In-Store,Premium,106.01,2,0,Yes,3.6,213.41,60.38,Yes
ORD500709,2024-01-22,Faisalabad,Beauty,Mobile App,Regular,24.94,5,0,Yes,3.6,128.1,46.77,Yes
ORD501684,2024-01-22,Multan,Clothing,Mobile App,Regular,41.22,3,0,No,4.5,126.15,49.67,No
ORD500491,2024-01-23,Karachi,Electronics,In-Store,New,430.0,3,10,No,5.0,1177.57,296.29,No
ORD501331,2024-01-23,Lahore,Clothing,Online,Premium,33.35,4,20,Yes,4.5,106.97,10.52,No
ORD502902,2024-01-23,Islamabad,Home & Kitchen,Online,Regular,46.42,4,0,No,3.5,176.59,64.17,No
ORD502317,2024-01-23,Lahore,Groceries,Online,New,13.07,3,5,Yes,3.7,37.03,9.79,No
ORD502262,2024-01-23,Multan,Groceries,Online,Regular,8.71,7,10,No,3.2,52.62,7.94,No
ORD502752,2024-01-24,Karachi,Beauty,In-Store,Premium,27.71,8,25,Yes,4.1,163.27,38.03,No
ORD500390,2024-01-24,Islamabad,Sports,In-Store,Regular,95.25,5,0,No,3.9,479.44,205.44,No
ORD500831,2024-01-24,Islamabad,Sports,In-Store,New,46.49,5,10,No,,219.64,66.25,No
ORD502544,2024-01-25,Lahore,Clothing,Online,Premium,47.02,2,20,Yes,4.1,76.7,5.16,No
ORD500002,2024-01-25,Lahore,Sports,,Premium,87.82,11,25,Yes,3.1,710.75,25.73,No
ORD502933,2024-01-25,Lahore,Groceries,Mobile App,New,12.32,4,10,No,4.7,43.32,15.95,No
ORD500462,2024-01-25,Karachi,Home & Kitchen,In-Store,Regular,53.4,1,10,No,3.1,49.02,8.48,No
ORD502562,2024-01-25,Islamabad,Clothing,In-Store,Regular,60.24,4,0,No,4.1,231.67,96.49,No
ORD501163,2024-01-26,Karachi,Home & Kitchen,In-Store,Regular,80.88,3,5,Yes,4.3,229.15,56.4,No
ORD500502,2024-01-26,Karachi,Groceries,Online,Regular,15.41,4,25,Yes,2.9,44.45,6.9,No
ORD502055,2024-01-27,Faisalabad,Beauty,In-Store,Regular,35.13,3,5,No,3.5,98.33,24.59,No
ORD502082,2024-01-27,Lahore,Home & Kitchen,In-Store,New,71.76,4,10,No,3.7,247.88,61.09,No
ORD502271,2024-01-27,Lahore,Sports,Online,Regular,59.43,8,0,Yes,4.8,470.64,175.98,No
ORD502724,2024-01-28,Lahore,Beauty,Mobile App,Regular,25.0,2,0,No,3.2,52.01,19.33,No
ORD500761,2024-01-28,Karachi,Sports,In-Store,New,85.05,2,20,Yes,3.7,142.19,34.23,Yes
ORD500220,2024-01-28,Faisalabad,Beauty,In-Store,Premium,37.49,4,5,No,,149.26,54.99,No
ORD502202,2024-01-28,Lahore,Sports,Online,New,46.36,4,0,No,5.0,189.64,62.44,No
ORD501434,2024-01-28,Karachi,Home & Kitchen,Online,New,73.91,3,0,Yes,4.2,214.0,75.72,No
ORD500335,2024-01-28,Lahore,Clothing,Mobile App,Regular,50.57,2,0,No,4.2,99.44,21.0,No
ORD502861,2024-01-29,Lahore,Electronics,Mobile App,New,325.49,2,5,No,3.8,645.74,211.12,No
ORD501429,2024-01-29,Karachi,Sports,Online,Regular,83.2,2,5,No,2.7,152.34,57.09,No
ORD502652,2024-01-29,Karachi,Beauty,Mobile App,Regular,33.66,6,10,No,,186.15,52.87,No
ORD501889,2024-01-29,Lahore,Sports,Online,Regular,87.17,3,5,No,4.6,242.17,90.44,No
ORD501280,2024-01-29,Multan,Electronics,Mobile App,New,524.84,3,15,Yes,4.8,1290.89,48.06,No
ORD502714,2024-01-29,Lahore,Clothing,In-Store,Premium,59.4,6,5,No,4.9,326.63,60.85,No
ORD500348,2024-01-30,Islamabad,Groceries,Online,New,9.63,2,0,No,3.6,19.53,6.71,No
ORD502236,2024-01-30,Karachi,Electronics,In-Store,Premium,374.53,4,0,No,3.8,1526.06,519.4,No
ORD500231,2024-01-30,Karachi,Home & Kitchen,Online,Regular,43.98,1,0,No,3.5,44.6,17.03,No
ORD501104,2024-01-30,Islamabad,Clothing,In-Store,Regular,60.25,6,0,No,4.6,344.54,75.97,No
ORD500807,2024-01-31,Karachi,Sports,In-Store,New,82.76,7,5,No,,543.43,194.33,Yes
ORD500110,2024-01-31,Multan,Electronics,Mobile App,Regular,230.51,6,0,No,4.0,1425.06,661.78,Yes
ORD500926,2024-01-31,Islamabad,Beauty,In-Store,Regular,23.52,6,20,Yes,3.9,110.72,11.73,Yes
ORD501170,2024-02-01,Karachi,Home & Kitchen,Online,Regular,58.71,4,10,No,3.3,215.34,30.25,Yes
ORD500892,2024-02-01,Multan,Beauty,Mobile App,Premium,26.49,7,20,Yes,3.9,151.71,13.38,No
ORD500102,2024-02-01,Karachi,Beauty,In-Store,Regular,34.24,4,0,No,4.1,137.79,41.72,No
ORD502910,2024-02-02,Islamabad,Home & Kitchen,Online,Regular,58.14,4,10,No,3.5,203.5,35.87,Yes
ORD501102,2024-02-03,Lahore,Groceries,In-Store,Regular,7.4,5,15,Yes,3.6,30.38,7.14,No
ORD500898,2024-02-03,Multan,Groceries,In-Store,Premium,9.38,12,10,No,3.6,99.0,12.45,No
ORD502993,2024-02-03,Islamabad,Clothing,In-Store,Regular,52.66,3,15,Yes,4.3,137.77,12.21,No
ORD500330,2024-02-04,Lahore,Home & Kitchen,Mobile App,New,63.95,4,0,Yes,4.3,249.76,103.3,No
ORD501100,2024-02-04,Lahore,Sports,In-Store,,73.24,6,10,No,4.2,397.41,46.79,No
ORD500158,2024-02-04,Karachi,Beauty,Mobile App,Regular,27.25,3,15,Yes,3.3,72.87,11.21,No
ORD500118,2024-02-05,Multan,Beauty,Mobile App,Regular,31.15,6,10,No,2.3,172.76,53.26,No
ORD501076,2024-02-06,Karachi,Groceries,Mobile App,Regular,16.08,4,0,No,4.8,65.88,26.99,No
ORD501925,2024-02-06,Islamabad,Electronics,Online,Premium,380.08,4,10,No,1.8,1332.26,216.67,Yes
ORD501699,2024-02-06,Karachi,Home & Kitchen,Online,New,63.44,10,15,Yes,3.3,563.0,147.71,Yes
ORD502784,2024-02-06,Karachi,Groceries,Online,New,14.34,2,0,Yes,3.5,28.72,6.75,No
ORD500612,2024-02-07,Faisalabad,Home & Kitchen,In-Store,Regular,82.05,2,0,No,3.7,165.35,56.7,No
ORD502785,2024-02-07,Karachi,Beauty,Online,Regular,29.11,1,10,No,2.6,27.11,6.28,Yes
ORD502622,2024-02-07,Karachi,Beauty,In-Store,Regular,35.55,2,0,No,3.7,70.17,20.15,No
ORD500512,2024-02-08,Karachi,Electronics,Online,Regular,505.14,7,0,No,3.1,3505.16,1321.51,No
ORD500782,2024-02-08,Faisalabad,Beauty,Mobile App,Regular,15.8,8,5,No,3.4,126.05,34.8,Yes
ORD501208,2024-02-08,Karachi,Home & Kitchen,Online,Regular,82.85,4,0,No,4.4,329.5,102.04,No
ORD500331,2024-02-09,Islamabad,Electronics,In-Store,Premium,353.66,4,25,Yes,4.8,1110.34,327.12,No
ORD500292,2024-02-10,Karachi,Clothing,In-Store,Regular,27.04,8,25,Yes,3.5,166.93,35.34,No
ORD502881,2024-02-10,Karachi,Beauty,In-Store,Premium,29.79,10,10,Yes,5.0,256.47,26.0,No
ORD502557,2024-02-10,Lahore,Beauty,In-Store,Regular,20.75,3,0,No,3.2,59.81,22.06,No
ORD502325,2024-02-11,Islamabad,Sports,Online,Regular,63.75,1,5,Yes,4.1,62.95,21.82,No
ORD502870,2024-02-11,Islamabad,Home & Kitchen,In-Store,Regular,64.71,4,10,No,2.5,226.36,83.92,Yes
ORD500541,2024-02-12,Karachi,Groceries,In-Store,Premium,7.42,4,20,Yes,4.2,23.11,3.58,No
ORD501927,2024-02-13,Islamabad,Sports,Online,Regular,70.17,10,10,No,,632.92,228.05,No
ORD500304,2024-02-13,Lahore,Electronics,In-Store,Regular,216.51,6,5,Yes,4.6,1286.97,429.5,No
ORD500767,2024-02-14,Lahore,Electronics,Online,Regular,440.96,4,0,Yes,3.3,1741.23,689.11,No
ORD502908,2024-02-14,Lahore,Clothing,In-Store,New,33.13,5,5,No,,160.41,56.31,No
ORD501808,2024-02-14,Lahore,Electronics,In-Store,Regular,,2,5,No,3.3,571.94,122.51,No
ORD502664,2024-02-15,Faisalabad,Clothing,In-Store,Regular,28.39,2,0,No,3.2,54.52,21.04,No
ORD500970,2024-02-15,Karachi,Sports,In-Store,Regular,111.96,4,5,Yes,3.2,444.11,137.47,No
ORD500514,2024-02-15,Lahore,Home & Kitchen,In-Store,New,78.74,2,15,Yes,3.6,138.45,21.79,No
ORD500864,2024-02-16,Karachi,Sports,In-Store,Regular,75.22,11,20,Yes,2.1,682.32,180.59,Yes
ORD501136,2024-02-16,Faisalabad,Clothing,In-Store,New,45.53,3,0,Yes,4.7,142.68,38.23,No
ORD501649,2024-02-16,Multan,Sports,Online,Regular,70.47,9,25,Yes,4.6,472.54,27.62,No
ORD500619,2024-02-16,Multan,Electronics,In-Store,New,325.39,3,0,No,5.0,1005.93,424.94,No
ORD501537,2024-02-16,Karachi,Electronics,In-Store,New,528.96,3,0,No,2.8,1634.68,381.33,No
ORD502839,2024-02-16,Karachi,Sports,Online,Premium,77.21,6,5,Yes,3.0,443.59,134.95,No
ORD501848,2024-02-17,Multan,Beauty,Online,Regular,18.39,3,5,No,3.9,51.85,10.69,No
ORD500856,2024-02-18,Multan,Clothing,Mobile App,Premium,34.52,6,0,No,4.3,211.56,52.7,No
ORD502101,2024-02-19,Karachi,Groceries,Online,Regular,8.33,1,0,No,3.4,8.7,2.1,No
ORD502786,2024-02-19,Islamabad,Sports,In-Store,Regular,77.1,5,10,No,3.7,330.95,24.89,Yes
ORD502786,2024-02-19,Islamabad,Sports,In-Store,Regular,77.1,5,10,No,3.7,330.95,24.89,Yes
ORD502825,2024-02-19,Karachi,Groceries,Online,Regular,16.63,5,0,No,3.8,79.89,15.87,No
ORD502650,2024-02-19,Lahore,Sports,In-Store,Regular,84.61,5,0,No,4.0,415.09,167.79,No
ORD500809,2024-02-19,Lahore,Home & Kitchen,Online,New,85.46,2,0,No,5.0,171.25,42.53,No
ORD501239,2024-02-20,Islamabad,Electronics,Online,New,,3,5,Yes,4.1,1337.21,411.1,No
ORD502909,2024-02-20,Lahore,Electronics,Online,Regular,543.9,3,15,Yes,4.2,1449.78,536.81,No
ORD501669,2024-02-20,Islamabad,Clothing,In-Store,Regular,37.08,2,0,No,4.2,72.22,30.73,Yes
ORD502243,2024-02-20,Karachi,Beauty,In-Store,Premium,21.38,4,0,No,4.2,82.27,21.32,No
ORD501784,2024-02-20,Faisalabad,Beauty,In-Store,New,23.41,2,20,Yes,3.8,37.39,9.59,No
ORD502199,2024-02-20,Multan,Beauty,Mobile App,New,15.25,3,5,No,5.0,43.6,10.75,No
ORD502065,2024-02-20,Lahore,Groceries,In-Store,Regular,14.44,6,5,No,3.5,86.19,38.04,No
ORD502167,2024-02-21,Multan,Beauty,Mobile App,New,19.77,3,15,Yes,4.1,52.41,17.34,Yes
ORD500632,2024-02-21,Islamabad,Groceries,Online,New,10.66,5,0,No,4.1,50.83,9.2,Yes
ORD500632,2024-02-21,Islamabad,Groceries,Online,New,10.66,5,0,No,4.1,50.83,9.2,Yes
ORD501009,2024-02-22,Islamabad,Groceries,Online,Premium,8.9,8,15,Yes,,60.8,11.1,No
ORD500542,2024-02-22,Lahore,Clothing,In-Store,Premium,44.44,126,0,No,4.2,229.15,89.79,No
ORD500855,2024-02-23,Multan,Sports,In-Store,Premium,53.56,9,0,No,,458.12,179.55,No
ORD501155,2024-02-23,Islamabad,Sports,In-Store,Regular,91.18,6,10,No,5.0,502.49,177.9,No
ORD502338,2024-02-23,Karachi,Home & Kitchen,In-Store,,65.93,4,0,No,4.0,252.44,105.81,No
ORD500300,2024-02-23,Islamabad,Electronics,In-Store,New,321.18,2,0,No,,653.85,233.38,No
ORD500133,2024-02-23,Karachi,Sports,Mobile App,New,47.72,1,0,No,2.7,47.02,11.23,No
ORD502169,2024-02-23,Lahore,Beauty,Online,Premium,33.94,6,10,Yes,3.9,182.25,33.52,No
ORD500164,2024-02-24,Lahore,Groceries,Online,Regular,14.96,4,10,No,3.6,53.74,7.19,No
ORD500164,2024-02-24,Lahore,Groceries,Online,Regular,14.96,4,10,No,3.6,53.74,7.19,No
ORD501800,2024-02-24,Karachi,Beauty,In-Store,Regular,35.31,5,15,Yes,2.2,142.66,25.93,No
ORD502811,2024-02-25,Karachi,Home & Kitchen,Online,Regular,75.37,8,20,Yes,4.2,485.52,24.25,No
ORD501581,2024-02-25,Islamabad,Sports,Online,Premium,107.98,2,10,No,3.0,185.95,25.79,No
ORD502841,2024-02-25,Islamabad,Sports,Online,Regular,92.12,8,25,Yes,2.7,556.88,89.93,No
ORD501671,2024-02-25,Karachi,Clothing,In-Store,New,49.2,3,0,No,5.0,145.24,58.79,No
ORD501516,2024-02-25,Lahore,Clothing,In-Store,Premium,70.97,8,0,No,,542.65,211.72,Yes
ORD500592,2024-02-26,Faisalabad,Clothing,In-Store,New,48.66,2,0,No,3.5,94.79,25.4,No
ORD501592,2024-02-26,Lahore,Home & Kitchen,In-Store,New,38.84,5,5,No,4.0,191.61,66.24,No
ORD502429,2024-02-26,Lahore,Beauty,Mobile App,Regular,35.72,4,25,Yes,,102.69,-1.03,No
ORD501046,2024-02-26,Karachi,Electronics,Mobile App,Premium,409.58,1,0,Yes,4.8,422.18,104.85,No
ORD500538,2024-02-27,Karachi,Electronics,Mobile App,Regular,547.06,8,20,Yes,3.7,3371.74,74.92,No
ORD501287,2024-02-27,Lahore,Home & Kitchen,Online,New,78.98,6,0,No,4.2,463.11,165.32,No
ORD502725,2024-02-27,Karachi,Clothing,In-Store,,29.72,7,5,No,3.9,197.43,61.42,Yes
ORD500520,2024-02-27,Multan,Clothing,Online,Regular,67.69,4,20,Yes,3.2,218.75,23.5,Yes
ORD502242,2024-02-28,Faisalabad,Groceries,In-Store,Regular,9.26,3,15,Yes,4.7,24.73,8.42,No
ORD501685,2024-02-28,Faisalabad,Electronics,Online,Premium,459.66,4,0,No,4.4,1798.72,454.6,No
ORD500788,2024-02-29,Islamabad,Electronics,In-Store,Premium,282.98,4,10,No,3.9,994.01,180.77,No
ORD502580,2024-02-29,Karachi,Groceries,Online,New,9.89,4,10,No,4.0,35.39,9.38,No
ORD500268,2024-03-01,Karachi,Sports,In-Store,Regular,43.86,3,25,Yes,3.8,99.22,3.07,No
ORD501199,2024-03-01,Karachi,Groceries,In-Store,Premium,17.37,4,0,No,3.8,70.76,30.85,Yes
ORD502959,2024-03-01,Karachi,Sports,Mobile App,New,42.24,3,20,Yes,3.8,98.82,-1.63,No
ORD501380,2024-03-01,Karachi,Electronics,In-Store,Premium,249.71,12,20,Yes,4.5,2277.8,88.2,No
ORD502732,2024-03-01,Lahore,Beauty,Mobile App,Premium,34.84,7,10,No,4.8,227.36,49.74,No
ORD500211,2024-03-02,Lahore,Home & Kitchen,In-Store,Regular,83.07,9,25,Yes,,536.58,122.23,No
ORD502875,2024-03-02,Lahore,Clothing,Mobile App,Regular,31.9,3,0,No,2.3,97.11,43.15,No
ORD502628,2024-03-02,Karachi,Clothing,Mobile App,Regular,64.19,4,5,No,5.0,243.68,83.76,No
ORD502919,2024-03-02,Karachi,Groceries,Mobile App,Premium,17.28,12,20,Yes,3.9,170.22,5.9,No
ORD502178,2024-03-03,Lahore,Beauty,In-Store,Premium,26.64,9,0,No,5.0,231.81,70.19,No
ORD502427,2024-03-04,Karachi,Electronics,In-Store,Regular,388.56,3,0,No,4.5,1168.24,379.92,No
ORD500192,2024-03-04,Karachi,Sports,In-Store,Regular,79.12,2,20,Yes,4.3,121.79,33.21,No
ORD502135,2024-03-05,Karachi,Beauty,Online,New,38.87,5,10,No,3.9,173.64,50.72,No
ORD501462,2024-03-05,Karachi,Home & Kitchen,Online,Regular,70.94,3,0,No,4.7,217.4,72.72,No
ORD501108,2024-03-06,Lahore,Home & Kitchen,In-Store,,72.63,6,20,Yes,3.7,338.83,2.17,No
ORD500618,2024-03-07,Lahore,Home & Kitchen,Online,Regular,36.87,6,5,No,3.7,214.75,71.19,No
ORD501268,2024-03-08,Lahore,Home & Kitchen,Online,New,41.16,3,0,No,3.9,124.87,54.5,No
ORD502558,2024-03-08,Karachi,Groceries,In-Store,Regular,8.84,4,5,No,,32.11,4.51,No
ORD501532,2024-03-08,Lahore,Sports,Mobile App,Regular,89.13,1,0,No,3.6,91.74,20.47,No
ORD502543,2024-03-08,Lahore,Clothing,In-Store,Regular,60.14,3,0,No,3.8,171.41,48.1,No
ORD500351,2024-03-08,Karachi,Beauty,In-Store,Regular,35.89,5,0,No,4.8,175.69,46.58,No
ORD501509,2024-03-08,Karachi,Groceries,Online,Premium,12.68,2,20,Yes,,21.13,3.04,No
ORD501853,2024-03-09,Islamabad,Home & Kitchen,Mobile App,Regular,82.41,5,20,Yes,5.0,333.87,9.12,No
ORD500969,2024-03-09,Islamabad,Sports,In-Store,Premium,66.35,6,5,No,3.7,393.48,122.74,No
ORD500863,2024-03-09,Multan,Groceries,Mobile App,Regular,10.91,6,5,Yes,4.3,63.77,20.72,No
ORD500817,2024-03-09,Lahore,Beauty,In-Store,New,23.26,4,0,No,3.6,95.08,27.17,No
ORD501256,2024-03-10,Lahore,Beauty,In-Store,Regular,15.24,3,0,Yes,3.4,44.5,18.09,Yes
ORD500495,2024-03-10,Islamabad,Clothing,Mobile App,Regular,57.1,3,5,No,4.1,164.8,65.46,No
ORD501421,2024-03-11,Karachi,Home & Kitchen,In-Store,Regular,74.51,4,10,No,,262.42,64.47,No
ORD500250,2024-03-11,Karachi,Home & Kitchen,,Regular,92.07,6,5,No,3.7,532.95,119.01,No
ORD500705,2024-03-11,Lahore,Home & Kitchen,In-Store,Regular,64.8,3,20,Yes,4.6,153.47,11.87,No
ORD500250,2024-03-11,Karachi,Home & Kitchen,,Regular,92.07,6,5,No,3.7,532.95,119.01,No
ORD501132,2024-03-11,Lahore,Sports,In-Store,Premium,88.17,10,20,Yes,4.5,703.02,38.65,No
ORD501300,2024-03-11,Islamabad,Clothing,In-Store,Premium,68.91,3,10,No,3.2,194.61,56.08,No
ORD502095,2024-03-11,Lahore,Beauty,Online,Regular,22.21,4,5,No,3.5,85.31,22.83,No
ORD500190,2024-03-11,Lahore,Sports,In-Store,Regular,,5,0,Yes,4.2,234.13,91.05,No
ORD501290,2024-03-11,Karachi,Clothing,Mobile App,New,38.92,4,5,No,3.1,146.86,59.07,No
ORD502311,2024-03-12,Faisalabad,Sports,Mobile App,Regular,63.9,3,10,No,3.2,172.01,64.69,No
ORD500413,2024-03-12,Faisalabad,Clothing,Online,Regular,59.51,3,10,No,2.0,161.82,22.71,Yes
ORD501060,2024-03-12,Faisalabad,Groceries,Mobile App,Regular,11.1,7,15,Yes,5.0,65.23,15.47,No
ORD502998,2024-03-12,Lahore,Sports,In-Store,Regular,109.23,4,10,No,3.3,381.73,90.5,No
ORD500084,2024-03-12,Multan,Sports,In-Store,New,61.59,7,10,No,4.4,386.7,132.56,No
ORD501892,2024-03-12,Lahore,Sports,In-Store,Regular,61.34,6,0,No,4.3,359.24,75.39,No
ORD502728,2024-03-13,Lahore,Groceries,In-Store,Regular,9.14,4,15,Yes,3.5,31.15,8.61,No
ORD500375,2024-03-13,Karachi,Clothing,In-Store,New,70.13,5,5,No,4.3,335.18,99.27,No
ORD500006,2024-03-13,Faisalabad,Beauty,In-Store,Regular,27.06,4,5,No,4.1,102.95,27.21,No
ORD501266,2024-03-13,Karachi,Home & Kitchen,Online,New,56.87,5,10,No,3.2,258.61,78.23,Yes
ORD502010,2024-03-13,Lahore,Clothing,,New,67.67,3,0,No,4.2,194.51,40.56,Yes
ORD502738,2024-03-13,Lahore,Clothing,Mobile App,Regular,32.17,4,10,No,4.1,110.98,31.22,No
ORD501381,2024-03-13,Islamabad,Home & Kitchen,Mobile App,New,53.29,4,10,No,3.4,199.88,57.82,No
ORD502357,2024-03-14,Islamabad,Home & Kitchen,In-Store,New,42.78,3,0,No,4.3,128.57,42.68,No
ORD502712,2024-03-14,Islamabad,Groceries,In-Store,Regular,18.17,3,0,No,4.1,53.08,21.55,No
ORD501840,2024-03-14,Karachi,Home & Kitchen,In-Store,New,69.86,4,5,No,4.3,278.74,58.96,No
ORD501813,2024-03-15,Lahore,Electronics,In-Store,New,381.47,5,0,No,2.7,1911.21,664.43,No
ORD502387,2024-03-15,Faisalabad,Sports,Mobile App,Regular,72.79,2,0,No,4.3,147.72,55.1,No
ORD501326,2024-03-15,Lahore,Clothing,Mobile App,New,50.88,7,0,No,5.0,344.07,68.25,No
ORD501456,2024-03-15,Lahore,Groceries,Online,Premium,14.41,10,20,Yes,4.8,116.84,2.12,No
ORD501357,2024-03-15,Multan,Groceries,In-Store,Premium,12.36,1,0,No,3.4,11.87,4.91,No
ORD502807,2024-03-16,Karachi,Beauty,Online,Premium,16.38,6,15,Yes,3.6,79.75,18.77,No
ORD500837,2024-03-16,Karachi,Clothing,Mobile App,New,71.84,3,0,No,4.2,214.27,85.1,Yes
ORD502195,2024-03-17,Multan,Beauty,In-Store,New,15.18,8,5,No,4.7,112.59,38.22,No
ORD501180,2024-03-17,Karachi,Home & Kitchen,Mobile App,New,42.78,4,0,No,5.0,174.79,44.83,No
ORD500990,2024-03-17,Multan,Clothing,In-Store,Premium,29.53,10,10,No,4.8,264.14,42.37,No
ORD500233,2024-03-17,Islamabad,Groceries,Mobile App,Regular,13.72,10,10,No,3.2,127.9,48.56,No
ORD500865,2024-03-17,Multan,Clothing,In-Store,Regular,53.83,3,0,Yes,4.4,162.12,54.03,No
ORD502869,2024-03-17,Faisalabad,Electronics,In-Store,New,286.14,5,20,Yes,3.9,1142.48,337.36,No
ORD501511,2024-03-18,Lahore,Groceries,In-Store,New,14.1,6,15,Yes,2.8,71.08,8.62,No
ORD502399,2024-03-18,Islamabad,Clothing,In-Store,New,64.64,3,5,No,,184.82,60.57,No
ORD500639,2024-03-18,Karachi,Clothing,Online,Regular,29.15,3,0,No,5.0,88.96,22.35,Yes
ORD501359,2024-03-18,Multan,Home & Kitchen,In-Store,New,65.22,4,15,Yes,3.8,228.2,47.1,No
ORD502658,2024-03-18,Lahore,Home & Kitchen,In-Store,Regular,81.14,5,25,Yes,4.8,312.75,0.44,No
ORD501809,2024-03-19,Multan,Sports,In-Store,Premium,86.23,7,0,Yes,4.9,601.31,252.39,No
ORD501737,2024-03-19,Karachi,Groceries,In-Store,Regular,19.08,6,0,No,,109.49,20.33,No
ORD500166,2024-03-19,Lahore,Beauty,In-Store,New,16.65,2,0,No,5.0,33.47,7.0,No
ORD502952,2024-03-19,Lahore,Home & Kitchen,In-Store,Premium,56.12,13,15,Yes,4.8,635.71,209.49,No
ORD501186,2024-03-21,Multan,Beauty,In-Store,Regular,38.44,5,5,Yes,5.0,183.21,50.76,No
ORD502923,2024-03-21,Islamabad,Groceries,In-Store,Regular,10.67,3,20,Yes,4.8,26.72,3.16,No
ORD501487,2024-03-21,Karachi,Sports,In-Store,New,84.8,2,10,No,5.0,150.55,35.41,No
ORD502683,2024-03-21,Lahore,Electronics,Mobile App,Premium,243.83,7,0,No,3.7,1678.75,376.44,No
ORD500960,2024-03-21,Islamabad,Home & Kitchen,Mobile App,Premium,70.31,8,5,No,4.2,542.96,194.11,No
ORD502885,2024-03-21,Faisalabad,Beauty,Online,Regular,20.93,8,5,No,4.4,154.3,26.2,No
ORD502973,2024-03-21,Islamabad,Electronics,Mobile App,Premium,217.46,7,15,Yes,5.0,1238.94,259.64,No
ORD500903,2024-03-22,Faisalabad,Sports,Mobile App,Regular,78.32,5,0,Yes,4.5,381.71,144.23,No
ORD501140,2024-03-22,Islamabad,Groceries,Mobile App,New,9.53,5,0,No,3.8,47.98,16.9,No
ORD501602,2024-03-22,Faisalabad,Clothing,In-Store,,40.64,2,10,Yes,2.0,76.28,17.5,No
ORD500903,2024-03-22,Faisalabad,Sports,Mobile App,Regular,78.32,5,0,Yes,4.5,381.71,144.23,No
ORD501911,2024-03-22,Lahore,Beauty,Online,Regular,28.28,4,15,Yes,2.9,95.58,10.18,Yes
ORD502846,2024-03-22,Multan,Clothing,Online,Regular,30.83,3,15,Yes,3.5,81.52,15.55,No
ORD502251,2024-03-22,Faisalabad,Groceries,In-Store,New,8.05,5,0,No,5.0,39.54,11.98,No
ORD501962,2024-03-23,Lahore,Groceries,,New,8.77,4,5,No,3.2,33.38,12.3,No
ORD500042,2024-03-24,Karachi,Home & Kitchen,In-Store,Premium,42.43,7,15,Yes,3.9,256.51,20.53,No
ORD501087,2024-03-24,Multan,Electronics,In-Store,Regular,425.13,9,5,No,4.3,3583.74,663.95,No
ORD501747,2024-03-25,Islamabad,Beauty,Online,Regular,,6,10,No,4.1,84.79,25.72,No
ORD500167,2024-03-25,Karachi,Home & Kitchen,Online,Regular,48.7,8,10,Yes,5.0,367.35,114.16,No
ORD500886,2024-03-25,Karachi,Beauty,Online,Premium,38.41,3,5,Yes,4.4,114.04,38.88,No
ORD500735,2024-03-26,Karachi,Groceries,Online,New,12.95,4,20,Yes,4.6,40.66,2.45,No
ORD500127,2024-03-26,Islamabad,Beauty,In-Store,Premium,24.12,9,15,Yes,2.9,178.2,12.5,Yes
ORD502326,2024-03-26,Islamabad,Beauty,Online,Regular,37.08,8,10,No,2.6,262.06,75.53,Yes
ORD500540,2024-03-26,Faisalabad,Groceries,In-Store,Regular,14.98,3,10,Yes,3.1,38.48,6.95,No
ORD502433,2024-03-26,Islamabad,Beauty,Mobile App,Premium,19.23,6,0,No,4.5,111.12,33.38,Yes
ORD501223,2024-03-26,Karachi,Electronics,In-Store,Regular,465.94,9,25,Yes,4.4,3008.63,464.86,No
ORD501810,2024-03-26,Karachi,Beauty,Mobile App,Regular,17.13,3,10,Yes,3.8,48.12,19.18,No
ORD500743,2024-03-26,Multan,Electronics,In-Store,Regular,496.39,9,5,No,3.5,4174.25,1154.03,No
ORD502137,2024-03-27,Islamabad,Sports,Mobile App,New,89.28,4,10,No,4.1,318.8,92.34,No
ORD500919,2024-03-27,Lahore,Clothing,Online,Premium,62.43,16,10,No,4.6,887.2,237.97,No
ORD502003,2024-03-28,Islamabad,Beauty,Online,Regular,25.42,2,0,Yes,4.5,52.83,19.21,No
ORD500430,2024-03-29,Karachi,Electronics,In-Store,Premium,327.84,7,0,Yes,4.8,2200.35,926.99,No
ORD500637,2024-03-29,Karachi,Clothing,In-Store,Premium,70.78,3,10,No,4.3,188.22,24.73,No
ORD501439,2024-03-29,Islamabad,Home & Kitchen,In-Store,Premium,41.86,2,15,Yes,,71.15,11.51,No
ORD502459,2024-03-29,Lahore,Electronics,In-Store,Regular,313.31,2,25,Yes,3.3,473.05,38.29,Yes
ORD502337,2024-03-30,Lahore,Home & Kitchen,In-Store,Regular,38.74,2,0,Yes,4.5,78.73,18.04,No
ORD500018,2024-03-30,Karachi,Beauty,In-Store,Premium,19.34,6,0,No,2.3,118.32,54.24,Yes
ORD501472,2024-03-31,Lahore,Sports,In-Store,Regular,78.75,5,0,No,3.2,382.46,163.59,Yes
ORD501014,2024-03-31,Karachi,Sports,Mobile App,Premium,75.54,10,0,No,3.4,767.47,224.09,No
ORD501444,2024-04-01,Lahore,Sports,In-Store,Premium,60.45,3,10,No,3.6,158.16,36.79,No
ORD501688,2024-04-02,Faisalabad,Groceries,Online,New,15.47,10,20,Yes,3.3,127.55,21.62,No
ORD502012,2024-04-02,Multan,Beauty,In-Store,Regular,38.72,5,5,No,5.0,175.22,68.01,No
ORD501900,2024-04-02,Islamabad,Home & Kitchen,In-Store,New,54.21,4,5,Yes,4.7,213.35,40.9,No
ORD501858,2024-04-02,Karachi,Beauty,In-Store,New,22.34,5,5,No,3.7,109.33,43.66,No
ORD500285,2024-04-02,Faisalabad,Electronics,In-Store,Regular,335.52,7,10,Yes,4.9,2207.31,651.72,No
ORD501424,2024-04-02,Karachi,Groceries,Mobile App,Regular,17.73,4,10,No,4.1,62.44,22.93,No
ORD500297,2024-04-02,Islamabad,Groceries,In-Store,New,9.29,6,25,Yes,3.2,43.82,5.7,No
ORD502278,2024-04-02,Lahore,Home & Kitchen,In-Store,Regular,87.19,3,10,Yes,4.2,232.03,56.45,No
ORD501103,2024-04-03,Faisalabad,Electronics,Online,Regular,475.14,6,5,No,3.5,2789.1,942.91,No
ORD500162,2024-04-03,Lahore,Groceries,In-Store,Regular,15.37,4,5,No,4.5,55.77,6.96,No
ORD500842,2024-04-03,Karachi,Groceries,Mobile App,,16.07,6,25,Yes,4.1,69.08,8.29,No
ORD501430,2024-04-03,Faisalabad,Electronics,Online,Regular,272.18,8,0,No,4.8,2226.43,801.74,No
ORD502931,2024-04-04,Lahore,Electronics,In-Store,Premium,268.37,8,5,No,5.0,2113.57,714.86,No
ORD501920,2024-04-04,Karachi,Electronics,In-Store,New,487.65,5,0,No,2.7,2321.01,583.4,Yes
ORD501015,2024-04-04,Lahore,Electronics,In-Store,Premium,,3,0,No,3.4,1564.58,661.91,No
ORD500154,2024-04-05,Karachi,Home & Kitchen,Online,Regular,88.56,8,20,Yes,3.8,572.37,152.41,No
ORD502397,2024-04-05,Karachi,Home & Kitchen,Mobile App,Regular,70.72,3,0,No,4.8,220.45,68.87,No
ORD502136,2024-04-05,Karachi,Sports,In-Store,Regular,76.18,5,0,No,4.1,387.86,135.09,No
ORD500454,2024-04-06,Lahore,Clothing,Mobile App,New,48.65,1,0,No,4.5,50.3,22.69,No
ORD500086,2024-04-06,Islamabad,Groceries,In-Store,Premium,,3,5,No,3.8,39.32,13.27,Yes
ORD500650,2024-04-06,Islamabad,Groceries,In-Store,New,13.12,4,5,No,4.0,49.55,14.83,No
ORD502151,2024-04-07,Islamabad,Electronics,In-Store,Regular,458.74,1,0,No,3.5,446.0,134.33,No
ORD500997,2024-04-07,Multan,Home & Kitchen,In-Store,Regular,49.33,4,5,No,3.8,178.98,64.23,No
ORD500548,2024-04-07,Faisalabad,Electronics,In-Store,Premium,546.9,5,5,No,3.1,2639.97,883.29,No
ORD500555,2024-04-08,Karachi,Sports,In-Store,Regular,42.71,3,10,No,5.0,114.18,19.34,No
ORD502495,2024-04-09,Islamabad,Home & Kitchen,Online,New,38.3,3,0,No,4.7,111.54,46.26,No
ORD501070,2024-04-09,Multan,Clothing,In-Store,Premium,33.12,10,10,Yes,3.6,284.18,24.17,No
ORD502883,2024-04-09,Faisalabad,Beauty,Mobile App,Regular,30.69,7,10,No,4.4,198.77,48.67,No
ORD500505,2024-04-10,Multan,Home & Kitchen,Online,Premium,85.21,5,10,No,3.4,371.63,74.62,Yes
ORD502534,2024-04-11,Karachi,Clothing,In-Store,New,55.0,4,25,Yes,2.8,163.11,32.7,No
ORD501075,2024-04-11,Karachi,Sports,Online,Premium,86.79,8,20,Yes,4.0,565.28,23.07,No
ORD502529,2024-04-12,Karachi,Electronics,Online,New,417.29,4,20,Yes,4.3,1303.44,64.8,No
ORD500593,2024-04-12,Lahore,Groceries,In-Store,Regular,17.88,6,15,Yes,3.5,88.28,25.56,No
ORD501725,2024-04-13,Karachi,Sports,In-Store,Regular,90.43,5,20,Yes,3.9,378.67,33.37,No
ORD501262,2024-04-13,Islamabad,Beauty,In-Store,New,18.8,4,0,No,4.4,77.41,28.85,No
ORD500293,2024-04-13,Faisalabad,Home & Kitchen,In-Store,Regular,76.93,3,10,Yes,4.1,213.31,83.04,No
ORD500964,2024-04-14,Karachi,Groceries,In-Store,Regular,18.91,1,5,Yes,,17.63,3.87,No
ORD502730,2024-04-14,Lahore,Beauty,Mobile App,Regular,24.31,3,0,No,,75.46,29.26,No
ORD500565,2024-04-15,Karachi,Electronics,In-Store,Regular,303.57,9,15,Yes,4.7,2411.44,261.67,No
ORD502118,2024-04-15,Karachi,Sports,In-Store,Regular,97.28,8,20,Yes,3.8,623.52,159.81,Yes
ORD502781,2024-04-15,Lahore,Groceries,In-Store,Regular,17.18,2,0,No,4.1,34.44,8.19,No
ORD501642,2024-04-15,Islamabad,Groceries,Mobile App,Regular,9.53,3,0,No,4.3,29.8,10.66,No
ORD501039,2024-04-15,Faisalabad,Clothing,In-Store,Regular,64.95,3,20,Yes,4.3,150.08,-2.68,No
ORD501084,2024-04-15,Lahore,Home & Kitchen,In-Store,Regular,93.14,8,10,No,5.0,656.93,172.15,No
ORD502735,2024-04-16,Karachi,Groceries,,Regular,17.1,4,5,No,3.7,67.63,28.73,No
ORD500497,2024-04-17,Lahore,Groceries,In-Store,New,18.27,4,0,No,4.1,70.79,17.38,No
ORD502871,2024-04-17,Karachi,Groceries,Online,Regular,7.44,5,0,Yes,4.1,36.95,7.78,No
ORD500028,2024-04-17,Faisalabad,Beauty,In-Store,Regular,37.24,1,0,No,4.3,38.15,17.55,No
ORD500251,2024-04-17,Multan,Clothing,In-Store,New,62.5,4,0,No,,249.74,65.06,No
ORD502044,2024-04-17,Multan,Home & Kitchen,In-Store,New,84.97,6,5,No,2.3,505.83,221.06,No
ORD502084,2024-04-18,Karachi,Sports,In-Store,Regular,74.51,12,0,No,,852.4,322.77,No
ORD500492,2024-04-18,Islamabad,Clothing,,Regular,44.89,5,0,No,4.0,220.76,72.77,No
ORD501495,2024-04-18,Multan,Beauty,In-Store,Regular,15.86,3,10,No,5.0,40.7,9.79,No
ORD500337,2024-04-19,Lahore,Beauty,Online,Premium,17.7,9,10,No,3.7,148.71,30.37,No
ORD502292,2024-04-19,Karachi,Groceries,Online,Regular,18.76,12,15,Yes,3.6,195.5,39.34,No
ORD501166,2024-04-19,Karachi,Clothing,In-Store,Regular,49.26,7,10,No,4.3,311.41,66.21,No
ORD501967,2024-04-20,Faisalabad,Beauty,Mobile App,New,25.91,93,10,Yes,4.9,138.51,18.1,No
ORD502935,2024-04-22,Islamabad,Groceries,Mobile App,Regular,9.4,5,0,Yes,4.1,47.01,13.12,No
ORD500869,2024-04-23,Lahore,Clothing,In-Store,Premium,45.67,2,25,Yes,3.3,67.98,16.99,No
ORD501520,2024-04-23,Lahore,Electronics,In-Store,Regular,253.01,12,10,No,,2676.11,339.19,No
ORD502848,2024-04-23,Islamabad,Beauty,Online,Premium,32.0,8,20,Yes,4.2,199.65,23.21,No
ORD500824,2024-04-23,Lahore,Beauty,In-Store,Regular,21.92,7,10,No,4.6,132.6,32.53,No
ORD500595,2024-04-25,Multan,Beauty,,Regular,23.76,5,0,Yes,2.0,116.66,26.17,No
ORD500638,2024-04-26,Lahore,Home & Kitchen,Online,Regular,87.28,4,15,Yes,3.2,300.37,64.06,Yes
ORD500311,2024-04-26,Islamabad,Sports,Online,Regular,81.08,7,0,No,2.6,576.18,198.24,No
ORD500686,2024-04-26,Islamabad,Home & Kitchen,Online,Premium,62.41,4,20,Yes,4.6,201.56,4.02,No
ORD502742,2024-04-26,Faisalabad,Clothing,Mobile App,Regular,70.86,3,0,No,2.7,208.62,83.73,No
ORD501731,2024-04-26,Islamabad,Sports,In-Store,Regular,69.15,6,0,No,4.7,418.93,184.06,No
ORD500911,2024-04-27,Islamabad,Electronics,Online,Premium,254.34,10,20,Yes,3.9,2061.12,409.46,No
ORD500316,2024-04-27,Karachi,Electronics,In-Store,,428.62,3,0,No,4.3,1306.03,405.73,No
ORD500766,2024-04-27,Faisalabad,Sports,Online,New,71.36,3,0,No,3.4,223.69,83.21,No
ORD500227,2024-04-27,Karachi,Sports,Online,Regular,110.27,2,25,Yes,5.0,164.87,12.38,No
ORD502509,2024-04-27,Karachi,Clothing,Online,New,35.82,5,0,Yes,4.2,183.36,82.21,No
ORD501299,2024-04-27,Faisalabad,Electronics,In-Store,Regular,395.96,6,20,Yes,5.0,1861.07,155.69,No
ORD501173,2024-04-27,Islamabad,Electronics,Online,New,526.57,5,5,No,,2468.04,784.5,No
ORD502073,2024-04-27,Multan,Electronics,Online,Regular,556.21,4,5,Yes,4.2,2138.47,843.54,No
ORD502892,2024-04-28,Lahore,Electronics,In-Store,Premium,269.82,7,15,Yes,5.0,1604.23,532.99,No
ORD502364,2024-04-28,Faisalabad,Groceries,Online,Regular,9.28,8,0,No,3.2,73.28,23.98,No
ORD501821,2024-04-29,Faisalabad,Sports,In-Store,Premium,44.22,6,0,No,4.8,264.47,90.32,No
ORD502615,2024-04-30,Islamabad,Electronics,Online,Premium,211.32,13,5,Yes,,2536.47,804.25,No
ORD500979,2024-04-30,Lahore,Clothing,In-Store,Premium,57.16,13,0,Yes,3.6,747.01,159.6,No
ORD501024,2024-04-30,Multan,Clothing,In-Store,Premium,60.6,9,5,No,2.2,529.97,154.23,Yes
ORD500206,2024-05-01,Islamabad,Sports,Mobile App,Premium,100.78,4,25,Yes,4.7,304.91,5.02,No
ORD501850,2024-05-01,Faisalabad,Electronics,In-Store,New,311.72,2,10,No,4.6,571.52,177.65,No
ORD500366,2024-05-01,Faisalabad,Home & Kitchen,In-Store,Premium,72.54,7,20,Yes,4.3,418.63,88.11,No
ORD502545,2024-05-01,Lahore,Electronics,In-Store,New,222.9,4,0,No,4.0,874.52,173.96,No
ORD500931,2024-05-01,Karachi,Groceries,In-Store,Regular,7.94,4,10,No,3.7,28.98,7.43,No
ORD502536,2024-05-02,Karachi,Electronics,Mobile App,Regular,227.78,4,15,Yes,4.0,768.99,261.42,No
ORD500203,2024-05-02,Karachi,Sports,Mobile App,Regular,99.12,4,15,Yes,,349.89,92.08,No
ORD502361,2024-05-02,Lahore,Beauty,In-Store,Regular,19.69,8,15,Yes,4.2,132.03,24.71,No
ORD502455,2024-05-02,Lahore,Clothing,In-Store,New,41.49,4,10,No,3.7,151.45,43.29,No
ORD502478,2024-05-02,Faisalabad,Sports,Mobile App,Regular,97.86,7,20,Yes,3.3,556.17,165.59,No
ORD502978,2024-05-03,Faisalabad,Electronics,Mobile App,Regular,282.41,5,10,No,5.0,1304.39,506.73,No
ORD502560,2024-05-04,Islamabad,Clothing,In-Store,New,56.11,5,5,No,3.2,256.09,46.04,Yes
ORD502215,2024-05-04,Lahore,Clothing,Online,,37.68,5,0,Yes,3.2,193.77,61.83,Yes
ORD501973,2024-05-04,Karachi,Sports,In-Store,Premium,109.12,4,10,No,4.8,394.85,126.68,No
ORD500284,2024-05-04,Karachi,Electronics,In-Store,New,352.57,3,0,No,3.9,1074.43,413.34,No
ORD502098,2024-05-05,Faisalabad,Sports,In-Store,Regular,88.19,4,0,No,4.0,367.27,172.42,No
ORD501760,2024-05-05,Karachi,Home & Kitchen,In-Store,New,73.37,5,10,Yes,3.4,322.84,52.66,No
ORD502287,2024-05-05,Lahore,Electronics,In-Store,Regular,253.41,2,10,No,2.8,464.94,109.75,No
ORD500552,2024-05-06,Islamabad,Clothing,Online,New,37.51,4,25,Yes,3.4,117.22,14.87,Yes
ORD500489,2024-05-06,Karachi,Beauty,Mobile App,Regular,25.82,6,0,No,5.0,161.87,40.41,No
ORD502389,2024-05-07,Lahore,Clothing,Online,New,32.34,5,10,No,4.7,149.9,42.23,No
ORD502006,2024-05-07,Islamabad,Electronics,In-Store,Regular,312.38,4,0,Yes,4.2,1301.87,557.87,No
ORD500792,2024-05-07,Islamabad,Groceries,Mobile App,Regular,10.6,2,0,Yes,5.0,21.58,5.29,No
ORD502460,2024-05-08,Karachi,Beauty,Online,,16.81,2,0,No,2.7,32.73,9.48,No
ORD501903,2024-05-08,Karachi,Electronics,In-Store,Regular,543.62,4,20,Yes,4.3,1822.11,245.41,No
ORD502324,2024-05-09,Karachi,Beauty,In-Store,New,16.4,4,0,No,3.2,64.06,14.12,No
ORD501540,2024-05-09,Islamabad,Clothing,Online,New,63.69,4,10,No,3.7,218.35,17.07,Yes
ORD501989,2024-05-09,Karachi,Clothing,In-Store,Premium,50.81,4,10,No,5.0,186.55,59.0,No
ORD500568,2024-05-09,Karachi,Home & Kitchen,In-Store,Premium,45.23,4,0,No,3.7,172.53,47.24,No
ORD501232,2024-05-09,Faisalabad,Beauty,In-Store,Regular,,3,5,No,5.0,67.59,11.52,No
ORD501631,2024-05-09,Karachi,Sports,Mobile App,Regular,68.54,6,5,Yes,3.6,381.71,102.37,No
ORD501958,2024-05-09,Lahore,Sports,In-Store,New,68.26,5,25,Yes,4.4,255.8,16.46,No
ORD502867,2024-05-10,Faisalabad,Groceries,In-Store,New,7.76,6,20,Yes,4.3,36.93,9.53,No
ORD500440,2024-05-11,Lahore,Beauty,Online,New,33.62,7,10,No,5.0,214.88,35.84,No
ORD502366,2024-05-11,Islamabad,Beauty,Online,Regular,20.77,3,0,No,4.1,63.58,24.57,No
ORD500751,2024-05-11,Lahore,Clothing,Online,Regular,34.78,3,0,No,,101.61,36.68,Yes
ORD501486,2024-05-12,Lahore,Groceries,Mobile App,Regular,10.73,4,10,No,5.0,37.27,9.24,No
ORD501191,2024-05-12,Lahore,Beauty,Mobile App,Premium,39.65,1,0,Yes,4.4,41.05,17.31,No
ORD500208,2024-05-12,Islamabad,Beauty,In-Store,New,31.18,2,0,No,4.1,62.99,19.56,No
ORD500871,2024-05-12,Lahore,Clothing,Online,Regular,71.02,7,20,Yes,3.2,399.0,37.73,No
ORD500038,2024-05-13,Islamabad,Home & Kitchen,Online,Regular,66.25,6,5,No,3.4,365.54,115.07,No
ORD500310,2024-05-13,Multan,Sports,Online,New,54.1,6,0,No,,313.39,97.85,No
ORD502204,2024-05-13,Islamabad,Sports,In-Store,Regular,106.54,2,0,No,4.4,206.02,53.88,No
ORD502159,2024-05-13,Faisalabad,Beauty,In-Store,Regular,32.94,4,0,No,4.7,134.61,59.25,No
ORD502695,2024-05-13,Multan,Electronics,In-Store,Regular,418.35,6,0,No,3.5,2609.8,771.9,No
ORD502526,2024-05-14,Faisalabad,Clothing,In-Store,New,29.03,2,5,No,4.1,53.8,20.96,No
ORD500685,2024-05-14,Islamabad,Sports,Online,Regular,109.4,2,10,No,4.0,191.57,69.88,Yes
ORD502117,2024-05-14,Multan,Clothing,Online,New,65.77,4,5,No,4.6,249.06,65.54,Yes
ORD502075,2024-05-14,Karachi,Sports,Mobile App,Regular,76.0,4,20,Yes,4.1,234.26,39.72,No
ORD502701,2024-05-15,Islamabad,Electronics,In-Store,Regular,341.91,3,15,Yes,3.8,841.7,191.58,No
ORD500588,2024-05-15,Karachi,Groceries,Mobile App,Premium,13.5,14,10,No,3.5,170.26,39.76,Yes
ORD500704,2024-05-15,Faisalabad,Home & Kitchen,Mobile App,New,50.29,6,10,No,4.3,280.64,95.56,No
ORD502701,2024-05-15,Islamabad,Electronics,In-Store,Regular,341.91,3,15,Yes,3.8,841.7,191.58,No
ORD501068,2024-05-15,Islamabad,Groceries,In-Store,New,9.63,3,0,Yes,4.5,28.62,9.61,No
ORD501735,2024-05-15,Faisalabad,Sports,In-Store,Premium,61.78,9,10,No,2.6,513.92,152.86,No
ORD500701,2024-05-16,Islamabad,Sports,In-Store,Regular,42.16,3,5,No,4.1,121.97,30.7,No
ORD501576,2024-05-16,Lahore,Beauty,In-Store,New,15.39,2,20,Yes,5.0,23.5,2.06,No
ORD501469,2024-05-16,Lahore,Sports,In-Store,Regular,73.15,5,0,No,4.4,352.54,94.9,No
ORD502653,2024-05-17,Lahore,Beauty,In-Store,New,31.43,3,0,Yes,4.2,95.27,41.41,No
ORD502482,2024-05-17,Lahore,Groceries,In-Store,Premium,9.58,1,0,No,3.9,9.6,2.3,No
ORD502454,2024-05-17,Islamabad,Beauty,In-Store,New,25.95,4,15,Yes,4.6,92.43,9.55,No
ORD502379,2024-05-18,Islamabad,Sports,In-Store,Regular,70.39,4,10,No,4.4,241.26,41.36,No
ORD500456,2024-05-19,Lahore,Clothing,In-Store,Premium,58.49,2,0,No,2.3,114.14,32.39,Yes
ORD502354,2024-05-19,Lahore,Groceries,Mobile App,Premium,17.14,8,15,Yes,3.6,111.33,30.18,No
ORD500952,2024-05-19,Lahore,Sports,In-Store,Premium,84.24,9,10,No,2.6,699.99,218.52,No
ORD502233,2024-05-20,Islamabad,Beauty,In-Store,Regular,22.18,3,0,Yes,5.0,66.61,21.19,No
ORD502816,2024-05-20,Lahore,Electronics,In-Store,Regular,242.69,6,15,Yes,4.7,1197.47,273.75,No
ORD501522,2024-05-20,Karachi,Sports,Mobile App,Regular,92.41,10,20,Yes,4.0,739.86,218.88,No
ORD501448,2024-05-20,Islamabad,Electronics,In-Store,Regular,355.58,2,5,No,4.1,686.38,181.43,No
ORD502486,2024-05-20,Karachi,Beauty,In-Store,New,19.45,8,20,Yes,4.1,120.89,10.37,No
ORD500779,2024-05-20,Faisalabad,Sports,In-Store,,111.39,7,10,Yes,3.2,716.48,109.02,No
ORD502011,2024-05-20,Lahore,Groceries,Mobile App,Regular,11.8,3,15,Yes,4.7,29.26,3.28,No
ORD502024,2024-05-20,Lahore,Sports,In-Store,Regular,103.07,7,20,Yes,4.3,554.47,77.33,No
ORD501090,2024-05-20,Karachi,Home & Kitchen,In-Store,Regular,78.74,3,15,Yes,3.4,209.28,51.78,Yes
ORD502144,2024-05-20,Islamabad,Sports,In-Store,Regular,79.87,2,5,No,5.0,152.04,51.8,No
ORD500096,2024-05-21,Islamabad,Home & Kitchen,In-Store,Regular,67.02,4,0,No,4.1,268.59,68.78,No
ORD502015,2024-05-21,Lahore,Sports,In-Store,New,76.22,4,0,No,3.7,301.43,61.39,Yes
ORD501714,2024-05-21,Karachi,Electronics,In-Store,New,432.49,2,10,No,3.9,764.1,166.84,No
ORD500938,2024-05-22,Karachi,Beauty,Mobile App,Regular,31.73,11,20,Yes,4.9,292.1,23.18,No
ORD500324,2024-05-22,Karachi,Electronics,In-Store,Regular,551.6,2,10,No,4.3,1031.32,308.95,No
ORD502822,2024-05-22,Faisalabad,Home & Kitchen,Mobile App,Regular,77.5,5,15,Yes,4.4,335.63,75.77,No
ORD501318,2024-05-22,Karachi,Electronics,In-Store,New,343.92,4,5,No,3.4,1331.2,418.93,No
ORD501833,2024-05-22,Karachi,Groceries,In-Store,New,18.65,3,0,No,2.6,53.91,9.48,No
ORD501092,2024-05-22,Faisalabad,Sports,Online,Regular,94.36,3,5,No,3.5,270.33,61.25,No
ORD502168,2024-05-22,Karachi,Beauty,Online,Premium,25.59,4,10,Yes,3.5,88.53,10.07,No
ORD502778,2024-05-23,Faisalabad,Sports,In-Store,Premium,106.93,2,0,No,3.5,222.77,80.6,No
ORD501762,2024-05-23,Karachi,Home & Kitchen,,New,47.34,9,15,Yes,4.2,348.31,49.2,No
ORD500036,2024-05-23,Karachi,Beauty,Mobile App,Premium,38.85,7,20,Yes,4.5,208.14,21.54,No
ORD501935,2024-05-24,Karachi,Groceries,Online,New,14.04,5,5,No,3.1,67.94,25.87,No
ORD501895,2024-05-25,Faisalabad,Beauty,Mobile App,Regular,23.13,4,15,Yes,5.0,78.5,4.61,No
ORD501480,2024-05-25,Karachi,Home & Kitchen,In-Store,New,91.28,3,0,No,4.1,282.33,126.42,No
ORD501690,2024-05-25,Faisalabad,Groceries,Mobile App,New,13.6,4,5,No,5.0,53.74,11.29,No
ORD502947,2024-05-25,Multan,Beauty,In-Store,Regular,31.81,4,20,Yes,4.7,106.12,29.93,No
ORD500697,2024-05-26,Islamabad,Sports,In-Store,Regular,73.09,5,10,No,3.1,331.17,51.37,No
ORD502432,2024-05-26,Multan,Home & Kitchen,Mobile App,Premium,44.4,7,5,No,4.9,282.97,96.94,Yes
ORD502896,2024-05-26,Faisalabad,Home & Kitchen,Online,New,62.94,6,15,Yes,3.6,305.4,24.25,Yes
ORD501503,2024-05-26,Karachi,Groceries,In-Store,New,12.81,7,20,Yes,4.0,72.43,15.06,No
ORD500153,2024-05-26,Multan,Electronics,Mobile App,Regular,522.67,2,0,No,4.5,997.32,311.66,No
ORD502390,2024-05-27,Islamabad,Electronics,Mobile App,Premium,382.04,2,0,No,4.2,736.84,248.19,No
ORD500381,2024-05-27,Karachi,Home & Kitchen,In-Store,Premium,,7,20,Yes,4.9,511.82,142.88,No
ORD501674,2024-05-27,Lahore,Beauty,In-Store,Regular,26.99,1,0,No,3.2,26.93,11.55,Yes
ORD500503,2024-05-27,Multan,Clothing,In-Store,New,43.65,6,5,No,4.8,247.57,97.61,No
ORD501740,2024-05-27,Lahore,Groceries,In-Store,Regular,17.34,1,5,No,4.0,17.11,3.66,No
ORD502879,2024-05-28,Islamabad,Home & Kitchen,In-Store,Premium,67.37,5,20,Yes,5.0,259.01,40.22,No
ORD502177,2024-05-28,Karachi,Clothing,Online,Regular,40.72,7,10,No,3.3,263.03,42.92,Yes
ORD502474,2024-05-28,Lahore,Beauty,In-Store,Premium,38.65,5,0,No,3.8,189.79,40.08,No
ORD501165,2024-05-28,Karachi,Home & Kitchen,Online,New,90.58,6,0,No,2.7,546.77,244.37,No
ORD501189,2024-05-28,Karachi,Beauty,Mobile App,Regular,37.57,4,5,No,3.5,140.94,54.14,No
ORD502934,2024-05-28,Karachi,Sports,Online,New,52.61,1,10,Yes,3.5,49.01,17.07,No
ORD500999,2024-05-29,Islamabad,Sports,In-Store,New,96.92,4,15,Yes,3.8,319.98,14.82,No
ORD502736,2024-05-30,Islamabad,Electronics,Mobile App,Premium,247.53,9,20,Yes,3.6,1742.98,102.57,No
ORD502166,2024-05-30,Islamabad,Electronics,In-Store,Premium,521.71,5,15,Yes,3.5,2235.82,459.62,No
ORD501636,2024-05-30,Lahore,Home & Kitchen,In-Store,New,48.18,5,10,No,2.9,208.47,37.74,No
ORD501720,2024-05-30,Islamabad,Sports,Online,Premium,72.35,8,5,No,3.2,551.36,125.33,Yes
ORD500052,2024-05-30,Karachi,Sports,,New,47.42,1,10,No,4.0,42.42,8.56,No
ORD501636,2024-05-30,Lahore,Home & Kitchen,In-Store,New,48.18,5,10,No,2.9,208.47,37.74,No
ORD501071,2024-05-31,Islamabad,Electronics,Online,Premium,248.2,10,15,Yes,3.6,2066.85,126.18,No
ORD500020,2024-05-31,Karachi,Electronics,Online,Regular,537.81,6,10,No,,2967.19,717.71,No
ORD500723,2024-06-01,Lahore,Beauty,In-Store,Regular,39.14,5,10,No,3.6,171.08,19.72,No
ORD501065,2024-06-01,Karachi,Home & Kitchen,In-Store,New,70.27,4,25,Yes,,204.79,8.69,No
ORD502960,2024-06-01,Faisalabad,Electronics,In-Store,Regular,343.98,10,10,Yes,4.2,3246.17,629.51,No
ORD501157,2024-06-02,Islamabad,Electronics,In-Store,New,441.36,2,20,Yes,3.2,674.28,185.88,No
ORD500355,2024-06-02,Islamabad,Clothing,Online,Regular,31.96,5,0,Yes,3.2,163.44,40.35,No
ORD501202,2024-06-02,Karachi,Sports,In-Store,Regular,104.89,4,15,Yes,3.1,358.04,115.85,No
ORD501880,2024-06-02,Lahore,Sports,In-Store,New,97.26,4,15,Yes,4.5,342.56,80.79,No
ORD502329,2024-06-03,Lahore,Sports,Online,Premium,100.01,3,10,No,5.0,259.9,23.69,No
ORD500656,2024-06-03,Multan,Beauty,Online,Premium,21.96,8,10,No,4.6,162.67,60.88,No
ORD500563,2024-06-04,Islamabad,Groceries,In-Store,Regular,9.29,4,0,Yes,3.5,37.39,14.83,Yes
ORD502633,2024-06-04,Lahore,Groceries,Online,Regular,9.52,4,5,No,2.7,36.3,15.35,Yes
ORD502614,2024-06-04,Islamabad,Groceries,In-Store,New,13.86,4,0,No,3.9,55.3,16.99,No
ORD500762,2024-06-05,Islamabad,Clothing,Online,Regular,58.28,4,5,No,3.0,218.85,37.83,No
ORD502465,2024-06-05,Islamabad,Sports,In-Store,Regular,86.82,2,25,Yes,4.0,135.46,1.55,No
ORD500182,2024-06-06,Multan,Sports,Mobile App,Regular,66.11,4,0,No,2.9,256.3,55.4,No
ORD502154,2024-06-06,Karachi,Beauty,In-Store,Premium,18.87,6,0,No,3.7,116.69,45.83,No
ORD502552,2024-06-08,Karachi,Clothing,In-Store,New,57.98,2,5,No,3.5,105.73,27.18,No
ORD502189,2024-06-08,Karachi,Electronics,In-Store,Regular,311.34,5,15,Yes,4.9,1346.26,376.03,No
ORD500128,2024-06-08,Multan,Electronics,In-Store,Regular,391.7,6,20,Yes,5.0,1848.9,116.52,No
ORD500342,2024-06-09,Islamabad,Beauty,In-Store,Regular,33.61,3,5,Yes,,97.66,25.11,No
ORD502820,2024-06-09,Karachi,Sports,In-Store,Regular,47.68,5,0,No,3.0,239.55,76.05,No
ORD502304,2024-06-09,Islamabad,Clothing,Mobile App,Premium,60.0,5,20,Yes,4.2,233.63,47.19,No
ORD502386,2024-06-09,Lahore,Electronics,Mobile App,Premium,508.43,8,5,No,4.5,3751.12,1048.0,No
ORD501328,2024-06-10,Lahore,Home & Kitchen,,Regular,78.27,6,0,No,3.7,468.23,168.26,No
ORD502624,2024-06-10,Karachi,Electronics,In-Store,Regular,373.36,2,0,No,3.3,754.71,223.07,No
ORD500015,2024-06-10,Karachi,Beauty,Online,Premium,38.45,6,10,No,3.0,206.75,73.6,Yes
ORD501346,2024-06-10,Faisalabad,Sports,In-Store,Regular,96.8,4,10,Yes,3.2,338.51,59.13,No
ORD501220,2024-06-10,Islamabad,Groceries,Online,New,8.63,4,5,No,2.0,34.01,12.49,No
ORD500858,2024-06-10,Faisalabad,Home & Kitchen,Online,Premium,48.4,6,0,Yes,5.0,292.7,78.92,No
ORD500439,2024-06-10,Islamabad,Groceries,In-Store,New,13.74,3,0,Yes,4.0,41.67,13.82,No
ORD501277,2024-06-11,Faisalabad,Beauty,Online,Premium,18.55,6,25,Yes,3.1,82.68,8.38,No
ORD500395,2024-06-11,Faisalabad,Home & Kitchen,In-Store,New,58.38,4,10,No,4.4,211.85,77.45,No
ORD502700,2024-06-11,Faisalabad,Sports,Online,Premium,88.64,8,10,No,3.5,609.22,51.05,No
ORD500965,2024-06-11,Karachi,Electronics,Online,New,423.2,3,10,Yes,,1194.77,461.12,No
ORD501252,2024-06-12,Islamabad,Beauty,In-Store,Premium,36.45,7,20,Yes,3.9,198.09,49.09,No
ORD500001,2024-06-12,Islamabad,Sports,Online,Regular,108.0,5,10,No,3.3,493.78,93.06,No
ORD501940,2024-06-12,Lahore,Electronics,Mobile App,Regular,494.33,10,20,Yes,,3926.59,554.04,No
ORD501790,2024-06-12,Karachi,Groceries,Mobile App,Regular,9.01,10,25,Yes,4.5,64.35,11.02,No
ORD502323,2024-06-12,Karachi,Home & Kitchen,Online,Premium,83.61,6,0,No,1.8,516.49,163.69,Yes
ORD501624,2024-06-13,Multan,Beauty,Online,Regular,36.78,4,5,No,3.6,138.46,46.16,No
ORD500362,2024-06-13,Lahore,Electronics,In-Store,New,416.51,1,20,Yes,3.3,328.69,91.84,No
ORD501410,2024-06-13,Karachi,Clothing,In-Store,New,44.63,5,5,No,5.0,212.02,38.85,No
ORD502733,2024-06-14,Islamabad,Groceries,Online,Regular,11.9,7,20,Yes,4.4,69.08,8.95,No
ORD500621,2024-06-15,Lahore,Sports,In-Store,New,95.4,1,0,No,4.1,93.94,20.28,No
ORD500317,2024-06-16,Multan,Home & Kitchen,Online,New,65.04,4,15,Yes,3.8,218.6,22.42,No
ORD502645,2024-06-16,Lahore,Electronics,Online,New,249.77,1,10,No,5.0,234.35,65.48,No
ORD501645,2024-06-17,Islamabad,Beauty,In-Store,Regular,20.41,4,0,No,4.2,85.07,25.5,No
ORD501609,2024-06-17,Lahore,Beauty,In-Store,Regular,35.42,7,5,No,3.5,224.51,66.77,No
ORD500760,2024-06-18,Karachi,Beauty,Mobile App,Regular,33.17,4,0,Yes,4.3,132.01,33.26,No
ORD502503,2024-06-19,Karachi,Sports,In-Store,Regular,67.44,3,5,Yes,5.0,198.65,40.28,No
ORD502620,2024-06-19,Multan,Electronics,In-Store,Regular,258.77,5,0,No,3.9,1340.73,532.92,No
ORD502900,2024-06-20,Islamabad,Electronics,Online,Regular,415.18,6,0,No,,2450.73,1038.9,No
ORD500768,2024-06-20,Islamabad,Groceries,Mobile App,New,14.45,6,25,Yes,4.1,62.79,12.95,Yes
ORD500183,2024-06-20,Karachi,Sports,In-Store,Regular,,4,0,No,4.5,219.84,90.48,No
ORD502042,2024-06-20,Multan,Electronics,In-Store,Regular,241.98,4,5,Yes,4.0,930.1,199.31,No
ORD501093,2024-06-21,Karachi,Clothing,In-Store,Regular,51.17,3,0,No,3.8,151.48,50.42,Yes
ORD500609,2024-06-21,Faisalabad,Beauty,In-Store,New,24.54,6,15,Yes,4.2,119.82,36.15,No
ORD500260,2024-06-21,Karachi,Home & Kitchen,In-Store,Regular,,6,20,Yes,4.6,235.63,19.86,No
ORD502124,2024-06-21,Islamabad,Clothing,In-Store,Premium,28.02,2,10,No,3.8,48.33,8.82,No
ORD500095,2024-06-21,Islamabad,Home & Kitchen,Online,Regular,47.49,2,0,No,3.5,93.84,30.46,No
ORD500144,2024-06-22,Karachi,Electronics,In-Store,Premium,380.87,5,0,No,3.4,1867.07,803.17,No
ORD502475,2024-06-22,Lahore,Sports,In-Store,Regular,83.25,2,10,No,4.9,150.31,32.34,No
ORD502831,2024-06-22,Lahore,Clothing,Online,Regular,71.53,8,20,Yes,1.8,462.97,71.63,No
ORD501572,2024-06-22,Karachi,Electronics,In-Store,Premium,467.29,5,20,Yes,4.1,1936.91,111.13,No
ORD502145,2024-06-22,Faisalabad,Beauty,In-Store,Premium,33.03,5,20,Yes,4.3,128.52,21.76,No
ORD501168,2024-06-22,Lahore,Sports,In-Store,Premium,48.58,8,10,No,4.9,338.69,112.65,No
ORD502634,2024-06-24,Karachi,Beauty,In-Store,Regular,39.36,1,0,No,3.9,38.31,13.49,No
ORD501948,2024-06-24,Karachi,Electronics,In-Store,Regular,468.34,6,10,No,3.7,2616.58,561.47,No
ORD502907,2024-06-24,Lahore,Home & Kitchen,In-Store,New,90.06,5,5,No,3.6,418.44,134.23,No
ORD501687,2024-06-24,Islamabad,Beauty,Online,Regular,30.66,7,20,Yes,4.0,163.12,39.2,No
ORD502088,2024-06-25,Lahore,Groceries,In-Store,Regular,14.27,5,0,No,4.5,73.8,32.37,No
ORD500631,2024-06-25,Multan,Home & Kitchen,Online,Regular,36.69,3,0,No,3.8,108.3,30.0,Yes
ORD500630,2024-06-26,Multan,Sports,In-Store,Regular,91.37,5,0,No,2.8,437.35,110.49,No
ORD500891,2024-06-26,Islamabad,Beauty,Online,Regular,23.89,2,10,No,2.8,41.79,13.57,Yes
ORD500945,2024-06-26,Lahore,Groceries,In-Store,New,14.32,8,10,No,4.8,102.1,34.84,No
ORD500053,2024-06-27,Islamabad,Groceries,Mobile App,Regular,8.42,6,10,No,4.0,45.1,16.76,No
ORD501886,2024-06-27,Faisalabad,Home & Kitchen,Mobile App,Regular,78.47,6,10,No,5.0,409.33,101.77,No
ORD501874,2024-06-28,Multan,Beauty,Online,New,23.42,4,0,No,,98.25,33.71,Yes
ORD501548,2024-06-30,Islamabad,Home & Kitchen,In-Store,New,55.13,6,15,Yes,4.0,294.13,79.8,No
ORD500994,2024-07-01,Lahore,Electronics,Mobile App,New,422.18,5,10,No,3.7,1831.01,562.72,No
ORD500531,2024-07-01,Lahore,Groceries,Mobile App,Premium,16.14,6,10,Yes,,89.86,22.24,No
ORD500984,2024-07-02,Karachi,Sports,Mobile App,Regular,72.22,2,0,No,3.2,146.3,37.74,No
ORD500695,2024-07-02,Faisalabad,Beauty,Mobile App,New,23.27,3,0,No,2.6,67.39,11.9,No
ORD501831,2024-07-02,Lahore,Clothing,Online,New,68.05,5,0,No,,355.76,84.6,No
ORD502157,2024-07-02,Lahore,Home & Kitchen,Online,New,91.73,5,5,No,,439.96,174.32,Yes
ORD500418,2024-07-04,Lahore,Beauty,In-Store,Regular,39.52,4,5,No,2.9,144.26,55.19,Yes
ORD500463,2024-07-04,Karachi,Electronics,In-Store,Regular,430.77,8,10,Yes,3.3,2949.82,922.19,No
ORD501766,2024-07-04,Multan,Home & Kitchen,Online,New,90.67,3,0,No,3.7,274.86,75.53,No
ORD501982,2024-07-04,Islamabad,Clothing,In-Store,,28.11,3,15,Yes,3.5,73.21,22.96,No
ORD501667,2024-07-05,Karachi,Beauty,Online,Regular,34.49,6,10,No,3.4,187.14,64.35,No
ORD502219,2024-07-05,Faisalabad,Home & Kitchen,Online,Premium,91.84,6,25,Yes,3.3,418.64,64.0,No
ORD501392,2024-07-05,Faisalabad,Home & Kitchen,In-Store,Regular,43.43,4,5,No,5.0,165.47,45.78,No
ORD501542,2024-07-05,Multan,Groceries,Mobile App,New,19.16,3,0,No,,57.66,17.81,No
ORD500534,2024-07-05,Karachi,Electronics,Online,New,432.46,3,5,No,4.5,1243.06,521.98,No
ORD502840,2024-07-06,Islamabad,Clothing,Mobile App,New,41.25,4,5,No,3.3,149.14,22.0,Yes
ORD500421,2024-07-06,Islamabad,Sports,In-Store,Regular,75.06,2,0,No,4.1,154.19,42.51,No
ORD502186,2024-07-06,Islamabad,Sports,Online,Regular,47.83,5,0,No,3.8,246.96,87.3,No
ORD502247,2024-07-06,Multan,Sports,In-Store,New,66.2,2,0,No,4.8,138.04,57.32,No
ORD501210,2024-07-07,Karachi,Clothing,In-Store,Regular,70.29,5,10,No,3.5,329.25,75.77,No
ORD500405,2024-07-07,Islamabad,Beauty,In-Store,New,19.57,1,0,Yes,4.7,18.97,6.81,No
ORD501869,2024-07-07,Islamabad,Electronics,Online,Regular,531.28,6,10,No,4.9,2817.83,293.64,No
ORD500068,2024-07-07,Islamabad,Electronics,Mobile App,Regular,313.52,5,10,No,3.1,1472.77,480.98,No
ORD502051,2024-07-08,Islamabad,Home & Kitchen,Online,New,56.66,3,5,No,3.1,158.16,54.77,No
ORD500341,2024-07-08,Lahore,Clothing,In-Store,Regular,56.8,4,5,No,5.0,212.93,51.37,No
ORD500905,2024-07-08,Islamabad,Home & Kitchen,In-Store,Premium,43.45,11,25,Yes,3.6,343.11,-33.2,No
ORD501538,2024-07-08,Faisalabad,Groceries,Online,,,7,0,Yes,,97.31,29.75,No
ORD500962,2024-07-08,Islamabad,Electronics,Mobile App,Regular,336.37,6,25,Yes,3.8,1439.86,265.75,No
ORD501600,2024-07-09,Islamabad,Home & Kitchen,Online,Regular,78.58,4,10,No,3.2,276.19,68.75,No
ORD501187,2024-07-09,Faisalabad,Beauty,In-Store,Premium,19.37,4,0,Yes,4.4,74.41,29.75,No
ORD500061,2024-07-09,Islamabad,Beauty,Online,New,35.65,6,10,No,3.0,199.89,47.09,No
ORD502180,2024-07-10,Faisalabad,Home & Kitchen,In-Store,Regular,86.47,8,5,No,3.1,683.24,237.27,No
ORD501120,2024-07-11,Lahore,Home & Kitchen,Mobile App,Premium,83.34,3,10,No,3.8,217.27,58.66,Yes
ORD502351,2024-07-11,Karachi,Groceries,Mobile App,Regular,8.26,2,5,No,3.7,16.24,6.58,No
ORD500739,2024-07-12,Multan,Home & Kitchen,Online,Regular,42.06,2,0,Yes,3.2,86.3,37.73,No
ORD501769,2024-07-12,Faisalabad,Home & Kitchen,In-Store,Premium,39.81,9,0,No,2.3,368.16,145.05,No
ORD500415,2024-07-12,Faisalabad,Beauty,Online,New,29.55,4,10,No,5.0,106.18,26.97,No
ORD502028,2024-07-12,Multan,Beauty,Mobile App,New,24.91,3,0,Yes,5.0,75.65,17.62,No
ORD501891,2024-07-13,Karachi,Home & Kitchen,In-Store,New,49.46,4,25,Yes,5.0,153.14,23.24,No
ORD501240,2024-07-13,Lahore,Electronics,In-Store,New,541.77,8,25,Yes,5.0,3127.52,722.26,No
ORD501176,2024-07-14,Lahore,Clothing,Mobile App,New,33.7,3,0,No,3.6,101.87,33.24,No
ORD502688,2024-07-14,Karachi,Sports,In-Store,Regular,106.59,6,5,No,3.8,608.28,245.1,Yes
ORD500821,2024-07-14,Karachi,Beauty,In-Store,New,38.74,3,15,Yes,2.7,103.58,36.71,No
ORD502587,2024-07-15,Lahore,Home & Kitchen,Online,Regular,50.84,3,0,No,2.6,147.56,55.02,No
ORD501027,2024-07-15,Karachi,Electronics,In-Store,New,423.84,3,0,No,3.9,1263.67,415.85,No
ORD502793,2024-07-15,Multan,Beauty,Online,Regular,38.57,6,5,Yes,4.2,229.1,55.74,Yes
ORD500269,2024-07-15,Multan,Electronics,Online,Regular,322.73,2,10,No,,591.7,121.15,No
ORD502054,2024-07-15,Multan,Clothing,In-Store,Regular,44.1,4,0,No,,169.94,32.01,No
ORD501020,2024-07-15,Karachi,Electronics,In-Store,New,364.86,7,15,Yes,4.0,2256.52,506.34,No
ORD502945,2024-07-16,Lahore,Beauty,In-Store,New,38.53,3,5,Yes,3.0,107.49,40.46,No
ORD500291,2024-07-16,Lahore,Beauty,In-Store,New,28.31,3,5,No,4.2,79.5,14.39,No
ORD500754,2024-07-17,Karachi,Clothing,In-Store,Premium,38.5,3,5,No,3.8,105.98,38.99,No
ORD500801,2024-07-17,Multan,Sports,In-Store,Premium,61.43,4,0,No,3.9,246.77,99.39,No
ORD501218,2024-07-17,Karachi,Electronics,Mobile App,New,224.93,5,0,Yes,3.6,1172.35,538.6,No
ORD502669,2024-07-18,Islamabad,Sports,In-Store,Regular,52.0,4,15,Yes,4.0,168.9,29.38,No
ORD500895,2024-07-19,Karachi,Sports,In-Store,New,96.14,1,0,No,3.8,96.07,21.79,No
ORD501757,2024-07-19,Lahore,Beauty,Mobile App,Premium,28.84,8,15,Yes,3.1,196.14,48.38,No
ORD502553,2024-07-19,Islamabad,Sports,In-Store,Regular,88.37,4,10,No,4.2,320.03,102.67,No
ORD501587,2024-07-19,Multan,Sports,Mobile App,Premium,84.37,7,5,No,4.5,582.39,252.94,No
ORD501650,2024-07-20,Multan,Sports,Online,Premium,110.56,2,0,No,3.9,217.39,83.59,No
ORD500917,2024-07-21,Lahore,Home & Kitchen,In-Store,New,67.87,5,20,Yes,5.0,277.99,26.6,No
ORD502409,2024-07-21,Multan,Groceries,Online,Premium,15.76,2,20,Yes,3.0,24.34,3.84,No
ORD501919,2024-07-21,Islamabad,Sports,Online,Regular,107.01,8,25,Yes,5.0,657.37,178.14,No
ORD502496,2024-07-21,Karachi,Clothing,In-Store,New,42.43,3,0,No,5.0,129.85,54.43,No
ORD502313,2024-07-21,Multan,Home & Kitchen,In-Store,Regular,36.89,5,10,No,3.4,165.24,51.48,No
ORD501289,2024-07-22,Lahore,Home & Kitchen,Online,Regular,68.15,5,0,No,3.4,347.06,133.87,No
ORD501192,2024-07-22,Karachi,Home & Kitchen,In-Store,Regular,74.68,7,0,No,2.6,525.19,213.54,No
ORD500878,2024-07-22,Lahore,Sports,Online,Regular,98.01,4,20,Yes,3.8,307.8,30.56,No
ORD501115,2024-07-22,Karachi,Sports,Online,Regular,43.22,6,10,No,4.1,239.46,60.04,No
ORD500508,2024-07-22,Lahore,Home & Kitchen,Mobile App,Regular,93.72,8,0,No,5.0,724.51,267.43,No
ORD502898,2024-07-23,Karachi,Clothing,Online,Regular,51.33,7,5,No,3.8,358.23,135.32,No
ORD502745,2024-07-24,Multan,Home & Kitchen,Online,Premium,51.59,4,10,No,3.9,191.68,60.75,No
ORD500364,2024-07-24,Multan,Home & Kitchen,Mobile App,New,73.65,5,5,No,4.0,343.6,131.98,No
ORD500596,2024-07-24,Lahore,Beauty,Online,New,36.17,7,15,Yes,4.1,219.49,55.08,No
ORD500039,2024-07-25,Karachi,Clothing,Online,Premium,54.49,7,5,No,2.6,358.04,69.77,Yes
ORD500934,2024-07-25,Islamabad,Sports,Mobile App,Regular,79.34,5,10,No,4.2,363.29,87.59,No
ORD500089,2024-07-26,Faisalabad,Electronics,In-Store,Regular,516.76,4,10,Yes,4.9,1819.72,207.85,No
ORD501285,2024-07-26,Lahore,Sports,In-Store,Regular,102.57,1,5,No,5.0,100.57,25.07,Yes
ORD501311,2024-07-26,Faisalabad,Sports,In-Store,Regular,103.43,6,25,Yes,4.1,475.04,-18.41,No
ORD502593,2024-07-26,Karachi,Electronics,Online,Premium,279.01,5,0,No,4.9,1392.53,512.62,No
ORD501771,2024-07-27,Faisalabad,Home & Kitchen,Online,New,39.92,3,5,No,5.0,115.27,38.94,No
ORD502045,2024-07-28,Islamabad,Home & Kitchen,Online,Regular,58.92,4,10,No,,214.27,51.99,No
ORD500376,2024-07-28,Karachi,Groceries,In-Store,Regular,15.85,3,5,No,4.0,43.31,5.43,No
ORD500929,2024-07-29,Faisalabad,Sports,In-Store,Regular,57.09,4,15,Yes,3.7,202.31,57.89,No
ORD502707,2024-07-29,Islamabad,Clothing,In-Store,Premium,71.12,6,5,Yes,3.5,388.97,94.81,No
ORD501151,2024-07-29,Karachi,Electronics,In-Store,Regular,349.0,7,5,No,3.6,2359.73,709.21,No
ORD500961,2024-07-29,Karachi,Sports,In-Store,Regular,43.53,1,0,No,3.8,44.34,11.26,No
ORD501507,2024-07-29,Lahore,Groceries,In-Store,New,10.56,3,0,No,4.3,32.54,10.41,No
ORD500524,2024-07-30,Islamabad,Groceries,In-Store,Regular,17.68,6,20,Yes,3.7,87.94,3.39,No
ORD500237,2024-07-30,Lahore,Clothing,In-Store,Regular,51.8,14,20,Yes,5.0,604.85,91.8,No
ORD502821,2024-07-30,Islamabad,Clothing,In-Store,Regular,63.87,6,5,No,3.7,376.2,130.11,No
ORD500851,2024-07-30,Karachi,Clothing,Online,Premium,63.06,6,5,No,,362.87,64.35,No
ORD500498,2024-07-30,Karachi,Home & Kitchen,Mobile App,Regular,83.93,3,0,No,3.3,259.94,99.48,No
ORD501995,2024-07-30,Lahore,Home & Kitchen,In-Store,Regular,53.84,4,25,Yes,2.5,163.58,25.33,No
ORD502500,2024-07-31,Faisalabad,Home & Kitchen,,Regular,90.36,3,0,Yes,,276.09,65.41,No
ORD500197,2024-07-31,Lahore,Sports,In-Store,New,49.33,3,0,No,3.6,150.41,58.5,No
ORD502471,2024-07-31,Islamabad,Groceries,Mobile App,Premium,12.93,4,0,No,2.6,51.32,17.06,No
ORD502579,2024-08-01,Lahore,Beauty,Online,Premium,15.19,4,0,Yes,3.7,58.64,18.76,No
ORD502249,2024-08-01,Karachi,Home & Kitchen,Mobile App,Premium,87.38,3,5,No,,246.72,83.47,Yes
ORD502080,2024-08-02,Multan,Groceries,In-Store,Regular,18.74,5,10,No,4.7,80.93,18.92,No
ORD501125,2024-08-02,Karachi,Clothing,In-Store,Regular,66.35,5,0,No,3.7,345.51,152.43,No
ORD501865,2024-08-02,Lahore,Sports,In-Store,Premium,63.27,4,0,No,3.9,263.15,65.18,No
ORD501917,2024-08-02,Karachi,Sports,Online,Regular,74.4,3,15,Yes,3.4,190.78,40.81,Yes
ORD500499,2024-08-02,Faisalabad,Beauty,Mobile App,New,22.13,4,0,No,4.4,90.56,32.52,No
ORD500757,2024-08-03,Lahore,Sports,In-Store,New,68.16,5,0,No,4.3,340.99,115.61,No
ORD501641,2024-08-03,Lahore,Home & Kitchen,Online,Premium,41.37,10,20,Yes,5.0,332.85,61.7,No
ORD502950,2024-08-03,Lahore,Clothing,Mobile App,Premium,40.13,2,0,No,2.4,82.15,36.03,No
ORD502971,2024-08-03,Multan,Beauty,Online,Regular,21.84,3,15,Yes,3.1,58.2,11.95,No
ORD502697,2024-08-03,Faisalabad,Sports,In-Store,Regular,50.39,4,15,Yes,,167.57,24.22,No
ORD502802,2024-08-04,Islamabad,Sports,In-Store,Regular,106.61,4,5,Yes,3.5,421.53,104.75,No
ORD502066,2024-08-04,Islamabad,Beauty,Mobile App,Premium,19.56,12,10,No,4.7,205.86,46.28,No
ORD501138,2024-08-04,Lahore,Beauty,In-Store,Regular,29.27,4,15,Yes,3.4,101.43,28.33,No
ORD501310,2024-08-05,Karachi,Sports,In-Store,Regular,111.26,4,15,Yes,3.8,384.36,46.55,No
ORD501215,2024-08-05,Multan,Sports,Online,Regular,97.49,4,0,Yes,4.8,402.22,159.46,No
ORD502104,2024-08-05,Lahore,Electronics,Online,Regular,536.98,7,20,Yes,3.0,3020.34,701.91,No
ORD500307,2024-08-05,Lahore,Sports,In-Store,New,43.79,4,20,Yes,4.6,139.65,23.44,No
ORD500710,2024-08-05,Faisalabad,Home & Kitchen,Mobile App,New,47.16,3,0,No,3.8,140.28,40.91,No
ORD500812,2024-08-05,Islamabad,Beauty,In-Store,Premium,29.43,6,0,Yes,4.0,173.39,58.28,No
ORD500424,2024-08-06,Islamabad,Beauty,In-Store,Regular,39.81,7,5,No,3.3,270.61,75.23,No
ORD501533,2024-08-07,Karachi,Clothing,In-Store,Regular,,3,0,No,3.1,129.92,57.58,Yes
ORD500325,2024-08-07,Islamabad,Sports,Online,Premium,66.13,10,15,Yes,3.5,570.59,203.93,Yes
ORD500312,2024-08-08,Multan,Electronics,In-Store,Regular,482.83,4,20,Yes,4.6,1610.71,500.27,No
ORD502704,2024-08-08,Islamabad,Beauty,Online,New,23.0,2,0,No,3.6,48.23,19.66,No
ORD501823,2024-08-08,Lahore,Sports,Online,Regular,92.55,3,0,No,5.0,278.03,69.69,Yes
ORD502448,2024-08-08,Lahore,Electronics,In-Store,New,412.88,3,0,No,,1259.63,566.77,No
ORD500586,2024-08-08,Lahore,Sports,In-Store,New,94.74,8,10,No,4.3,711.43,273.77,No
ORD500586,2024-08-08,Lahore,Sports,In-Store,New,94.74,8,10,No,4.3,711.43,273.77,No
ORD500752,2024-08-09,Islamabad,Groceries,In-Store,New,8.32,5,5,No,3.8,39.02,5.93,Yes
ORD500290,2024-08-09,Islamabad,Sports,Online,Regular,45.06,6,20,Yes,2.8,208.64,0.46,No
ORD500974,2024-08-10,Multan,Beauty,In-Store,New,29.61,6,5,Yes,5.0,161.82,26.36,No
ORD501698,2024-08-10,Islamabad,Home & Kitchen,Online,Premium,92.3,5,15,Yes,,402.45,60.46,Yes
ORD502049,2024-08-11,Karachi,Beauty,Mobile App,Regular,15.54,8,15,Yes,3.5,108.7,19.04,No
ORD502049,2024-08-11,Karachi,Beauty,Mobile App,Regular,15.54,8,15,Yes,3.5,108.7,19.04,No
ORD500688,2024-08-11,Karachi,Electronics,,New,298.43,4,10,No,3.8,1032.32,366.42,No
ORD500186,2024-08-11,Faisalabad,Electronics,In-Store,New,504.87,5,5,No,3.9,2443.16,952.49,No
ORD502504,2024-08-11,Faisalabad,Beauty,In-Store,Regular,15.45,6,25,Yes,3.6,69.89,-2.58,No
ORD502050,2024-08-11,Karachi,Electronics,In-Store,New,328.72,5,25,Yes,4.3,1268.15,325.18,No
ORD502914,2024-08-12,Multan,Clothing,In-Store,Regular,36.25,4,0,No,3.7,144.68,55.12,No
ORD501597,2024-08-13,Lahore,Sports,In-Store,New,48.99,6,15,Yes,4.0,240.05,16.85,No
ORD501492,2024-08-14,Islamabad,Electronics,In-Store,New,274.05,4,10,No,,1016.94,307.13,No
ORD501492,2024-08-14,Islamabad,Electronics,In-Store,New,274.05,4,10,No,,1016.94,307.13,No
ORD500773,2024-08-14,Karachi,Clothing,In-Store,New,42.67,3,15,Yes,3.1,111.01,9.35,No
ORD501608,2024-08-14,Lahore,Sports,In-Store,New,47.29,3,0,Yes,4.1,143.22,57.32,Yes
ORD501978,2024-08-14,Faisalabad,Home & Kitchen,In-Store,Premium,51.64,10,10,No,3.7,442.14,73.29,No
ORD500722,2024-08-15,Multan,Clothing,In-Store,Regular,59.61,7,10,No,3.2,379.25,62.22,No
ORD501852,2024-08-15,Lahore,Home & Kitchen,Mobile App,Premium,43.12,4,10,No,,150.08,13.11,No
ORD502002,2024-08-16,Islamabad,Groceries,In-Store,Regular,12.34,5,15,Yes,5.0,54.18,10.2,No
ORD502773,2024-08-16,Faisalabad,Sports,In-Store,Regular,57.52,2,5,No,4.5,114.0,22.51,Yes
ORD501411,2024-08-16,Islamabad,Groceries,Mobile App,Regular,13.26,6,5,No,4.5,73.82,19.96,No
ORD501333,2024-08-17,Islamabad,Home & Kitchen,Online,Premium,73.64,4,20,Yes,3.6,237.83,38.81,No
ORD502554,2024-08-17,Faisalabad,Groceries,In-Store,Regular,11.82,8,0,No,2.9,94.89,34.21,No
ORD502466,2024-08-18,Multan,Beauty,In-Store,New,19.9,6,10,No,2.6,110.31,26.83,No
ORD501484,2024-08-18,Lahore,Beauty,In-Store,Premium,22.99,8,0,No,4.4,184.84,72.03,No
ORD500594,2024-08-19,Karachi,Clothing,Mobile App,New,28.2,2,20,Yes,4.3,44.21,11.38,No
ORD500803,2024-08-19,Multan,Electronics,Mobile App,New,303.49,3,5,Yes,2.5,893.79,248.2,No
ORD500748,2024-08-19,Karachi,Groceries,Mobile App,Premium,8.55,8,10,No,,63.02,10.69,No
ORD500774,2024-08-20,Multan,Beauty,,Regular,33.36,5,0,Yes,2.9,171.9,78.23,No
ORD500184,2024-08-20,Karachi,Electronics,Online,New,304.8,6,20,Yes,2.6,1423.84,376.37,No
ORD502709,2024-08-20,Multan,Clothing,In-Store,Regular,70.78,6,0,No,4.6,411.13,143.88,Yes
ORD501458,2024-08-20,Lahore,Beauty,In-Store,Regular,32.7,9,25,Yes,4.6,224.9,39.49,No
ORD500256,2024-08-21,Faisalabad,Electronics,In-Store,Regular,373.56,7,10,No,4.1,2397.24,413.79,No
ORD502967,2024-08-21,Faisalabad,Beauty,Mobile App,Regular,28.61,3,0,No,4.8,90.1,34.91,No
ORD500134,2024-08-21,Karachi,Sports,Mobile App,Regular,96.97,5,0,No,3.0,498.46,213.88,No
ORD502214,2024-08-21,Lahore,Electronics,In-Store,Regular,476.61,3,0,No,4.7,1477.24,631.84,No
ORD502679,2024-08-22,Karachi,Sports,Online,Regular,71.67,6,5,No,3.7,405.42,135.89,No
ORD501969,2024-08-22,Karachi,Sports,In-Store,New,87.28,4,0,Yes,4.3,341.92,99.73,No
ORD502703,2024-08-22,Multan,Groceries,In-Store,Premium,19.15,6,5,No,2.3,112.78,41.53,No
ORD502428,2024-08-23,Lahore,Clothing,In-Store,New,53.66,4,10,No,5.0,188.04,40.61,No
ORD502575,2024-08-23,Karachi,Electronics,Online,Premium,542.23,5,0,No,3.6,2714.14,612.79,No
ORD501997,2024-08-23,Islamabad,Electronics,In-Store,Regular,239.41,6,15,Yes,4.0,1255.06,232.77,No
ORD501048,2024-08-23,Islamabad,Beauty,In-Store,New,15.84,4,5,No,4.0,57.89,11.29,No
ORD500328,2024-08-24,Lahore,Beauty,Online,New,37.59,3,5,No,5.0,108.21,28.42,No
ORD501637,2024-08-24,Karachi,Home & Kitchen,In-Store,Regular,54.73,12,15,Yes,5.0,532.68,155.41,No
ORD501177,2024-08-24,Karachi,Home & Kitchen,In-Store,New,42.78,4,10,No,4.0,159.38,46.6,No
ORD500957,2024-08-24,Karachi,Sports,In-Store,Premium,68.75,6,10,No,3.0,388.04,114.77,No
ORD501072,2024-08-25,Karachi,Sports,In-Store,New,111.49,1,0,No,4.5,108.78,20.59,No
ORD501758,2024-08-26,Faisalabad,Groceries,In-Store,New,10.54,4,0,No,4.0,43.17,12.14,No
ORD500085,2024-08-26,Karachi,Sports,In-Store,New,91.02,3,0,No,2.9,280.85,116.91,Yes
ORD501726,2024-08-27,Lahore,Clothing,In-Store,New,46.01,2,20,Yes,3.8,74.51,17.74,Yes
ORD500425,2024-08-27,Lahore,Electronics,In-Store,Regular,352.94,7,10,No,4.9,2296.34,658.88,No
ORD501361,2024-08-28,Lahore,Beauty,In-Store,Premium,17.53,8,5,No,3.3,133.42,34.18,Yes
ORD502284,2024-08-28,Faisalabad,Sports,Online,New,107.25,2,10,No,2.9,192.05,34.33,No
ORD501899,2024-08-30,Faisalabad,Sports,Online,Regular,102.51,4,10,No,4.4,371.21,71.43,No
ORD501479,2024-08-30,Islamabad,Beauty,In-Store,Regular,35.89,3,15,Yes,4.5,92.79,29.52,No
ORD502972,2024-08-30,Faisalabad,Sports,In-Store,Premium,101.16,1,5,Yes,5.0,98.89,33.1,No
ORD501003,2024-08-31,Karachi,Beauty,Online,Regular,35.15,4,15,Yes,3.0,116.3,32.54,No
ORD502281,2024-08-31,Lahore,Electronics,In-Store,Regular,502.72,1,0,No,4.7,502.15,214.0,No
ORD500299,2024-08-31,Faisalabad,Beauty,In-Store,Regular,29.96,3,5,Yes,4.9,81.4,30.58,No
ORD500314,2024-08-31,Lahore,Beauty,Online,Regular,39.53,4,10,No,4.0,148.76,30.33,No
ORD501196,2024-09-01,Islamabad,Electronics,In-Store,Regular,450.86,9,25,Yes,3.2,3140.09,683.51,No
ORD501728,2024-09-02,Karachi,Sports,In-Store,Regular,106.98,8,10,No,5.0,765.17,256.24,No
ORD502061,2024-09-02,Karachi,Beauty,Mobile App,New,22.58,6,25,Yes,4.4,101.98,15.8,No
ORD502918,2024-09-02,Karachi,Home & Kitchen,Online,Regular,89.08,4,10,No,3.7,317.72,108.03,No
ORD502681,2024-09-02,Islamabad,Sports,In-Store,Regular,,3,0,Yes,4.7,157.31,47.11,No
ORD501160,2024-09-02,Islamabad,Sports,Online,New,44.55,4,5,No,2.9,174.43,36.94,No
ORD500433,2024-09-03,Islamabad,Sports,In-Store,Regular,86.74,4,10,No,4.7,310.12,92.46,No
ORD501640,2024-09-03,Islamabad,Beauty,In-Store,New,33.44,4,15,Yes,4.7,110.75,7.84,No
ORD500156,2024-09-03,Karachi,Clothing,In-Store,Regular,49.24,5,10,No,3.6,221.6,27.27,No
ORD501882,2024-09-03,Karachi,Sports,Online,Regular,55.67,2,0,No,4.1,109.23,40.6,No
ORD501452,2024-09-03,Faisalabad,Sports,Mobile App,Premium,43.45,3,15,Yes,4.4,116.02,31.46,No
ORD500044,2024-09-03,Karachi,Groceries,Online,New,8.98,2,0,No,3.9,18.66,4.39,Yes
ORD502431,2024-09-04,Multan,Clothing,Online,New,71.46,4,5,No,4.2,262.36,58.53,No
ORD500422,2024-09-05,Karachi,Electronics,In-Store,New,,2,10,No,3.0,871.67,328.78,No
ORD502842,2024-09-05,Islamabad,Electronics,Online,,442.19,5,0,Yes,4.3,2238.79,475.74,No
ORD501549,2024-09-05,Lahore,Beauty,In-Store,New,35.11,3,0,No,3.7,109.5,40.36,No
ORD502525,2024-09-06,Karachi,Groceries,Online,Regular,14.26,6,0,No,3.4,84.13,29.78,No
ORD501261,2024-09-06,Faisalabad,Clothing,Online,Regular,63.69,2,5,Yes,2.3,124.0,50.27,No
ORD501814,2024-09-06,Karachi,Clothing,Online,Regular,62.13,3,5,No,4.8,169.1,20.71,No
ORD501152,2024-09-07,Islamabad,Beauty,Online,Regular,,3,0,Yes,5.0,73.66,18.11,No
ORD502939,2024-09-07,Islamabad,Home & Kitchen,In-Store,Premium,46.25,6,0,No,4.7,267.37,94.21,No
ORD500902,2024-09-07,Karachi,Electronics,Mobile App,New,239.63,3,0,No,4.6,726.28,293.56,No
ORD500369,2024-09-08,Islamabad,Electronics,Mobile App,Premium,519.59,11,15,Yes,3.7,5067.47,1224.15,No
ORD502659,2024-09-08,Faisalabad,Groceries,Mobile App,Premium,11.99,9,10,No,3.0,100.66,35.72,No
ORD501350,2024-09-08,Lahore,Electronics,,Regular,287.29,5,0,Yes,5.0,1413.97,371.83,No
ORD502510,2024-09-08,Islamabad,Beauty,In-Store,New,35.16,7,5,No,3.1,230.49,90.66,No
ORD502576,2024-09-09,Lahore,Beauty,In-Store,Regular,25.24,7,10,No,4.7,152.54,24.26,No
ORD502958,2024-09-09,Lahore,Electronics,In-Store,New,377.17,4,0,No,3.8,1447.18,383.2,No
ORD500322,2024-09-09,Lahore,Sports,Online,Regular,100.5,2,0,Yes,,195.15,79.87,No
ORD500037,2024-09-10,Lahore,Sports,Mobile App,New,80.92,3,0,No,3.0,233.19,58.72,No
ORD502982,2024-09-10,Islamabad,Sports,Online,Regular,65.89,4,0,No,4.9,253.26,67.83,No
ORD500486,2024-09-10,Multan,Home & Kitchen,Mobile App,New,40.69,3,5,No,4.3,112.79,29.0,No
ORD501339,2024-09-11,Multan,Groceries,Mobile App,New,7.27,4,5,No,3.2,28.71,5.94,No
ORD501468,2024-09-11,Islamabad,Sports,Mobile App,New,42.65,3,0,No,4.0,131.27,50.07,No
ORD500306,2024-09-11,Lahore,Electronics,Online,Premium,457.68,1,5,Yes,4.3,435.62,176.93,Yes
ORD500784,2024-09-11,Islamabad,Groceries,Online,Premium,,2,0,No,3.5,26.97,7.87,No
ORD501292,2024-09-11,Faisalabad,Electronics,Online,Premium,392.58,7,20,Yes,4.0,2190.28,613.6,Yes
ORD500574,2024-09-11,Faisalabad,Groceries,Mobile App,Premium,15.32,6,15,Yes,3.8,81.07,16.4,No
ORD500229,2024-09-12,Islamabad,Electronics,In-Store,Premium,305.02,4,5,No,5.0,1205.96,242.66,No
ORD501627,2024-09-12,Islamabad,Clothing,In-Store,Regular,41.69,6,5,No,4.0,242.8,65.0,No
ORD502815,2024-09-13,Lahore,Electronics,In-Store,New,258.77,4,5,No,4.0,1003.5,408.44,No
ORD500431,2024-09-13,Lahore,Electronics,In-Store,Regular,401.13,5,10,No,4.5,1804.24,315.3,No
ORD500161,2024-09-13,Faisalabad,Beauty,In-Store,New,18.0,3,0,No,2.9,55.19,12.73,No
ORD502787,2024-09-13,Karachi,Beauty,In-Store,Regular,26.38,2,0,No,4.1,54.74,24.44,No
ORD501112,2024-09-13,Multan,Home & Kitchen,In-Store,Regular,76.03,4,25,Yes,3.7,232.49,45.93,No
ORD500024,2024-09-14,Faisalabad,Clothing,In-Store,New,71.48,1,10,Yes,3.5,62.54,5.95,Yes
ORD501057,2024-09-15,Multan,Groceries,In-Store,,12.1,7,15,Yes,4.1,70.32,16.82,No
ORD502806,2024-09-15,Karachi,Electronics,Online,New,490.5,4,0,No,5.0,1952.18,405.66,No
ORD500793,2024-09-15,Karachi,Beauty,Online,Regular,38.41,10,20,Yes,5.0,315.93,85.3,No
ORD502182,2024-09-16,Islamabad,Home & Kitchen,Online,,64.49,3,15,Yes,1.8,171.53,44.05,No
ORD502640,2024-09-16,Lahore,Beauty,,Regular,35.03,9,15,Yes,,262.6,48.31,No
ORD500610,2024-09-16,Islamabad,Home & Kitchen,In-Store,Regular,56.8,4,20,Yes,4.6,188.3,41.17,No
ORD501599,2024-09-16,Lahore,Home & Kitchen,In-Store,Regular,71.96,5,0,No,4.1,372.79,164.6,No
ORD501149,2024-09-16,Islamabad,Electronics,,Regular,275.75,5,10,Yes,4.2,1265.43,199.29,No
ORD500212,2024-09-16,Lahore,Beauty,In-Store,Regular,34.79,6,0,No,3.1,203.28,83.98,No
ORD502583,2024-09-16,Islamabad,Sports,Online,Regular,82.97,8,0,No,2.7,661.62,194.04,No
ORD501237,2024-09-16,Karachi,Sports,In-Store,Regular,90.74,3,25,Yes,2.6,211.73,42.93,Yes
ORD502079,2024-09-16,Lahore,Clothing,Mobile App,Premium,64.29,2,0,No,3.1,133.46,34.67,No
ORD502813,2024-09-17,Lahore,Clothing,Online,New,37.26,3,5,Yes,2.2,110.73,31.63,No
ORD501834,2024-09-17,Lahore,Groceries,Online,New,13.67,2,15,Yes,4.3,22.48,6.14,No
ORD501772,2024-09-17,Karachi,Home & Kitchen,In-Store,Regular,44.02,4,10,No,2.4,153.44,50.89,No
ORD500717,2024-09-18,Faisalabad,Home & Kitchen,In-Store,Regular,93.48,2,10,No,4.7,175.63,39.7,No
ORD502272,2024-09-18,Faisalabad,Sports,Mobile App,New,42.95,81,10,No,2.7,151.48,29.99,No
ORD502757,2024-09-18,Islamabad,Home & Kitchen,,New,94.38,4,0,Yes,3.8,370.69,97.91,No
ORD500846,2024-09-18,Islamabad,Clothing,In-Store,Regular,61.37,4,0,No,5.0,256.26,108.46,No
ORD502627,2024-09-18,Karachi,Sports,In-Store,Regular,53.04,7,10,No,2.5,347.18,57.37,No
ORD501569,2024-09-19,Lahore,Electronics,In-Store,Premium,228.31,10,15,Yes,2.4,1847.29,559.79,Yes
ORD500354,2024-09-19,Karachi,Sports,In-Store,New,54.6,1,0,No,3.6,52.29,19.9,No
ORD502106,2024-09-19,Lahore,Groceries,In-Store,New,9.44,4,0,No,4.4,38.88,12.52,No
ORD501388,2024-09-19,Karachi,Groceries,In-Store,Regular,12.34,3,0,No,5.0,36.67,10.19,No
ORD501473,2024-09-19,Islamabad,Clothing,Online,Regular,55.13,6,15,Yes,2.1,276.96,13.8,No
ORD502435,2024-09-19,Lahore,Beauty,Online,Regular,33.08,2,10,No,4.8,61.82,19.63,No
ORD500397,2024-09-20,Lahore,Clothing,Mobile App,New,32.52,5,20,Yes,3.9,131.16,6.11,No
ORD501253,2024-09-20,Karachi,Sports,In-Store,Regular,93.73,8,5,No,3.7,707.64,212.8,No
ORD500254,2024-09-20,Lahore,Beauty,In-Store,Premium,23.15,2,25,Yes,,36.36,7.34,No
ORD501011,2024-09-21,Multan,Beauty,In-Store,Premium,26.15,4,10,Yes,4.1,93.6,26.23,No
ORD500889,2024-09-21,Lahore,Sports,Online,Regular,98.8,2,10,No,3.3,184.78,50.38,No
ORD501400,2024-09-22,Multan,Clothing,Mobile App,Regular,61.52,2,10,No,5.0,110.62,26.97,No
ORD500849,2024-09-22,Karachi,Groceries,Online,Regular,10.97,4,25,Yes,2.8,32.17,5.71,No
ORD502187,2024-09-23,Lahore,Groceries,In-Store,Regular,17.73,6,20,Yes,3.1,84.89,25.46,No
ORD501864,2024-09-24,Lahore,Electronics,In-Store,New,350.75,8,0,Yes,3.8,2674.46,952.44,No
ORD500713,2024-09-24,Karachi,Home & Kitchen,In-Store,,84.63,8,15,Yes,5.0,574.61,182.01,No
ORD502359,2024-09-24,Faisalabad,Sports,In-Store,New,68.29,4,5,No,3.3,272.15,76.51,No
ORD501056,2024-09-24,Karachi,Clothing,In-Store,New,56.15,5,10,No,3.0,244.31,70.92,Yes
ORD501026,2024-09-24,Islamabad,Sports,In-Store,Regular,65.51,5,10,No,5.0,289.3,33.59,No
ORD502352,2024-09-25,Multan,Electronics,Online,Premium,304.88,6,0,No,4.1,1829.13,708.17,No
ORD502350,2024-09-26,Islamabad,Groceries,Mobile App,Regular,7.92,6,5,No,2.5,43.86,10.56,No
ORD500473,2024-09-26,Islamabad,Electronics,In-Store,Regular,430.4,9,25,Yes,,2914.06,-101.76,No
ORD502844,2024-09-26,Karachi,Beauty,Online,Premium,39.66,1,5,No,4.5,37.36,14.41,No
ORD502175,2024-09-27,Karachi,Beauty,In-Store,Regular,18.19,8,10,No,4.7,130.01,21.96,No
ORD500359,2024-09-27,Lahore,Home & Kitchen,In-Store,Regular,63.64,4,10,No,4.3,226.58,71.95,No
ORD501094,2024-09-27,Islamabad,Groceries,Online,New,13.8,1,15,Yes,2.5,11.34,1.89,Yes
ORD501524,2024-09-27,Karachi,Clothing,Mobile App,New,,3,5,No,5.0,132.08,42.51,No
ORD500528,2024-09-28,Islamabad,Sports,In-Store,Regular,75.14,1,0,No,2.5,73.78,19.14,Yes
ORD500159,2024-09-28,Karachi,Clothing,Mobile App,Regular,64.73,5,15,Yes,3.3,261.94,83.03,No
ORD502402,2024-09-28,Multan,Clothing,In-Store,Premium,33.14,6,0,No,5.0,197.51,70.36,No
ORD500152,2024-09-28,Islamabad,Electronics,Mobile App,New,464.89,6,15,Yes,1.8,2332.9,332.14,No
ORD502370,2024-09-28,Lahore,Sports,Online,Regular,45.89,6,0,No,4.2,287.11,123.51,No
ORD501648,2024-09-28,Karachi,Electronics,Mobile App,New,400.91,3,0,No,2.6,1251.84,525.19,No
ORD500644,2024-09-28,Faisalabad,Beauty,In-Store,New,18.01,4,25,Yes,4.1,53.64,13.93,No
ORD502555,2024-09-28,Lahore,Sports,In-Store,Premium,80.34,1,0,No,2.7,83.59,38.6,No
ORD501409,2024-09-29,Lahore,Sports,In-Store,Premium,72.86,4,10,No,4.8,262.04,97.55,No
ORD500019,2024-09-29,Lahore,Home & Kitchen,Online,New,73.18,6,0,Yes,3.2,432.33,186.46,No
ORD502395,2024-09-30,Multan,Sports,In-Store,Regular,87.37,1,0,No,4.5,86.95,38.48,No
ORD500059,2024-09-30,Karachi,Sports,In-Store,New,65.91,5,10,No,3.3,290.85,108.09,No
ORD500875,2024-10-01,Karachi,Beauty,In-Store,Regular,36.68,4,0,No,4.7,149.49,44.47,No
ORD501626,2024-10-01,Karachi,Home & Kitchen,Mobile App,Regular,80.23,4,0,No,3.0,307.35,72.04,No
ORD501957,2024-10-01,Karachi,Electronics,In-Store,Regular,393.9,4,5,No,4.9,1454.36,386.76,No
ORD500356,2024-10-01,Lahore,Groceries,Online,Regular,10.04,4,0,No,2.9,40.9,15.56,No
ORD501327,2024-10-02,Islamabad,Groceries,In-Store,Regular,14.32,5,0,No,2.7,70.68,31.23,Yes
ORD501981,2024-10-02,Karachi,Electronics,In-Store,Regular,491.87,5,10,No,5.0,2290.08,388.15,No
ORD501707,2024-10-02,Karachi,Clothing,In-Store,Regular,49.83,4,5,No,3.6,188.39,74.17,No
ORD500180,2024-10-03,Faisalabad,Clothing,Mobile App,Regular,48.17,3,5,Yes,4.1,133.17,38.67,Yes
ORD502279,2024-10-03,Karachi,Electronics,In-Store,New,537.43,3,0,Yes,4.6,1631.76,504.47,No
ORD500126,2024-10-03,Karachi,Groceries,,New,9.46,7,5,No,3.3,60.51,14.92,No
ORD502023,2024-10-04,Karachi,Clothing,In-Store,Regular,56.77,1,10,No,4.1,52.04,16.01,No
ORD501782,2024-10-05,Lahore,Groceries,In-Store,Regular,9.03,7,10,No,3.3,59.61,11.04,No
ORD501905,2024-10-05,Faisalabad,Sports,In-Store,New,46.98,4,5,No,4.1,183.11,73.03,No
ORD502108,2024-10-05,Karachi,Home & Kitchen,In-Store,Regular,68.82,3,5,Yes,3.3,194.32,39.04,No
ORD500771,2024-10-05,Multan,Home & Kitchen,Online,Regular,79.59,3,0,No,2.5,228.25,61.79,No
ORD500736,2024-10-06,Karachi,Beauty,Mobile App,Regular,22.28,6,20,Yes,3.4,108.02,17.14,Yes
ORD501007,2024-10-06,Lahore,Beauty,Mobile App,New,20.08,6,0,No,2.9,117.23,22.58,No
ORD501007,2024-10-06,Lahore,Beauty,Mobile App,New,20.08,6,0,No,2.9,117.23,22.58,No
ORD502988,2024-10-06,Lahore,Home & Kitchen,In-Store,Regular,88.12,8,15,Yes,,573.73,139.18,Yes
ORD501284,2024-10-06,Lahore,Clothing,Online,Regular,48.89,7,10,No,,305.95,59.51,No
ORD502321,2024-10-06,Lahore,Groceries,Mobile App,Regular,11.81,4,15,Yes,4.5,41.6,5.98,No
ORD501496,2024-10-07,Islamabad,Electronics,In-Store,New,233.85,2,0,No,3.0,450.03,154.93,No
ORD502052,2024-10-07,Islamabad,Sports,In-Store,New,67.39,2,5,No,2.2,124.7,39.72,No
ORD502767,2024-10-07,Multan,Electronics,In-Store,Regular,262.53,6,10,Yes,3.0,1397.57,142.01,No
ORD500576,2024-10-07,Lahore,Clothing,Mobile App,New,,2,5,No,4.4,83.72,16.47,No
ORD501008,2024-10-07,Karachi,Groceries,Online,Regular,9.06,4,0,Yes,3.3,37.63,17.14,No
ORD501861,2024-10-07,Karachi,Clothing,,Premium,35.03,9,10,Yes,4.5,293.75,97.38,No
ORD502439,2024-10-07,Karachi,Sports,In-Store,Regular,99.13,4,0,No,5.0,416.3,190.52,No
ORD501482,2024-10-09,Karachi,Groceries,In-Store,Premium,18.18,1,5,Yes,3.1,17.0,4.57,No
ORD500790,2024-10-09,Lahore,Electronics,,Regular,269.01,4,0,No,4.1,1120.41,404.41,No
ORD500661,2024-10-09,Karachi,Sports,Mobile App,Premium,49.74,4,5,Yes,,183.12,27.28,No
ORD500451,2024-10-10,Multan,Clothing,Online,Regular,71.69,12,10,No,3.7,794.46,309.33,No
ORD500458,2024-10-10,Karachi,Beauty,In-Store,Regular,26.99,4,20,Yes,5.0,82.09,21.5,No
ORD501596,2024-10-10,Lahore,Beauty,In-Store,Regular,39.54,3,5,No,4.2,107.55,33.95,No
ORD501692,2024-10-11,Karachi,Groceries,In-Store,Premium,,4,0,No,4.1,51.16,13.81,No
ORD502600,2024-10-11,Karachi,Beauty,In-Store,Regular,25.07,4,15,Yes,3.7,82.25,8.54,Yes
ORD500718,2024-10-12,Lahore,Beauty,Online,Regular,38.07,3,25,Yes,3.6,88.72,18.55,No
ORD502417,2024-10-12,Karachi,Beauty,Online,New,32.6,5,5,No,2.6,159.27,39.48,Yes
ORD501621,2024-10-12,Faisalabad,Clothing,Online,Regular,53.12,6,10,No,4.5,285.0,89.21,No
ORD502619,2024-10-12,Karachi,Sports,Online,New,68.05,2,0,No,3.6,132.78,54.56,Yes
ORD500724,2024-10-12,Karachi,Groceries,In-Store,Premium,16.73,4,0,No,2.9,64.4,22.67,No
ORD500139,2024-10-13,Faisalabad,Electronics,In-Store,Regular,258.93,4,5,No,,1000.89,404.73,No
ORD500249,2024-10-13,Karachi,Electronics,Mobile App,New,559.21,5,0,No,2.8,2897.94,829.36,No
ORD500083,2024-10-13,Faisalabad,Clothing,In-Store,Regular,66.89,4,5,No,4.5,265.57,103.27,No
ORD501955,2024-10-13,Faisalabad,Groceries,In-Store,Regular,11.47,1,10,No,3.5,10.47,3.31,No
ORD500664,2024-10-13,Islamabad,Sports,In-Store,Premium,75.94,4,5,No,5.0,300.2,130.56,No
ORD502191,2024-10-13,Karachi,Beauty,In-Store,New,38.6,2,0,No,4.3,76.14,28.66,No
ORD500870,2024-10-14,Lahore,Clothing,,Regular,36.0,8,25,Yes,3.4,206.82,15.09,No
ORD501022,2024-10-14,Karachi,Home & Kitchen,Mobile App,Premium,48.64,7,5,No,3.3,324.57,118.3,No
ORD500653,2024-10-14,Lahore,Sports,Mobile App,New,108.37,3,0,No,4.2,322.98,110.18,No
ORD502539,2024-10-14,Karachi,Sports,Online,New,45.52,3,0,Yes,1.7,133.78,36.3,No
ORD502739,2024-10-14,Islamabad,Sports,In-Store,Premium,66.62,4,5,No,4.0,262.17,114.01,No
ORD501724,2024-10-14,Islamabad,Electronics,In-Store,Regular,469.86,9,25,Yes,3.3,3176.73,-162.55,No
ORD501796,2024-10-15,Multan,Beauty,In-Store,Regular,34.5,3,5,Yes,3.8,101.86,27.19,No
ORD500813,2024-10-15,Lahore,Home & Kitchen,In-Store,Regular,82.02,2,5,No,2.8,161.89,45.64,No
ORD500494,2024-10-15,Lahore,Groceries,In-Store,Regular,15.39,5,0,No,4.0,73.52,30.56,No
ORD502956,2024-10-17,Islamabad,Beauty,Online,New,15.28,3,0,No,4.4,44.46,9.02,No
ORD500247,2024-10-17,Islamabad,Clothing,Online,Premium,27.06,3,5,No,4.9,77.38,30.93,Yes
ORD500303,2024-10-17,Multan,Sports,Online,New,58.77,3,5,No,3.4,164.18,57.66,No
ORD502676,2024-10-17,Karachi,Sports,In-Store,Regular,42.46,3,0,No,3.4,129.2,43.44,No
ORD501184,2024-10-17,Lahore,Groceries,Mobile App,,12.31,4,10,No,,45.78,8.86,No
ORD502109,2024-10-18,Islamabad,Home & Kitchen,Online,New,37.98,7,15,Yes,5.0,236.61,72.49,No
ORD502206,2024-10-18,Lahore,Groceries,In-Store,Premium,,4,0,No,3.6,49.13,11.55,No
ORD500742,2024-10-18,Lahore,Sports,Mobile App,New,42.2,6,0,No,3.5,260.59,118.76,No
ORD500079,2024-10-18,Karachi,Sports,In-Store,Regular,43.96,1,0,No,3.4,44.86,17.59,No
ORD500611,2024-10-18,Islamabad,Home & Kitchen,Online,Regular,41.05,5,15,Yes,4.1,178.56,21.61,No
ORD502699,2024-10-19,Karachi,Groceries,Online,Regular,17.9,3,0,No,2.7,54.11,15.54,Yes
ORD500219,2024-10-20,Karachi,Sports,,,90.56,9,10,No,2.9,698.91,182.36,No
ORD501659,2024-10-20,Multan,Home & Kitchen,In-Store,New,93.95,2,0,No,4.3,193.83,58.66,No
ORD501246,2024-10-20,Islamabad,Home & Kitchen,In-Store,Premium,65.69,5,15,Yes,4.0,266.46,84.38,No
ORD500379,2024-10-20,Islamabad,Beauty,In-Store,New,22.46,6,15,Yes,3.6,111.0,19.8,No
ORD501034,2024-10-21,Islamabad,Electronics,Online,Regular,298.35,9,5,No,5.0,2560.03,1054.23,No
ORD502447,2024-10-21,Lahore,Home & Kitchen,In-Store,Regular,67.97,6,15,Yes,5.0,343.27,19.6,No
ORD502297,2024-10-22,Islamabad,Electronics,Mobile App,New,303.71,3,0,Yes,4.2,918.0,355.0,No
ORD501884,2024-10-22,Karachi,Electronics,In-Store,Premium,288.94,144,0,Yes,5.0,578.09,252.12,No
ORD501078,2024-10-22,Karachi,Sports,Online,New,96.12,4,0,No,3.0,385.1,79.42,No
ORD501338,2024-10-22,Lahore,Groceries,Online,Regular,18.87,5,0,No,4.5,95.47,40.11,No
ORD502834,2024-10-23,Islamabad,Groceries,In-Store,Premium,9.25,5,0,No,4.8,45.41,10.85,No
ORD500949,2024-10-23,Karachi,Beauty,Online,Premium,36.56,1,5,No,3.1,34.0,10.12,No
ORD500056,2024-10-24,Karachi,Groceries,Mobile App,New,14.46,1,5,No,2.6,14.22,6.08,No
ORD502860,2024-10-24,Islamabad,Electronics,Online,Regular,473.86,4,10,No,5.0,1635.2,361.17,No
ORD500123,2024-10-24,Lahore,Groceries,In-Store,Premium,13.14,8,10,Yes,4.7,97.78,39.06,No
ORD500580,2024-10-24,Lahore,Sports,Online,New,69.8,3,0,No,4.5,210.57,72.66,No
ORD500584,2024-10-25,Islamabad,Groceries,In-Store,Regular,14.37,2,5,No,4.6,26.28,9.31,No
ORD502333,2024-10-25,Karachi,Clothing,In-Store,Regular,69.33,5,10,No,4.5,296.5,21.45,No
ORD502586,2024-10-26,Faisalabad,Groceries,Online,New,9.19,6,5,No,1.7,51.79,17.14,No
ORD501941,2024-10-26,Lahore,Home & Kitchen,In-Store,Premium,44.55,6,0,No,5.0,261.1,93.07,No
ORD500908,2024-10-26,Multan,Sports,Online,New,75.33,3,0,No,5.0,220.74,84.94,No
ORD500906,2024-10-26,Lahore,Electronics,In-Store,Regular,477.27,8,15,Yes,4.0,3328.41,652.44,No
ORD501018,2024-10-27,Lahore,Beauty,Mobile App,Premium,35.44,6,25,Yes,3.1,165.93,31.48,No
ORD500420,2024-10-27,Faisalabad,Groceries,In-Store,Regular,7.97,7,10,No,4.0,50.59,9.58,No
ORD502090,2024-10-27,Lahore,Clothing,Online,Regular,67.42,2,0,No,,139.1,45.15,No
ORD502819,2024-10-27,Lahore,Groceries,Online,Regular,7.29,2,0,No,2.9,14.24,3.06,No
ORD502441,2024-10-27,Lahore,Beauty,Online,New,20.39,3,0,No,3.6,60.7,16.53,No
ORD502722,2024-10-27,Faisalabad,Home & Kitchen,In-Store,Regular,77.3,3,20,Yes,4.6,182.29,43.68,No
ORD500557,2024-10-28,Karachi,Sports,Online,Premium,83.88,5,0,No,4.0,434.34,124.55,No
ORD500909,2024-10-28,Lahore,Home & Kitchen,In-Store,Regular,94.48,1,10,No,4.1,84.01,24.5,No
ORD501082,2024-10-28,Islamabad,Beauty,In-Store,Regular,23.89,3,20,Yes,,59.36,8.47,No
ORD500853,2024-10-28,Faisalabad,Home & Kitchen,Online,New,65.29,2,10,No,4.8,123.23,37.44,No
ORD501662,2024-10-28,Lahore,Groceries,Online,New,11.03,4,20,Yes,4.2,36.0,3.64,No
ORD500504,2024-10-30,Multan,Home & Kitchen,In-Store,Premium,57.28,8,10,No,3.8,421.46,106.62,No
ORD502932,2024-10-30,Multan,Beauty,Online,Premium,30.8,10,20,Yes,3.2,240.82,-1.15,Yes
ORD502654,2024-10-30,Lahore,Beauty,In-Store,Regular,39.32,6,20,Yes,4.2,180.37,-2.54,No
ORD500230,2024-10-31,Karachi,Clothing,In-Store,Regular,,2,0,No,3.9,91.81,35.86,No
ORD502424,2024-10-31,Karachi,Electronics,Online,Regular,367.49,1,10,No,3.7,334.25,63.34,No
ORD500998,2024-10-31,Lahore,Beauty,In-Store,Regular,35.89,4,0,No,5.0,142.43,34.44,No
ORD500210,2024-11-01,Karachi,Sports,Mobile App,Regular,91.45,14,25,Yes,4.2,946.13,-53.98,No
ORD500343,2024-11-01,Karachi,Groceries,Online,New,8.11,5,5,No,3.1,37.13,7.95,No
ORD500603,2024-11-02,Faisalabad,Clothing,In-Store,New,65.72,6,0,No,4.2,404.71,110.07,No
ORD500258,2024-11-02,Karachi,Home & Kitchen,In-Store,Regular,86.51,6,10,No,4.5,489.55,198.54,No
ORD502581,2024-11-02,Multan,Sports,Online,Premium,62.99,12,0,No,,732.99,236.71,No
ORD500932,2024-11-02,Karachi,Groceries,In-Store,Regular,10.87,10,10,No,4.1,97.47,35.22,Yes
ORD500603,2024-11-02,Faisalabad,Clothing,In-Store,New,65.72,6,0,No,4.2,404.71,110.07,No
ORD501704,2024-11-03,Lahore,Beauty,Mobile App,Regular,26.08,8,10,Yes,4.7,193.85,49.85,No
ORD502538,2024-11-03,Lahore,Clothing,Online,New,34.53,4,10,Yes,3.2,125.72,37.19,Yes
ORD500223,2024-11-04,Lahore,Groceries,Online,Regular,13.13,8,0,Yes,5.0,104.18,45.97,No
ORD500035,2024-11-04,Karachi,Sports,Mobile App,New,53.7,5,20,Yes,3.8,208.33,39.79,No
ORD502173,2024-11-04,Multan,Groceries,Online,Regular,,1,5,No,3.7,15.0,5.23,No
ORD500818,2024-11-04,Karachi,Electronics,In-Store,Regular,353.96,7,0,Yes,2.8,2437.22,877.61,No
ORD502438,2024-11-05,Karachi,Home & Kitchen,In-Store,Regular,44.9,7,5,No,2.7,299.54,114.7,No
ORD502205,2024-11-05,Karachi,Groceries,In-Store,New,11.29,5,20,Yes,4.9,45.72,1.6,No
ORD500716,2024-11-06,Faisalabad,Electronics,Mobile App,Regular,332.0,5,0,No,4.5,1645.92,653.56,No
ORD502749,2024-11-07,Lahore,Sports,Mobile App,Regular,73.95,13,5,No,4.7,886.87,185.67,No
ORD502835,2024-11-07,Karachi,Beauty,In-Store,Regular,26.36,7,0,No,3.5,186.94,71.86,No
ORD501279,2024-11-07,Karachi,Clothing,In-Store,Regular,49.63,7,0,No,3.7,344.95,120.57,No
ORD502231,2024-11-08,Faisalabad,Groceries,Online,New,8.07,10,20,Yes,3.5,64.38,5.53,No
ORD501717,2024-11-08,Islamabad,Clothing,In-Store,Premium,45.54,14,0,No,3.8,658.41,260.74,No
ORD500714,2024-11-08,Karachi,Electronics,Mobile App,New,315.77,7,10,No,3.8,2064.6,411.14,No
ORD502078,2024-11-09,Islamabad,Beauty,Online,Regular,15.01,10,5,No,5.0,141.62,24.97,Yes
ORD500277,2024-11-09,Multan,Electronics,In-Store,Premium,427.81,9,5,No,5.0,3634.26,1138.46,No
ORD501855,2024-11-09,Islamabad,Sports,In-Store,Regular,90.5,6,20,Yes,3.8,435.17,31.0,No
ORD500069,2024-11-10,Karachi,Clothing,Online,Premium,32.07,7,15,Yes,,182.31,13.44,No
ORD501584,2024-11-10,Lahore,Beauty,Online,Regular,18.85,4,20,Yes,3.8,59.83,8.16,No
ORD502641,2024-11-11,Karachi,Electronics,Online,Regular,,6,20,Yes,3.2,1890.78,233.28,No
ORD501236,2024-11-12,Karachi,Sports,In-Store,Regular,50.76,11,15,Yes,4.7,485.04,98.97,No
ORD501095,2024-11-12,Multan,Home & Kitchen,In-Store,New,91.97,5,20,Yes,3.0,366.89,93.47,No
ORD502328,2024-11-12,Lahore,Clothing,Online,Premium,,17,0,No,3.5,826.43,269.73,No
ORD502938,2024-11-13,Faisalabad,Home & Kitchen,In-Store,Premium,60.54,3,0,No,4.7,181.18,41.5,No
ORD501818,2024-11-13,Multan,Home & Kitchen,In-Store,Premium,94.79,7,5,No,4.1,660.81,293.35,No
ORD501653,2024-11-14,Karachi,Beauty,In-Store,New,19.87,6,5,No,4.7,113.26,46.82,No
ORD500900,2024-11-14,Islamabad,Sports,In-Store,New,103.74,6,10,No,3.1,552.11,164.08,Yes
ORD502488,2024-11-15,Lahore,Clothing,Mobile App,New,54.52,5,5,No,5.0,261.95,82.93,No
ORD502508,2024-11-15,Islamabad,Clothing,Mobile App,Regular,63.84,1,0,No,4.5,65.03,15.37,No
ORD502748,2024-11-15,Lahore,Electronics,Mobile App,Premium,293.95,10,10,No,4.1,2614.03,971.33,No
ORD500995,2024-11-15,Faisalabad,Sports,Online,New,65.43,4,15,Yes,4.3,231.68,82.65,No
ORD501951,2024-11-16,Faisalabad,Beauty,In-Store,Regular,25.76,4,0,No,4.1,103.39,31.01,No
ORD502103,2024-11-16,Islamabad,Sports,Online,Regular,98.52,11,20,Yes,2.1,845.33,211.98,No
ORD502718,2024-11-17,Faisalabad,Groceries,Mobile App,Premium,12.79,18,25,Yes,4.0,171.71,27.93,No
ORD501226,2024-11-17,Islamabad,Sports,Mobile App,Regular,58.69,4,20,Yes,2.7,194.3,25.82,No
ORD501259,2024-11-17,Lahore,Sports,Online,Regular,106.93,6,5,No,3.7,627.69,167.23,No
ORD501114,2024-11-17,Karachi,Home & Kitchen,In-Store,Regular,60.7,4,0,No,3.6,238.15,91.73,No
ORD500287,2024-11-17,Islamabad,Clothing,In-Store,Premium,39.07,10,0,No,5.0,375.88,98.94,No
ORD501049,2024-11-17,Karachi,Electronics,In-Store,New,409.59,3,10,No,5.0,1087.93,345.79,No
ORD500132,2024-11-17,Karachi,Home & Kitchen,In-Store,Premium,83.22,6,10,No,3.2,457.09,105.91,No
ORD501986,2024-11-18,Islamabad,Home & Kitchen,In-Store,Premium,75.25,6,5,Yes,4.9,409.39,138.03,No
ORD502111,2024-11-18,Multan,Electronics,,New,437.6,2,0,Yes,3.9,832.46,220.3,No
ORD501879,2024-11-18,Lahore,Groceries,Online,Regular,18.18,6,5,No,3.2,107.32,47.19,No
ORD501893,2024-11-18,Karachi,Electronics,Mobile App,Regular,261.98,9,0,No,3.8,2442.06,606.16,No
ORD500583,2024-11-18,Karachi,Electronics,Online,Premium,479.95,7,0,No,3.8,3370.08,1106.58,No
ORD500513,2024-11-19,Karachi,Electronics,In-Store,Premium,460.8,8,0,No,2.9,3836.15,1494.29,Yes
ORD502210,2024-11-19,Multan,Electronics,Mobile App,New,528.6,3,0,No,4.3,1538.89,461.88,No
ORD502548,2024-11-19,Lahore,Groceries,Mobile App,,8.9,7,0,No,4.2,60.28,22.46,No
ORD500009,2024-11-19,Karachi,Beauty,Online,New,33.13,10,20,Yes,2.5,271.98,73.65,No
ORD501817,2024-11-19,Karachi,Sports,Mobile App,New,83.6,3,20,Yes,4.4,192.0,47.2,No
ORD502531,2024-11-19,Lahore,Clothing,In-Store,New,43.66,11,10,No,2.2,420.45,61.96,Yes
ORD500245,2024-11-19,Faisalabad,Beauty,Online,New,17.01,6,20,Yes,4.4,81.92,25.61,No
ORD502133,2024-11-20,Faisalabad,Sports,In-Store,Regular,104.49,3,10,No,3.6,288.79,45.28,No
ORD501360,2024-11-20,Karachi,Beauty,In-Store,Premium,30.08,4,5,No,3.3,116.41,44.24,No
ORD501123,2024-11-20,Lahore,Beauty,In-Store,Regular,28.31,3,0,No,2.7,83.15,26.36,No
ORD501590,2024-11-20,Faisalabad,Beauty,Online,Regular,23.44,10,10,No,3.2,211.5,51.0,No
ORD500996,2024-11-20,Karachi,Beauty,Online,Premium,21.79,14,20,Yes,4.4,240.26,8.88,No
ORD502149,2024-11-20,Multan,Groceries,In-Store,Premium,13.94,6,5,Yes,3.9,78.84,14.38,No
ORD500399,2024-11-20,Multan,Sports,In-Store,Premium,62.23,5,0,Yes,4.3,311.95,70.5,No
ORD501012,2024-11-21,Faisalabad,Home & Kitchen,In-Store,Regular,63.43,3,0,No,3.9,184.12,34.49,No
ORD502613,2024-11-21,Lahore,Clothing,In-Store,New,39.87,7,0,No,3.8,275.51,71.23,Yes
ORD501446,2024-11-21,Karachi,Beauty,In-Store,New,26.1,4,10,No,4.0,96.52,33.67,No
ORD500490,2024-11-21,Islamabad,Home & Kitchen,Mobile App,New,86.62,5,0,No,3.9,418.15,169.69,No
ORD500838,2024-11-22,Lahore,Clothing,In-Store,New,49.96,5,5,No,3.4,241.17,55.01,No
ORD502382,2024-11-22,Islamabad,Groceries,In-Store,Regular,8.98,1,0,Yes,4.7,9.09,2.48,No
ORD502515,2024-11-22,Karachi,Groceries,In-Store,Regular,10.6,13,10,No,2.2,123.06,21.67,No
ORD500135,2024-11-22,Lahore,Groceries,Online,New,12.55,6,10,No,4.9,67.3,11.85,No
ORD502213,2024-11-23,Faisalabad,Electronics,Online,Premium,245.05,10,0,No,5.0,2429.42,555.73,No
ORD501518,2024-11-23,Islamabad,Sports,In-Store,Regular,55.0,6,5,Yes,2.8,311.7,65.87,No
ORD500302,2024-11-23,Multan,Home & Kitchen,In-Store,Regular,58.3,6,25,Yes,4.5,273.7,80.23,No
ORD500104,2024-11-23,Karachi,Clothing,In-Store,New,31.4,9,25,Yes,,217.21,-7.52,No
ORD500755,2024-11-23,Lahore,Home & Kitchen,In-Store,Premium,41.82,19,5,No,2.7,727.53,259.88,No
ORD500168,2024-11-24,Lahore,Electronics,In-Store,Premium,,2,10,No,3.7,763.94,151.54,No
ORD502942,2024-11-24,Islamabad,Clothing,Online,Premium,43.25,8,0,No,3.2,351.72,99.62,No
ORD501464,2024-11-24,Islamabad,Electronics,Mobile App,Regular,232.11,3,10,No,2.4,641.95,191.61,No
ORD502306,2024-11-25,Faisalabad,Home & Kitchen,Mobile App,New,60.54,6,0,No,3.5,380.86,105.4,No
ORD500216,2024-11-25,Faisalabad,Electronics,In-Store,Regular,492.02,5,0,No,2.8,2387.85,877.09,No
ORD501578,2024-11-26,Lahore,Beauty,Online,New,28.31,4,10,No,4.7,103.37,37.26,No
ORD500432,2024-11-26,Islamabad,Electronics,In-Store,New,214.63,8,5,Yes,2.5,1564.11,451.87,No
ORD502713,2024-11-26,Lahore,Clothing,In-Store,Regular,48.78,1,5,No,3.0,44.29,9.71,No
ORD500340,2024-11-27,Lahore,Home & Kitchen,Online,,53.98,6,5,No,1.9,319.43,137.33,No
ORD502497,2024-11-28,Islamabad,Electronics,In-Store,New,431.24,4,10,No,3.3,1621.66,437.31,No
ORD500810,2024-11-28,Faisalabad,Groceries,Online,,9.66,4,0,Yes,,37.19,11.17,No
ORD501998,2024-11-29,Lahore,Beauty,In-Store,Premium,29.4,7,5,No,2.9,200.35,54.37,No
ORD500329,2024-11-29,Karachi,Clothing,Online,New,36.57,6,20,Yes,3.9,181.65,20.36,No
ORD501353,2024-11-29,Karachi,Beauty,In-Store,Regular,15.01,9,5,No,4.4,126.5,23.53,No
ORD500051,2024-11-29,Lahore,Sports,In-Store,New,49.11,4,10,No,4.9,184.06,64.65,No
ORD500477,2024-11-29,Faisalabad,Electronics,In-Store,Premium,448.47,12,10,No,3.7,4938.93,1805.36,No
ORD500004,2024-11-29,Faisalabad,Electronics,Online,Premium,246.05,9,15,Yes,4.2,1958.52,267.15,No
ORD501775,2024-11-29,Islamabad,Sports,Online,Regular,103.78,3,10,No,,266.28,65.99,No
ORD502880,2024-11-30,Karachi,Beauty,Online,Premium,31.62,14,20,Yes,3.1,356.87,83.7,No
ORD501841,2024-11-30,Lahore,Clothing,Online,Regular,60.09,5,0,No,2.4,312.97,136.06,Yes
ORD502913,2024-11-30,Faisalabad,Beauty,In-Store,New,21.47,7,0,No,2.9,151.07,61.56,No
ORD502344,2024-11-30,Lahore,Electronics,In-Store,Regular,454.73,7,5,No,4.7,3048.41,605.96,No
ORD500640,2024-12-01,Lahore,Groceries,In-Store,Premium,9.66,9,20,Yes,4.1,69.66,2.1,No
ORD500620,2024-12-01,Karachi,Home & Kitchen,Mobile App,Regular,57.96,7,0,Yes,4.5,404.45,119.57,No
ORD502750,2024-12-01,Karachi,Electronics,In-Store,New,442.69,4,10,No,3.3,1538.09,247.92,No
ORD500295,2024-12-01,Faisalabad,Clothing,In-Store,New,33.99,10,20,Yes,3.3,276.41,68.23,No
ORD502456,2024-12-01,Faisalabad,Home & Kitchen,Online,Premium,55.44,6,5,No,3.0,306.23,104.2,No
ORD501807,2024-12-02,Lahore,Groceries,Online,New,,7,10,No,4.5,84.67,19.64,No
ORD500471,2024-12-02,Islamabad,Home & Kitchen,In-Store,Regular,49.22,5,10,Yes,3.6,226.48,54.91,No
ORD502183,2024-12-02,Islamabad,Beauty,Online,New,17.48,8,20,Yes,5.0,115.61,22.18,No
ORD502997,2024-12-03,Faisalabad,Clothing,In-Store,New,51.83,5,20,Yes,3.4,200.98,20.17,Yes
ORD500783,2024-12-03,Lahore,Electronics,Online,New,484.93,5,0,No,4.0,2434.86,683.52,No
ORD502153,2024-12-03,Faisalabad,Beauty,In-Store,Regular,16.89,7,5,No,3.7,108.93,37.65,No
ORD500007,2024-12-03,Karachi,Beauty,In-Store,Premium,33.27,6,10,No,5.0,187.33,41.57,No
ORD500652,2024-12-03,Karachi,Home & Kitchen,Mobile App,Premium,75.37,4,10,No,3.9,284.49,108.24,No
ORD502153,2024-12-03,Faisalabad,Beauty,In-Store,Regular,16.89,7,5,No,3.7,108.93,37.65,No
ORD501564,2024-12-04,Lahore,Groceries,In-Store,Premium,7.88,2,15,Yes,3.5,13.34,1.46,No
ORD502381,2024-12-04,Karachi,Clothing,Online,Regular,37.44,4,0,Yes,2.7,142.37,45.57,No
ORD501483,2024-12-04,Lahore,Sports,Online,New,92.79,2,0,No,3.2,187.01,54.13,No
ORD500288,2024-12-05,Lahore,Sports,Online,New,69.29,5,20,Yes,4.2,268.31,70.98,No
ORD502294,2024-12-05,Islamabad,Clothing,,Regular,27.53,8,10,No,,198.32,37.26,No
ORD501709,2024-12-05,Karachi,Clothing,Mobile App,Premium,41.16,10,0,No,3.0,415.02,120.62,No
ORD502371,2024-12-05,Lahore,Sports,Online,,64.23,7,5,No,4.2,423.3,77.67,No
ORD500103,2024-12-05,Multan,Sports,In-Store,Regular,44.72,4,0,Yes,5.0,174.99,45.6,Yes
ORD501730,2024-12-06,Lahore,Electronics,Online,Premium,305.71,3,0,No,5.0,886.78,158.06,No
ORD501918,2024-12-06,Lahore,Clothing,Mobile App,New,47.82,7,0,No,3.9,350.6,165.78,No
ORD502930,2024-12-06,Faisalabad,Groceries,In-Store,Regular,18.17,3,0,No,4.1,51.93,14.32,No
ORD502764,2024-12-06,Lahore,Electronics,In-Store,New,291.9,3,5,No,4.5,831.52,299.28,No
ORD502578,2024-12-06,Lahore,Clothing,In-Store,Regular,51.73,9,5,Yes,3.2,429.42,115.63,No
ORD500741,2024-12-06,Multan,Home & Kitchen,In-Store,New,64.83,5,0,No,2.9,313.17,117.29,No
ORD501355,2024-12-07,Lahore,Home & Kitchen,Online,Regular,93.54,7,0,Yes,4.6,676.32,268.23,Yes
ORD501179,2024-12-07,Multan,Clothing,In-Store,Regular,44.45,4,5,No,3.5,168.65,64.34,No
ORD501976,2024-12-08,Faisalabad,Groceries,In-Store,Regular,9.64,8,10,No,3.3,67.56,22.91,No
ORD500830,2024-12-08,Faisalabad,Beauty,Online,Premium,35.74,5,0,No,4.0,172.24,67.77,No
ORD501939,2024-12-08,Multan,Sports,Online,New,81.36,9,0,No,4.7,707.12,229.41,Yes
ORD502185,2024-12-09,Islamabad,Sports,Online,Premium,55.59,10,0,No,4.1,558.6,199.01,Yes
ORD500826,2024-12-09,Karachi,Sports,In-Store,Regular,61.23,5,0,No,3.2,296.51,83.24,No
ORD501938,2024-12-09,Islamabad,Clothing,Online,New,63.17,5,0,No,5.0,305.94,56.36,No
ORD501250,2024-12-09,Faisalabad,Beauty,In-Store,Premium,21.95,6,5,No,3.2,129.81,42.01,No
ORD501620,2024-12-10,Lahore,Groceries,In-Store,New,9.19,2,0,No,3.2,17.71,5.04,No
ORD501216,2024-12-11,Multan,Beauty,Mobile App,New,20.65,7,0,No,4.4,150.22,67.67,No
ORD502572,2024-12-11,Islamabad,Clothing,In-Store,Regular,35.22,5,10,No,2.5,152.41,39.57,No
ORD502685,2024-12-11,Karachi,Groceries,Mobile App,Regular,11.47,11,20,Yes,4.2,103.43,26.93,No
ORD502592,2024-12-11,Lahore,Clothing,In-Store,Premium,49.25,5,0,No,3.8,251.22,57.45,No
ORD502383,2024-12-11,Faisalabad,Groceries,In-Store,Premium,9.15,7,0,No,3.2,62.87,16.22,No
ORD502025,2024-12-11,Islamabad,Home & Kitchen,Mobile App,Regular,36.41,7,0,No,5.0,251.86,50.29,No
ORD502567,2024-12-12,Islamabad,Home & Kitchen,In-Store,Regular,52.85,14,15,Yes,2.7,633.24,82.19,No
ORD500140,2024-12-12,Lahore,Sports,Mobile App,Regular,98.17,6,20,Yes,3.6,457.41,15.68,No
ORD500787,2024-12-12,Karachi,Clothing,In-Store,Regular,47.55,5,0,No,4.1,237.16,80.04,No
ORD500731,2024-12-13,Karachi,Groceries,In-Store,Premium,18.75,19,20,Yes,3.2,272.36,49.86,No
ORD501785,2024-12-13,Islamabad,Sports,Mobile App,Regular,64.53,8,0,No,4.7,505.11,116.51,No
ORD502715,2024-12-14,Karachi,Electronics,Online,New,465.54,6,0,No,2.9,2900.03,851.45,No
ORD501195,2024-12-14,Islamabad,Clothing,Mobile App,Regular,56.74,1,5,Yes,3.9,52.97,9.94,No
ORD501419,2024-12-14,Islamabad,Sports,In-Store,Premium,83.82,8,10,No,3.8,611.42,201.25,No
ORD502393,2024-12-14,Islamabad,Home & Kitchen,In-Store,Regular,42.16,8,10,No,3.4,309.57,108.16,Yes
ORD501719,2024-12-14,Faisalabad,Home & Kitchen,Mobile App,Regular,52.73,5,15,Yes,4.4,222.92,15.94,No
ORD501401,2024-12-15,Karachi,Home & Kitchen,Online,Premium,61.26,9,20,Yes,4.0,430.07,0.6,No
ORD500645,2024-12-15,Faisalabad,Beauty,In-Store,New,28.71,2,0,Yes,3.3,60.22,15.99,No
ORD501013,2024-12-16,Islamabad,Home & Kitchen,In-Store,Regular,74.36,4,0,No,5.0,311.19,116.88,No
ORD502995,2024-12-18,Karachi,Electronics,Online,Premium,331.62,6,10,No,3.6,1709.28,413.58,No
ORD501593,2024-12-18,Karachi,Beauty,Mobile App,Regular,22.48,7,5,No,3.1,144.45,32.9,No
ORD502864,2024-12-19,Faisalabad,Clothing,Online,Premium,29.41,7,15,Yes,4.5,169.37,8.04,Yes
ORD500746,2024-12-20,Islamabad,Home & Kitchen,,Premium,93.24,3,0,No,3.6,267.71,46.87,No
ORD500794,2024-12-20,Lahore,Electronics,In-Store,Regular,524.2,3,10,Yes,,1436.04,442.16,No
ORD501827,2024-12-20,Karachi,Groceries,In-Store,New,10.52,5,20,Yes,5.0,42.02,9.81,No
ORD502376,2024-12-20,Faisalabad,Beauty,In-Store,Premium,28.21,8,0,No,4.4,222.88,53.91,No
ORD502943,2024-12-21,Islamabad,Clothing,In-Store,New,38.81,5,0,Yes,,201.61,47.72,Yes
ORD501607,2024-12-21,Lahore,Clothing,In-Store,Premium,66.84,5,25,Yes,4.5,239.13,50.5,No
ORD502347,2024-12-21,Lahore,Sports,Online,New,77.26,1,0,No,4.5,79.81,28.07,Yes
ORD501142,2024-12-22,Lahore,Home & Kitchen,Mobile App,New,95.5,4,10,No,3.6,341.43,118.58,No
ORD502469,2024-12-22,Islamabad,Groceries,In-Store,Regular,11.44,3,10,No,4.4,30.56,3.24,No
ORD502378,2024-12-22,Karachi,Beauty,In-Store,Regular,22.19,3,5,Yes,3.6,64.18,17.19,No
ORD501695,2024-12-22,Lahore,Groceries,In-Store,New,14.13,12,15,Yes,3.4,137.38,12.79,No
ORD502680,2024-12-22,Karachi,Electronics,In-Store,Regular,266.38,11,15,Yes,3.4,2488.48,678.66,No
ORD500680,2024-12-22,Islamabad,Home & Kitchen,In-Store,New,81.98,2,0,Yes,5.0,158.57,62.2,No
ORD502290,2024-12-22,Lahore,Sports,Mobile App,,45.55,1,5,No,4.1,45.0,12.54,No
ORD500615,2024-12-23,Lahore,Sports,In-Store,Regular,59.04,8,0,No,4.4,467.48,166.57,No
ORD501295,2024-12-23,Lahore,Beauty,Online,Premium,28.7,4,15,Yes,4.1,97.66,17.19,No
ORD502927,2024-12-23,Faisalabad,Electronics,Online,Regular,,5,0,No,4.1,2126.66,425.19,No
ORD500728,2024-12-23,Lahore,Home & Kitchen,In-Store,Regular,44.25,5,15,Yes,4.3,193.73,19.94,No
ORD502029,2024-12-24,Lahore,Clothing,Online,Premium,43.1,5,0,No,5.0,221.49,59.75,Yes
ORD501930,2024-12-25,Lahore,Home & Kitchen,In-Store,Regular,78.9,2,10,Yes,3.2,143.92,34.28,No
ORD501349,2024-12-25,Karachi,Clothing,In-Store,,68.88,5,0,No,,348.82,108.51,Yes
ORD501898,2024-12-25,Lahore,Home & Kitchen,In-Store,Regular,78.29,9,0,No,3.3,725.38,164.79,No
ORD500829,2024-12-25,Karachi,Beauty,Mobile App,New,23.6,3,20,Yes,3.5,58.61,10.52,Yes
ORD500658,2024-12-25,Lahore,Electronics,Mobile App,Regular,459.49,8,10,No,4.1,3464.31,899.41,No
ORD500939,2024-12-26,Karachi,Clothing,Online,New,69.9,6,10,No,4.3,380.79,96.62,No
ORD501476,2024-12-26,Islamabad,Sports,In-Store,New,82.26,3,10,No,4.7,227.51,57.78,No
ORD502032,2024-12-26,Islamabad,Sports,In-Store,Regular,54.01,8,10,No,3.7,402.25,152.97,No
ORD500478,2024-12-26,Islamabad,Groceries,Online,Regular,17.85,10,5,No,2.6,163.39,37.18,No
ORD500822,2024-12-26,Karachi,Groceries,Online,Premium,15.19,8,10,No,3.9,106.22,37.85,No
ORD500434,2024-12-26,Lahore,Beauty,Online,Premium,19.34,7,20,Yes,3.1,103.94,10.97,No
ORD500805,2024-12-26,Karachi,Clothing,In-Store,Regular,58.3,3,0,Yes,3.5,177.91,77.25,No
ORD501628,2024-12-27,Faisalabad,Beauty,Online,Regular,32.08,5,0,No,4.0,161.68,41.07,No
ORD501630,2024-12-27,Islamabad,Groceries,In-Store,Premium,14.89,12,0,No,2.4,178.88,79.18,No
ORD502295,2024-12-28,Islamabad,Sports,Online,Regular,51.25,5,0,No,2.4,254.82,78.19,Yes
ORD501054,2024-12-28,Islamabad,Groceries,In-Store,Regular,16.0,11,10,No,,157.3,18.49,No
ORD501668,2024-12-29,Lahore,Home & Kitchen,Mobile App,New,70.42,3,5,No,2.3,202.72,64.68,No
ORD502564,2024-12-29,Islamabad,Beauty,In-Store,Regular,28.37,4,0,Yes,3.6,110.86,44.6,No
ORD501502,2024-12-29,Karachi,Groceries,In-Store,Regular,13.52,7,0,No,,91.57,35.48,No
ORD502452,2024-12-29,Islamabad,Sports,In-Store,Regular,96.28,15,20,Yes,4.5,1133.64,283.28,No
ORD500665,2024-12-29,Faisalabad,Electronics,Online,Regular,304.52,8,10,No,3.6,2205.16,574.81,No
ORD501660,2024-12-29,Lahore,Beauty,Online,New,31.06,2,0,No,3.1,61.55,16.53,No
ORD502792,2024-12-29,Islamabad,Clothing,In-Store,Regular,45.74,7,5,No,4.9,297.61,75.47,No
ORD502060,2024-12-30,Karachi,Electronics,In-Store,New,444.44,6,20,Yes,3.4,2060.89,119.2,No
ORD501665,2024-12-30,Karachi,Groceries,Online,Regular,17.49,4,0,No,2.1,68.29,20.89,No
ORD502192,2024-12-30,Karachi,Sports,Online,Regular,46.09,11,15,Yes,3.1,451.17,58.72,No
ORD500633,2024-12-30,Lahore,Home & Kitchen,In-Store,Premium,74.94,7,20,Yes,3.8,431.19,26.5,No
ORD501413,2024-12-30,Karachi,Beauty,In-Store,Regular,19.13,9,20,Yes,2.9,133.07,14.54,Yes
ORD500963,2024-12-30,Islamabad,Sports,In-Store,New,99.41,5,5,No,3.6,467.04,91.07,No
ORD501344,2024-12-31,Islamabad,Sports,In-Store,Regular,97.97,2,20,Yes,3.3,154.44,31.87,No
ORD501283,2024-12-31,Faisalabad,Home & Kitchen,In-Store,New,37.17,4,5,No,4.3,139.68,55.39,No
ORD500518,2024-12-31,Islamabad,Beauty,Online,Premium,27.07,3,0,No,3.3,83.52,22.55,No
ORD500450,2024-12-31,Karachi,Electronics,In-Store,New,419.03,6,0,Yes,3.4,2544.75,927.48,No
ORD501283,2024-12-31,Faisalabad,Home & Kitchen,In-Store,New,37.17,4,5,No,4.3,139.68,55.39,No
ORD500392,2025-01-01,Faisalabad,Electronics,Online,Premium,532.83,8,25,Yes,3.1,3203.24,215.06,No
ORD500671,2025-01-01,Faisalabad,Electronics,In-Store,Regular,418.97,8,5,Yes,3.7,3283.96,1070.05,No
ORD501868,2025-01-01,Multan,Electronics,Mobile App,Regular,517.13,7,10,No,4.3,3194.74,639.87,No
ORD502041,2025-01-01,Multan,Home & Kitchen,Online,New,53.69,3,0,No,2.7,165.68,70.85,No
ORD502716,2025-01-02,Karachi,Sports,In-Store,New,60.31,3,5,No,3.4,173.63,29.48,No
ORD500207,2025-01-02,Karachi,Electronics,,Regular,456.16,2,5,No,3.9,861.71,189.64,Yes
ORD502588,2025-01-03,Multan,Groceries,Mobile App,New,10.5,8,10,No,3.8,76.44,26.61,No
ORD502535,2025-01-03,Karachi,Sports,In-Store,Regular,63.96,2,0,No,3.9,128.0,51.07,No
ORD500941,2025-01-03,Islamabad,Electronics,Online,New,340.96,4,0,No,2.6,1366.66,487.21,No
ORD502705,2025-01-03,Lahore,Home & Kitchen,Online,Premium,74.66,6,15,Yes,4.0,382.59,120.58,No
ORD502365,2025-01-03,Lahore,Electronics,Online,New,293.55,5,20,Yes,4.1,1168.28,6.56,No
ORD502662,2025-01-04,Lahore,Clothing,In-Store,Regular,33.51,4,10,No,4.6,126.0,43.95,No
ORD502774,2025-01-04,Lahore,Home & Kitchen,Mobile App,Regular,45.58,3,0,No,3.5,130.26,49.54,No
ORD500660,2025-01-04,Lahore,Sports,In-Store,Regular,73.07,6,10,No,3.6,402.94,86.95,No
ORD500378,2025-01-04,Lahore,Beauty,In-Store,New,15.16,2,20,Yes,4.8,24.94,2.92,No
ORD501877,2025-01-04,Karachi,Electronics,In-Store,Regular,473.88,3,5,No,4.6,1378.57,403.4,No
ORD501805,2025-01-05,Lahore,Electronics,Online,Premium,359.0,9,0,No,2.1,3161.73,973.33,No
ORD501378,2025-01-05,Karachi,Home & Kitchen,In-Store,Premium,61.66,4,20,Yes,3.6,194.7,14.4,No
ORD501207,2025-01-05,Lahore,Clothing,Online,Regular,39.61,4,20,Yes,3.4,123.78,6.57,Yes
ORD501169,2025-01-06,Karachi,Clothing,In-Store,Regular,56.13,4,5,No,2.9,222.16,53.05,No
ORD500080,2025-01-07,Islamabad,Beauty,In-Store,Regular,32.18,6,25,Yes,,151.25,10.7,No
ORD502547,2025-01-07,Multan,Clothing,Mobile App,Regular,29.05,4,0,No,3.8,112.24,30.58,Yes
ORD500414,2025-01-07,Karachi,Sports,Online,Regular,99.36,5,0,No,,481.95,205.44,Yes
ORD500414,2025-01-07,Karachi,Sports,Online,Regular,99.36,5,0,No,,481.95,205.44,Yes
ORD502022,2025-01-07,Faisalabad,Groceries,Mobile App,Premium,12.11,12,20,Yes,4.7,113.84,-1.43,No
ORD501454,2025-01-08,Faisalabad,Home & Kitchen,In-Store,Premium,40.02,5,0,No,4.2,202.94,79.83,No
ORD500283,2025-01-08,Karachi,Groceries,In-Store,New,10.62,3,0,Yes,3.7,31.01,11.0,No
ORD501384,2025-01-08,Islamabad,Beauty,In-Store,Regular,33.81,3,5,No,3.3,96.39,30.18,No
ORD500879,2025-01-08,Islamabad,Clothing,Online,Regular,70.02,4,20,Yes,3.8,235.07,79.58,Yes
ORD500928,2025-01-08,Karachi,Electronics,In-Store,Regular,351.16,3,0,No,4.0,1021.66,322.24,No
ORD501270,2025-01-10,Multan,Beauty,Online,Regular,18.11,4,0,Yes,4.4,71.22,27.53,No
ORD500082,2025-01-10,Islamabad,Beauty,In-Store,Premium,16.9,4,0,Yes,3.8,65.23,20.51,No
ORD500877,2025-01-10,Faisalabad,Electronics,Mobile App,,254.24,10,5,No,3.7,2462.89,855.21,Yes
ORD500559,2025-01-10,Multan,Electronics,In-Store,Premium,263.73,8,5,No,2.0,2044.51,743.46,Yes
ORD500707,2025-01-10,Lahore,Sports,Online,Regular,58.09,5,0,No,3.8,278.95,108.75,No
ORD502761,2025-01-11,Islamabad,Home & Kitchen,Online,New,69.7,5,5,Yes,3.5,315.77,38.52,No
ORD502464,2025-01-11,Islamabad,Clothing,In-Store,Regular,71.15,4,15,Yes,3.0,243.4,23.22,Yes
ORD502966,2025-01-11,Lahore,Groceries,Online,Regular,10.93,5,0,No,2.5,54.93,21.22,Yes
ORD501021,2025-01-12,Lahore,Beauty,In-Store,New,,4,15,Yes,3.2,84.42,22.64,No
ORD501812,2025-01-12,Faisalabad,Electronics,Mobile App,Premium,410.87,10,0,No,3.7,4022.99,1720.81,No
ORD501062,2025-01-12,Islamabad,Groceries,In-Store,New,18.53,5,0,No,5.0,93.15,30.73,No
ORD500427,2025-01-14,Karachi,Clothing,In-Store,New,64.97,5,20,Yes,4.0,261.66,46.61,No
ORD500143,2025-01-14,Karachi,Beauty,In-Store,,33.49,2,0,No,3.7,66.74,16.2,Yes
ORD500115,2025-01-14,Islamabad,Groceries,In-Store,Regular,18.11,5,0,No,4.0,87.12,30.71,Yes
ORD500581,2025-01-15,Karachi,Home & Kitchen,In-Store,Regular,53.17,4,5,Yes,,193.48,63.24,No
ORD502877,2025-01-15,Lahore,Clothing,Online,Regular,55.85,4,0,No,3.5,220.82,51.34,Yes
ORD502527,2025-01-15,Multan,Clothing,Online,Regular,68.41,4,0,No,3.6,283.02,93.99,Yes
ORD501498,2025-01-15,Lahore,Clothing,In-Store,,50.23,5,0,Yes,3.2,256.19,112.89,No
ORD501471,2025-01-15,Karachi,Groceries,In-Store,Regular,11.85,6,20,Yes,4.6,56.52,0.22,No
ORD501909,2025-01-16,Karachi,Sports,Mobile App,Regular,98.43,2,0,No,4.2,194.37,84.72,No
ORD501716,2025-01-16,Karachi,Beauty,In-Store,Regular,32.59,4,0,No,3.9,125.84,31.2,No
ORD502826,2025-01-16,Multan,Sports,In-Store,Premium,85.16,11,0,No,4.6,915.15,371.7,No
ORD501820,2025-01-16,Faisalabad,Sports,Online,Regular,51.5,2,5,No,2.6,100.69,27.04,No
ORD500933,2025-01-16,Islamabad,Beauty,In-Store,Regular,34.9,3,15,Yes,3.2,89.32,22.34,No
ORD500076,2025-01-17,Islamabad,Sports,Online,Premium,111.05,5,0,Yes,3.3,573.36,260.54,Yes
ORD501098,2025-01-17,Karachi,Electronics,In-Store,,311.66,6,5,No,3.2,1762.6,639.93,No
ORD502401,2025-01-17,Faisalabad,Electronics,In-Store,,237.76,3,0,No,2.5,747.01,256.69,Yes
ORD501934,2025-01-17,Multan,Beauty,In-Store,Regular,16.06,3,5,No,3.7,45.43,9.31,No
ORD501129,2025-01-17,Lahore,Groceries,In-Store,New,8.75,5,10,No,4.4,40.26,5.27,No
ORD500449,2025-01-18,Islamabad,Clothing,In-Store,Regular,59.3,3,0,No,4.0,176.36,48.14,No
ORD500105,2025-01-18,Islamabad,Home & Kitchen,In-Store,Regular,43.02,3,25,Yes,4.6,95.78,3.24,No
ORD500232,2025-01-19,Karachi,Home & Kitchen,Mobile App,Premium,47.5,12,10,No,3.4,498.5,183.58,Yes
ORD500236,2025-01-19,Lahore,Sports,Mobile App,Premium,88.33,6,0,No,2.9,543.05,157.65,Yes
ORD502524,2025-01-19,Multan,Home & Kitchen,Online,Regular,87.1,7,20,Yes,3.0,500.05,126.15,No
ORD500315,2025-01-20,Faisalabad,Clothing,,New,47.04,1,10,No,3.8,40.69,10.18,Yes
ORD500560,2025-01-20,Islamabad,Home & Kitchen,In-Store,Regular,56.66,4,5,No,3.4,223.36,92.27,No
ORD501080,2025-01-21,Islamabad,Sports,Online,Regular,98.74,6,10,No,3.9,532.74,200.94,Yes
ORD502632,2025-01-21,Faisalabad,Clothing,Mobile App,Regular,39.65,6,5,Yes,2.8,229.86,47.7,Yes
ORD500942,2025-01-23,Faisalabad,Sports,Mobile App,Regular,84.9,2,10,No,4.4,145.23,15.96,No
ORD500880,2025-01-23,Multan,Clothing,Mobile App,Regular,59.61,5,10,Yes,5.0,272.8,81.97,No
ORD501387,2025-01-24,Multan,Clothing,In-Store,Regular,35.64,7,5,No,4.2,236.85,97.85,No
ORD500441,2025-01-24,Karachi,Home & Kitchen,Online,Regular,63.27,5,0,No,3.9,303.19,69.16,No
ORD502969,2025-01-25,Islamabad,Groceries,Online,New,8.48,2,0,No,4.0,16.87,7.35,No
ORD501773,2025-01-25,Karachi,Sports,Online,New,75.38,10,10,No,4.2,659.49,141.53,No
ORD501086,2025-01-25,Karachi,Sports,In-Store,Regular,103.83,4,0,No,5.0,414.19,135.75,No
ORD500088,2025-01-25,Lahore,Sports,Online,Regular,100.76,3,5,No,3.2,273.58,85.26,No
ORD502235,2025-01-26,Lahore,Beauty,Mobile App,New,21.22,6,10,No,3.8,117.49,18.64,No
ORD501017,2025-01-26,Multan,Groceries,In-Store,Regular,11.57,10,5,No,4.4,114.43,44.49,No
ORD500043,2025-01-27,Islamabad,Clothing,Online,Regular,69.21,7,10,No,4.0,438.71,80.18,No
ORD500587,2025-01-27,Islamabad,Clothing,In-Store,Regular,62.74,3,0,No,5.0,195.64,75.3,No
ORD501705,2025-01-27,Faisalabad,Sports,,Regular,90.73,6,20,Yes,4.1,443.75,87.56,No
ORD501212,2025-01-27,Multan,Home & Kitchen,Mobile App,New,42.82,3,0,No,,123.47,51.27,No
ORD502546,2025-01-27,Faisalabad,Groceries,In-Store,Regular,18.6,6,15,Yes,,93.58,19.89,No
ORD500549,2025-01-28,Faisalabad,Beauty,Online,New,23.22,6,15,Yes,3.5,113.5,2.54,No
ORD502905,2025-01-28,Karachi,Sports,Mobile App,Regular,99.47,4,5,No,4.1,381.13,124.75,No
ORD500075,2025-01-29,Lahore,Sports,Mobile App,Regular,71.09,3,5,No,3.7,193.35,36.87,No
ORD502980,2025-01-29,Faisalabad,Electronics,Mobile App,New,318.27,1,25,Yes,4.6,244.32,12.39,No
ORD502917,2025-01-30,Karachi,Electronics,Online,Regular,340.06,2,0,No,3.9,704.24,281.71,No
ORD500769,2025-01-30,Islamabad,Beauty,Online,Premium,25.1,2,0,Yes,3.8,49.77,16.6,No
ORD501694,2025-01-30,Multan,Clothing,Mobile App,Regular,69.25,3,0,No,3.0,213.86,77.96,Yes
ORD502163,2025-01-30,Lahore,Groceries,Online,Regular,10.57,2,10,No,4.0,18.21,2.14,No
ORD500479,2025-01-31,Karachi,Beauty,In-Store,Regular,15.77,6,15,Yes,5.0,83.88,18.07,No
ORD501611,2025-01-31,Islamabad,Sports,Online,Regular,106.79,1,0,Yes,3.4,103.17,31.39,No
ORD500734,2025-01-31,Karachi,Clothing,Mobile App,Regular,55.38,6,5,No,3.5,321.44,118.6,No
ORD500057,2025-02-01,Karachi,Groceries,In-Store,Premium,18.7,2,0,No,2.5,36.83,11.96,No
ORD501438,2025-02-01,Karachi,Beauty,In-Store,Premium,15.71,7,5,No,4.9,107.58,27.89,No
ORD500526,2025-02-02,Karachi,Clothing,Mobile App,Regular,68.42,5,10,No,3.1,314.41,41.42,Yes
ORD500682,2025-02-02,Karachi,Groceries,In-Store,Regular,7.94,3,5,No,3.6,21.9,6.69,No
ORD500323,2025-02-03,Lahore,Electronics,Mobile App,Regular,257.89,2,0,No,3.3,524.27,156.02,Yes
ORD502884,2025-02-03,Islamabad,Sports,In-Store,Premium,64.07,4,5,Yes,4.3,241.91,44.03,No
ORD502160,2025-02-03,Lahore,Electronics,Mobile App,Regular,354.71,5,0,No,3.3,1811.41,705.27,No
ORD502585,2025-02-03,Islamabad,Home & Kitchen,In-Store,Regular,41.96,9,0,Yes,4.5,383.65,141.83,No
ORD501040,2025-02-04,Faisalabad,Groceries,In-Store,Regular,11.28,3,5,No,3.5,33.62,9.45,No
ORD502872,2025-02-04,Karachi,Sports,In-Store,New,70.07,1,20,Yes,4.1,55.83,1.16,No
ORD500525,2025-02-05,Karachi,Home & Kitchen,In-Store,Premium,49.84,3,10,No,,128.49,37.61,No
ORD501375,2025-02-05,Lahore,Groceries,In-Store,Premium,16.49,4,10,No,4.0,57.77,8.18,No
ORD500828,2025-02-05,Karachi,Electronics,Online,Regular,556.2,6,0,Yes,2.3,3422.23,884.72,No
ORD500770,2025-02-06,Islamabad,Sports,In-Store,Premium,108.7,6,0,No,5.0,651.7,242.4,No
ORD501829,2025-02-06,Karachi,Home & Kitchen,Mobile App,Regular,58.07,1,0,No,4.4,57.66,17.58,No
ORD502252,2025-02-07,Islamabad,Groceries,Mobile App,Regular,13.67,6,10,No,3.2,76.07,27.38,No
ORD501105,2025-02-07,Islamabad,Sports,Mobile App,Premium,61.19,5,0,No,4.6,314.45,72.35,No
ORD501418,2025-02-07,Lahore,Sports,In-Store,New,54.38,6,20,Yes,4.9,258.39,17.49,No
ORD500564,2025-02-07,Faisalabad,Groceries,In-Store,New,13.72,3,0,No,3.7,39.88,11.9,No
ORD501859,2025-02-07,Islamabad,Clothing,In-Store,New,40.16,3,15,Yes,5.0,97.52,14.74,No
ORD501052,2025-02-08,Karachi,Clothing,In-Store,Premium,54.53,4,20,Yes,4.2,167.99,41.39,No
ORD500130,2025-02-08,Lahore,Beauty,In-Store,Premium,24.29,6,10,No,4.2,129.84,14.98,No
ORD502886,2025-02-09,Karachi,Groceries,Mobile App,New,13.02,6,5,No,3.9,70.74,14.12,No
ORD502477,2025-02-10,Karachi,Home & Kitchen,Online,Regular,79.52,5,0,No,4.4,416.58,183.52,No
ORD502076,2025-02-11,Islamabad,Clothing,Online,Regular,56.99,5,0,No,3.1,283.04,84.32,No
ORD502119,2025-02-11,Karachi,Sports,In-Store,Regular,101.86,3,0,No,4.5,306.18,75.6,No
ORD501786,2025-02-11,Islamabad,Electronics,In-Store,Regular,542.57,6,15,Yes,3.2,2895.29,383.63,No
ORD501556,2025-02-12,Karachi,Sports,In-Store,Regular,95.2,3,0,No,3.7,292.87,128.58,No
ORD500049,2025-02-12,Karachi,Sports,In-Store,New,96.21,5,0,No,3.7,462.03,166.65,No
ORD502901,2025-02-12,Faisalabad,Clothing,Mobile App,New,65.21,5,10,No,3.2,299.53,81.75,No
ORD501247,2025-02-12,Lahore,Clothing,Mobile App,Regular,54.68,8,0,No,4.1,454.37,142.58,No
ORD500033,2025-02-12,Karachi,Beauty,In-Store,,36.46,8,20,Yes,4.0,236.16,7.28,No
ORD500868,2025-02-12,Islamabad,Home & Kitchen,In-Store,Regular,48.0,2,5,No,3.8,95.15,37.16,No
ORD501999,2025-02-12,Lahore,Beauty,Mobile App,Regular,38.93,1,0,No,4.8,39.48,14.79,Yes
ORD501278,2025-02-13,Lahore,Groceries,In-Store,Premium,16.17,4,10,No,4.6,60.47,13.5,No
ORD501702,2025-02-13,Islamabad,Groceries,Mobile App,Regular,18.8,4,10,Yes,4.7,64.39,6.7,No
ORD502687,2025-02-13,Islamabad,Home & Kitchen,In-Store,New,69.34,7,10,Yes,2.7,421.65,82.59,No
ORD501181,2025-02-13,Karachi,Beauty,Mobile App,New,37.56,7,5,No,4.0,260.83,110.69,No
ORD501744,2025-02-13,Lahore,Sports,Online,Regular,77.8,5,0,No,,385.99,126.42,No
ORD500344,2025-02-14,Islamabad,Electronics,In-Store,New,403.84,7,10,No,5.0,2459.79,520.57,No
ORD502758,2025-02-15,Faisalabad,Groceries,Mobile App,Regular,9.75,3,0,No,3.2,29.71,10.97,No
ORD500100,2025-02-15,Faisalabad,Home & Kitchen,In-Store,Regular,60.26,2,5,No,3.2,108.84,14.55,No
ORD501550,2025-02-15,Karachi,Home & Kitchen,Online,Regular,89.11,1,0,Yes,3.1,86.24,30.16,No
ORD500843,2025-02-15,Islamabad,Sports,Mobile App,Regular,96.61,4,10,Yes,2.2,347.64,70.77,No
ORD502122,2025-02-15,Faisalabad,Clothing,In-Store,New,64.17,2,0,No,3.6,123.71,46.8,No
ORD502961,2025-02-15,Faisalabad,Home & Kitchen,Mobile App,New,49.04,1,25,Yes,3.9,38.42,1.01,Yes
ORD501663,2025-02-16,Faisalabad,Groceries,In-Store,Regular,12.14,3,5,No,4.2,34.64,7.06,No
ORD502301,2025-02-16,Karachi,Clothing,,New,51.53,3,5,No,,151.53,39.41,Yes
ORD502693,2025-02-17,Islamabad,Home & Kitchen,In-Store,Regular,44.82,9,15,Yes,,340.58,85.21,No
ORD502319,2025-02-17,Karachi,Sports,Mobile App,Regular,64.53,2,10,Yes,2.6,113.23,40.18,No
ORD501233,2025-02-17,Karachi,Groceries,Online,Premium,8.92,2,15,Yes,3.1,15.69,3.01,No
ORD500252,2025-02-18,Lahore,Sports,Online,New,101.35,2,0,Yes,3.6,194.17,32.07,No
ORD501307,2025-02-18,Faisalabad,Electronics,Online,Regular,257.58,4,20,Yes,1.6,850.51,184.58,Yes
ORD501322,2025-02-18,Faisalabad,Home & Kitchen,Online,New,50.99,3,0,No,3.6,159.46,46.23,No
ORD501923,2025-02-18,Multan,Beauty,Mobile App,Regular,38.15,6,10,No,4.4,203.29,62.36,No
ORD501372,2025-02-19,Lahore,Electronics,Online,New,382.73,5,5,No,3.4,1849.53,774.15,No
ORD501000,2025-02-19,Lahore,Sports,Mobile App,Premium,78.98,8,0,No,4.6,654.55,269.23,No
ORD500270,2025-02-20,Lahore,Beauty,Mobile App,Premium,22.92,2,0,No,5.0,44.29,9.98,No
ORD502030,2025-02-20,Faisalabad,Home & Kitchen,Mobile App,,71.24,3,0,No,4.3,205.95,40.27,No
ORD502916,2025-02-20,Islamabad,Beauty,In-Store,Regular,24.41,2,0,No,3.9,46.98,12.35,No
ORD501761,2025-02-20,Islamabad,Electronics,Mobile App,Regular,550.32,2,5,No,,1095.75,339.34,No
ORD502216,2025-02-20,Lahore,Electronics,Mobile App,Regular,481.03,5,10,No,2.4,2206.17,368.51,No
ORD501844,2025-02-21,Islamabad,Electronics,Mobile App,Regular,317.92,8,20,Yes,3.6,2118.97,626.83,No
ORD502833,2025-02-21,Karachi,Groceries,Online,Premium,9.65,6,0,No,4.0,59.74,27.63,No
ORD500617,2025-02-22,Lahore,Groceries,In-Store,Regular,18.89,4,5,No,4.8,73.35,15.79,No
ORD502769,2025-02-22,Karachi,Home & Kitchen,Online,New,80.58,2,5,No,4.1,158.77,34.42,No
ORD501178,2025-02-22,Islamabad,Groceries,Mobile App,New,7.27,8,25,Yes,2.3,42.58,-0.33,No
ORD501901,2025-02-22,Karachi,Clothing,,Regular,68.85,4,0,No,4.6,288.0,77.01,No
ORD501534,2025-02-22,Multan,Groceries,In-Store,Regular,10.09,2,10,No,4.1,18.26,2.6,No
ORD502684,2025-02-23,Faisalabad,Home & Kitchen,In-Store,Premium,,4,20,Yes,4.4,146.75,8.56,Yes
ORD501683,2025-02-23,Karachi,Groceries,In-Store,Premium,15.42,3,10,No,4.4,43.61,10.02,No
ORD502190,2025-02-23,Faisalabad,Groceries,Online,Regular,12.61,10,20,Yes,3.1,103.88,22.0,No
ORD501514,2025-02-23,Lahore,Home & Kitchen,In-Store,Regular,74.68,5,10,No,3.9,332.62,48.78,No
ORD502882,2025-02-23,Karachi,Home & Kitchen,Mobile App,New,46.52,6,10,No,4.3,241.2,41.83,No
ORD502403,2025-02-23,Karachi,Groceries,Online,Regular,16.32,2,0,No,3.2,31.45,13.03,No
ORD500436,2025-02-23,Lahore,Clothing,Online,New,44.41,5,0,No,4.6,227.81,93.51,Yes
ORD502979,2025-02-23,Faisalabad,Home & Kitchen,Online,Regular,73.19,4,0,No,1.9,286.38,111.52,No
ORD501352,2025-02-23,Lahore,Home & Kitchen,In-Store,Regular,79.67,11,5,Yes,3.9,824.63,281.51,No
ORD500034,2025-02-23,Islamabad,Sports,Online,New,85.02,3,0,No,4.4,252.15,100.52,No
ORD502228,2025-02-24,Lahore,Sports,Mobile App,Regular,53.59,4,0,Yes,3.7,214.73,88.82,No
ORD501428,2025-02-24,Lahore,Clothing,Online,,64.41,4,0,No,3.8,248.76,87.58,No
ORD502293,2025-02-25,Karachi,Sports,In-Store,New,55.86,5,0,No,3.0,288.77,85.87,No
ORD502091,2025-02-25,Faisalabad,Clothing,In-Store,Regular,45.98,8,20,Yes,4.9,281.3,47.5,No
ORD500408,2025-02-25,Lahore,Groceries,In-Store,Premium,17.43,5,15,Yes,3.9,75.55,25.43,No
ORD500385,2025-02-25,Islamabad,Beauty,In-Store,Regular,26.79,2,0,No,3.5,52.2,21.02,No
ORD500070,2025-02-26,Faisalabad,Clothing,Online,Regular,58.35,6,0,No,4.6,362.78,138.03,No
ORD500070,2025-02-26,Faisalabad,Clothing,Online,Regular,58.35,6,0,No,4.6,362.78,138.03,No
ORD501759,2025-02-26,Multan,Sports,In-Store,Regular,48.18,6,5,No,3.5,265.23,65.99,No
ORD502827,2025-02-26,Karachi,Clothing,In-Store,Regular,51.2,4,0,No,4.9,214.86,81.06,No
ORD500516,2025-02-26,Karachi,Sports,Mobile App,Regular,82.22,3,20,Yes,3.9,188.67,-4.22,No
ORD501198,2025-02-26,Lahore,Groceries,Online,New,10.64,7,10,No,4.6,64.72,11.3,No
ORD500738,2025-02-27,Karachi,Beauty,Mobile App,Premium,19.81,11,15,Yes,5.0,180.03,60.09,No
ORD500922,2025-02-27,Lahore,Clothing,Online,Regular,70.64,3,15,Yes,4.1,179.36,54.74,No
ORD502951,2025-02-27,Karachi,Home & Kitchen,Mobile App,Premium,69.14,4,10,No,3.3,259.54,85.07,No
ORD500048,2025-02-28,Karachi,Home & Kitchen,Mobile App,Regular,45.55,2,0,Yes,,92.52,39.94,No
ORD500339,2025-02-28,Lahore,Electronics,In-Store,Regular,375.09,2,0,No,4.7,721.3,195.84,No
ORD500675,2025-02-28,Lahore,Clothing,Online,Regular,49.34,4,0,Yes,2.9,206.56,80.11,No
ORD502396,2025-03-01,Multan,Groceries,Online,Regular,8.68,8,20,Yes,3.4,55.36,7.09,No
ORD502928,2025-03-01,Faisalabad,Clothing,In-Store,Regular,43.54,4,10,No,4.2,163.04,61.84,No
ORD501382,2025-03-01,Karachi,Electronics,Mobile App,Regular,491.19,4,5,No,3.6,1774.96,484.61,No
ORD500176,2025-03-01,Karachi,Electronics,In-Store,New,328.83,6,10,No,3.2,1842.02,366.52,No
ORD501407,2025-03-02,Karachi,Clothing,Online,New,54.53,3,5,No,2.8,148.91,23.47,No
ORD502817,2025-03-02,Karachi,Groceries,Online,Premium,8.53,6,0,No,4.3,49.6,13.13,No
ORD502570,2025-03-02,Multan,Groceries,Mobile App,New,16.46,4,5,No,3.2,65.11,20.6,Yes
ORD500005,2025-03-02,Karachi,Clothing,,New,71.71,5,0,No,4.7,360.48,86.75,No
ORD501604,2025-03-02,Faisalabad,Home & Kitchen,In-Store,Regular,67.99,7,25,Yes,3.5,343.5,60.4,No
ORD500715,2025-03-02,Karachi,Home & Kitchen,Online,New,38.9,4,5,No,3.3,144.31,37.38,No
ORD500266,2025-03-03,Karachi,Clothing,Online,Premium,31.64,8,5,No,3.9,238.94,59.88,Yes
ORD500109,2025-03-04,Islamabad,Beauty,In-Store,Regular,24.48,5,0,No,3.0,127.79,57.08,No
ORD501302,2025-03-04,Lahore,Sports,Mobile App,New,68.01,2,0,No,3.1,140.54,38.85,No
ORD500228,2025-03-05,Lahore,Electronics,In-Store,,543.26,5,5,No,4.2,2483.84,647.87,No
ORD502843,2025-03-05,Karachi,Home & Kitchen,In-Store,Regular,51.86,4,10,No,3.9,193.81,69.21,No
ORD500883,2025-03-06,Faisalabad,Electronics,In-Store,Regular,364.03,2,0,No,4.2,694.84,234.36,No
ORD500092,2025-03-07,Karachi,Electronics,Online,New,526.46,4,25,Yes,4.6,1595.87,-22.55,No
ORD500257,2025-03-07,Lahore,Clothing,Mobile App,Regular,29.43,3,20,Yes,3.1,71.57,4.84,No
ORD500765,2025-03-07,Lahore,Beauty,Mobile App,Regular,26.46,5,0,No,5.0,137.88,60.48,No
ORD500202,2025-03-08,Lahore,Home & Kitchen,In-Store,Regular,74.0,2,0,No,3.1,154.95,37.73,No
ORD502809,2025-03-08,Karachi,Home & Kitchen,In-Store,Regular,38.72,3,20,Yes,2.9,90.55,25.58,No
ORD500655,2025-03-08,Karachi,Electronics,Online,Premium,222.75,4,15,Yes,4.5,767.28,98.61,No
ORD500602,2025-03-08,Karachi,Sports,In-Store,New,60.81,2,0,No,4.5,119.2,47.81,No
ORD501118,2025-03-09,Lahore,Sports,In-Store,Regular,107.0,6,10,No,3.4,605.51,174.96,No
ORD502046,2025-03-09,Islamabad,Beauty,In-Store,New,20.63,3,5,No,4.6,61.35,18.87,No
ORD500582,2025-03-09,Karachi,Home & Kitchen,In-Store,Regular,73.12,3,10,No,4.8,192.72,44.42,No
ORD500360,2025-03-09,Karachi,Electronics,Online,Regular,212.23,3,5,No,2.8,586.76,195.02,No
ORD502760,2025-03-10,Karachi,Electronics,Online,Regular,357.47,3,20,Yes,3.9,818.32,176.35,No
ORD500372,2025-03-10,Karachi,Electronics,In-Store,Premium,246.53,7,10,No,4.0,1505.88,358.14,No
ORD500054,2025-03-11,Lahore,Electronics,In-Store,Regular,432.26,11,10,No,4.6,4202.93,1500.1,No
ORD502670,2025-03-11,Islamabad,Electronics,In-Store,Premium,477.33,6,0,No,3.1,2856.58,757.35,No
ORD501585,2025-03-11,Lahore,Home & Kitchen,Online,New,81.75,4,5,No,2.9,317.11,75.1,No
ORD501992,2025-03-12,Islamabad,Home & Kitchen,Online,New,75.16,5,15,Yes,3.2,316.91,35.2,No
ORD500840,2025-03-13,Karachi,Electronics,In-Store,Premium,424.16,6,15,Yes,,2117.46,630.95,No
ORD502282,2025-03-13,Lahore,Clothing,In-Store,Regular,60.94,5,0,No,3.9,301.58,90.7,Yes
ORD502502,2025-03-14,Multan,Beauty,In-Store,New,25.97,6,25,Yes,5.0,119.08,27.69,No
ORD502506,2025-03-14,Lahore,Electronics,Online,Regular,262.25,4,10,No,3.8,914.49,172.2,No
ORD500326,2025-03-14,Islamabad,Sports,In-Store,Regular,74.07,8,10,No,4.1,558.45,180.47,No
ORD501693,2025-03-15,Faisalabad,Beauty,In-Store,Regular,21.85,2,0,No,4.1,43.15,13.36,No
ORD502018,2025-03-15,Lahore,Home & Kitchen,Mobile App,New,63.05,6,0,No,4.7,366.19,115.46,No
ORD501304,2025-03-15,Karachi,Clothing,Online,New,50.99,4,10,No,4.0,190.05,71.67,No
ORD502008,2025-03-16,Karachi,Sports,Mobile App,Regular,78.03,8,5,Yes,,587.65,108.12,No
ORD500967,2025-03-17,Lahore,Home & Kitchen,In-Store,Regular,77.8,4,15,Yes,4.5,269.43,68.7,No
ORD501131,2025-03-17,Multan,Groceries,Online,Regular,7.89,6,15,Yes,3.0,39.28,3.89,Yes
ORD501558,2025-03-17,Karachi,Electronics,Online,Regular,217.45,3,5,Yes,2.8,626.49,164.62,No
ORD500487,2025-03-18,Karachi,Groceries,In-Store,Regular,18.57,5,25,Yes,5.0,66.46,1.49,No
ORD501570,2025-03-18,Karachi,Beauty,Mobile App,Regular,30.1,3,5,No,3.2,85.81,35.28,No
ORD502487,2025-03-19,Faisalabad,Sports,Online,Regular,111.81,5,5,Yes,2.6,525.05,86.62,No
ORD501547,2025-03-19,Karachi,Electronics,Online,,329.06,6,5,No,3.2,1822.56,320.04,No
ORD500747,2025-03-19,Islamabad,Groceries,In-Store,New,11.9,6,0,No,3.1,69.47,18.64,No
ORD501843,2025-03-19,Lahore,Sports,Online,Regular,80.34,2,0,No,3.8,156.99,30.5,No
ORD500165,2025-03-20,Islamabad,Sports,In-Store,Regular,85.98,3,15,Yes,4.2,227.73,49.44,No
ORD500469,2025-03-20,Islamabad,Electronics,Online,Regular,343.34,6,0,No,3.1,2155.05,825.9,No
ORD501126,2025-03-20,Lahore,Clothing,Mobile App,Regular,60.83,10,20,Yes,3.8,490.09,118.05,No
ORD500626,2025-03-21,Karachi,Electronics,In-Store,New,456.16,4,15,Yes,3.7,1507.74,471.44,No
ORD502493,2025-03-21,Islamabad,Beauty,Mobile App,Premium,,4,15,Yes,4.7,88.15,27.02,No
ORD502983,2025-03-22,Lahore,Electronics,Mobile App,New,456.29,5,10,No,3.3,1985.38,355.39,No
ORD502991,2025-03-22,Islamabad,Home & Kitchen,Mobile App,Premium,43.89,5,10,Yes,3.5,194.04,29.26,No
ORD502571,2025-03-22,Karachi,Home & Kitchen,Online,Premium,44.66,4,0,No,3.6,183.05,75.16,No
ORD502374,2025-03-22,Lahore,Electronics,Online,Regular,236.61,1,0,No,2.9,244.01,78.56,Yes
ORD502873,2025-03-22,Lahore,Beauty,Online,,,4,20,Yes,3.6,51.79,6.38,No
ORD501390,2025-03-23,Lahore,Sports,Mobile App,Regular,45.52,5,0,No,3.5,233.55,84.67,Yes
ORD500472,2025-03-23,Karachi,Groceries,Online,Premium,15.25,9,5,No,3.8,133.48,51.94,No
ORD500608,2025-03-24,Multan,Groceries,,Regular,11.71,5,20,Yes,4.7,47.66,12.16,No
ORD502259,2025-03-24,Karachi,Sports,Online,Premium,78.21,9,0,No,3.2,673.13,160.54,No
ORD500173,2025-03-24,Karachi,Clothing,Online,New,55.04,5,10,No,3.7,246.93,30.21,No
ORD500091,2025-03-25,Lahore,Clothing,Online,New,60.19,2,0,No,3.0,124.76,50.63,No
ORD500443,2025-03-25,Faisalabad,Electronics,In-Store,Premium,435.46,10,0,No,4.6,4260.2,1289.98,No
ORD501873,2025-03-26,Karachi,Electronics,Online,Premium,497.16,6,25,Yes,4.2,2318.43,125.79,No
ORD501023,2025-03-26,Islamabad,Groceries,Online,New,19.06,5,0,No,2.9,95.73,35.38,Yes
ORD501363,2025-03-26,Islamabad,Beauty,Mobile App,Regular,24.33,6,0,No,5.0,140.88,53.63,No
ORD502984,2025-03-27,Lahore,Electronics,In-Store,Premium,319.17,13,5,No,3.9,4000.79,1366.13,No
ORD500493,2025-03-27,Lahore,Groceries,In-Store,Regular,13.0,5,20,Yes,3.7,52.66,3.47,No
ORD501780,2025-03-27,Multan,Beauty,In-Store,Premium,32.75,7,10,No,3.8,197.23,69.93,Yes
ORD500107,2025-03-27,Faisalabad,Beauty,Online,Premium,15.18,4,20,Yes,3.2,46.8,3.17,No
ORD502946,2025-03-27,Faisalabad,Electronics,In-Store,Regular,306.07,5,20,Yes,4.2,1259.14,143.23,No
ORD502225,2025-03-27,Multan,Home & Kitchen,In-Store,New,48.89,8,5,No,3.6,375.55,79.57,No
ORD500910,2025-03-27,Lahore,Clothing,,Regular,47.83,5,0,No,4.2,246.12,76.39,No
ORD502253,2025-03-28,Faisalabad,Home & Kitchen,Mobile App,New,67.58,2,0,No,4.8,136.54,47.77,No
ORD501033,2025-03-28,Lahore,Electronics,In-Store,Regular,510.7,9,5,No,3.9,4318.28,717.69,No
ORD500975,2025-03-28,Islamabad,Home & Kitchen,In-Store,Regular,66.29,4,10,No,3.7,247.92,94.11,No
ORD501583,2025-03-28,Karachi,Beauty,Mobile App,Regular,,3,5,No,3.8,92.51,30.89,No
ORD500887,2025-03-28,Lahore,Groceries,Online,New,11.88,5,10,No,4.7,56.07,20.16,No
ORD500591,2025-03-29,Islamabad,Sports,Online,Regular,87.35,7,10,No,5.0,524.85,116.24,No
ORD502480,2025-03-30,Lahore,Sports,Online,Regular,98.81,6,10,No,4.0,511.01,113.13,No
ORD500958,2025-03-30,Lahore,Beauty,In-Store,New,15.76,4,5,No,1.9,58.23,8.99,Yes
ORD500391,2025-03-30,Karachi,Beauty,Online,Regular,39.55,5,20,Yes,3.6,164.43,17.4,No
ORD501298,2025-03-30,Lahore,Beauty,Mobile App,Regular,20.76,4,10,Yes,3.7,71.47,17.44,No
ORD500708,2025-03-30,Karachi,Home & Kitchen,In-Store,Regular,39.57,4,5,No,5.0,150.96,53.41,No
ORD500125,2025-03-31,Islamabad,Electronics,In-Store,New,,4,20,Yes,4.0,995.12,245.89,No
ORD501798,2025-04-01,Lahore,Beauty,In-Store,New,18.58,4,0,No,4.3,73.73,19.07,No
ORD500668,2025-04-02,Karachi,Clothing,Online,Regular,35.08,3,0,No,3.6,109.43,51.02,No
ORD502766,2025-04-02,Multan,Electronics,In-Store,Regular,542.65,7,10,No,5.0,3278.28,423.86,No
ORD502449,2025-04-03,Faisalabad,Home & Kitchen,In-Store,Premium,77.91,14,5,No,3.4,1001.21,262.89,No
ORD501305,2025-04-03,Karachi,Groceries,Online,Premium,,12,0,Yes,4.0,200.21,40.26,No
ORD501117,2025-04-03,Lahore,Clothing,Online,Regular,66.89,3,0,No,2.8,203.94,71.21,Yes
ORD502582,2025-04-04,Faisalabad,Beauty,Online,Regular,,6,15,Yes,4.8,115.57,20.58,No
ORD502237,2025-04-04,Multan,Groceries,In-Store,Premium,11.35,4,0,No,2.1,45.88,20.29,Yes
ORD501431,2025-04-05,Karachi,Clothing,In-Store,Regular,30.89,8,20,Yes,3.1,206.34,32.79,No
ORD500523,2025-04-06,Karachi,Clothing,Online,Regular,67.2,3,0,No,3.8,209.69,94.69,No
ORD501334,2025-04-06,Islamabad,Home & Kitchen,Online,Regular,59.68,6,10,No,5.0,308.69,64.93,No
ORD501579,2025-04-07,Karachi,Beauty,Online,New,30.97,5,0,Yes,4.1,150.65,55.72,No
ORD502675,2025-04-07,Karachi,Home & Kitchen,In-Store,Premium,64.79,7,0,No,3.6,431.45,108.57,No
ORD501946,2025-04-07,Karachi,Groceries,In-Store,Regular,18.61,1,10,No,4.3,17.1,2.32,No
ORD500544,2025-04-07,Lahore,Home & Kitchen,In-Store,Regular,94.41,5,0,No,4.1,462.46,167.16,No
ORD501980,2025-04-07,Lahore,Home & Kitchen,Mobile App,Premium,49.91,4,0,No,,196.42,58.82,No
ORD502849,2025-04-07,Karachi,Electronics,In-Store,Premium,552.53,4,25,Yes,3.4,1599.36,208.68,No
ORD501205,2025-04-07,Lahore,Electronics,In-Store,New,336.98,4,10,No,3.7,1249.63,488.63,No
ORD502000,2025-04-07,Karachi,Beauty,In-Store,New,20.74,5,15,Yes,5.0,90.5,18.47,No
ORD501162,2025-04-07,Lahore,Sports,In-Store,Regular,69.06,5,0,No,4.4,340.3,83.85,No
ORD502174,2025-04-08,Faisalabad,Groceries,Mobile App,,15.64,4,0,No,3.9,64.62,29.22,No
ORD502673,2025-04-08,Faisalabad,Electronics,In-Store,New,553.44,2,10,No,,968.48,104.31,No
ORD500388,2025-04-09,Karachi,Sports,Online,,55.02,3,0,No,3.2,171.37,60.26,Yes
ORD501211,2025-04-09,Lahore,Sports,Online,New,89.14,4,10,No,,323.51,109.49,No
ORD501097,2025-04-09,Lahore,Beauty,Online,Regular,32.98,9,25,Yes,4.0,215.35,1.81,No
ORD502200,2025-04-10,Islamabad,Beauty,Mobile App,New,24.29,4,10,No,4.2,89.46,26.26,No
ORD501368,2025-04-10,Karachi,Sports,In-Store,New,64.25,4,10,No,3.4,223.8,63.18,No
ORD500470,2025-04-10,Islamabad,Home & Kitchen,Mobile App,Premium,69.63,8,5,No,4.7,549.63,202.24,No
ORD500597,2025-04-10,Karachi,Home & Kitchen,Mobile App,Premium,41.91,3,10,No,3.2,112.72,33.45,Yes
ORD501272,2025-04-10,Karachi,Groceries,Mobile App,Premium,10.39,9,10,No,4.3,85.59,16.18,No
ORD500625,2025-04-11,Faisalabad,Home & Kitchen,Mobile App,Premium,40.81,11,5,Yes,4.6,427.43,143.33,No
ORD502473,2025-04-13,Multan,Sports,Online,Regular,85.98,6,0,Yes,4.1,516.62,154.62,No
ORD501531,2025-04-13,Faisalabad,Sports,In-Store,New,89.25,1,10,No,5.0,82.45,12.18,No
ORD500029,2025-04-14,Multan,Clothing,In-Store,New,31.19,8,15,Yes,3.9,207.15,49.24,No
ORD502824,2025-04-14,Faisalabad,Electronics,Online,Premium,,3,0,Yes,2.9,770.04,183.9,No
ORD502996,2025-04-14,Lahore,Groceries,In-Store,Regular,15.76,7,0,Yes,3.4,107.42,44.72,No
ORD501288,2025-04-14,Lahore,Home & Kitchen,Online,Regular,68.77,6,20,Yes,2.8,323.56,20.91,No
ORD501751,2025-04-14,Karachi,Sports,Mobile App,Premium,55.17,6,25,Yes,4.4,236.49,-10.78,No
ORD500533,2025-04-14,Faisalabad,Clothing,In-Store,,27.36,4,5,No,4.6,106.27,19.34,No
ORD501933,2025-04-14,Karachi,Electronics,In-Store,Regular,351.2,6,5,No,3.7,1946.99,616.12,No
ORD501119,2025-04-14,Islamabad,Clothing,Mobile App,New,46.89,2,0,No,,92.82,26.32,No
ORD502112,2025-04-14,Karachi,Sports,In-Store,Regular,55.5,6,10,No,5.0,314.09,90.53,No
ORD502513,2025-04-14,Islamabad,Groceries,In-Store,New,8.27,3,20,Yes,3.7,19.91,2.32,No
ORD502612,2025-04-15,Lahore,Sports,Mobile App,Premium,108.57,4,0,Yes,4.3,443.73,141.33,No
ORD502720,2025-04-15,Islamabad,Sports,Mobile App,New,111.86,5,10,Yes,3.8,501.46,143.26,No
ORD500239,2025-04-15,Lahore,Home & Kitchen,Mobile App,Regular,,4,10,Yes,2.9,228.0,46.19,No
ORD500719,2025-04-15,Karachi,Electronics,Mobile App,Regular,495.93,6,0,No,3.8,2917.4,839.64,No
ORD501204,2025-04-15,Karachi,Clothing,Online,New,51.56,6,10,No,2.0,284.25,54.79,Yes
ORD500500,2025-04-16,Islamabad,Beauty,Online,Regular,36.89,4,5,No,2.2,143.97,60.89,No
ORD501652,2025-04-16,Islamabad,Clothing,Online,Regular,44.97,6,5,No,4.1,267.87,100.55,Yes
ORD502962,2025-04-16,Karachi,Beauty,Online,Regular,22.03,4,15,Yes,2.9,77.28,25.54,Yes
ORD500927,2025-04-16,Islamabad,Home & Kitchen,Online,Regular,70.36,4,5,No,3.7,273.33,86.64,No
ORD501417,2025-04-17,Faisalabad,Sports,In-Store,,88.5,3,0,No,4.4,262.28,111.08,No
ORD500649,2025-04-17,Lahore,Electronics,In-Store,New,265.44,6,0,No,4.1,1568.01,602.66,No
ORD502691,2025-04-18,Karachi,Electronics,In-Store,Premium,381.14,4,0,Yes,3.9,1512.64,506.32,No
ORD501580,2025-04-18,Karachi,Clothing,Mobile App,Regular,48.06,8,5,No,4.1,348.9,41.61,No
ORD502746,2025-04-18,Karachi,Clothing,In-Store,Regular,54.79,7,0,No,,377.34,157.07,No
ORD502498,2025-04-18,Lahore,Sports,In-Store,Regular,106.64,3,0,No,5.0,321.83,88.82,Yes
ORD500121,2025-04-18,Multan,Electronics,Online,Regular,419.38,5,0,Yes,4.3,2069.53,760.04,No
ORD501491,2025-04-19,Karachi,Home & Kitchen,In-Store,Regular,50.76,6,0,No,4.5,313.42,140.38,No
ORD500146,2025-04-19,Lahore,Sports,Mobile App,Regular,85.0,4,5,No,4.5,339.0,84.49,No
ORD502422,2025-04-19,Karachi,Home & Kitchen,Online,Premium,73.32,9,0,No,2.9,641.08,206.81,No
ORD501146,2025-04-19,Karachi,Electronics,In-Store,New,475.76,5,0,No,3.9,2395.46,1060.06,No
ORD501308,2025-04-19,Multan,Beauty,In-Store,Regular,37.5,7,10,No,5.0,239.71,88.84,No
ORD501870,2025-04-19,Lahore,Home & Kitchen,In-Store,Regular,51.05,12,10,Yes,3.7,539.52,116.53,No
ORD500452,2025-04-19,Faisalabad,Sports,In-Store,Regular,63.15,7,25,Yes,,338.74,7.06,Yes
ORD501497,2025-04-20,Faisalabad,Beauty,Mobile App,,36.65,6,0,No,4.0,216.76,93.22,No
ORD501461,2025-04-21,Lahore,Home & Kitchen,Online,New,85.64,8,15,Yes,4.4,600.75,131.28,No
ORD502114,2025-04-21,Karachi,Beauty,Online,New,23.26,4,20,Yes,3.3,76.9,21.85,No
ORD500577,2025-04-21,Lahore,Electronics,Online,New,325.27,3,5,No,3.7,892.46,119.79,No
ORD501536,2025-04-21,Faisalabad,Groceries,Online,Regular,12.2,6,10,No,4.2,65.63,11.67,No
ORD502522,2025-04-22,Islamabad,Beauty,Mobile App,Regular,33.62,6,20,Yes,3.6,166.38,32.38,No
ORD502517,2025-04-22,Islamabad,Home & Kitchen,Online,Premium,54.63,6,25,Yes,2.3,241.34,30.93,Yes
ORD502367,2025-04-22,Karachi,Groceries,Online,New,15.31,3,5,Yes,3.8,45.35,9.97,No
ORD501806,2025-04-23,Karachi,Beauty,In-Store,Regular,26.38,6,0,No,3.5,160.54,53.14,No
ORD500282,2025-04-23,Lahore,Electronics,In-Store,New,514.27,5,0,No,4.2,2698.99,1222.22,No
ORD500763,2025-04-24,Faisalabad,Clothing,In-Store,Regular,64.24,11,20,Yes,4.6,556.28,125.87,No
ORD500635,2025-04-24,Lahore,Home & Kitchen,Online,,70.57,3,0,No,3.0,220.51,71.46,No
ORD500041,2025-04-24,Lahore,Groceries,Mobile App,Regular,13.37,3,0,Yes,4.0,40.28,9.87,No
ORD501321,2025-04-24,Karachi,Beauty,Mobile App,,34.51,3,0,Yes,4.8,100.36,28.67,No
ORD501459,2025-04-25,Multan,Clothing,In-Store,New,44.7,5,0,No,5.0,217.76,85.76,No
ORD502754,2025-04-25,Faisalabad,Beauty,In-Store,Regular,27.38,4,5,No,3.1,99.26,29.47,No
ORD502341,2025-04-27,Karachi,Clothing,In-Store,Regular,60.48,2,0,No,3.6,116.42,45.81,No
ORD500691,2025-04-27,Multan,Home & Kitchen,Mobile App,Regular,64.92,3,10,No,4.1,182.81,29.54,No
ORD502130,2025-04-27,Lahore,Clothing,In-Store,Regular,29.09,9,0,No,2.9,270.58,100.08,No
ORD500693,2025-04-27,Lahore,Sports,Online,Regular,,5,20,Yes,4.5,432.01,59.27,No
ORD500066,2025-04-27,Lahore,Home & Kitchen,Online,Regular,46.13,3,10,No,3.6,123.91,41.28,No
ORD502040,2025-04-28,Islamabad,Groceries,Online,New,16.22,1,0,Yes,3.9,16.76,4.26,No
ORD501836,2025-04-28,Karachi,Electronics,In-Store,New,533.82,4,5,No,3.2,2123.84,665.15,No
ORD500983,2025-04-29,Lahore,Electronics,Online,Premium,246.29,7,10,No,3.0,1488.02,518.16,No
ORD500264,2025-04-29,Lahore,Sports,Online,Regular,44.47,7,10,Yes,3.0,281.36,66.94,Yes
ORD501201,2025-04-29,Karachi,Electronics,Mobile App,New,224.92,5,15,Yes,2.3,911.13,291.28,Yes
ORD502636,2025-04-29,Faisalabad,Clothing,Online,Regular,37.78,5,0,No,4.0,179.77,65.17,No
ORD501153,2025-04-29,Lahore,Electronics,Mobile App,New,383.34,4,15,Yes,5.0,1298.53,218.51,No
ORD500447,2025-04-30,Karachi,Beauty,In-Store,Premium,29.05,9,5,No,3.4,248.98,57.81,No
ORD502031,2025-05-01,Karachi,Home & Kitchen,In-Store,Regular,59.23,4,5,No,2.1,225.82,55.88,No
ORD501325,2025-05-01,Islamabad,Beauty,Online,Regular,30.71,3,5,No,3.1,86.32,22.92,No
ORD500412,2025-05-01,Islamabad,Clothing,Online,New,47.87,3,0,No,4.0,143.13,58.57,No
ORD500607,2025-05-01,Lahore,Home & Kitchen,In-Store,Regular,63.48,6,0,No,3.4,390.43,102.65,No
ORD502355,2025-05-02,Lahore,Sports,In-Store,Regular,87.71,2,0,No,3.9,180.47,43.54,No
ORD500776,2025-05-02,Lahore,Home & Kitchen,Online,New,,1,20,Yes,,39.59,4.88,No
ORD501150,2025-05-03,Islamabad,Groceries,Online,New,8.17,4,10,No,3.2,30.12,5.22,No
ORD501756,2025-05-03,Lahore,Electronics,Mobile App,New,284.36,2,10,No,3.2,498.48,82.62,Yes
ORD501525,2025-05-04,Faisalabad,Beauty,Online,Premium,24.01,5,15,Yes,1.8,106.66,31.53,Yes
ORD501395,2025-05-04,Islamabad,Home & Kitchen,In-Store,,77.87,3,25,Yes,3.3,169.7,37.21,No
ORD502246,2025-05-04,Multan,Electronics,,Premium,236.63,8,25,Yes,5.0,1484.16,213.2,No
ORD502866,2025-05-05,Multan,Groceries,Online,Premium,18.91,10,5,No,3.7,170.82,24.07,No
ORD502201,2025-05-05,Karachi,Electronics,Online,Regular,321.11,4,0,No,3.6,1235.76,225.88,No
ORD502666,2025-05-07,Multan,Clothing,Mobile App,Regular,56.71,8,20,Yes,,374.82,49.54,No
ORD501073,2025-05-07,Karachi,Home & Kitchen,In-Store,Premium,48.53,5,20,Yes,3.7,195.48,53.53,No
ORD500982,2025-05-07,Lahore,Beauty,Mobile App,Premium,31.26,9,0,No,4.5,287.45,88.3,No
ORD502519,2025-05-07,Islamabad,Groceries,Online,New,11.24,3,15,Yes,4.5,29.25,8.25,No
ORD500090,2025-05-07,Lahore,Clothing,Mobile App,Regular,35.3,3,5,No,3.3,105.08,41.7,No
ORD501369,2025-05-08,Lahore,Home & Kitchen,In-Store,Regular,81.97,1,0,No,3.6,84.44,19.05,No
ORD501091,2025-05-08,Karachi,Sports,In-Store,Regular,54.64,4,10,No,4.9,195.96,57.25,No
ORD500539,2025-05-09,Islamabad,Beauty,In-Store,Premium,32.81,5,0,No,4.2,160.78,41.36,No
ORD502164,2025-05-09,Lahore,Beauty,Mobile App,Regular,22.1,6,10,No,5.0,119.59,30.86,No
ORD500912,2025-05-09,Lahore,Electronics,Mobile App,Regular,273.52,6,10,No,3.8,1443.08,505.51,No
ORD501560,2025-05-10,Faisalabad,Beauty,In-Store,Regular,16.69,1,15,Yes,4.1,14.01,3.74,No
ORD501029,2025-05-11,Karachi,Groceries,In-Store,New,14.08,1,15,Yes,3.3,11.92,1.32,No
ORD502277,2025-05-11,Karachi,Sports,In-Store,New,64.98,5,0,No,5.0,326.57,114.71,No
ORD500380,2025-05-12,Lahore,Home & Kitchen,Online,Regular,79.86,5,0,No,4.6,393.24,171.49,No
ORD502047,2025-05-12,Lahore,Electronics,Mobile App,Regular,334.53,3,5,Yes,5.0,1000.14,417.54,No
ORD502912,2025-05-12,Multan,Groceries,Online,Premium,9.89,4,0,No,4.1,38.91,14.1,Yes
ORD501907,2025-05-12,Lahore,Home & Kitchen,Online,Regular,95.62,5,10,Yes,4.8,423.34,72.35,No
ORD500332,2025-05-13,Lahore,Home & Kitchen,In-Store,New,36.34,5,5,No,5.0,170.43,34.53,No
ORD501442,2025-05-13,Islamabad,Clothing,Mobile App,Premium,28.78,9,0,No,3.3,264.65,112.71,No
ORD500193,2025-05-13,Karachi,Groceries,Online,Regular,12.37,3,0,No,5.0,37.45,12.49,No
ORD500488,2025-05-13,Karachi,Sports,Online,Premium,65.36,6,0,No,4.5,377.51,142.91,No
ORD502280,2025-05-13,Multan,Sports,Online,New,79.0,4,0,No,4.2,305.95,121.89,No
ORD501037,2025-05-13,Faisalabad,Electronics,Online,Regular,501.27,6,25,Yes,2.5,2242.43,263.0,No
ORD502520,2025-05-14,Lahore,Electronics,Online,New,398.07,2,5,No,3.3,760.91,265.07,No
ORD502694,2025-05-14,Lahore,Electronics,Mobile App,Regular,385.24,4,25,Yes,1.9,1147.05,208.21,No
ORD501779,2025-05-14,Lahore,Electronics,Online,New,524.12,4,5,No,3.4,2063.5,566.08,No
ORD502358,2025-05-14,Multan,Groceries,In-Store,,15.21,6,10,No,3.6,81.08,12.2,Yes
ORD502165,2025-05-15,Lahore,Clothing,Mobile App,New,27.76,4,0,No,4.3,108.13,22.17,No
ORD500099,2025-05-15,Lahore,Beauty,Online,New,16.57,5,10,No,3.8,77.2,12.94,No
ORD502890,2025-05-15,Lahore,Groceries,Online,Premium,8.09,4,20,Yes,3.1,25.32,4.6,No
ORD500808,2025-05-15,Karachi,Groceries,In-Store,Premium,8.5,9,10,No,5.0,71.36,10.46,No
ORD500636,2025-05-15,Islamabad,Electronics,Mobile App,,,4,0,No,2.6,863.38,301.85,No
ORD500383,2025-05-16,Karachi,Groceries,Online,New,8.44,3,5,No,3.2,23.35,9.33,No
ORD500796,2025-05-16,Faisalabad,Groceries,In-Store,Regular,15.61,8,5,No,4.5,119.36,43.8,No
ORD501949,2025-05-16,Faisalabad,Beauty,In-Store,Regular,17.01,2,0,No,4.2,33.46,9.44,No
ORD500466,2025-05-17,Karachi,Beauty,Online,Premium,18.62,8,5,No,3.4,144.63,49.1,No
ORD500423,2025-05-17,Karachi,Groceries,Online,Regular,16.97,4,5,No,2.7,63.01,15.49,No
ORD501038,2025-05-18,Lahore,Clothing,Mobile App,Premium,46.84,6,10,No,5.0,254.91,72.07,No
ORD502651,2025-05-18,Lahore,Clothing,In-Store,Regular,34.83,7,0,No,4.1,232.37,49.73,No
ORD501158,2025-05-18,Multan,Electronics,In-Store,Regular,238.33,6,5,No,2.7,1332.86,369.36,No
ORD500457,2025-05-19,Islamabad,Beauty,Online,Premium,38.35,4,0,No,,159.25,66.86,No
ORD500666,2025-05-19,Karachi,Home & Kitchen,In-Store,Regular,41.78,8,20,Yes,3.6,263.65,41.72,No
ORD501567,2025-05-19,Lahore,Clothing,Online,Regular,40.49,4,0,No,4.0,154.44,33.09,No
ORD500882,2025-05-20,Islamabad,Electronics,,New,358.05,4,0,No,3.5,1363.17,450.42,No
ORD500235,2025-05-20,Islamabad,Electronics,Online,Premium,226.57,8,25,Yes,3.3,1419.17,119.33,Yes
ORD500321,2025-05-20,Lahore,Groceries,In-Store,Regular,8.67,5,10,No,2.4,40.44,15.13,No
ORD500720,2025-05-20,Karachi,Groceries,In-Store,New,18.89,3,0,No,4.2,58.09,14.91,No
ORD502425,2025-05-21,Karachi,Electronics,In-Store,New,284.29,4,10,No,4.3,1056.02,257.83,No
ORD501654,2025-05-21,Islamabad,Groceries,Mobile App,Premium,12.22,5,0,No,3.7,58.59,23.38,No
ORD502100,2025-05-21,Islamabad,Beauty,Online,New,20.37,6,5,No,3.7,111.9,44.5,No
ORD501594,2025-05-22,Lahore,Home & Kitchen,Mobile App,Regular,40.21,3,0,No,5.0,118.17,43.45,No
ORD502921,2025-05-22,Multan,Clothing,In-Store,New,69.58,2,15,Yes,,120.81,29.41,No
ORD500174,2025-05-22,Faisalabad,Home & Kitchen,In-Store,Premium,,4,25,Yes,3.4,219.03,49.63,No
ORD502794,2025-05-22,Islamabad,Beauty,In-Store,Regular,34.4,8,10,Yes,4.0,245.35,43.29,No
ORD500804,2025-05-23,Lahore,Sports,Online,New,83.4,5,0,No,4.2,420.77,176.97,No
ORD501528,2025-05-23,Multan,Home & Kitchen,In-Store,Premium,75.2,4,0,No,3.7,305.19,64.62,No
ORD501739,2025-05-23,Islamabad,Groceries,In-Store,Regular,10.04,1,0,No,,9.94,3.29,No
ORD502110,2025-05-23,Islamabad,Clothing,In-Store,Regular,48.5,8,20,Yes,4.2,308.92,14.56,No
ORD500519,2025-05-24,Faisalabad,Groceries,Online,Regular,18.36,3,0,No,3.4,54.0,19.3,No
ORD502895,2025-05-24,Islamabad,Beauty,In-Store,Regular,16.0,3,0,No,3.8,49.99,20.79,No
ORD500259,2025-05-24,Lahore,Sports,In-Store,Premium,96.66,4,5,No,4.3,357.33,140.37,No
ORD502451,2025-05-25,Karachi,Clothing,Mobile App,New,44.2,5,20,Yes,3.7,170.78,39.75,No
ORD501965,2025-05-25,Karachi,Electronics,In-Store,Regular,443.61,3,5,No,4.7,1244.13,264.32,No
ORD502470,2025-05-25,Lahore,Electronics,In-Store,New,361.51,3,0,No,3.8,1075.78,266.0,No
ORD502265,2025-05-26,Karachi,Sports,In-Store,Regular,99.89,6,10,No,4.3,553.06,136.85,Yes
ORD501555,2025-05-26,Lahore,Groceries,In-Store,Premium,15.29,3,5,No,3.5,41.71,11.39,No
ORD502501,2025-05-26,Lahore,Clothing,Online,Regular,52.99,5,15,Yes,,229.53,18.6,Yes
ORD500350,2025-05-26,Faisalabad,Clothing,Mobile App,Regular,46.03,8,15,Yes,3.8,326.37,92.17,No
ORD502093,2025-05-27,Karachi,Beauty,In-Store,New,21.57,5,10,No,,100.41,36.04,No
ORD501876,2025-05-27,Karachi,Groceries,Online,Premium,,4,5,No,4.5,42.25,8.9,No
ORD500224,2025-05-28,Karachi,Home & Kitchen,In-Store,New,68.08,7,15,Yes,5.0,412.57,114.55,No
ORD501586,2025-05-28,Islamabad,Groceries,Online,New,,3,5,No,2.4,28.94,6.65,No
ORD501551,2025-05-28,Multan,Electronics,Mobile App,Regular,241.94,1,10,No,3.4,220.07,39.14,No
ORD502085,2025-05-28,Lahore,Clothing,In-Store,New,58.98,2,5,No,4.5,114.36,35.94,No
ORD500550,2025-05-28,Karachi,Beauty,In-Store,New,37.45,2,15,Yes,3.8,63.12,14.36,No
ORD501902,2025-05-28,Lahore,Beauty,Online,New,35.95,1,5,No,4.0,34.62,14.08,No
ORD500835,2025-05-28,Islamabad,Beauty,Online,Premium,26.85,4,0,Yes,4.8,106.19,33.81,No
ORD500073,2025-05-28,Lahore,Home & Kitchen,Online,Regular,62.13,3,0,No,3.7,187.62,68.73,No
ORD502550,2025-05-29,Lahore,Sports,In-Store,Regular,50.4,6,10,No,3.4,269.69,40.52,No
ORD500177,2025-05-29,Islamabad,Electronics,Online,Regular,439.65,7,10,No,2.9,2680.56,659.45,No
ORD502134,2025-05-29,Lahore,Groceries,Mobile App,New,10.34,1,5,No,3.5,10.25,2.83,No
ORD502472,2025-05-29,Islamabad,Sports,Online,Regular,42.51,4,25,Yes,,121.28,20.49,No
ORD502320,2025-05-30,Karachi,Clothing,Online,Regular,57.65,2,0,Yes,3.7,120.85,32.49,No
ORD500613,2025-05-31,Karachi,Home & Kitchen,Mobile App,New,79.9,2,10,No,4.2,148.59,56.59,No
ORD502977,2025-05-31,Faisalabad,Electronics,Online,New,310.37,2,5,No,4.5,608.48,233.75,No
ORD500141,2025-06-01,Karachi,Home & Kitchen,Online,New,62.54,6,5,No,4.1,359.08,139.89,No
ORD502048,2025-06-01,Faisalabad,Beauty,Online,Premium,33.67,7,20,Yes,3.8,196.59,27.53,No
ORD501857,2025-06-01,Karachi,Beauty,Online,Premium,28.74,8,0,No,5.0,237.03,87.02,No
ORD501826,2025-06-01,Karachi,Groceries,In-Store,Regular,14.1,7,20,Yes,,77.1,9.56,No
ORD500345,2025-06-01,Faisalabad,Groceries,In-Store,Regular,16.56,6,0,No,5.0,98.36,36.6,No
ORD502254,2025-06-01,Faisalabad,Groceries,In-Store,Premium,11.37,9,25,Yes,5.0,75.11,11.7,No
ORD500614,2025-06-03,Faisalabad,Home & Kitchen,In-Store,Regular,50.98,3,20,Yes,4.1,121.19,18.66,No
ORD500694,2025-06-03,Lahore,Groceries,Mobile App,New,13.97,8,25,Yes,4.3,87.67,9.38,No
ORD500467,2025-06-03,Lahore,Clothing,Mobile App,Regular,51.49,3,0,No,4.0,155.46,35.94,No
ORD500923,2025-06-03,Faisalabad,Sports,Online,Regular,60.09,6,25,Yes,,272.0,62.18,Yes
ORD502083,2025-06-04,Islamabad,Sports,In-Store,New,77.66,5,25,Yes,3.3,286.12,62.55,No
ORD500839,2025-06-04,Karachi,Groceries,Mobile App,Premium,15.7,5,0,Yes,2.8,81.49,23.08,No
ORD500730,2025-06-04,Islamabad,Electronics,In-Store,New,427.57,2,0,No,4.0,885.17,203.93,No
ORD501347,2025-06-05,Multan,Home & Kitchen,In-Store,New,85.69,6,20,Yes,2.9,426.26,112.56,No
ORD500778,2025-06-05,Multan,Clothing,Online,New,65.18,3,0,Yes,5.0,185.99,46.49,No
ORD500178,2025-06-06,Karachi,Clothing,,Regular,70.08,7,10,No,3.8,441.84,131.6,No
ORD501174,2025-06-06,Lahore,Electronics,Online,Regular,293.46,5,0,No,3.0,1497.28,394.94,No
ORD502797,2025-06-07,Lahore,Sports,In-Store,Regular,56.03,5,10,No,5.0,244.25,37.89,No
ORD500336,2025-06-07,Lahore,Clothing,In-Store,Regular,55.76,3,0,No,5.0,158.97,57.36,No
ORD501711,2025-06-08,Multan,Beauty,In-Store,Premium,37.51,13,15,Yes,4.1,412.98,117.43,No
ORD500453,2025-06-08,Islamabad,Beauty,Online,Regular,18.49,4,0,Yes,3.1,70.73,26.94,No
ORD500334,2025-06-08,Karachi,Beauty,In-Store,Regular,33.06,1,0,Yes,3.8,31.62,10.87,No
ORD500852,2025-06-09,Lahore,Sports,In-Store,Regular,103.38,8,20,Yes,3.9,677.57,125.64,No
ORD502007,2025-06-09,Karachi,Home & Kitchen,Online,Regular,,4,10,No,,269.19,69.6,No
ORD501291,2025-06-10,Lahore,Beauty,In-Store,Regular,24.34,1,5,No,4.4,22.06,6.79,No
ORD500113,2025-06-10,Multan,Beauty,In-Store,Regular,28.49,4,5,No,2.9,112.4,36.26,No
ORD501727,2025-06-10,Faisalabad,Groceries,Mobile App,Premium,11.31,6,0,No,2.6,64.68,15.32,Yes
ORD501727,2025-06-10,Faisalabad,Groceries,Mobile App,Premium,11.31,6,0,No,2.6,64.68,15.32,Yes
ORD500387,2025-06-10,Karachi,Beauty,In-Store,Regular,35.94,5,0,No,3.9,171.35,33.85,No
ORD501415,2025-06-11,Lahore,Clothing,In-Store,Premium,55.13,5,0,No,,282.05,102.19,No
ORD502298,2025-06-11,Faisalabad,Clothing,Online,Premium,61.89,4,0,No,3.0,253.06,80.21,No
ORD502528,2025-06-11,Karachi,Home & Kitchen,Mobile App,Premium,80.53,6,0,No,4.1,500.88,231.29,No
ORD501081,2025-06-11,Karachi,Groceries,Mobile App,Premium,7.42,8,0,No,5.0,58.67,21.53,No
ORD500093,2025-06-12,Islamabad,Beauty,In-Store,Premium,,6,0,No,,238.71,101.11,No
ORD502602,2025-06-12,Faisalabad,Groceries,In-Store,Regular,15.13,3,5,No,4.6,41.26,8.4,No
ORD501749,2025-06-12,Islamabad,Sports,In-Store,Premium,90.16,6,15,Yes,4.0,453.01,27.06,Yes
ORD501546,2025-06-12,Lahore,Electronics,Mobile App,Premium,372.51,4,10,Yes,4.2,1364.9,439.74,No
ORD502920,2025-06-13,Islamabad,Sports,In-Store,Regular,76.83,7,0,No,,529.8,180.12,No
ORD501016,2025-06-14,Karachi,Groceries,In-Store,Regular,18.94,6,20,Yes,5.0,88.41,7.77,No
ORD502723,2025-06-14,Lahore,Home & Kitchen,In-Store,Regular,81.78,3,25,Yes,3.7,193.0,3.91,No
ORD502442,2025-06-14,Faisalabad,Electronics,Online,Regular,286.03,4,0,No,3.1,1107.02,468.81,Yes
ORD500780,2025-06-14,Karachi,Groceries,In-Store,New,7.46,3,0,No,3.8,22.33,6.79,No
ORD501230,2025-06-15,Karachi,Sports,In-Store,Regular,107.87,7,20,Yes,2.5,582.86,89.02,No
ORD500188,2025-06-15,Karachi,Home & Kitchen,In-Store,New,68.09,6,10,No,2.7,354.7,35.08,No
ORD501004,2025-06-15,Lahore,Groceries,In-Store,New,13.28,6,20,Yes,4.6,63.23,15.06,No
ORD501778,2025-06-15,Karachi,Electronics,Online,New,473.5,6,0,No,3.9,2795.63,719.73,No
ORD501678,2025-06-15,Karachi,Clothing,In-Store,Regular,48.12,3,5,Yes,3.7,131.67,33.51,Yes
ORD500993,2025-06-15,Multan,Groceries,Mobile App,New,12.06,9,0,No,5.0,110.11,28.04,No
ORD500598,2025-06-16,Islamabad,Clothing,Mobile App,Regular,37.11,4,0,No,4.5,145.41,30.68,No
ORD501539,2025-06-16,Faisalabad,Sports,Mobile App,Regular,47.42,4,0,No,4.7,194.13,87.94,No
ORD501952,2025-06-16,Karachi,Sports,Mobile App,New,66.72,2,5,No,4.4,130.0,56.51,No
ORD500394,2025-06-16,Faisalabad,Groceries,In-Store,Regular,14.82,6,5,No,4.4,80.77,26.56,Yes
ORD501263,2025-06-16,Karachi,Beauty,Online,New,34.89,3,15,Yes,2.7,85.04,25.58,No
ORD500732,2025-06-16,Karachi,Sports,Mobile App,Regular,70.64,5,0,No,5.0,356.36,153.78,No
ORD502342,2025-06-16,Islamabad,Clothing,Online,Premium,30.33,10,10,No,4.1,260.22,27.08,No
ORD501488,2025-06-17,Islamabad,Electronics,,Regular,428.7,5,0,No,4.1,2166.12,530.42,No
ORD502273,2025-06-17,Multan,Electronics,Mobile App,Premium,516.42,2,0,No,3.9,1057.89,284.44,No
ORD502479,2025-06-18,Lahore,Sports,In-Store,Regular,83.93,4,10,No,4.5,290.16,39.77,No
ORD500696,2025-06-18,Karachi,Clothing,In-Store,Regular,67.36,4,0,No,4.8,263.54,111.74,No
ORD500305,2025-06-18,Lahore,Groceries,In-Store,New,7.46,6,20,Yes,4.0,35.14,7.67,No
ORD502674,2025-06-18,Lahore,Home & Kitchen,In-Store,Regular,72.86,3,0,No,2.9,219.77,52.94,No
ORD502461,2025-06-19,Islamabad,Home & Kitchen,In-Store,New,37.94,2,10,No,5.0,70.85,25.72,No
ORD502107,2025-06-19,Karachi,Groceries,Mobile App,New,7.64,6,5,No,4.2,44.84,11.92,No
ORD502657,2025-06-19,Islamabad,Electronics,In-Store,Regular,,5,10,No,4.4,995.71,332.77,No
ORD501147,2025-06-19,Lahore,Electronics,In-Store,New,556.79,5,20,Yes,5.0,2161.15,547.02,No
ORD501681,2025-06-19,Karachi,Sports,Mobile App,New,89.81,5,20,Yes,4.5,373.56,90.88,No
ORD501047,2025-06-19,Lahore,Clothing,Online,Premium,47.23,3,10,No,2.6,132.64,54.51,No
ORD502315,2025-06-20,Faisalabad,Clothing,Online,Regular,55.05,4,0,No,3.7,209.51,49.74,No
ORD500437,2025-06-20,Lahore,Beauty,In-Store,New,27.11,3,5,No,4.2,75.89,15.92,Yes
ORD502162,2025-06-20,Karachi,Home & Kitchen,Online,Premium,62.99,2,0,No,5.0,131.67,38.43,No
ORD502941,2025-06-21,Karachi,Clothing,In-Store,Premium,43.31,10,10,No,3.4,383.01,115.03,No
ORD501171,2025-06-21,Islamabad,Clothing,,New,49.72,6,25,Yes,3.6,234.4,45.21,Yes
ORD501802,2025-06-21,Karachi,Groceries,In-Store,Premium,16.68,6,10,No,3.5,87.3,9.97,No
ORD501336,2025-06-21,Islamabad,Beauty,In-Store,Premium,19.29,5,15,Yes,3.0,80.95,9.16,No
ORD501367,2025-06-21,Karachi,Groceries,Mobile App,Regular,7.25,5,15,Yes,4.0,30.6,4.08,No
ORD501651,2025-06-22,Karachi,Electronics,Mobile App,Regular,421.06,3,0,No,4.1,1230.28,221.7,No
ORD502696,2025-06-23,Karachi,Beauty,Online,New,16.84,2,10,No,4.3,31.73,9.49,No
ORD501035,2025-06-23,Islamabad,Clothing,Online,Regular,36.6,9,15,Yes,3.2,268.3,75.77,No
ORD500551,2025-06-23,Islamabad,Clothing,Mobile App,Regular,27.55,6,15,Yes,3.4,141.2,50.19,No
ORD502336,2025-06-23,Lahore,Groceries,In-Store,Regular,10.36,4,15,Yes,3.1,33.66,9.41,No
ORD500214,2025-06-23,Islamabad,Beauty,Mobile App,New,37.94,2,5,No,4.4,69.96,21.55,No
ORD501837,2025-06-23,Lahore,Beauty,Online,New,24.93,2,10,No,2.9,46.67,11.89,No
ORD501183,2025-06-24,Faisalabad,Beauty,In-Store,Regular,32.94,8,15,Yes,3.9,213.85,14.75,No
ORD500916,2025-06-25,Lahore,Home & Kitchen,,Regular,58.2,8,5,No,2.7,427.84,125.15,No
ORD502949,2025-06-25,Faisalabad,Home & Kitchen,In-Store,Premium,62.5,6,0,No,2.4,383.65,111.8,No
ORD502139,2025-06-25,Faisalabad,Clothing,In-Store,Regular,39.05,2,10,No,3.4,70.52,20.93,No
ORD500074,2025-06-26,Islamabad,Sports,Mobile App,Premium,70.93,3,10,Yes,4.2,193.25,60.22,No
ORD501079,2025-06-26,Islamabad,Sports,Online,Regular,49.72,4,0,No,3.6,197.31,39.81,No
ORD500055,2025-06-26,Karachi,Home & Kitchen,Mobile App,Regular,87.65,2,0,No,4.4,171.67,36.35,No
ORD501872,2025-06-26,Lahore,Sports,Online,Premium,43.26,6,5,No,3.5,252.72,102.15,No
ORD502217,2025-06-26,Lahore,Groceries,Mobile App,New,8.36,3,0,No,4.5,25.95,6.76,Yes
ORD501849,2025-06-27,Karachi,Beauty,Mobile App,Premium,26.46,11,25,Yes,3.0,212.19,42.68,No
ORD502810,2025-06-27,Lahore,Beauty,Online,Premium,24.83,10,15,Yes,4.1,206.91,19.82,No
ORD501622,2025-06-27,Lahore,Groceries,In-Store,Regular,8.83,3,0,No,3.3,25.62,5.48,Yes
ORD502590,2025-06-28,Karachi,Home & Kitchen,Online,Premium,87.33,6,5,No,3.6,521.3,204.32,Yes
ORD501122,2025-06-28,Lahore,Home & Kitchen,In-Store,Regular,55.78,4,10,No,3.6,199.04,63.24,No
ORD502362,2025-06-28,Lahore,Beauty,In-Store,Regular,21.85,3,0,No,3.8,66.42,21.31,No
ORD500981,2025-06-28,Karachi,Beauty,In-Store,Regular,18.67,3,5,No,4.2,54.82,17.0,No
ORD501113,2025-06-28,Karachi,Groceries,Mobile App,Regular,11.48,4,10,No,4.4,42.98,9.56,No
ORD502850,2025-06-29,Karachi,Electronics,Online,New,277.65,4,20,Yes,2.8,874.43,107.28,No
ORD501217,2025-06-29,Karachi,Home & Kitchen,In-Store,Regular,74.73,5,0,No,4.3,360.36,138.24,No
ORD501276,2025-06-29,Faisalabad,Groceries,In-Store,Premium,10.68,4,0,Yes,3.2,44.44,13.31,No
ORD502671,2025-06-29,Lahore,Groceries,Online,New,10.83,8,10,No,2.3,76.47,25.96,Yes
ORD501701,2025-06-29,Faisalabad,Home & Kitchen,Online,Regular,86.95,6,5,No,3.0,505.36,102.56,No
ORD500777,2025-06-29,Multan,Groceries,In-Store,Premium,17.57,5,0,No,5.0,90.49,32.02,No
ORD501124,2025-06-29,Lahore,Beauty,In-Store,New,32.92,2,0,No,3.9,65.84,25.04,No
ORD500199,2025-06-30,Islamabad,Home & Kitchen,In-Store,Premium,91.33,7,5,No,3.2,589.1,141.64,No
ORD500785,2025-06-30,Faisalabad,Beauty,In-Store,Regular,26.43,3,5,Yes,1.9,72.09,13.64,Yes
ORD502686,2025-07-01,Karachi,Clothing,Mobile App,Regular,33.09,5,0,No,4.3,161.33,53.08,No
ORD502642,2025-07-01,Islamabad,Clothing,In-Store,New,42.68,2,0,No,2.9,88.37,27.85,Yes
ORD500222,2025-07-01,Faisalabad,Sports,In-Store,Regular,97.5,10,20,Yes,5.0,790.7,194.07,No
ORD500899,2025-07-02,Lahore,Groceries,In-Store,Regular,11.86,3,5,No,4.2,34.69,14.51,No
ORD502171,2025-07-02,Karachi,Groceries,Mobile App,Regular,,3,15,Yes,5.0,21.46,3.98,No
ORD502171,2025-07-02,Karachi,Groceries,Mobile App,Regular,,3,15,Yes,5.0,21.46,3.98,No
ORD500175,2025-07-02,Lahore,Electronics,In-Store,Premium,556.49,4,5,No,4.3,2167.14,700.81,Yes
ORD501994,2025-07-02,Islamabad,Home & Kitchen,In-Store,New,70.22,3,10,No,3.0,182.47,52.59,No
ORD500480,2025-07-03,Multan,Sports,In-Store,Regular,104.07,7,5,No,2.9,683.32,179.84,No
ORD500861,2025-07-03,Faisalabad,Electronics,In-Store,Premium,296.72,10,20,Yes,4.4,2368.87,100.29,No
ORD501906,2025-07-03,Islamabad,Groceries,Online,Regular,14.12,6,25,Yes,4.3,66.17,1.3,No
ORD501109,2025-07-03,Lahore,Clothing,Online,Regular,42.56,4,20,Yes,4.3,141.75,43.08,Yes
ORD501530,2025-07-03,Faisalabad,Sports,In-Store,Regular,104.99,4,10,No,4.2,381.44,105.82,No
ORD502589,2025-07-04,Karachi,Clothing,In-Store,Premium,31.23,8,10,No,3.7,217.3,56.26,No
ORD502339,2025-07-04,Karachi,Sports,In-Store,Premium,43.17,8,15,Yes,3.5,297.16,34.78,No
ORD501783,2025-07-05,Faisalabad,Sports,In-Store,New,,3,0,No,4.4,262.47,59.02,No
ORD500280,2025-07-05,Karachi,Sports,In-Store,New,49.86,4,0,Yes,3.6,207.11,51.42,No
ORD502063,2025-07-05,Islamabad,Clothing,Online,Regular,66.67,4,15,Yes,3.5,229.62,70.4,No
ORD500026,2025-07-05,Lahore,Clothing,Online,Regular,58.45,4,5,No,3.8,225.42,90.53,No
ORD500281,2025-07-05,Karachi,Home & Kitchen,Online,Regular,79.9,8,15,Yes,3.3,540.6,132.75,No
ORD500171,2025-07-05,Islamabad,Clothing,In-Store,Regular,71.72,2,0,No,4.5,140.24,25.98,No
ORD500799,2025-07-06,Karachi,Beauty,In-Store,Regular,22.78,4,5,No,3.8,86.51,14.75,No
ORD501754,2025-07-06,Lahore,Home & Kitchen,In-Store,Regular,72.84,3,0,No,4.3,216.12,76.57,No
ORD500142,2025-07-06,Islamabad,Groceries,,Regular,18.25,8,10,No,4.1,130.37,41.22,No
ORD501830,2025-07-06,Faisalabad,Clothing,In-Store,Regular,64.85,6,5,No,4.9,379.29,88.72,No
ORD501545,2025-07-06,Karachi,Groceries,Online,Regular,8.38,4,0,No,4.5,34.38,13.53,No
ORD501794,2025-07-06,Lahore,Home & Kitchen,In-Store,New,78.99,2,0,No,4.1,163.47,43.71,No
ORD501377,2025-07-07,Multan,Home & Kitchen,In-Store,Premium,43.13,4,5,Yes,4.2,157.12,20.15,No
ORD501745,2025-07-07,Karachi,Home & Kitchen,Online,New,54.06,3,0,No,3.9,168.4,73.31,No
ORD500067,2025-07-07,Karachi,Electronics,Mobile App,New,256.53,3,0,Yes,,746.72,146.36,No
ORD500213,2025-07-07,Karachi,Home & Kitchen,Mobile App,Regular,95.83,8,0,No,4.4,759.19,237.53,No
ORD501248,2025-07-07,Islamabad,Home & Kitchen,In-Store,Regular,70.5,3,0,No,2.8,220.66,89.67,No
ORD501267,2025-07-08,Karachi,Home & Kitchen,Online,Premium,46.75,4,5,Yes,3.8,182.61,36.95,Yes
ORD502369,2025-07-09,Lahore,Beauty,Online,Regular,32.42,4,20,Yes,3.4,99.11,26.57,No
ORD501383,2025-07-09,Islamabad,Clothing,In-Store,Regular,46.94,2,0,No,,90.13,35.64,Yes
ORD500897,2025-07-09,Lahore,Home & Kitchen,Mobile App,New,70.7,3,5,No,4.4,209.69,80.19,No
ORD501224,2025-07-09,Lahore,Beauty,Mobile App,Regular,39.88,4,5,No,4.8,145.98,54.31,No
ORD501231,2025-07-09,Karachi,Electronics,Mobile App,Regular,360.09,2,10,No,2.6,665.31,115.05,No
ORD502990,2025-07-09,Faisalabad,Groceries,In-Store,Regular,12.92,2,0,No,2.7,26.41,10.41,No
ORD501679,2025-07-09,Islamabad,Clothing,Online,New,36.61,5,0,No,4.3,190.53,66.59,No
ORD501991,2025-07-10,Multan,Beauty,Online,New,34.29,2,10,No,4.3,60.34,18.71,No
ORD501828,2025-07-10,Karachi,Home & Kitchen,Mobile App,Premium,79.66,3,15,Yes,5.0,205.78,67.98,No
ORD502446,2025-07-10,Islamabad,Sports,Online,Regular,94.16,3,0,Yes,5.0,276.72,111.39,No
ORD502974,2025-07-10,Multan,Groceries,In-Store,Premium,14.26,6,10,No,4.7,80.16,32.4,No
ORD502776,2025-07-11,Islamabad,Electronics,Online,Regular,503.8,5,10,No,3.6,2283.58,615.98,No
ORD502968,2025-07-11,Lahore,Electronics,Mobile App,Regular,,3,20,Yes,3.6,1284.28,317.08,No
ORD502340,2025-07-11,Karachi,Groceries,Online,Regular,9.26,1,15,Yes,3.6,8.05,1.09,No
ORD501457,2025-07-11,Karachi,Groceries,Online,New,11.81,6,0,Yes,3.7,68.47,24.22,Yes
ORD501148,2025-07-12,Lahore,Electronics,In-Store,Regular,331.58,5,10,Yes,4.7,1473.26,490.3,No
ORD500845,2025-07-13,Lahore,Clothing,Mobile App,New,47.61,3,0,No,4.2,138.44,52.82,No
ORD500554,2025-07-13,Karachi,Beauty,Online,New,16.03,6,20,Yes,4.5,77.18,7.84,No
ORD502568,2025-07-14,Faisalabad,Home & Kitchen,In-Store,Premium,66.11,7,20,Yes,4.8,373.27,96.35,No
ORD500884,2025-07-14,Karachi,Electronics,In-Store,Regular,246.81,4,25,Yes,4.6,723.91,8.31,No
ORD500205,2025-07-15,Karachi,Clothing,,New,41.51,5,10,No,4.7,181.29,44.04,No
ORD501646,2025-07-15,Lahore,Groceries,Online,Regular,15.68,8,10,No,2.8,117.94,37.19,No
ORD501696,2025-07-16,Islamabad,Sports,In-Store,Regular,82.01,5,0,No,3.1,426.88,197.36,No
ORD501743,2025-07-16,Karachi,Electronics,In-Store,Premium,367.59,9,20,Yes,3.4,2671.73,722.21,No
ORD502033,2025-07-16,Islamabad,Electronics,Mobile App,Regular,,4,25,Yes,2.5,754.94,38.13,No
ORD500992,2025-07-17,Lahore,Electronics,In-Store,Premium,539.03,9,0,No,3.4,5027.57,1271.35,No
ORD501167,2025-07-17,Multan,Beauty,Mobile App,New,31.79,3,5,No,4.9,94.95,30.65,No
ORD500797,2025-07-17,Islamabad,Home & Kitchen,In-Store,Regular,83.1,3,0,Yes,2.8,254.51,60.61,No
ORD502268,2025-07-18,Islamabad,Home & Kitchen,In-Store,Regular,68.75,8,5,No,3.3,525.12,198.95,No
ORD500296,2025-07-18,Faisalabad,Beauty,Online,Regular,17.76,8,25,Yes,3.0,101.95,-3.21,No
ORD500698,2025-07-19,Faisalabad,Clothing,Online,New,37.25,3,0,No,3.4,108.8,27.13,No
ORD500772,2025-07-20,Karachi,Sports,Online,Regular,77.25,3,0,No,4.0,241.99,107.99,No
ORD500151,2025-07-20,Multan,Home & Kitchen,In-Store,New,82.86,7,10,No,4.2,538.27,81.99,No
ORD500101,2025-07-20,Karachi,Sports,In-Store,Regular,84.52,2,5,Yes,4.9,163.71,69.27,No
ORD502625,2025-07-20,Islamabad,Electronics,Online,Regular,323.25,6,0,No,2.6,1954.54,627.27,No
ORD500442,2025-07-20,Karachi,Home & Kitchen,Mobile App,New,53.99,3,0,Yes,5.0,155.12,41.77,No
ORD502388,2025-07-20,Multan,Sports,Online,New,48.09,5,5,No,4.2,230.77,65.02,No
ORD501508,2025-07-21,Karachi,Beauty,In-Store,New,20.97,3,0,Yes,,65.84,30.44,No
ORD500509,2025-07-21,Faisalabad,Home & Kitchen,In-Store,Regular,77.55,4,0,No,4.9,298.39,97.21,No
ORD502541,2025-07-22,Karachi,Clothing,Online,New,68.23,4,10,No,2.9,240.81,36.12,No
ORD501489,2025-07-23,Karachi,Clothing,In-Store,New,69.02,1,10,No,5.0,59.13,18.38,No
ORD502404,2025-07-23,Karachi,Electronics,Online,Regular,341.06,4,5,No,5.0,1298.25,418.79,No
ORD501332,2025-07-23,Multan,Sports,Mobile App,Regular,59.25,2,5,No,2.7,115.6,49.17,Yes
ORD502176,2025-07-23,Islamabad,Beauty,In-Store,Regular,31.2,3,0,No,4.6,95.55,26.1,No
ORD501465,2025-07-23,Multan,Beauty,Mobile App,Regular,19.75,6,5,No,2.9,116.31,26.56,No
ORD501942,2025-07-24,Karachi,Beauty,Online,Premium,38.09,4,5,No,3.6,143.77,58.37,No
ORD500094,2025-07-25,Faisalabad,Home & Kitchen,Online,Regular,82.25,3,0,Yes,3.0,244.25,56.1,No
ORD501950,2025-07-25,Faisalabad,Sports,In-Store,Regular,72.66,4,5,No,3.1,288.37,82.51,No
ORD502729,2025-07-25,Karachi,Groceries,Mobile App,New,8.19,6,5,No,4.0,45.61,15.23,No
ORD502747,2025-07-25,Islamabad,Electronics,In-Store,Premium,223.01,9,20,Yes,4.0,1583.14,416.68,No
ORD501723,2025-07-26,Islamabad,Beauty,In-Store,Regular,37.03,7,10,Yes,5.0,244.23,65.35,No
ORD500217,2025-07-27,Lahore,Sports,In-Store,New,61.52,2,5,No,5.0,114.22,32.05,No
ORD500371,2025-07-27,Faisalabad,Beauty,Mobile App,New,19.98,6,5,No,4.5,111.66,29.6,No
ORD502256,2025-07-27,Lahore,Electronics,Mobile App,New,253.75,3,5,No,4.7,720.07,160.05,No
ORD502779,2025-07-28,Faisalabad,Clothing,Mobile App,New,47.25,7,15,Yes,4.2,275.83,30.8,No
ORD501634,2025-07-30,Lahore,Electronics,In-Store,Regular,364.33,2,5,No,4.5,679.6,130.08,No
ORD502804,2025-07-30,Lahore,Home & Kitchen,In-Store,Regular,38.36,3,15,Yes,4.9,99.35,27.66,No
ORD501527,2025-07-30,Faisalabad,Sports,In-Store,Premium,84.2,8,10,Yes,,635.34,118.7,No
ORD501145,2025-07-31,Lahore,Clothing,In-Store,Regular,27.13,2,5,No,3.7,50.83,20.13,No
ORD501801,2025-07-31,Lahore,Clothing,Online,Regular,41.37,4,20,Yes,4.2,129.25,31.92,No
ORD500712,2025-07-31,Lahore,Electronics,Online,,291.18,6,20,Yes,2.5,1387.12,222.57,No
ORD502343,2025-08-01,Lahore,Groceries,Online,Premium,11.27,8,0,No,3.0,91.97,36.73,No
ORD501219,2025-08-01,Karachi,Groceries,Online,New,18.9,5,20,Yes,3.5,75.43,13.83,No
ORD501154,2025-08-01,Lahore,Sports,In-Store,New,60.33,2,10,No,4.8,112.53,33.92,No
ORD501721,2025-08-02,Lahore,Sports,In-Store,New,87.19,1,10,No,,81.32,16.33,No
ORD501824,2025-08-02,Lahore,Groceries,In-Store,Regular,13.27,4,0,No,1.7,52.23,20.63,No
ORD501928,2025-08-02,Lahore,Electronics,In-Store,Regular,462.23,2,0,No,3.4,933.54,374.93,No
ORD502274,2025-08-02,Lahore,Sports,Online,Premium,107.84,1,0,No,2.5,103.08,30.2,No
ORD500025,2025-08-02,Islamabad,Clothing,Mobile App,Regular,55.2,6,0,No,,316.62,108.94,No
ORD502194,2025-08-02,Lahore,Groceries,Mobile App,Regular,13.98,3,0,No,2.5,40.15,11.45,No
ORD500628,2025-08-03,Karachi,Clothing,In-Store,Regular,64.04,3,20,Yes,3.9,150.69,32.91,Yes
ORD502053,2025-08-03,Karachi,Clothing,Online,Regular,27.1,7,5,No,2.6,175.87,60.16,Yes
ORD502138,2025-08-04,Islamabad,Home & Kitchen,In-Store,Regular,51.39,5,15,Yes,3.2,226.7,28.18,No
ORD502994,2025-08-04,Karachi,Home & Kitchen,In-Store,Regular,40.29,4,5,No,4.6,159.4,45.09,No
ORD501490,2025-08-04,Lahore,Groceries,In-Store,Premium,17.89,4,10,No,3.8,62.31,17.9,No
ORD500802,2025-08-04,Islamabad,Sports,Online,New,105.97,7,15,Yes,,608.36,169.63,Yes
ORD500445,2025-08-04,Islamabad,Home & Kitchen,Mobile App,Regular,54.23,2,0,Yes,4.2,104.5,38.47,No
ORD500789,2025-08-05,Multan,Home & Kitchen,Online,New,38.12,4,15,Yes,4.3,131.78,39.34,No
ORD502891,2025-08-05,Lahore,Home & Kitchen,Online,New,49.44,8,25,Yes,2.4,293.13,57.25,Yes
ORD500189,2025-08-05,Karachi,Sports,Mobile App,Regular,93.64,1,20,Yes,4.8,72.74,14.46,No
ORD501979,2025-08-05,Lahore,Beauty,Online,Regular,33.78,2,0,Yes,2.3,67.32,19.32,No
ORD502768,2025-08-05,Karachi,Beauty,In-Store,Premium,26.61,5,0,No,4.6,137.28,63.92,No
ORD501561,2025-08-06,Lahore,Electronics,Mobile App,New,229.97,2,10,No,4.4,432.78,129.18,No
ORD500003,2025-08-06,Faisalabad,Groceries,Mobile App,Regular,13.73,8,5,No,3.1,107.73,39.83,No
ORD500936,2025-08-06,Multan,Electronics,Mobile App,Premium,445.92,4,0,No,4.3,1723.04,632.85,No
ORD501463,2025-08-06,Islamabad,Beauty,In-Store,Regular,16.25,4,15,Yes,5.0,53.64,3.56,No
ORD502220,2025-08-07,Islamabad,Beauty,In-Store,Regular,19.32,3,0,No,2.4,60.3,20.98,No
ORD502559,2025-08-07,Faisalabad,Beauty,Online,New,19.71,3,15,Yes,3.1,52.32,7.5,No
ORD502211,2025-08-07,Karachi,Home & Kitchen,Online,Regular,93.15,4,0,No,4.6,369.25,104.65,No
ORD502970,2025-08-07,Karachi,Clothing,,New,67.1,4,10,No,,249.95,54.07,No
ORD501963,2025-08-08,Islamabad,Clothing,Online,New,34.24,1,0,Yes,2.9,33.13,8.9,No
ORD502563,2025-08-08,Islamabad,Clothing,Online,Premium,29.46,4,5,No,3.1,113.66,35.47,No
ORD500976,2025-08-08,Lahore,Groceries,Mobile App,New,14.72,6,5,No,,82.59,24.44,No
ORD500389,2025-08-08,Faisalabad,Groceries,Mobile App,,9.43,6,5,No,4.0,54.01,17.17,Yes
ORD500008,2025-08-09,Islamabad,Sports,Online,Regular,48.75,4,0,Yes,2.8,190.66,76.3,Yes
ORD502753,2025-08-09,Karachi,Groceries,Online,Premium,14.17,5,0,Yes,3.5,67.39,26.14,No
ORD501058,2025-08-09,Islamabad,Sports,In-Store,Premium,50.51,2,10,Yes,4.7,91.73,32.86,No
ORD502266,2025-08-09,Lahore,Home & Kitchen,In-Store,New,73.18,3,0,Yes,4.0,210.49,72.89,No
ORD501386,2025-08-10,Faisalabad,Groceries,In-Store,New,15.84,6,10,No,3.7,85.42,17.11,No
ORD500030,2025-08-10,Lahore,Groceries,In-Store,New,10.98,3,0,No,3.3,33.76,13.34,No
ORD500460,2025-08-10,Multan,Electronics,In-Store,Premium,483.96,4,10,No,4.3,1694.76,245.95,No
ORD500529,2025-08-10,Karachi,Sports,Online,Regular,88.04,2,0,Yes,,175.89,36.19,No
ORD501881,2025-08-10,Lahore,Beauty,Mobile App,Regular,22.88,6,15,Yes,5.0,111.43,7.02,No
ORD502829,2025-08-10,Islamabad,Beauty,In-Store,Regular,33.88,3,0,No,2.1,105.16,43.45,No
ORD502591,2025-08-11,Faisalabad,Home & Kitchen,In-Store,Regular,,10,15,Yes,,617.23,158.35,No
ORD502518,2025-08-11,Karachi,Home & Kitchen,In-Store,Regular,94.17,4,20,Yes,3.9,309.34,26.01,No
ORD502507,2025-08-12,Islamabad,Electronics,In-Store,New,550.9,3,0,No,5.0,1600.05,570.1,No
ORD500468,2025-08-12,Karachi,Home & Kitchen,,New,39.53,3,0,Yes,4.7,120.06,40.29,No
ORD500816,2025-08-12,Lahore,Groceries,Online,Regular,12.85,1,5,No,,12.24,4.8,No
ORD502514,2025-08-12,Karachi,Sports,In-Store,Premium,102.28,5,20,Yes,3.2,398.47,53.07,No
ORD501366,2025-08-13,Islamabad,Electronics,In-Store,Regular,261.74,4,15,Yes,3.9,898.21,138.44,Yes
ORD501732,2025-08-13,Multan,Home & Kitchen,In-Store,Regular,64.59,7,20,Yes,,377.84,124.89,No
ORD502667,2025-08-13,Islamabad,Home & Kitchen,In-Store,Regular,,2,10,No,3.6,160.99,28.81,No
ORD501912,2025-08-13,Karachi,Beauty,In-Store,Regular,39.45,6,0,No,3.6,230.42,41.34,No
ORD501732,2025-08-13,Multan,Home & Kitchen,In-Store,Regular,64.59,7,20,Yes,,377.84,124.89,No
ORD501677,2025-08-14,Karachi,Home & Kitchen,Mobile App,Regular,93.03,8,5,No,4.2,704.56,282.08,No
ORD502056,2025-08-14,Karachi,Groceries,In-Store,Regular,18.88,4,5,Yes,5.0,72.56,12.86,No
ORD502377,2025-08-14,Lahore,Clothing,,Regular,46.34,6,10,No,3.8,245.96,29.64,No
ORD500687,2025-08-14,Multan,Beauty,Online,New,26.51,3,0,No,3.0,82.96,31.51,No
ORD501443,2025-08-15,Lahore,Home & Kitchen,Mobile App,Regular,43.52,4,5,No,3.2,166.96,51.54,No
ORD502198,2025-08-15,Multan,Home & Kitchen,Mobile App,Regular,38.89,5,15,Yes,4.9,172.46,33.69,No
ORD501044,2025-08-15,Islamabad,Sports,Mobile App,Regular,54.01,3,20,Yes,2.8,133.55,28.35,No
ORD500271,2025-08-15,Karachi,Electronics,In-Store,Premium,214.85,4,10,Yes,4.2,795.03,192.08,No
ORD502212,2025-08-15,Islamabad,Home & Kitchen,Online,Regular,48.33,2,0,Yes,3.7,100.37,35.04,No
ORD502270,2025-08-15,Faisalabad,Home & Kitchen,In-Store,Premium,73.03,5,15,Yes,4.8,314.17,72.03,No
ORD500706,2025-08-16,Islamabad,Groceries,Mobile App,Regular,15.36,6,5,No,5.0,86.25,19.52,No
ORD501854,2025-08-16,Faisalabad,Home & Kitchen,In-Store,Regular,81.63,4,5,No,3.3,299.88,95.32,No
ORD502034,2025-08-17,Lahore,Sports,In-Store,New,108.0,6,5,No,3.6,590.84,101.23,No
ORD501260,2025-08-17,Faisalabad,Groceries,In-Store,Regular,15.89,3,0,No,3.8,48.04,13.1,No
ORD502783,2025-08-17,Lahore,Sports,Online,Regular,106.85,2,0,No,4.3,224.37,67.21,No
ORD500403,2025-08-17,Karachi,Electronics,Online,Regular,318.55,4,5,Yes,3.7,1189.78,365.26,No
ORD502656,2025-08-17,Islamabad,Home & Kitchen,In-Store,Premium,67.1,9,25,Yes,3.0,430.38,16.95,Yes
ORD501797,2025-08-17,Multan,Clothing,In-Store,New,69.09,3,0,No,4.2,200.05,82.64,No
ORD501324,2025-08-18,Lahore,Groceries,In-Store,Regular,10.9,8,20,Yes,,67.31,8.08,No
ORD501194,2025-08-18,Faisalabad,Groceries,In-Store,Regular,10.24,6,0,No,4.5,62.72,19.3,No
ORD500017,2025-08-18,Lahore,Sports,Online,Premium,102.27,10,0,No,3.9,1054.87,376.31,No
ORD502899,2025-08-18,Multan,Groceries,Mobile App,New,9.35,3,0,No,,27.46,9.47,No
ORD502062,2025-08-20,Lahore,Sports,Mobile App,New,75.7,7,5,Yes,4.1,479.49,128.97,No
ORD501342,2025-08-20,Islamabad,Clothing,Mobile App,Premium,40.15,4,5,No,3.5,151.0,43.6,No
ORD500221,2025-08-21,Islamabad,Beauty,In-Store,Regular,33.22,3,20,Yes,4.9,80.2,8.55,No
ORD500410,2025-08-21,Lahore,Electronics,In-Store,New,513.71,2,15,Yes,5.0,889.62,205.44,No
ORD500032,2025-08-21,Islamabad,Groceries,In-Store,Regular,15.27,2,5,No,3.8,28.33,10.18,No
ORD500876,2025-08-21,Lahore,Beauty,Mobile App,Premium,35.12,10,15,Yes,4.2,305.37,91.76,No
ORD502618,2025-08-22,Faisalabad,Home & Kitchen,Mobile App,Regular,87.69,4,0,Yes,4.3,364.06,135.47,No
ORD500294,2025-08-22,Multan,Electronics,In-Store,Regular,552.35,6,5,No,4.0,3271.94,1077.07,No
ORD500721,2025-08-22,Karachi,Home & Kitchen,In-Store,Regular,85.95,4,0,No,4.7,335.19,94.67,No
ORD502468,2025-08-22,Islamabad,Sports,Mobile App,Regular,64.47,5,0,Yes,2.9,311.61,115.52,Yes
ORD500759,2025-08-22,Karachi,Clothing,In-Store,,,3,15,Yes,3.6,106.2,33.62,Yes
ORD502865,2025-08-22,Karachi,Electronics,In-Store,New,329.27,3,15,Yes,2.6,864.68,296.67,No
ORD502889,2025-08-23,Karachi,Beauty,,New,39.19,8,20,Yes,3.7,240.9,38.01,No
ORD502948,2025-08-23,Islamabad,Home & Kitchen,Mobile App,New,40.95,7,5,No,2.8,267.08,68.53,No
ORD501959,2025-08-23,Karachi,Beauty,In-Store,Regular,18.55,4,10,No,,65.83,10.05,No
ORD502077,2025-08-23,Karachi,Home & Kitchen,In-Store,Regular,93.79,6,25,Yes,4.3,433.71,103.35,No
ORD501354,2025-08-24,Islamabad,Home & Kitchen,Mobile App,Regular,81.87,8,5,No,3.9,644.77,244.49,No
ORD500241,2025-08-24,Faisalabad,Beauty,Online,,28.75,6,10,No,3.7,157.44,46.31,No
ORD502318,2025-08-24,Faisalabad,Electronics,Mobile App,Regular,,8,5,Yes,3.6,3640.9,696.02,Yes
ORD502020,2025-08-24,Lahore,Clothing,In-Store,Regular,54.66,4,0,No,3.7,212.06,42.41,No
ORD501655,2025-08-24,Multan,Home & Kitchen,In-Store,New,88.0,2,15,Yes,3.5,149.6,41.2,No
ORD500191,2025-08-24,Lahore,Electronics,Mobile App,New,278.15,6,0,Yes,4.7,1643.94,341.86,No
ORD501644,2025-08-25,Faisalabad,Groceries,Online,Regular,17.09,2,0,No,4.4,33.07,7.75,No
ORD502818,2025-08-25,Faisalabad,Beauty,In-Store,Regular,16.01,4,20,Yes,4.8,52.17,10.14,Yes
ORD500711,2025-08-25,Karachi,Groceries,Mobile App,Regular,8.01,8,5,No,3.9,62.6,15.15,No
ORD500907,2025-08-26,Faisalabad,Clothing,Mobile App,New,32.22,2,0,No,4.6,62.35,15.31,No
ORD500811,2025-08-27,Lahore,Beauty,Online,Regular,20.72,8,10,Yes,3.5,145.76,37.22,No
ORD500377,2025-08-27,Multan,Groceries,Mobile App,Regular,16.29,4,10,No,3.4,58.27,12.81,No
ORD501878,2025-08-27,Islamabad,Beauty,In-Store,Regular,38.73,3,5,No,4.4,108.08,35.17,No
ORD501582,2025-08-27,Multan,Clothing,In-Store,New,68.89,7,0,Yes,3.9,467.04,162.33,Yes
ORD500253,2025-08-27,Multan,Electronics,Online,New,215.07,4,25,Yes,3.5,635.91,-0.5,No
ORD500058,2025-08-27,Faisalabad,Home & Kitchen,Mobile App,New,78.2,8,20,Yes,3.5,510.07,101.25,No
ORD500045,2025-08-27,Islamabad,Sports,Mobile App,Premium,74.75,5,0,No,3.4,377.36,145.77,No
ORD502257,2025-08-27,Karachi,Clothing,In-Store,Regular,28.46,4,0,No,3.5,110.33,42.35,Yes
ORD502597,2025-08-28,Islamabad,Electronics,In-Store,New,402.39,3,5,No,3.7,1156.75,193.69,No
ORD501435,2025-08-28,Multan,Sports,In-Store,Regular,71.26,6,5,No,3.0,386.02,113.62,No
ORD502629,2025-08-28,Islamabad,Electronics,In-Store,Regular,402.76,5,15,Yes,4.9,1768.31,584.06,No
ORD502407,2025-08-28,Karachi,Sports,Mobile App,New,60.81,7,20,Yes,2.9,344.45,55.36,No
ORD502067,2025-08-29,Lahore,Sports,In-Store,New,107.68,1,10,No,4.1,98.61,17.26,No
ORD502113,2025-08-29,Multan,Sports,Online,New,87.02,4,20,Yes,2.0,279.23,87.36,No
ORD502349,2025-08-29,Karachi,Beauty,In-Store,Premium,35.08,6,10,No,3.7,181.63,64.92,No
ORD500318,2025-08-30,Lahore,Groceries,Online,Regular,13.69,7,5,No,5.0,91.57,22.85,No
ORD500860,2025-08-31,Karachi,Groceries,Online,Regular,13.63,3,0,No,,38.93,10.62,No
ORD500309,2025-09-01,Karachi,Sports,In-Store,Regular,95.33,4,10,No,,343.36,43.49,No
ORD500225,2025-09-01,Islamabad,Clothing,Mobile App,New,34.51,5,0,No,4.4,180.15,42.85,No
ORD501862,2025-09-01,Faisalabad,Groceries,In-Store,New,17.45,2,5,No,2.7,32.22,11.36,No
ORD502608,2025-09-02,Karachi,Clothing,Mobile App,Premium,60.71,4,0,No,3.1,235.85,100.54,No
ORD501254,2025-09-02,Lahore,Home & Kitchen,Online,Regular,81.41,5,0,No,5.0,418.91,167.08,No
ORD502853,2025-09-03,Karachi,Electronics,Online,New,221.07,2,0,No,3.6,454.8,185.12,No
ORD500946,2025-09-03,Islamabad,Clothing,Mobile App,New,28.98,5,10,Yes,3.5,127.75,27.2,Yes
ORD500943,2025-09-03,Lahore,Clothing,Online,New,54.31,8,25,Yes,3.8,339.37,68.35,No
ORD501137,2025-09-04,Karachi,Home & Kitchen,In-Store,Premium,48.14,3,5,No,5.0,132.15,17.12,No
ORD502801,2025-09-04,Karachi,Sports,In-Store,Regular,77.29,4,0,No,3.6,304.68,122.64,No
ORD500163,2025-09-04,Karachi,Home & Kitchen,Online,New,65.42,3,10,Yes,2.6,168.15,13.2,No
ORD501066,2025-09-04,Lahore,Beauty,In-Store,New,20.87,2,0,No,,40.64,12.75,No
ORD501822,2025-09-04,Lahore,Beauty,In-Store,Regular,17.41,3,5,No,3.9,48.75,14.94,No
ORD502616,2025-09-05,Karachi,Beauty,In-Store,Regular,22.91,2,0,No,4.7,47.68,19.91,No
ORD502616,2025-09-05,Karachi,Beauty,In-Store,Regular,22.91,2,0,No,4.7,47.68,19.91,No
ORD502782,2025-09-05,Islamabad,Clothing,Online,New,66.36,6,20,Yes,3.1,305.66,74.31,No
ORD501478,2025-09-06,Faisalabad,Clothing,Online,New,43.43,6,10,No,2.9,233.4,62.26,Yes
ORD501420,2025-09-06,Lahore,Clothing,Online,New,71.85,3,0,Yes,2.4,216.83,88.98,Yes
ORD501475,2025-09-07,Islamabad,Home & Kitchen,In-Store,Premium,88.89,11,15,Yes,3.4,798.5,202.16,No
ORD501242,2025-09-07,Islamabad,Groceries,In-Store,New,14.81,5,20,Yes,4.9,60.49,18.71,No
ORD501135,2025-09-07,Lahore,Sports,Online,New,100.64,1,10,No,4.7,93.29,33.36,No
ORD500111,2025-09-08,Islamabad,Electronics,In-Store,Regular,488.58,8,15,Yes,3.2,3449.93,551.55,No
ORD501282,2025-09-08,Islamabad,Electronics,Online,Premium,340.21,8,0,Yes,3.9,2813.43,1180.97,No
ORD501051,2025-09-08,Lahore,Beauty,Mobile App,Premium,,6,15,Yes,5.0,110.75,23.0,No
ORD500814,2025-09-08,Multan,Home & Kitchen,In-Store,New,56.81,2,20,Yes,3.7,89.76,15.08,No
ORD500308,2025-09-08,Karachi,Beauty,Mobile App,Regular,34.15,2,10,No,4.5,64.22,18.15,No
ORD501996,2025-09-09,Multan,Groceries,In-Store,New,8.75,6,20,Yes,2.9,41.16,9.45,No
ORD502303,2025-09-10,Islamabad,Groceries,Online,Regular,10.74,4,0,No,2.4,44.04,10.01,Yes
ORD501161,2025-09-11,Karachi,Sports,Online,Regular,72.13,8,5,No,3.7,546.01,226.15,No
ORD502419,2025-09-11,Lahore,Electronics,In-Store,New,265.36,3,5,Yes,3.9,760.11,180.51,No
ORD502004,2025-09-11,Islamabad,Beauty,Mobile App,New,26.35,5,25,Yes,5.0,97.93,13.37,No
ORD500475,2025-09-11,Multan,Clothing,In-Store,Regular,37.87,2,0,No,3.4,78.87,22.39,Yes
ORD502322,2025-09-12,Lahore,Beauty,Online,New,32.27,2,0,Yes,4.4,62.26,23.4,Yes
ORD501763,2025-09-12,Lahore,Groceries,Mobile App,Regular,11.77,6,0,No,5.0,73.61,32.46,No
ORD501851,2025-09-13,Lahore,Clothing,Mobile App,Premium,62.75,7,20,Yes,4.2,351.91,5.96,No
ORD502330,2025-09-13,Islamabad,Clothing,Mobile App,Regular,31.07,1,20,Yes,4.3,23.86,5.7,No
ORD500791,2025-09-13,Lahore,Clothing,In-Store,Regular,60.45,6,0,No,4.0,359.55,134.69,No
ORD502775,2025-09-13,Islamabad,Beauty,Mobile App,New,39.7,5,20,Yes,3.3,164.92,40.22,No
ORD501323,2025-09-13,Islamabad,Electronics,In-Store,Regular,552.25,4,10,No,3.8,1896.32,525.65,No
ORD502126,2025-09-13,Karachi,Clothing,In-Store,Regular,33.35,8,25,Yes,4.3,202.0,31.01,No
ORD500667,2025-09-14,Karachi,Groceries,In-Store,,13.08,3,10,Yes,3.9,34.64,5.72,No
ORD501658,2025-09-14,Lahore,Sports,In-Store,,86.0,4,5,No,5.0,340.85,71.67,No
ORD502411,2025-09-15,Islamabad,Home & Kitchen,Online,New,78.45,2,0,No,4.1,159.84,65.02,No
ORD501227,2025-09-15,Lahore,Clothing,In-Store,Regular,49.82,9,5,No,4.1,437.87,101.31,No
ORD500935,2025-09-15,Islamabad,Home & Kitchen,In-Store,Regular,68.98,10,10,No,4.2,631.98,182.84,No
ORD502309,2025-09-15,Faisalabad,Electronics,In-Store,Regular,311.17,4,20,Yes,3.9,1023.49,53.06,No
ORD502241,2025-09-16,Lahore,Home & Kitchen,In-Store,Premium,89.7,2,0,No,2.9,174.05,67.67,No
ORD502014,2025-09-16,Islamabad,Sports,In-Store,New,96.15,2,10,No,3.8,181.14,72.32,No
ORD502790,2025-09-16,Karachi,Electronics,In-Store,Premium,274.09,12,10,No,4.5,3099.79,1256.21,No
ORD502523,2025-09-16,Faisalabad,Home & Kitchen,Mobile App,Regular,86.81,3,0,No,3.9,260.86,111.55,No
ORD502689,2025-09-17,Islamabad,Electronics,In-Store,Regular,320.3,3,20,Yes,3.8,733.41,196.16,No
ORD501466,2025-09-17,Faisalabad,Beauty,In-Store,Premium,19.08,6,15,Yes,2.7,101.98,16.17,No
ORD502788,2025-09-18,Lahore,Groceries,Mobile App,Premium,12.11,4,10,No,3.7,42.45,11.88,No
ORD501376,2025-09-18,Lahore,Home & Kitchen,Mobile App,New,55.48,3,5,No,4.4,151.95,26.62,No
ORD501795,2025-09-18,Lahore,Beauty,In-Store,New,18.58,1,15,Yes,4.0,15.93,5.6,No
ORD501408,2025-09-18,Islamabad,Home & Kitchen,Mobile App,,95.67,12,20,Yes,3.0,961.42,126.09,No
ORD502129,2025-09-18,Islamabad,Home & Kitchen,In-Store,Regular,56.8,2,0,Yes,4.7,109.49,43.55,No
ORD501526,2025-09-19,Karachi,Clothing,In-Store,Premium,29.01,4,0,No,5.0,110.92,35.59,No
ORD501885,2025-09-19,Multan,Home & Kitchen,In-Store,Regular,95.7,3,5,No,1.6,282.12,121.4,Yes
ORD502275,2025-09-19,Islamabad,Home & Kitchen,In-Store,New,58.24,3,10,No,4.8,164.97,28.14,No
ORD500648,2025-09-20,Faisalabad,Clothing,In-Store,New,40.12,3,0,No,4.3,119.69,41.1,No
ORD502115,2025-09-20,Islamabad,Sports,Mobile App,,107.98,4,20,Yes,4.8,356.5,70.73,No
ORD501838,2025-09-20,Islamabad,Beauty,In-Store,,18.33,3,5,No,2.9,52.46,10.57,No
ORD500827,2025-09-20,Multan,Home & Kitchen,In-Store,New,44.5,1,10,Yes,4.2,39.98,5.21,No
ORD500279,2025-09-20,Karachi,Beauty,Online,New,,4,25,Yes,3.9,99.83,26.27,Yes
ORD501908,2025-09-20,Islamabad,Clothing,In-Store,,45.97,3,0,No,4.4,134.27,42.8,No
ORD500346,2025-09-20,Lahore,Beauty,Online,Premium,30.74,4,5,Yes,2.9,112.84,21.88,No
ORD500374,2025-09-20,Lahore,Clothing,Online,Regular,57.16,6,0,No,2.4,356.51,146.46,Yes
ORD501320,2025-09-21,Multan,Groceries,In-Store,Regular,8.85,2,0,No,3.7,17.26,7.12,No
ORD502227,2025-09-21,Faisalabad,Sports,Mobile App,New,48.29,3,0,Yes,4.9,144.77,63.8,No
ORD502795,2025-09-22,Faisalabad,Clothing,Mobile App,New,70.84,2,10,Yes,4.0,124.93,21.87,No
ORD501470,2025-09-22,Multan,Home & Kitchen,Mobile App,Regular,54.14,4,0,No,5.0,213.42,78.31,No
ORD502037,2025-09-22,Islamabad,Electronics,Mobile App,New,369.17,2,0,No,3.5,709.96,123.21,No
ORD500338,2025-09-23,Islamabad,Clothing,Online,Regular,37.09,4,0,No,2.7,143.2,58.78,No
ORD502239,2025-09-24,Faisalabad,Clothing,Online,New,47.41,4,5,No,2.3,182.68,69.15,Yes
ORD501689,2025-09-25,Multan,Beauty,In-Store,Regular,19.54,6,5,No,3.5,114.74,24.08,No
ORD501501,2025-09-25,Lahore,Beauty,Online,New,20.36,1,5,No,3.9,19.98,6.63,No
ORD500081,2025-09-26,Islamabad,Groceries,In-Store,Regular,14.21,6,20,Yes,4.5,65.19,16.15,No
ORD500278,2025-09-26,Islamabad,Electronics,In-Store,New,518.93,3,0,No,4.9,1609.25,423.4,No
ORD502682,2025-09-26,Karachi,Groceries,In-Store,Regular,16.74,6,15,Yes,3.3,86.96,23.78,No
ORD502310,2025-09-26,Karachi,Groceries,In-Store,Regular,9.97,5,0,No,3.8,51.19,17.48,No
ORD501603,2025-09-26,Lahore,Electronics,In-Store,Regular,327.1,8,0,Yes,2.4,2733.52,889.77,No
ORD502196,2025-09-26,Islamabad,Beauty,Online,Regular,27.79,4,5,No,4.6,103.21,36.31,No
ORD501032,2025-09-27,Islamabad,Groceries,Online,Regular,15.06,2,0,No,2.8,31.62,9.93,No
ORD500428,2025-09-27,Islamabad,Home & Kitchen,In-Store,New,,7,15,Yes,3.3,540.6,156.0,No
ORD500567,2025-09-28,Islamabad,Clothing,In-Store,Regular,42.85,2,10,No,4.6,77.1,18.17,No
ORD500263,2025-09-29,Karachi,Electronics,Online,Premium,254.22,6,5,Yes,4.8,1501.44,497.14,No
ORD501028,2025-09-29,Karachi,Clothing,Mobile App,New,71.45,6,10,No,5.0,380.12,43.66,No
ORD500987,2025-09-29,Karachi,Groceries,Mobile App,Regular,9.05,4,0,No,3.8,34.76,14.77,No
ORD502903,2025-09-29,Karachi,Electronics,In-Store,,379.08,5,10,Yes,2.0,1690.33,421.88,No
ORD502125,2025-09-29,Multan,Home & Kitchen,In-Store,New,78.29,3,0,No,3.0,229.76,60.68,No
ORD502305,2025-09-29,Karachi,Groceries,In-Store,New,16.72,4,0,No,4.0,68.54,16.35,No
ORD500426,2025-09-29,Islamabad,Sports,Online,New,110.27,2,0,No,5.0,217.24,75.38,No
ORD502291,2025-09-29,Karachi,Groceries,Online,New,12.22,3,0,No,4.5,35.43,11.65,Yes
ORD500881,2025-09-30,Faisalabad,Groceries,Online,Regular,,3,5,No,3.8,35.34,12.65,No
ORD500566,2025-09-30,Multan,Beauty,Online,New,29.59,3,5,No,3.2,87.61,28.1,Yes
ORD500087,2025-10-01,Lahore,Electronics,Online,Regular,554.67,7,20,Yes,3.7,3082.48,515.89,No
ORD502059,2025-10-01,Faisalabad,Groceries,Online,Regular,13.7,6,10,No,4.2,74.43,12.69,No
ORD500136,2025-10-01,Faisalabad,Groceries,Online,Regular,11.49,7,5,No,2.6,74.43,27.69,No
ORD502005,2025-10-02,Karachi,Groceries,Mobile App,Regular,13.75,6,20,Yes,4.6,63.62,3.17,No
ORD501863,2025-10-02,Faisalabad,Electronics,In-Store,Premium,444.42,2,15,Yes,4.2,718.64,78.5,No
ORD500578,2025-10-03,Multan,Groceries,In-Store,Regular,16.08,6,0,Yes,3.7,94.42,41.02,No
ORD502385,2025-10-03,Faisalabad,Beauty,Online,Premium,28.73,8,10,Yes,3.5,209.0,81.48,No
ORD501936,2025-10-03,Karachi,Sports,Online,New,76.19,3,0,No,4.6,239.89,66.48,No
ORD500012,2025-10-04,Faisalabad,Clothing,Online,New,40.09,3,0,No,5.0,119.84,31.21,No
ORD501394,2025-10-04,Lahore,Electronics,In-Store,Regular,324.35,7,0,Yes,4.2,2208.53,551.77,No
ORD502577,2025-10-04,Multan,Home & Kitchen,Online,Premium,40.19,7,5,No,2.7,270.74,92.86,No
ORD502430,2025-10-05,Karachi,Electronics,Mobile App,New,456.82,3,5,No,3.8,1338.82,305.16,No
ORD500798,2025-10-05,Faisalabad,Clothing,In-Store,Regular,59.03,1,5,No,4.2,57.76,22.3,No
ORD501437,2025-10-05,Lahore,Clothing,Online,New,42.59,2,0,No,3.5,88.01,31.08,No
ORD500272,2025-10-06,Karachi,Beauty,In-Store,Regular,23.35,3,0,No,3.1,70.63,14.68,No
ORD501275,2025-10-06,Islamabad,Electronics,In-Store,Regular,521.7,4,10,No,,1887.17,651.2,No
ORD500647,2025-10-06,Multan,Beauty,In-Store,New,16.95,9,15,Yes,3.9,128.82,21.48,Yes
ORD500599,2025-10-07,Karachi,Beauty,Mobile App,Premium,20.66,4,5,No,4.4,74.81,21.17,No
ORD502845,2025-10-07,Lahore,Home & Kitchen,Online,,86.87,4,5,No,3.7,315.47,62.11,No
ORD501563,2025-10-07,Karachi,Groceries,Online,New,15.85,2,10,No,3.8,29.17,8.99,No
ORD501159,2025-10-08,Islamabad,Sports,In-Store,New,44.69,4,5,No,4.9,172.25,41.0,No
ORD501399,2025-10-08,Lahore,Beauty,Online,,20.18,4,20,Yes,1.6,64.46,14.52,No
ORD502009,2025-10-08,Lahore,Electronics,Online,Regular,538.81,4,20,Yes,4.5,1682.8,46.76,Yes
ORD500920,2025-10-09,Islamabad,Groceries,Mobile App,Premium,11.98,6,10,No,3.5,62.88,10.57,No
ORD501294,2025-10-09,Karachi,Clothing,In-Store,Regular,46.78,3,0,No,3.3,143.05,58.61,No
ORD502573,2025-10-09,Multan,Clothing,In-Store,Regular,62.06,3,0,Yes,2.4,188.16,44.9,No
ORD502120,2025-10-10,Islamabad,Sports,Online,Regular,50.16,5,10,No,5.0,231.23,70.99,No
ORD501273,2025-10-10,Islamabad,Electronics,Online,Regular,,3,0,No,3.1,1302.77,436.77,No
ORD500669,2025-10-10,Karachi,Beauty,Online,Regular,26.27,7,5,Yes,,169.13,28.3,No
ORD502692,2025-10-11,Islamabad,Clothing,In-Store,Regular,50.13,6,20,Yes,4.0,248.56,64.65,No
ORD502551,2025-10-11,Karachi,Clothing,In-Store,Premium,34.35,4,0,No,3.5,142.36,41.08,No
ORD502828,2025-10-11,Lahore,Electronics,Online,Regular,422.24,6,15,Yes,4.4,2126.44,688.7,Yes
ORD501251,2025-10-12,Faisalabad,Beauty,In-Store,New,36.56,3,5,No,4.9,106.76,35.22,No
ORD501356,2025-10-12,Karachi,Electronics,In-Store,Regular,226.12,2,0,No,3.8,463.11,139.0,Yes
ORD501238,2025-10-12,Lahore,Groceries,Online,,8.1,6,0,No,4.4,49.63,17.95,No
ORD502791,2025-10-13,Faisalabad,Home & Kitchen,In-Store,Premium,85.67,5,0,No,3.5,423.36,174.28,No
ORD502584,2025-10-13,Islamabad,Beauty,In-Store,Premium,30.68,11,15,Yes,3.4,273.08,7.82,No
ORD501130,2025-10-14,Islamabad,Clothing,In-Store,New,37.46,3,10,No,,105.08,42.82,No
ORD501041,2025-10-15,Islamabad,Home & Kitchen,In-Store,Regular,63.72,6,5,No,4.9,353.63,130.22,No
ORD500476,2025-10-15,Multan,Groceries,In-Store,New,10.88,5,0,No,,53.5,19.11,No
ORD501414,2025-10-15,Islamabad,Groceries,In-Store,New,11.93,4,15,Yes,3.0,42.18,9.72,No
ORD502763,2025-10-15,Multan,Beauty,In-Store,Regular,22.35,4,10,Yes,4.0,82.98,18.7,No
ORD501141,2025-10-15,Islamabad,Clothing,Online,New,58.18,6,10,No,3.0,308.38,74.28,Yes
ORD502721,2025-10-15,Lahore,Sports,In-Store,Regular,88.13,4,0,No,3.4,348.09,130.52,Yes
ORD500361,2025-10-16,Lahore,Electronics,In-Store,Regular,493.47,3,5,No,3.1,1424.53,437.95,No
ORD501871,2025-10-16,Karachi,Clothing,Online,Premium,41.78,9,20,Yes,4.7,294.57,0.09,No
ORD502299,2025-10-16,Karachi,Groceries,In-Store,Premium,10.48,8,10,No,3.3,73.39,26.48,No
ORD500273,2025-10-16,Karachi,Beauty,In-Store,Premium,29.49,11,25,Yes,3.8,252.59,18.7,No
ORD501777,2025-10-17,Karachi,Clothing,In-Store,Regular,63.92,5,10,Yes,2.7,300.39,66.87,No
ORD502637,2025-10-17,Faisalabad,Sports,Online,Regular,52.37,6,5,No,4.7,285.79,37.36,No
ORD500363,2025-10-17,Karachi,Home & Kitchen,In-Store,Regular,77.64,2,0,No,3.6,162.47,64.16,No
ORD502021,2025-10-18,Islamabad,Groceries,In-Store,Premium,9.74,2,0,No,5.0,20.44,5.48,No
ORD502894,2025-10-18,Multan,Home & Kitchen,Mobile App,Premium,38.09,5,0,No,3.2,197.44,59.47,No
ORD501455,2025-10-18,Karachi,Sports,Online,Regular,66.1,4,5,No,4.2,244.68,86.33,No
ORD500854,2025-10-18,Islamabad,Clothing,In-Store,Regular,35.41,8,15,Yes,3.6,235.52,14.09,No
ORD500815,2025-10-18,Multan,Clothing,In-Store,Premium,40.94,5,15,Yes,4.1,167.15,24.69,No
ORD502260,2025-10-18,Multan,Clothing,In-Store,New,34.85,2,10,No,4.5,64.65,13.88,No
ORD500014,2025-10-19,Karachi,Clothing,Online,Premium,55.05,6,0,No,,340.55,116.22,No
ORD500368,2025-10-19,Lahore,Clothing,Mobile App,Regular,67.78,3,5,No,5.0,200.91,55.71,No
ORD502218,2025-10-20,Faisalabad,Home & Kitchen,In-Store,Premium,49.05,4,5,No,,182.67,59.79,No
ORD502830,2025-10-20,Islamabad,Home & Kitchen,Online,Premium,55.21,4,20,Yes,3.6,184.56,21.19,No
ORD500402,2025-10-20,Multan,Home & Kitchen,In-Store,Regular,56.91,4,25,Yes,3.9,175.57,45.05,No
ORD502453,2025-10-21,Multan,Home & Kitchen,In-Store,Regular,48.43,4,5,No,3.8,190.64,38.06,No
ORD501931,2025-10-21,Karachi,Home & Kitchen,In-Store,New,65.93,4,10,No,4.6,241.52,80.97,No
ORD500654,2025-10-22,Lahore,Groceries,In-Store,Regular,16.33,5,0,No,3.8,84.52,22.87,No
ORD501397,2025-10-22,Islamabad,Beauty,Online,Regular,27.84,2,0,Yes,3.0,57.39,22.75,No
ORD500654,2025-10-22,Lahore,Groceries,In-Store,Regular,16.33,5,0,No,3.8,84.52,22.87,No
ORD502348,2025-10-22,Islamabad,Electronics,Mobile App,Premium,455.98,8,25,Yes,4.2,2630.55,244.55,No
ORD501234,2025-10-22,Faisalabad,Home & Kitchen,Online,Premium,50.05,6,15,Yes,5.0,266.22,41.21,Yes
ORD501077,2025-10-22,Islamabad,Clothing,In-Store,New,30.96,3,5,No,5.0,87.02,26.87,No
ORD501485,2025-10-22,Karachi,Beauty,Mobile App,Regular,27.15,1,10,No,3.8,23.69,3.29,No
ORD502556,2025-10-23,Lahore,Beauty,,Regular,33.43,5,10,No,4.3,145.76,43.29,No
ORD502392,2025-10-23,Islamabad,Electronics,In-Store,Premium,268.51,10,20,Yes,5.0,2171.38,402.52,No
ORD502668,2025-10-23,Faisalabad,Clothing,,Regular,40.27,7,10,No,4.4,244.17,56.04,No
ORD502102,2025-10-24,Lahore,Beauty,Online,Premium,37.37,2,20,Yes,3.4,58.67,14.34,Yes
ORD500862,2025-10-24,Islamabad,Groceries,In-Store,New,11.2,6,15,Yes,4.3,54.29,16.93,No
ORD502346,2025-10-24,Karachi,Sports,In-Store,Regular,63.82,5,10,Yes,3.6,286.97,38.87,No
ORD502926,2025-10-24,Lahore,Electronics,In-Store,New,552.08,5,10,No,2.9,2412.44,679.34,No
ORD502925,2025-10-24,Islamabad,Clothing,In-Store,Regular,47.36,4,15,Yes,3.9,157.76,40.93,No
ORD502647,2025-10-24,Karachi,Beauty,Online,New,22.16,4,0,Yes,3.6,90.49,24.13,No
ORD501700,2025-10-25,Karachi,Electronics,Online,New,485.25,4,10,No,3.4,1823.07,345.43,No
ORD500124,2025-10-25,Multan,Sports,Mobile App,New,69.74,3,0,No,3.5,216.1,59.0,No
ORD502229,2025-10-25,Karachi,Beauty,In-Store,New,31.88,6,10,No,5.0,165.93,45.66,No
ORD500022,2025-10-25,Faisalabad,Electronics,In-Store,Regular,531.34,6,25,Yes,3.0,2491.45,217.58,Yes
ORD500703,2025-10-26,Karachi,Electronics,In-Store,Regular,270.72,2,0,No,4.8,528.21,157.3,No
ORD502394,2025-10-26,Faisalabad,Clothing,Online,Regular,42.27,4,0,No,3.7,175.4,45.31,No
ORD502756,2025-10-26,Lahore,Sports,In-Store,Regular,94.57,7,5,No,5.0,644.66,245.21,No
ORD501643,2025-10-26,Lahore,Beauty,In-Store,Regular,30.36,1,0,No,2.9,30.66,7.42,No
ORD500137,2025-10-27,Lahore,Clothing,Online,Premium,71.2,7,5,No,4.2,495.25,216.15,No
ORD502234,2025-10-27,Lahore,Beauty,In-Store,Regular,22.97,5,15,Yes,4.9,93.68,22.73,No
ORD502805,2025-10-27,Islamabad,Sports,Online,Regular,66.46,8,5,No,4.6,522.3,197.05,No
ORD502755,2025-10-27,Faisalabad,Electronics,In-Store,Regular,311.53,3,15,Yes,,783.38,46.25,No
ORD501715,2025-10-27,Faisalabad,Electronics,In-Store,Premium,533.0,8,25,Yes,3.7,3348.23,587.62,No
ORD502170,2025-10-28,Karachi,Home & Kitchen,Online,Premium,,4,0,No,5.0,300.13,110.24,Yes
ORD500097,2025-10-28,Karachi,Sports,,Regular,46.11,5,10,No,2.4,216.28,39.1,No
ORD501764,2025-10-28,Lahore,Sports,Online,Regular,94.25,2,0,No,3.8,194.61,61.69,No
ORD500606,2025-10-28,Islamabad,Home & Kitchen,In-Store,New,42.2,4,5,No,,164.34,31.66,No
ORD501061,2025-10-28,Karachi,Beauty,In-Store,Regular,37.89,6,25,Yes,3.7,166.84,0.42,No
ORD501440,2025-10-29,Islamabad,Home & Kitchen,In-Store,Premium,80.7,1,5,No,4.3,73.79,16.43,No
ORD500915,2025-10-29,Islamabad,Groceries,Online,New,14.03,7,0,No,2.7,93.67,27.06,Yes
ORD501875,2025-10-30,Karachi,Clothing,In-Store,Regular,70.05,5,10,No,3.6,303.22,48.25,No
ORD501960,2025-10-30,Karachi,Beauty,In-Store,,32.95,5,5,No,3.5,154.44,50.43,No
ORD501249,2025-10-30,Karachi,Beauty,Mobile App,New,17.32,4,0,No,5.0,65.83,24.05,No
ORD500200,2025-10-31,Karachi,Home & Kitchen,In-Store,New,61.7,3,0,No,4.0,193.75,68.65,No
ORD501710,2025-10-31,Islamabad,Beauty,In-Store,Premium,,6,0,No,3.5,107.49,46.46,No
ORD501972,2025-10-31,Karachi,Electronics,In-Store,Regular,479.75,7,10,No,4.4,2999.18,352.74,No
ORD501842,2025-11-01,Lahore,Beauty,Online,,27.37,6,10,No,3.5,152.14,32.64,No
ORD502276,2025-11-02,Faisalabad,Home & Kitchen,Mobile App,Premium,75.0,7,0,No,4.5,526.2,147.94,No
ORD501460,2025-11-03,Faisalabad,Beauty,In-Store,New,,1,10,No,3.9,27.21,7.09,No
ORD502086,2025-11-03,Faisalabad,Groceries,Online,Premium,8.29,10,10,No,3.1,72.31,7.82,No
ORD500547,2025-11-03,Lahore,Electronics,Online,Premium,420.87,8,0,No,4.2,3490.44,959.76,No
ORD500138,2025-11-03,Karachi,Groceries,Online,Regular,18.7,8,0,Yes,3.2,142.33,27.3,No
ORD501987,2025-11-03,Islamabad,Beauty,Online,Regular,24.43,7,5,No,3.5,168.25,62.26,No
ORD502726,2025-11-04,Karachi,Home & Kitchen,Online,Premium,77.79,5,20,Yes,3.4,299.57,40.86,Yes
ORD502434,2025-11-04,Karachi,Groceries,Online,Regular,17.65,4,20,Yes,2.7,57.01,12.23,Yes
ORD501553,2025-11-04,Faisalabad,Beauty,Mobile App,New,28.21,4,10,No,2.5,98.05,28.06,No
ORD502172,2025-11-04,Karachi,Groceries,Online,Premium,9.31,4,10,Yes,5.0,33.02,6.28,No
ORD502462,2025-11-05,Karachi,Groceries,Online,New,17.79,3,25,Yes,5.0,40.73,6.9,No
ORD500511,2025-11-05,Faisalabad,Beauty,In-Store,Regular,22.84,4,0,No,3.4,89.12,24.75,No
ORD500373,2025-11-05,Faisalabad,Clothing,In-Store,Regular,62.14,3,0,No,3.5,190.74,42.56,Yes
ORD500642,2025-11-05,Islamabad,Beauty,In-Store,Regular,30.12,5,0,No,5.0,156.86,68.37,No
ORD500819,2025-11-05,Faisalabad,Beauty,In-Store,Premium,38.35,2,5,No,3.5,73.11,20.48,No
ORD501613,2025-11-06,Islamabad,Sports,Online,Premium,45.75,8,0,No,3.4,359.62,143.74,Yes
ORD500689,2025-11-06,Islamabad,Electronics,Online,New,365.37,2,0,No,5.0,741.3,226.89,No
ORD501954,2025-11-07,Multan,Clothing,In-Store,New,33.11,2,0,No,,68.67,22.64,No
ORD500573,2025-11-07,Karachi,Clothing,Mobile App,New,55.85,11,10,No,3.5,577.61,124.88,No
ORD501002,2025-11-08,Karachi,Clothing,In-Store,Regular,60.7,8,10,No,4.5,457.14,128.83,No
ORD500601,2025-11-08,Lahore,Groceries,In-Store,Premium,9.13,12,10,No,3.5,95.38,15.18,Yes
ORD501591,2025-11-08,Islamabad,Groceries,Mobile App,New,12.14,3,0,No,4.2,37.71,17.18,No
ORD501866,2025-11-08,Karachi,Electronics,In-Store,Regular,275.57,8,0,Yes,3.1,2229.17,907.43,No
ORD500244,2025-11-08,Karachi,Home & Kitchen,In-Store,Regular,36.09,3,0,No,4.6,109.93,24.54,No
ORD501348,2025-11-09,Islamabad,Home & Kitchen,Mobile App,New,76.02,6,10,No,4.0,419.08,101.29,Yes
ORD500407,2025-11-09,Islamabad,Beauty,In-Store,Regular,22.1,101,5,Yes,3.5,219.76,62.78,Yes
ORD502289,2025-11-09,Islamabad,Groceries,In-Store,Premium,10.41,8,10,Yes,3.3,76.4,29.62,No
ORD500386,2025-11-09,Islamabad,Beauty,Online,Regular,28.68,11,15,Yes,3.6,266.72,47.49,No
ORD501543,2025-11-09,Faisalabad,Sports,In-Store,Premium,80.9,8,10,No,3.5,565.56,61.83,No
ORD500106,2025-11-09,Lahore,Home & Kitchen,Online,Regular,44.88,13,20,Yes,3.3,478.01,35.01,No
ORD502363,2025-11-10,Karachi,Groceries,In-Store,New,14.03,6,0,No,2.2,81.34,20.75,No
ORD500265,2025-11-10,Faisalabad,Sports,In-Store,New,77.54,4,5,Yes,3.7,282.84,103.53,No
ORD501030,2025-11-10,Karachi,Home & Kitchen,In-Store,Regular,59.67,7,0,No,5.0,418.98,183.07,No
ORD502415,2025-11-10,Faisalabad,Beauty,Online,Premium,18.33,8,25,Yes,4.6,107.23,17.2,No
ORD502058,2025-11-10,Karachi,Sports,Online,Premium,109.33,5,0,No,4.7,561.74,251.03,No
ORD502070,2025-11-11,Islamabad,Sports,Online,Regular,97.18,6,5,No,,563.77,178.5,No
ORD502499,2025-11-11,Karachi,Clothing,Online,Regular,42.17,3,0,No,2.9,128.46,49.37,Yes
ORD500589,2025-11-11,Islamabad,Electronics,In-Store,New,465.06,6,10,No,4.5,2425.81,314.06,No
ORD501789,2025-11-12,Karachi,Clothing,Online,Regular,30.82,8,0,No,3.7,242.96,75.66,No
ORD501729,2025-11-12,Islamabad,Beauty,In-Store,Regular,15.01,10,10,No,3.6,139.42,55.62,No
ORD500651,2025-11-12,Karachi,Clothing,Online,Regular,39.82,6,10,No,4.1,206.81,74.3,No
ORD501504,2025-11-12,Islamabad,Home & Kitchen,,Premium,41.96,8,0,No,4.2,348.25,88.4,No
ORD501816,2025-11-12,Faisalabad,Electronics,Mobile App,Premium,291.99,8,10,No,3.6,2158.38,662.71,No
ORD502416,2025-11-12,Karachi,Clothing,Online,New,61.03,5,5,No,3.0,280.11,110.92,No
ORD501127,2025-11-13,Lahore,Electronics,Online,Regular,408.45,8,20,Yes,3.8,2596.51,140.56,No
ORD500474,2025-11-13,Multan,Sports,In-Store,Regular,86.5,6,5,Yes,3.4,514.9,180.57,No
ORD502156,2025-11-13,Karachi,Electronics,Mobile App,New,503.39,2,0,No,3.4,990.99,234.43,No
ORD501913,2025-11-13,Faisalabad,Beauty,In-Store,New,33.45,4,5,No,4.1,131.65,54.53,No
ORD501241,2025-11-14,Faisalabad,Beauty,In-Store,Regular,23.05,6,10,No,2.9,126.44,48.72,No
ORD501389,2025-11-14,Lahore,Sports,In-Store,New,98.96,6,0,No,4.2,585.01,232.43,Yes
ORD501364,2025-11-15,Multan,Sports,In-Store,Regular,63.38,6,10,No,4.4,355.53,94.27,No
ORD501450,2025-11-16,Faisalabad,Electronics,In-Store,Premium,404.25,15,25,Yes,3.3,4695.32,805.27,No
ORD500027,2025-11-17,Islamabad,Electronics,In-Store,Regular,384.75,3,10,No,4.9,1017.36,278.63,No
ORD502375,2025-11-17,Islamabad,Sports,Mobile App,Regular,75.65,6,20,Yes,3.5,347.42,57.59,No
ORD500122,2025-11-17,Karachi,Groceries,In-Store,Regular,8.9,5,15,Yes,4.6,38.97,7.44,No
ORD502457,2025-11-18,Faisalabad,Beauty,In-Store,Regular,16.58,6,25,Yes,5.0,78.03,1.45,No
ORD501544,2025-11-18,Lahore,Electronics,In-Store,Regular,442.15,5,10,No,3.2,2044.03,497.97,No
ORD501069,2025-11-18,Multan,Electronics,Mobile App,New,327.0,1,15,Yes,3.9,277.65,41.71,No
ORD502314,2025-11-19,Lahore,Sports,In-Store,New,56.68,3,25,Yes,4.7,128.38,22.98,No
ORD501449,2025-11-19,Multan,Groceries,In-Store,New,10.67,3,0,No,3.6,31.31,8.98,No
ORD501921,2025-11-19,Multan,Clothing,In-Store,New,65.45,3,15,Yes,5.0,174.18,26.39,No
ORD502064,2025-11-19,Islamabad,Clothing,Mobile App,Regular,35.0,4,5,Yes,4.7,131.53,20.98,No
ORD500893,2025-11-19,Karachi,Home & Kitchen,Online,Regular,75.1,4,0,No,2.8,302.63,78.2,No
ORD501519,2025-11-19,Lahore,Groceries,In-Store,Premium,8.24,7,5,No,,52.38,7.44,No
ORD502565,2025-11-19,Multan,Groceries,Mobile App,New,10.07,8,5,No,5.0,78.59,19.37,No
ORD501686,2025-11-19,Faisalabad,Beauty,Online,Regular,36.13,7,5,No,4.3,234.17,93.23,No
ORD501588,2025-11-19,Karachi,Groceries,Mobile App,Regular,16.9,7,0,Yes,3.9,117.03,28.64,No
ORD500888,2025-11-20,Islamabad,Beauty,Online,Regular,34.53,8,10,Yes,2.8,255.66,95.92,Yes
ORD502743,2025-11-20,Multan,Electronics,Online,New,316.38,6,0,No,3.8,1928.47,435.05,No
ORD500561,2025-11-20,Karachi,Sports,Mobile App,Premium,59.4,18,10,No,2.8,936.17,238.12,No
ORD500985,2025-11-21,Karachi,Beauty,Online,Regular,33.98,7,15,Yes,4.6,209.83,78.55,No
ORD500781,2025-11-21,Lahore,Clothing,In-Store,New,43.5,3,5,No,5.0,127.68,44.46,No
ORD501647,2025-11-21,Islamabad,Clothing,In-Store,Premium,59.68,6,5,No,3.0,330.05,45.06,Yes
ORD501894,2025-11-21,Faisalabad,Beauty,Online,Premium,35.75,7,0,No,2.9,245.96,80.01,No
ORD501203,2025-11-21,Lahore,Beauty,Mobile App,Regular,39.24,11,20,Yes,5.0,336.56,30.66,No
ORD500319,2025-11-22,Lahore,Home & Kitchen,In-Store,New,45.83,4,10,No,4.2,164.53,23.07,No
ORD502179,2025-11-22,Lahore,Electronics,In-Store,Regular,556.84,7,0,No,3.2,3847.44,1189.57,No
ORD502087,2025-11-23,Lahore,Clothing,Online,Regular,38.03,3,0,No,3.7,115.4,38.88,No
ORD502936,2025-11-23,Lahore,Sports,Online,Regular,85.56,1,0,No,2.5,87.17,21.05,Yes
ORD501926,2025-11-23,Karachi,Clothing,In-Store,Premium,31.61,4,5,No,4.8,115.46,19.43,No
ORD501682,2025-11-23,Karachi,Electronics,Online,Regular,518.72,7,0,No,4.5,3619.72,1022.75,No
ORD502087,2025-11-23,Lahore,Clothing,Online,Regular,38.03,3,0,No,3.7,115.4,38.88,No
ORD501286,2025-11-24,Multan,Clothing,Mobile App,New,61.73,4,5,Yes,2.6,226.29,32.78,No
ORD502445,2025-11-24,Islamabad,Beauty,In-Store,Premium,22.21,7,5,No,4.3,144.69,21.99,No
ORD501832,2025-11-25,Karachi,Sports,Online,Regular,84.19,5,0,No,3.5,425.66,96.36,No
ORD500833,2025-11-25,Multan,Clothing,Online,New,62.39,7,15,Yes,2.7,363.52,53.33,Yes
ORD500298,2025-11-26,Karachi,Electronics,Online,New,467.8,2,0,No,3.5,893.74,229.51,Yes
ORD501746,2025-11-26,Islamabad,Home & Kitchen,Mobile App,New,94.96,1,15,Yes,5.0,80.94,23.62,No
ORD502209,2025-11-26,Islamabad,Clothing,Online,Regular,41.66,4,0,No,4.5,168.91,49.28,No
ORD501089,2025-11-26,Karachi,Home & Kitchen,In-Store,Regular,94.26,3,10,No,2.7,249.17,65.42,Yes
ORD500894,2025-11-27,Islamabad,Electronics,Online,New,234.92,2,0,No,3.4,472.62,172.22,No
ORD501393,2025-11-28,Multan,Beauty,Online,New,,5,0,No,4.0,169.33,40.83,Yes
ORD501718,2025-11-28,Karachi,Beauty,In-Store,Regular,30.07,2,10,No,2.9,53.54,7.73,No
ORD501255,2025-11-29,Karachi,Groceries,Online,Regular,17.77,13,20,Yes,2.5,184.8,22.02,No
ORD501755,2025-11-29,Islamabad,Beauty,In-Store,Regular,33.15,7,0,No,3.8,222.07,40.24,No
ORD500209,2025-11-29,Faisalabad,Sports,In-Store,,81.33,8,20,Yes,2.9,531.31,139.4,No
ORD501557,2025-11-29,Islamabad,Electronics,In-Store,Regular,368.54,3,5,No,3.0,1008.89,270.9,No
ORD501799,2025-11-29,Lahore,Groceries,Mobile App,Regular,11.16,4,0,Yes,5.0,45.17,14.85,No
ORD502026,2025-11-30,Lahore,Beauty,Mobile App,New,34.61,4,5,No,5.0,132.56,40.24,No
ORD500700,2025-11-30,Karachi,Beauty,In-Store,Regular,16.07,8,20,Yes,3.8,100.07,8.45,Yes
ORD502184,2025-11-30,Multan,Sports,Mobile App,New,64.24,9,0,No,3.6,591.21,168.22,Yes
ORD502203,2025-11-30,Multan,Groceries,In-Store,Regular,13.17,4,0,No,4.8,52.99,14.78,No
ORD501010,2025-11-30,Karachi,Electronics,Mobile App,Regular,436.79,7,5,No,4.2,3012.97,608.39,No
ORD502719,2025-12-01,Karachi,Beauty,In-Store,Premium,15.97,12,0,No,4.0,192.9,41.2,No
ORD500198,2025-12-01,Karachi,Home & Kitchen,Online,Premium,50.92,14,20,Yes,2.6,571.87,16.63,No
ORD500950,2025-12-02,Faisalabad,Home & Kitchen,In-Store,Premium,,6,5,No,4.2,539.64,227.43,No
ORD501085,2025-12-02,Lahore,Sports,Online,Regular,70.55,7,0,No,3.6,476.97,114.64,No
ORD500411,2025-12-03,Karachi,Clothing,Online,Regular,40.78,6,20,Yes,,201.92,9.51,No
ORD502222,2025-12-03,Faisalabad,Groceries,Online,Regular,8.23,12,5,No,4.7,98.06,31.03,No
ORD502481,2025-12-03,Islamabad,Clothing,Online,Regular,55.81,8,0,No,3.2,441.15,155.32,No
ORD502595,2025-12-04,Faisalabad,Groceries,In-Store,New,11.04,3,0,No,4.7,34.57,8.49,No
ORD500409,2025-12-04,Karachi,Beauty,In-Store,Regular,34.0,3,5,No,3.8,98.36,35.39,No
ORD500546,2025-12-05,Islamabad,Beauty,In-Store,Premium,18.51,6,5,No,,110.05,42.8,No
ORD501365,2025-12-06,Lahore,Sports,In-Store,Regular,67.69,4,20,Yes,3.0,217.63,38.18,No
ORD500145,2025-12-07,Faisalabad,Electronics,Mobile App,Regular,379.88,3,0,No,5.0,1166.16,365.74,No
ORD500579,2025-12-07,Lahore,Sports,In-Store,,62.16,7,15,Yes,4.6,378.85,105.0,No
ORD502467,2025-12-07,Karachi,Home & Kitchen,In-Store,Premium,77.51,13,25,Yes,4.8,744.38,-48.57,No
ORD501193,2025-12-07,Faisalabad,Sports,Mobile App,New,43.75,3,25,Yes,4.0,95.09,5.49,No
ORD501244,2025-12-07,Lahore,Home & Kitchen,Mobile App,New,91.93,4,5,No,,339.65,113.81,No
ORD500401,2025-12-07,Islamabad,Beauty,In-Store,Regular,33.1,5,0,No,3.9,170.71,41.86,No
ORD502874,2025-12-07,Karachi,Home & Kitchen,In-Store,Regular,75.5,7,0,No,1.2,525.87,156.6,No
ORD501370,2025-12-08,Lahore,Clothing,In-Store,Regular,62.0,4,0,No,3.6,237.67,73.58,No
ORD502981,2025-12-08,Lahore,Clothing,In-Store,Regular,51.08,4,0,No,4.6,206.73,74.6,No
ORD501733,2025-12-08,Karachi,Groceries,In-Store,Regular,10.76,8,20,Yes,2.0,72.04,11.92,No
ORD502940,2025-12-09,Lahore,Groceries,In-Store,Regular,12.06,4,0,No,5.0,47.07,20.03,No
ORD500481,2025-12-09,Karachi,Electronics,In-Store,Regular,330.67,11,15,Yes,4.6,3084.02,1076.27,No
ORD500532,2025-12-09,Islamabad,Home & Kitchen,In-Store,Regular,54.8,11,0,No,4.5,590.48,110.41,No
ORD500725,2025-12-09,Multan,Beauty,Online,New,17.74,3,25,Yes,4.3,40.2,3.34,No
ORD502188,2025-12-09,Lahore,Home & Kitchen,Mobile App,Regular,,12,25,Yes,5.0,745.63,59.99,No
ORD501601,2025-12-09,Multan,Groceries,In-Store,Premium,9.73,6,5,Yes,2.6,56.52,14.54,No
ORD501345,2025-12-09,Karachi,Home & Kitchen,In-Store,Regular,53.43,6,5,No,4.5,296.04,63.37,No
ORD501990,2025-12-09,Faisalabad,Clothing,In-Store,Regular,56.4,4,15,Yes,2.6,200.48,46.63,No
ORD501385,2025-12-09,Karachi,Sports,In-Store,Regular,91.05,4,0,Yes,3.5,350.51,76.52,No
ORD501712,2025-12-10,Lahore,Sports,Mobile App,New,96.99,4,10,Yes,4.1,353.93,76.89,No
ORD500246,2025-12-10,Faisalabad,Groceries,Online,Regular,11.7,7,15,Yes,4.2,70.72,21.93,No
ORD501633,2025-12-10,Lahore,Clothing,Mobile App,Premium,55.47,6,5,No,1.9,306.01,59.87,No
ORD500692,2025-12-10,Multan,Electronics,Online,Regular,339.47,11,20,Yes,2.6,2952.6,5.8,No
ORD501914,2025-12-11,Multan,Beauty,In-Store,Premium,39.7,12,0,No,2.7,484.36,135.75,No
ORD501064,2025-12-12,Karachi,Electronics,Mobile App,New,301.63,4,5,No,4.1,1155.3,405.82,No
ORD502838,2025-12-12,Islamabad,Electronics,In-Store,Regular,346.58,5,10,No,4.1,1486.68,132.25,No
ORD501767,2025-12-12,Lahore,Electronics,In-Store,Regular,347.39,8,10,No,3.8,2584.32,444.65,Yes
ORD502569,2025-12-12,Lahore,Home & Kitchen,Mobile App,Premium,61.21,5,0,No,2.4,300.97,76.1,No
ORD501932,2025-12-12,Lahore,Clothing,In-Store,New,66.55,3,5,No,,194.57,76.89,No
ORD500690,2025-12-13,Islamabad,Beauty,In-Store,Regular,39.69,7,5,No,4.7,273.23,76.93,No
ORD500327,2025-12-13,Lahore,Groceries,Online,Regular,16.33,3,0,No,4.4,48.47,20.71,No
ORD501741,2025-12-13,Karachi,Clothing,Online,New,41.62,5,0,Yes,3.0,210.46,57.52,No
ORD500727,2025-12-14,Lahore,Clothing,Online,New,42.39,5,0,No,3.6,220.08,73.78,Yes
ORD502540,2025-12-14,Lahore,Sports,Online,Regular,48.65,4,0,Yes,2.8,199.92,80.6,Yes
ORD502302,2025-12-14,Faisalabad,Electronics,Online,New,380.36,4,10,Yes,3.1,1356.49,177.2,Yes
ORD501144,2025-12-14,Islamabad,Groceries,Online,New,9.11,3,5,No,3.3,25.58,5.64,No
ORD502717,2025-12-14,Faisalabad,Sports,In-Store,New,75.57,4,5,Yes,5.0,273.07,44.36,No
ORD500699,2025-12-15,Faisalabad,Groceries,Online,Regular,7.25,5,0,No,4.8,34.87,6.28,No
ORD502074,2025-12-15,Karachi,Groceries,Online,Regular,9.77,4,5,No,4.1,37.98,16.43,No
ORD502856,2025-12-15,Karachi,Electronics,In-Store,Regular,424.92,10,10,Yes,4.7,3642.08,675.57,No
ORD502250,2025-12-15,Islamabad,Beauty,In-Store,New,16.99,4,10,Yes,3.8,61.58,13.57,No
ORD502711,2025-12-15,Karachi,Groceries,In-Store,Premium,,2,0,Yes,4.6,30.7,6.83,No
ORD501513,2025-12-16,Karachi,Groceries,In-Store,New,8.6,3,5,No,2.7,23.91,4.0,No
ORD501605,2025-12-16,Lahore,Home & Kitchen,In-Store,,67.6,5,0,No,3.9,341.35,154.27,Yes
ORD501074,2025-12-16,Lahore,Electronics,Online,New,374.29,1,15,Yes,2.6,328.51,105.96,No
ORD501433,2025-12-17,Lahore,Home & Kitchen,Online,Regular,81.48,4,0,No,3.8,333.07,129.88,No
ORD500873,2025-12-17,Faisalabad,Groceries,In-Store,Premium,16.13,9,20,Yes,3.4,120.22,23.12,No
ORD502353,2025-12-17,Multan,Clothing,Mobile App,Regular,42.5,6,20,Yes,5.0,202.76,48.54,No
ORD500527,2025-12-17,Faisalabad,Sports,Mobile App,Regular,47.61,4,25,Yes,4.5,149.37,5.03,No
ORD500194,2025-12-18,Islamabad,Groceries,Online,Regular,7.43,3,5,No,,22.11,7.25,No
ORD501839,2025-12-18,Islamabad,Sports,In-Store,New,89.04,7,10,No,2.7,534.72,110.31,No
ORD501666,2025-12-19,Islamabad,Electronics,In-Store,Regular,360.54,11,15,Yes,3.4,3333.97,374.53,No
ORD500634,2025-12-19,Faisalabad,Sports,Mobile App,Premium,46.55,4,15,Yes,4.9,164.6,48.12,No
ORD500187,2025-12-19,Faisalabad,Groceries,Online,New,9.66,5,5,No,3.3,46.29,16.48,No
ORD500944,2025-12-19,Karachi,Sports,In-Store,New,44.86,5,0,Yes,3.2,225.26,49.31,No
ORD501792,2025-12-20,Faisalabad,Clothing,In-Store,New,47.25,3,0,No,3.9,143.56,40.42,No
ORD500702,2025-12-20,Lahore,Home & Kitchen,In-Store,Regular,49.46,8,10,No,4.2,344.46,66.84,No
ORD500204,2025-12-20,Multan,Electronics,In-Store,Regular,300.44,5,0,No,3.9,1562.78,623.27,No
ORD501200,2025-12-20,Multan,Clothing,Online,Regular,31.29,6,20,Yes,4.3,154.64,34.4,No
ORD500438,2025-12-20,Faisalabad,Electronics,Mobile App,Regular,462.01,8,10,No,3.9,3470.66,678.28,No
ORD502372,2025-12-20,Karachi,Clothing,Online,Regular,69.52,5,15,Yes,2.7,299.58,63.46,No
ORD501297,2025-12-21,Faisalabad,Electronics,In-Store,New,541.62,4,10,No,3.7,1887.55,303.45,No
ORD500313,2025-12-21,Islamabad,Electronics,Online,Premium,226.51,7,20,Yes,3.7,1220.32,309.81,No
ORD500011,2025-12-21,Multan,Electronics,Online,Premium,434.45,8,10,No,4.1,3266.14,506.61,No
ORD502300,2025-12-21,Faisalabad,Sports,In-Store,New,65.52,6,0,No,,399.07,161.99,No
ORD502690,2025-12-21,Islamabad,Groceries,In-Store,,15.51,9,20,Yes,3.4,115.22,30.94,No
ORD501258,2025-12-21,Karachi,Home & Kitchen,Mobile App,Premium,51.97,7,0,Yes,3.7,353.07,143.76,No
ORD501825,2025-12-21,Lahore,Electronics,In-Store,New,482.14,10,0,No,,4813.01,1932.94,Yes
ORD501943,2025-12-21,Multan,Electronics,In-Store,New,428.49,4,10,No,4.5,1578.55,570.61,No
ORD501512,2025-12-21,Karachi,Groceries,Mobile App,Regular,13.42,5,0,No,3.2,63.92,19.36,No
ORD502672,2025-12-23,Faisalabad,Sports,In-Store,,82.54,5,0,Yes,3.8,408.02,135.16,No
ORD502244,2025-12-24,Lahore,Electronics,In-Store,New,522.46,7,0,No,3.8,3782.01,1738.32,No
ORD501571,2025-12-24,Lahore,Beauty,Online,New,25.24,3,0,Yes,2.9,76.2,30.32,No
ORD500991,2025-12-24,Karachi,Clothing,Mobile App,Regular,36.96,6,5,Yes,4.3,207.35,33.75,No
ORD502267,2025-12-24,Faisalabad,Electronics,Online,New,487.37,4,5,Yes,2.9,1773.58,513.94,No
ORD502391,2025-12-25,Karachi,Home & Kitchen,Online,New,36.77,2,0,Yes,3.9,75.23,28.98,No
ORD500072,2025-12-25,Karachi,Home & Kitchen,In-Store,New,72.07,3,0,No,3.9,218.43,76.8,No
ORD501595,2025-12-25,Lahore,Beauty,In-Store,Premium,21.72,8,25,Yes,5.0,131.59,9.83,No
ORD500119,2025-12-25,Islamabad,Groceries,Mobile App,New,11.9,7,10,No,3.2,72.44,12.52,No
ORD501791,2025-12-26,Islamabad,Home & Kitchen,In-Store,New,42.1,4,10,No,5.0,145.53,44.67,No
ORD500116,2025-12-27,Karachi,Electronics,Online,Regular,311.7,6,10,Yes,3.5,1666.4,334.77,No
ORD501235,2025-12-27,Karachi,Sports,In-Store,Premium,51.07,7,15,Yes,3.1,311.39,88.7,No
ORD501371,2025-12-27,Lahore,Home & Kitchen,Online,Regular,91.47,7,0,No,4.2,652.02,165.47,No
ORD502224,2025-12-27,Islamabad,Sports,Mobile App,,89.6,5,10,No,3.5,389.02,61.29,No
ORD501985,2025-12-28,Lahore,Clothing,In-Store,New,59.4,3,5,Yes,3.2,163.16,43.65,No
ORD501019,2025-12-28,Islamabad,Electronics,In-Store,New,508.11,3,0,Yes,3.3,1560.12,544.76,No
ORD500065,2025-12-28,Islamabad,Home & Kitchen,In-Store,Premium,77.07,6,10,Yes,5.0,416.88,135.74,No
ORD500112,2025-12-28,Lahore,Groceries,Online,Regular,16.15,8,20,Yes,4.1,101.08,29.31,No
ORD501362,2025-12-28,Lahore,Home & Kitchen,Online,New,43.09,6,0,No,2.9,259.17,110.09,Yes
ORD502999,2025-12-29,Karachi,Sports,Mobile App,Regular,103.34,4,5,No,4.0,390.16,151.0,No
ORD501971,2025-12-29,Islamabad,Clothing,In-Store,Regular,41.8,5,10,No,5.0,185.65,42.84,No
ORD502929,2025-12-30,Multan,Home & Kitchen,Online,New,,6,5,No,3.6,463.87,189.54,No
ORD501228,2025-12-30,Karachi,Groceries,Mobile App,Regular,14.84,9,15,Yes,5.0,113.2,22.6,No
ORD501228,2025-12-30,Karachi,Groceries,Mobile App,Regular,14.84,9,15,Yes,5.0,113.2,22.6,No
ORD502929,2025-12-30,Multan,Home & Kitchen,Online,New,,6,5,No,3.6,463.87,189.54,No
ORD501632,2025-12-31,Faisalabad,Clothing,Online,New,41.78,8,5,No,3.9,305.6,49.09,No
ORD500662,2026-01-01,Lahore,Beauty,Online,Premium,16.11,8,0,No,4.2,125.33,32.9,Yes
ORD500572,2026-01-01,Karachi,Electronics,,New,,4,5,No,4.0,1020.9,351.31,No
ORD500847,2026-01-02,Karachi,Clothing,In-Store,Regular,32.1,8,10,No,5.0,225.28,40.78,No
ORD501612,2026-01-02,Multan,Clothing,In-Store,New,32.2,7,5,No,3.3,217.68,48.34,Yes
ORD502678,2026-01-02,Lahore,Clothing,In-Store,Regular,66.21,2,0,No,4.3,137.66,57.21,Yes
ORD502001,2026-01-02,Multan,Home & Kitchen,In-Store,Regular,93.04,3,20,Yes,3.6,231.99,69.26,No
ORD501635,2026-01-03,Karachi,Sports,Mobile App,Regular,84.71,6,0,No,3.5,494.1,187.22,No
ORD501225,2026-01-04,Faisalabad,Clothing,Online,Regular,38.01,3,5,No,,107.42,42.83,No
ORD500590,2026-01-04,Multan,Clothing,Online,Premium,54.22,6,5,No,3.4,322.34,100.75,Yes
ORD502476,2026-01-04,Karachi,Groceries,In-Store,New,14.63,7,5,No,,98.6,25.0,No
ORD502038,2026-01-04,Karachi,Clothing,Online,Regular,36.42,5,10,No,,171.18,58.37,No
ORD501451,2026-01-04,Karachi,Beauty,In-Store,Regular,33.44,6,0,Yes,3.6,203.1,75.1,No
ORD502638,2026-01-05,Lahore,Electronics,Online,Regular,462.5,6,0,No,4.5,2718.89,556.42,No
ORD500370,2026-01-05,Multan,Clothing,Online,Regular,50.57,3,0,No,4.6,150.45,41.83,Yes
ORD502308,2026-01-05,Lahore,Home & Kitchen,Mobile App,Premium,53.35,5,0,No,3.7,253.74,86.52,Yes
ORD501776,2026-01-05,Islamabad,Clothing,In-Store,Regular,64.93,6,25,Yes,3.6,284.64,16.4,No
ORD502533,2026-01-06,Lahore,Sports,In-Store,New,50.67,4,0,No,2.8,198.66,65.79,No
ORD502150,2026-01-06,Lahore,Clothing,In-Store,Regular,61.95,7,10,No,5.0,387.32,64.51,No
ORD502071,2026-01-06,Multan,Home & Kitchen,Online,Regular,38.63,6,0,Yes,3.8,238.34,86.15,Yes
ORD501736,2026-01-06,Lahore,Sports,Online,Regular,103.3,6,0,No,3.9,641.51,175.6,No
ORD502127,2026-01-07,Lahore,Clothing,In-Store,New,55.31,4,25,Yes,4.2,169.17,21.55,No
ORD500756,2026-01-07,Karachi,Beauty,Mobile App,Regular,17.31,2,5,No,4.5,33.29,8.37,No
ORD502799,2026-01-07,Faisalabad,Clothing,Mobile App,Regular,43.07,6,10,No,3.5,233.04,27.23,No
ORD502799,2026-01-07,Faisalabad,Clothing,Mobile App,Regular,43.07,6,10,No,3.5,233.04,27.23,No
ORD500530,2026-01-08,Islamabad,Beauty,Mobile App,Premium,20.75,6,0,No,3.7,128.36,42.26,No
ORD500684,2026-01-08,Karachi,Electronics,Online,Regular,502.55,4,0,No,3.9,1922.48,558.45,No
ORD501742,2026-01-08,Lahore,Electronics,Mobile App,Regular,481.87,4,0,No,3.5,2010.3,801.62,No
ORD501281,2026-01-08,Multan,Groceries,In-Store,Regular,14.27,3,0,No,5.0,41.94,17.57,No
ORD502384,2026-01-08,Islamabad,Beauty,Online,New,27.66,3,0,No,3.9,83.72,37.02,No
ORD502598,2026-01-08,Faisalabad,Electronics,In-Store,Premium,276.55,8,15,Yes,4.7,1836.16,535.34,No
ORD502987,2026-01-08,Karachi,Beauty,Online,,21.15,6,0,No,3.2,122.71,34.73,No
ORD501436,2026-01-08,Faisalabad,Home & Kitchen,In-Store,Regular,43.53,3,5,Yes,3.6,125.99,41.79,No
ORD502537,2026-01-08,Islamabad,Electronics,Online,Regular,286.01,3,0,No,4.2,836.39,208.03,No
ORD500924,2026-01-09,Karachi,Sports,In-Store,New,53.46,5,10,No,4.0,242.97,66.16,No
ORD501481,2026-01-09,Islamabad,Beauty,Mobile App,Regular,29.56,6,15,Yes,4.1,146.75,25.66,No
ORD501243,2026-01-10,Lahore,Sports,Mobile App,New,43.43,6,20,Yes,3.3,200.81,22.36,No
ORD501209,2026-01-10,Lahore,Beauty,Mobile App,Regular,31.18,7,10,No,2.8,201.63,61.5,Yes
ORD502762,2026-01-10,Lahore,Home & Kitchen,Mobile App,Premium,40.44,4,0,No,4.0,157.22,39.09,No
ORD500885,2026-01-10,Faisalabad,Clothing,In-Store,Premium,53.76,4,0,No,3.6,217.84,95.91,No
ORD500357,2026-01-10,Faisalabad,Sports,Online,New,104.14,2,5,Yes,3.4,193.36,41.21,No
ORD501343,2026-01-11,Lahore,Sports,In-Store,New,94.44,6,15,Yes,4.5,459.44,110.95,No
ORD501190,2026-01-12,Karachi,Beauty,In-Store,Regular,27.14,4,5,No,4.4,104.15,29.57,No
ORD500201,2026-01-12,Lahore,Beauty,In-Store,Regular,30.49,5,0,No,3.7,151.89,44.16,No
ORD502483,2026-01-12,Islamabad,Electronics,Mobile App,New,421.17,3,0,No,4.3,1225.68,460.45,No
ORD501774,2026-01-13,Karachi,Clothing,Mobile App,New,27.08,2,20,Yes,3.1,44.51,13.19,No
ORD500968,2026-01-13,Karachi,Groceries,Online,New,11.06,7,15,Yes,3.8,65.4,11.7,No
ORD500659,2026-01-14,Faisalabad,Home & Kitchen,Mobile App,Premium,47.55,4,5,No,3.2,171.91,46.05,Yes
ORD502147,2026-01-14,Karachi,Groceries,Online,New,11.72,2,10,Yes,,20.77,2.9,No
ORD501993,2026-01-15,Karachi,Home & Kitchen,Online,Regular,50.66,8,20,Yes,2.3,339.65,110.52,Yes
ORD502906,2026-01-15,Karachi,Clothing,Online,Regular,69.05,5,0,No,3.8,360.89,146.94,No
ORD502296,2026-01-16,Karachi,Beauty,In-Store,New,38.22,5,25,Yes,5.0,137.95,-11.53,No
ORD501945,2026-01-16,Karachi,Groceries,In-Store,New,,2,5,No,4.0,29.38,9.54,Yes
ORD500226,2026-01-16,Lahore,Groceries,In-Store,Regular,18.97,8,5,No,3.9,140.6,51.3,No
ORD502116,2026-01-16,Lahore,Electronics,In-Store,Premium,548.42,4,10,No,5.0,2051.96,642.93,No
ORD502922,2026-01-17,Islamabad,Beauty,In-Store,New,18.7,3,10,No,3.7,49.71,10.37,No
ORD502197,2026-01-17,Lahore,Beauty,In-Store,Regular,39.19,8,5,No,2.2,303.73,131.04,Yes
ORD502312,2026-01-17,Karachi,Clothing,Online,New,50.23,3,0,No,4.6,146.56,57.4,No
ORD502148,2026-01-17,Multan,Electronics,Mobile App,Regular,499.64,1,0,No,3.6,489.66,96.13,No
ORD500255,2026-01-17,Lahore,Groceries,In-Store,Regular,12.69,1,0,No,3.6,13.12,4.88,No
ORD502957,2026-01-17,Faisalabad,Sports,Mobile App,Regular,109.0,1,10,No,3.5,93.21,12.23,No
ORD502511,2026-01-17,Faisalabad,Groceries,In-Store,New,18.09,4,20,Yes,5.0,59.85,13.29,No
ORD502751,2026-01-18,Multan,Sports,In-Store,Regular,69.13,4,25,Yes,4.4,214.74,52.46,No
ORD500464,2026-01-18,Karachi,Groceries,Mobile App,Regular,16.97,3,5,No,4.8,49.72,21.63,No
ORD502420,2026-01-18,Islamabad,Beauty,In-Store,Regular,34.81,5,10,No,5.0,158.95,46.59,No
ORD501042,2026-01-18,Lahore,Sports,,Regular,79.4,8,5,No,4.6,606.68,249.89,No
ORD502193,2026-01-19,Lahore,Beauty,Mobile App,New,38.69,6,20,Yes,2.9,176.79,25.87,No
ORD502398,2026-01-19,Lahore,Beauty,In-Store,Regular,16.76,4,5,No,1.9,63.83,13.06,No
ORD502146,2026-01-19,Lahore,Beauty,Online,Regular,29.55,8,20,Yes,1.7,187.04,6.6,Yes
ORD501301,2026-01-20,Lahore,Sports,Mobile App,New,65.89,3,0,Yes,4.2,205.65,90.42,No
ORD502734,2026-01-20,Lahore,Beauty,Mobile App,Regular,16.2,3,15,Yes,4.5,40.61,7.13,No
ORD502017,2026-01-21,Islamabad,Beauty,Online,Premium,,7,20,Yes,5.0,128.48,32.08,No
ORD501672,2026-01-21,Islamabad,Electronics,In-Store,New,263.51,3,5,No,4.7,785.51,349.02,No
ORD501768,2026-01-21,Lahore,Beauty,Mobile App,Regular,15.9,3,5,No,4.0,44.54,13.06,No
ORD502418,2026-01-21,Karachi,Electronics,Mobile App,Premium,365.83,3,10,No,3.4,1029.02,401.52,No
ORD502258,2026-01-22,Karachi,Beauty,In-Store,Premium,28.35,2,15,Yes,3.3,50.02,16.95,No
ORD501306,2026-01-22,Islamabad,Beauty,Mobile App,Regular,35.22,3,20,Yes,,87.98,8.44,No
ORD502803,2026-01-22,Multan,Beauty,Mobile App,New,37.08,5,10,Yes,4.3,167.55,59.44,No
ORD500989,2026-01-22,Karachi,Groceries,Mobile App,New,10.01,3,0,Yes,,31.3,10.45,No
ORD501573,2026-01-22,Karachi,Beauty,Online,Regular,30.43,2,10,No,2.7,56.21,13.3,No
ORD502663,2026-01-23,Lahore,Clothing,Online,New,36.56,3,0,No,3.3,110.51,37.18,No
ORD500031,2026-01-23,Faisalabad,Clothing,Mobile App,,28.47,3,0,No,3.4,82.03,25.8,No
ORD502648,2026-01-23,Multan,Electronics,In-Store,Premium,378.67,12,20,Yes,3.0,3735.37,449.86,No
ORD500643,2026-01-23,Islamabad,Clothing,Mobile App,Premium,40.62,4,5,Yes,3.9,153.17,44.16,No
ORD502663,2026-01-23,Lahore,Clothing,Online,New,36.56,3,0,No,3.3,110.51,37.18,No
ORD500951,2026-01-24,Lahore,Sports,In-Store,Premium,101.4,5,15,Yes,5.0,419.78,32.0,No
ORD500844,2026-01-24,Multan,Home & Kitchen,Online,New,37.39,5,0,No,3.3,184.7,52.64,No
ORD500673,2026-01-24,Islamabad,Clothing,In-Store,Regular,42.03,1,0,No,4.6,41.86,9.73,No
ORD500953,2026-01-24,Lahore,Groceries,Online,New,9.69,2,0,Yes,3.4,19.49,6.07,No
ORD500670,2026-01-24,Karachi,Home & Kitchen,Mobile App,New,39.18,5,10,No,3.6,173.52,24.16,No
ORD501128,2026-01-25,Karachi,Clothing,In-Store,Regular,67.98,3,0,No,3.7,212.98,58.67,No
ORD501245,2026-01-25,Karachi,Clothing,Mobile App,New,38.66,6,15,Yes,3.7,188.11,11.23,No
ORD502955,2026-01-26,Lahore,Sports,In-Store,Regular,105.36,2,25,Yes,3.0,161.53,25.81,No
ORD501493,2026-01-26,Multan,Groceries,Online,Regular,16.03,8,10,No,,114.81,13.71,No
ORD500795,2026-01-27,Lahore,Groceries,In-Store,Regular,12.25,5,0,No,3.1,63.2,29.08,No
ORD500046,2026-01-27,Faisalabad,Home & Kitchen,In-Store,Premium,57.36,2,0,No,2.7,116.6,40.36,No
ORD502443,2026-01-27,Lahore,Groceries,Mobile App,New,8.87,3,15,Yes,,22.71,2.96,No
ORD500010,2026-01-27,Karachi,Beauty,Mobile App,Regular,27.48,3,0,No,4.3,79.68,30.44,No
ORD502123,2026-01-30,Multan,Beauty,,,36.68,3,0,No,4.7,111.83,36.92,No
ORD501697,2026-01-30,Karachi,Clothing,In-Store,Premium,57.02,6,0,No,3.8,341.44,89.82,No
ORD502360,2026-01-31,Faisalabad,Electronics,Online,New,366.62,3,0,No,3.9,1144.64,468.19,Yes
ORD502360,2026-01-31,Faisalabad,Electronics,Online,New,366.62,3,0,No,3.9,1144.64,468.19,Yes
ORD500745,2026-01-31,Lahore,Beauty,Mobile App,Regular,26.14,1,0,No,4.7,26.96,9.31,No
ORD502132,2026-01-31,Karachi,Home & Kitchen,Mobile App,Regular,60.58,3,5,Yes,3.9,179.77,60.56,Yes
ORD501860,2026-01-31,Lahore,Beauty,In-Store,Regular,31.38,7,20,Yes,3.8,170.28,20.43,No
ORD502121,2026-01-31,Faisalabad,Clothing,Mobile App,New,61.16,9,5,No,4.6,543.19,160.35,No
ORD502131,2026-02-01,Lahore,Beauty,In-Store,Regular,28.72,4,0,No,3.7,113.61,32.23,No
ORD500496,2026-02-01,Islamabad,Beauty,In-Store,New,18.25,4,10,Yes,5.0,64.06,8.58,No
ORD501750,2026-02-01,Karachi,Beauty,In-Store,Regular,39.57,4,0,No,5.0,156.27,62.53,No
ORD500726,2026-02-01,Multan,Home & Kitchen,Online,New,37.02,4,20,Yes,3.8,118.43,16.11,No
ORD502904,2026-02-01,Multan,Sports,In-Store,New,105.83,3,10,No,4.6,289.62,98.98,No
ORD502915,2026-02-02,Multan,Sports,In-Store,Regular,83.75,7,0,No,3.2,596.76,128.41,Yes
ORD502644,2026-02-02,Karachi,Sports,Mobile App,Regular,74.66,4,5,No,3.4,290.18,114.65,No
ORD501623,2026-02-03,Karachi,Home & Kitchen,In-Store,Premium,67.61,8,5,No,4.0,492.6,133.46,No
ORD500977,2026-02-03,Islamabad,Groceries,In-Store,Regular,7.62,5,10,No,3.0,32.66,8.0,No
ORD500959,2026-02-04,Karachi,Home & Kitchen,In-Store,,76.13,5,0,No,3.3,363.29,76.88,No
ORD501515,2026-02-05,Karachi,Groceries,Online,Regular,9.27,3,0,No,4.0,28.68,10.47,No
ORD501340,2026-02-05,Faisalabad,Beauty,Online,New,21.64,4,0,No,3.9,85.77,37.91,No
ORD501391,2026-02-05,Lahore,Beauty,Online,Premium,25.69,4,5,No,2.1,93.73,32.57,Yes
ORD501406,2026-02-05,Karachi,Clothing,In-Store,Regular,50.75,5,15,Yes,3.7,214.24,52.93,Yes
ORD502626,2026-02-05,Islamabad,Beauty,In-Store,Regular,16.77,3,25,Yes,3.7,35.91,1.2,No
ORD502142,2026-02-05,Lahore,Home & Kitchen,In-Store,Premium,,3,10,No,4.2,247.67,69.68,No
ORD500641,2026-02-06,Karachi,Home & Kitchen,In-Store,New,77.46,5,10,No,3.6,355.29,88.36,No
ORD502143,2026-02-06,Karachi,Beauty,In-Store,Regular,30.2,6,0,No,4.9,179.02,56.56,No
ORD501330,2026-02-06,Karachi,Home & Kitchen,In-Store,Premium,85.39,2,0,No,4.0,163.54,36.41,No
ORD500623,2026-02-06,Faisalabad,Beauty,In-Store,New,,4,5,No,5.0,98.79,28.13,No
ORD502043,2026-02-07,Islamabad,Beauty,Mobile App,Regular,28.34,5,0,Yes,4.3,136.96,28.54,No
ORD501670,2026-02-07,Karachi,Sports,Online,Regular,102.12,4,5,No,3.3,371.93,52.77,No
ORD500275,2026-02-07,Karachi,Clothing,In-Store,New,57.82,3,0,Yes,3.6,166.33,44.5,No
ORD502096,2026-02-07,Lahore,Clothing,In-Store,Premium,65.1,1,0,No,3.2,63.33,14.3,No
ORD501568,2026-02-07,Multan,Sports,Online,,110.68,6,0,No,2.9,632.82,156.78,No
ORD500921,2026-02-07,Karachi,Groceries,Mobile App,Regular,16.6,4,20,Yes,2.8,55.14,6.07,No
ORD502954,2026-02-07,Islamabad,Groceries,Online,Regular,10.08,7,10,No,4.3,61.48,16.3,Yes
ORD501107,2026-02-08,Islamabad,Electronics,Online,Regular,319.86,7,0,No,4.9,2145.79,564.31,No
ORD502069,2026-02-08,Islamabad,Groceries,In-Store,Regular,17.25,5,10,No,3.3,76.54,19.68,No
ORD502631,2026-02-09,Lahore,Beauty,In-Store,Premium,28.83,4,10,No,3.6,98.63,17.04,No
ORD502094,2026-02-09,Lahore,Clothing,In-Store,New,38.8,5,5,Yes,5.0,187.45,53.01,No
ORD500758,2026-02-10,Karachi,Sports,In-Store,Premium,71.15,3,10,No,5.0,188.62,59.2,No
ORD501984,2026-02-10,Lahore,Clothing,In-Store,Regular,61.84,5,10,No,2.9,283.54,99.16,No
ORD502248,2026-02-10,Lahore,Sports,Online,Regular,65.53,4,5,Yes,2.8,261.16,104.57,No
ORD501615,2026-02-10,Lahore,Electronics,Online,Regular,280.47,3,5,No,4.0,814.17,165.7,No
ORD502458,2026-02-10,Lahore,Electronics,Mobile App,Regular,292.75,3,5,No,2.9,813.41,245.6,No
ORD500676,2026-02-10,Islamabad,Sports,In-Store,Premium,83.19,4,10,No,4.8,306.59,41.92,No
ORD502345,2026-02-11,Faisalabad,Sports,Mobile App,Regular,85.1,4,10,No,2.6,320.05,122.02,No
ORD502985,2026-02-11,Lahore,Beauty,In-Store,Regular,38.72,3,5,No,3.6,112.15,37.12,No
ORD501083,2026-02-11,Islamabad,Sports,Online,Regular,87.25,4,0,No,2.9,348.14,90.47,Yes
ORD500672,2026-02-11,Karachi,Electronics,In-Store,Premium,502.15,7,5,No,4.9,3438.75,1321.2,No
ORD501206,2026-02-12,Faisalabad,Electronics,Online,Premium,241.57,4,5,Yes,4.4,885.57,262.4,No
ORD500400,2026-02-12,Islamabad,Groceries,In-Store,Regular,18.04,4,5,Yes,2.8,66.45,25.2,No
ORD501373,2026-02-12,Islamabad,Home & Kitchen,In-Store,Premium,48.84,3,15,Yes,3.6,122.06,14.02,No
ORD502965,2026-02-13,Karachi,Home & Kitchen,In-Store,Regular,60.24,8,20,Yes,3.7,389.77,91.36,No
ORD501565,2026-02-13,Islamabad,Clothing,Online,New,53.48,1,0,No,,52.71,20.67,No
ORD500170,2026-02-14,Karachi,Beauty,Online,,21.8,3,0,No,3.8,65.21,28.03,No
ORD501673,2026-02-14,Lahore,Home & Kitchen,Mobile App,New,53.11,4,0,Yes,3.2,206.19,76.79,No
ORD500365,2026-02-14,Faisalabad,Clothing,In-Store,New,30.03,4,20,Yes,4.7,100.2,11.67,No
ORD500000,2026-02-15,Karachi,Groceries,In-Store,Regular,16.5,2,0,No,4.3,34.31,12.09,No
ORD501606,2026-02-17,Lahore,Groceries,,Regular,14.28,4,0,No,4.1,57.11,19.69,No
ORD500353,2026-02-17,Lahore,Clothing,In-Store,Regular,38.15,4,10,No,3.6,140.15,48.47,Yes
ORD500040,2026-02-17,Lahore,Home & Kitchen,Mobile App,Regular,83.74,4,15,Yes,4.4,272.9,28.99,No
ORD501505,2026-02-17,Karachi,Sports,Online,Regular,48.74,1,0,No,3.4,49.1,11.03,No
ORD500396,2026-02-17,Karachi,Clothing,In-Store,New,39.1,3,0,No,4.6,115.02,48.16,No
ORD502857,2026-02-18,Faisalabad,Electronics,Mobile App,New,337.38,5,10,No,5.0,1448.43,339.55,No
ORD501111,2026-02-18,Karachi,Beauty,In-Store,Regular,15.23,1,0,No,2.8,15.33,4.78,No
ORD500108,2026-02-19,Karachi,Sports,Online,Premium,70.93,6,0,No,4.3,426.03,117.33,No
ORD500215,2026-02-20,Multan,Groceries,Mobile App,New,10.24,6,0,No,3.3,59.82,15.78,No
ORD500629,2026-02-20,Karachi,Beauty,Online,New,15.27,6,10,No,4.0,78.74,17.11,No
ORD502444,2026-02-20,Faisalabad,Home & Kitchen,In-Store,Regular,59.33,2,0,Yes,4.0,113.71,43.11,No
ORD500016,2026-02-21,Karachi,Electronics,Online,Regular,320.67,2,0,No,3.2,651.62,159.29,No
ORD501787,2026-02-21,Lahore,Clothing,In-Store,Regular,70.14,3,20,Yes,3.6,164.07,47.8,No
ORD501910,2026-02-21,Lahore,Electronics,In-Store,Regular,525.5,3,5,No,4.7,1424.61,344.14,No
ORD500522,2026-02-21,Islamabad,Sports,Online,Regular,102.18,5,0,No,3.9,486.39,116.09,No
ORD501099,2026-02-22,Karachi,Home & Kitchen,Online,,47.12,4,0,No,3.8,192.26,45.58,No
ORD502261,2026-02-22,Faisalabad,Clothing,Mobile App,Regular,59.69,3,0,No,2.7,186.95,48.91,No
ORD501835,2026-02-22,Islamabad,Sports,In-Store,New,63.56,3,15,Yes,2.9,159.27,53.28,No
ORD500248,2026-02-22,Multan,Home & Kitchen,In-Store,New,84.01,2,0,No,3.8,174.9,51.35,No
ORD502727,2026-02-23,Karachi,Home & Kitchen,In-Store,New,52.51,7,20,Yes,3.3,302.5,67.78,No
ORD501706,2026-02-23,Karachi,Sports,Online,Premium,58.61,5,20,Yes,3.9,227.28,59.24,No
ORD502823,2026-02-23,Lahore,Groceries,Online,Regular,13.94,6,10,No,4.5,77.21,27.65,No
ORD501229,2026-02-23,Lahore,Sports,In-Store,Regular,91.89,4,15,Yes,4.5,307.45,98.82,No
ORD502854,2026-02-23,Multan,Beauty,In-Store,New,37.63,7,5,No,3.8,255.52,81.17,No
ORD500622,2026-02-24,Faisalabad,Clothing,Online,Regular,32.1,4,5,No,4.3,127.73,49.11,No
ORD502505,2026-02-24,Multan,Electronics,Online,New,312.79,2,10,No,3.2,573.88,76.37,No
ORD501765,2026-02-25,Karachi,Clothing,In-Store,Regular,34.41,4,25,Yes,4.2,98.79,-10.96,No
ORD502837,2026-02-25,Karachi,Electronics,Mobile App,Premium,459.3,3,15,Yes,3.4,1143.67,173.61,Yes
ORD501552,2026-02-25,Lahore,Groceries,In-Store,Premium,17.4,9,0,No,4.3,161.4,44.89,No
ORD500484,2026-02-25,Multan,Beauty,Mobile App,New,18.73,2,0,No,4.0,37.95,9.16,No
ORD500416,2026-02-25,Karachi,Electronics,Online,Premium,284.71,6,0,No,2.6,1679.7,591.39,No
ORD501175,2026-02-25,Multan,Clothing,In-Store,Premium,62.0,10,20,Yes,3.8,474.16,16.51,Yes
ORD502796,2026-02-26,Faisalabad,Groceries,Mobile App,Premium,11.28,4,20,Yes,4.8,35.24,3.23,No
ORD501966,2026-02-26,Karachi,Sports,In-Store,Regular,59.32,5,0,No,4.0,282.48,67.9,No
ORD501499,2026-02-26,Faisalabad,Groceries,In-Store,Premium,18.23,9,20,Yes,,133.67,18.52,No
ORD500820,2026-02-26,Islamabad,Clothing,In-Store,,35.43,7,5,No,3.8,235.05,72.35,No
ORD500465,2026-02-27,Islamabad,Groceries,Online,New,14.39,3,0,No,2.9,43.86,10.77,No
ORD501441,2026-02-27,Faisalabad,Home & Kitchen,In-Store,New,55.93,3,10,No,4.1,148.86,27.11,No
ORD500930,2026-02-27,Karachi,Clothing,Online,Regular,58.85,3,5,No,5.0,174.38,61.85,No
ORD502492,2026-02-27,Lahore,Sports,Mobile App,New,66.76,5,10,No,4.3,310.7,125.55,No
ORD502264,2026-02-27,Karachi,Clothing,Online,New,41.12,4,0,Yes,2.9,167.9,50.27,No
ORD500320,2026-02-28,Islamabad,Sports,In-Store,Regular,,2,0,No,4.0,204.98,45.05,No
ORD501598,2026-02-28,Karachi,Electronics,In-Store,Regular,559.1,10,25,Yes,3.7,4153.11,892.56,No
ORD502621,2026-02-28,Lahore,Clothing,In-Store,New,58.71,4,10,No,2.5,221.68,79.22,No
ORD502601,2026-02-28,Islamabad,Beauty,In-Store,Regular,36.44,4,0,No,3.1,140.93,46.96,Yes
ORD500352,2026-03-01,Islamabad,Groceries,Mobile App,Regular,17.26,3,20,Yes,3.9,39.66,5.33,No
ORD500890,2026-03-01,Faisalabad,Sports,Mobile App,Regular,103.91,7,10,No,4.0,642.44,172.06,No
ORD502812,2026-03-02,Islamabad,Home & Kitchen,In-Store,New,45.35,1,5,Yes,3.9,43.2,17.11,No
ORD502380,2026-03-02,Lahore,Groceries,In-Store,New,11.58,5,10,No,3.5,52.9,17.35,No
ORD501134,2026-03-03,Karachi,Home & Kitchen,In-Store,New,49.13,8,15,Yes,4.3,325.8,99.44,No
ORD502698,2026-03-03,Islamabad,Groceries,Online,New,17.26,6,25,Yes,3.4,74.02,0.9,No
ORD501164,2026-03-03,Islamabad,Clothing,Mobile App,New,30.95,5,0,No,,149.52,43.32,Yes
ORD500823,2026-03-04,Karachi,Groceries,In-Store,New,8.1,8,10,No,3.5,57.59,16.16,Yes
ORD500604,2026-03-04,Karachi,Home & Kitchen,In-Store,New,46.31,2,5,No,4.4,91.44,32.06,No
ORD500956,2026-03-05,Karachi,Electronics,Online,Premium,543.84,4,20,Yes,4.4,1667.67,270.61,No
ORD501001,2026-03-05,Karachi,Sports,Online,Premium,,7,10,Yes,3.3,656.55,184.88,Yes
ORD501063,2026-03-06,Islamabad,Beauty,In-Store,Regular,30.98,7,15,Yes,3.4,175.43,32.48,No
ORD500918,2026-03-06,Islamabad,Electronics,In-Store,Regular,250.2,3,20,Yes,,627.06,51.8,No
ORD500406,2026-03-07,Lahore,Sports,In-Store,Premium,107.87,2,10,No,3.7,191.13,29.53,No
ORD500120,2026-03-07,Lahore,Beauty,Mobile App,Regular,,5,5,No,3.6,121.77,24.88,No
ORD500733,2026-03-07,Multan,Beauty,,New,15.62,6,5,No,5.0,90.05,16.11,No
ORD502847,2026-03-07,Karachi,Clothing,In-Store,New,39.56,4,5,Yes,3.2,146.65,43.16,No
ORD502740,2026-03-08,Multan,Clothing,Mobile App,New,29.44,7,20,Yes,3.7,165.56,41.39,Yes
ORD500063,2026-03-08,Islamabad,Electronics,In-Store,Premium,472.68,3,10,No,4.2,1308.18,196.81,No
ORD502708,2026-03-09,Islamabad,Sports,Mobile App,New,108.49,4,0,No,3.6,451.66,116.07,No
ORD500947,2026-03-09,Karachi,Electronics,In-Store,Regular,227.39,2,0,No,4.6,463.49,143.05,No
ORD501172,2026-03-09,Lahore,Groceries,Online,Regular,12.65,5,0,No,3.4,63.32,16.52,No
ORD500537,2026-03-09,Islamabad,Beauty,Online,Regular,19.94,5,0,No,2.7,100.82,25.87,No
ORD502635,2026-03-10,Karachi,Electronics,In-Store,Regular,533.0,5,5,No,4.9,2471.56,527.8,No
ORD500904,2026-03-10,Faisalabad,Beauty,In-Store,Regular,20.11,4,15,Yes,3.3,68.09,10.57,No
ORD502207,2026-03-10,Islamabad,Sports,,Premium,,3,10,No,4.7,284.5,79.15,No
ORD501265,2026-03-11,Multan,Sports,In-Store,Premium,45.85,7,10,No,3.8,296.16,96.96,No
ORD502223,2026-03-12,Karachi,Electronics,Mobile App,New,513.94,4,20,Yes,5.0,1635.37,93.12,No
ORD502924,2026-03-12,Faisalabad,Beauty,In-Store,New,33.26,9,25,Yes,4.2,221.51,-0.41,No
ORD502512,2026-03-12,Faisalabad,Groceries,Mobile App,Premium,15.37,6,20,Yes,4.1,74.07,7.48,No
ORD502221,2026-03-12,Islamabad,Sports,In-Store,Regular,94.6,7,0,No,4.5,687.43,308.75,No
ORD502027,2026-03-13,Islamabad,Home & Kitchen,In-Store,Regular,50.33,4,5,No,2.5,181.8,70.19,Yes
ORD502863,2026-03-13,Islamabad,Sports,In-Store,Premium,111.92,11,5,No,3.8,1126.98,281.67,No
ORD500419,2026-03-13,Lahore,Home & Kitchen,Online,Regular,54.57,7,25,Yes,5.0,299.6,10.36,No
ORD500940,2026-03-13,Karachi,Home & Kitchen,In-Store,New,92.56,1,10,No,5.0,82.08,18.5,No
ORD500571,2026-03-13,Karachi,Electronics,,Regular,547.68,9,25,Yes,4.3,3762.32,-92.59,No
ORD501426,2026-03-13,Multan,Beauty,In-Store,Premium,23.03,4,0,Yes,4.2,95.54,31.19,No
ORD500740,2026-03-14,Multan,Groceries,In-Store,Regular,14.21,3,25,Yes,4.9,31.59,6.53,No
ORD500243,2026-03-14,Faisalabad,Home & Kitchen,In-Store,,64.81,10,0,No,3.5,669.16,227.35,No
ORD501517,2026-03-14,Islamabad,Beauty,Mobile App,New,28.61,3,5,No,3.9,81.94,31.27,No
ORD502285,2026-03-14,Lahore,Electronics,In-Store,Regular,299.37,4,10,No,,1031.79,99.16,No
ORD500859,2026-03-14,Islamabad,Sports,Mobile App,Regular,99.12,13,15,Yes,3.8,1091.39,170.43,No
ORD501713,2026-03-15,Karachi,Beauty,Mobile App,,21.38,4,10,No,,80.37,12.15,No
ORD501101,2026-03-15,Islamabad,Beauty,Online,New,26.11,4,0,No,4.4,104.71,46.46,No
ORD501116,2026-03-15,Lahore,Groceries,Online,Regular,17.57,3,10,No,4.2,45.84,13.82,No
ORD502771,2026-03-15,Lahore,Groceries,Online,New,11.98,3,0,No,4.6,36.4,8.95,No
ORD501638,2026-03-15,Lahore,Electronics,In-Store,Regular,306.06,3,25,Yes,4.6,661.35,16.13,No
ORD500663,2026-03-15,Karachi,Groceries,In-Store,Premium,12.52,7,0,No,3.2,88.91,26.23,No
ORD502334,2026-03-15,Islamabad,Groceries,Mobile App,Regular,9.45,6,20,Yes,4.3,44.75,1.03,No
ORD500800,2026-03-16,Karachi,Groceries,Online,Regular,14.24,3,20,Yes,3.4,34.38,8.41,No
ORD502440,2026-03-16,Karachi,Groceries,Online,New,16.18,2,10,Yes,4.3,28.93,5.21,No
ORD502777,2026-03-16,Multan,Electronics,Online,Premium,559.02,11,25,Yes,3.4,4744.56,1362.1,Yes
ORD502089,2026-03-16,Karachi,Electronics,Online,New,537.06,4,0,Yes,4.0,2067.35,856.93,No
ORD502646,2026-03-17,Islamabad,Groceries,In-Store,Premium,9.36,5,10,No,2.7,43.69,17.84,No
ORD502789,2026-03-17,Lahore,Clothing,In-Store,Regular,68.23,6,20,Yes,4.5,339.44,22.18,Yes
ORD500510,2026-03-17,Karachi,Sports,Online,Regular,82.49,4,10,No,4.5,310.29,112.62,No
ORD501402,2026-03-18,Faisalabad,Home & Kitchen,Mobile App,Regular,85.03,2,0,Yes,4.8,173.37,57.51,No
ORD502437,2026-03-18,Karachi,Electronics,Online,,499.57,4,15,Yes,3.8,1732.17,583.76,No
ORD502414,2026-03-18,Islamabad,Sports,Online,Regular,104.07,1,5,No,2.7,93.99,16.12,No
ORD500627,2026-03-18,Islamabad,Electronics,Mobile App,New,293.3,4,5,No,3.9,1128.58,468.95,No
ORD502283,2026-03-18,Karachi,Clothing,Online,Regular,41.69,7,10,Yes,3.4,265.37,70.84,Yes
ORD500955,2026-03-18,Faisalabad,Beauty,Online,Regular,35.95,5,0,Yes,3.0,174.64,67.31,Yes
ORD500459,2026-03-19,Faisalabad,Groceries,Online,New,8.39,5,20,Yes,3.2,34.57,7.45,No
ORD501657,2026-03-19,Lahore,Sports,In-Store,New,86.52,4,15,Yes,3.6,304.65,96.25,No
ORD501770,2026-03-20,Islamabad,Home & Kitchen,In-Store,Premium,77.89,6,5,Yes,5.0,436.31,67.93,No
ORD500569,2026-03-20,Lahore,Home & Kitchen,In-Store,New,88.37,7,0,No,4.3,629.31,202.26,No
ORD500848,2026-03-21,Lahore,Groceries,Online,New,,5,0,No,3.6,79.62,26.95,No
ORD500149,2026-03-21,Multan,Clothing,In-Store,Regular,63.32,5,0,No,4.9,312.97,96.72,No
ORD502485,2026-03-21,Karachi,Sports,In-Store,New,67.72,4,0,Yes,,280.62,95.35,No
ORD501734,2026-03-22,Multan,Electronics,Online,New,459.05,3,5,No,4.3,1306.86,360.15,No
ORD500948,2026-03-22,Lahore,Sports,In-Store,Regular,110.42,1,10,No,3.7,94.49,33.64,No
ORD500267,2026-03-22,Karachi,Clothing,Online,Regular,56.84,7,0,No,2.7,401.56,110.95,Yes
ORD501788,2026-03-23,Islamabad,Electronics,In-Store,Regular,429.47,9,25,Yes,5.0,2971.9,84.29,No
ORD500179,2026-03-23,Lahore,Home & Kitchen,In-Store,New,38.31,4,0,No,3.6,153.09,52.53,No
ORD501319,2026-03-23,Lahore,Sports,In-Store,Regular,90.23,5,5,No,5.0,430.0,108.56,No
ORD501691,2026-03-23,Karachi,Electronics,In-Store,Premium,543.95,7,10,No,3.5,3384.54,558.57,No
ORD500753,2026-03-24,Lahore,Beauty,In-Store,Regular,26.66,3,15,Yes,3.7,69.74,18.39,No
ORD502878,2026-03-25,Lahore,Groceries,In-Store,Regular,19.14,11,10,No,3.7,197.0,40.33,No
ORD502105,2026-03-25,Lahore,Sports,Online,Regular,92.46,10,5,No,3.5,909.11,342.74,No
ORD500657,2026-03-25,Multan,Beauty,In-Store,New,22.14,4,10,No,3.7,76.4,20.51,No
ORD501005,2026-03-26,Islamabad,Electronics,Mobile App,Premium,355.59,6,25,Yes,4.5,1597.29,311.75,No
ORD501521,2026-03-26,Lahore,Home & Kitchen,Online,Regular,45.08,3,0,No,3.4,134.08,26.5,No
ORD501121,2026-03-26,Karachi,Beauty,,New,22.48,6,10,No,4.6,126.01,48.38,No
ORD502099,2026-03-26,Karachi,Sports,Mobile App,Regular,101.88,5,20,Yes,2.6,399.9,93.04,Yes
ORD500913,2026-03-27,Karachi,Sports,Online,Premium,50.76,7,15,Yes,3.9,313.4,103.01,No
ORD501412,2026-03-27,Islamabad,Electronics,In-Store,Regular,221.83,6,5,No,,1253.39,280.16,No
ORD502859,2026-03-27,Lahore,Beauty,In-Store,Regular,32.9,4,5,No,3.8,121.29,47.49,No
ORD501264,2026-03-27,Lahore,Groceries,In-Store,New,9.4,3,5,No,4.2,25.55,6.27,No
ORD500417,2026-03-27,Karachi,Groceries,In-Store,New,15.67,2,5,No,3.7,29.02,6.13,No
ORD502490,2026-03-28,Karachi,Home & Kitchen,In-Store,Premium,38.29,3,10,No,3.4,105.66,17.51,No
ORD502491,2026-03-28,Karachi,Electronics,In-Store,Regular,501.45,6,10,Yes,3.9,2816.56,954.84,No
ORD502516,2026-03-29,Lahore,Clothing,In-Store,Regular,30.41,3,0,No,4.4,93.14,40.89,No
ORD500448,2026-03-30,Faisalabad,Electronics,Online,Premium,254.84,7,0,No,4.2,1754.15,443.74,Yes
ORD502976,2026-03-30,Islamabad,Home & Kitchen,Online,New,85.46,3,5,No,3.5,255.35,109.78,Yes
ORD502630,2026-03-30,Multan,Beauty,Online,Regular,37.9,2,0,No,3.3,75.45,18.71,No
ORD500562,2026-03-31,Faisalabad,Groceries,In-Store,Regular,9.39,1,0,No,5.0,8.96,2.06,No
ORD502596,2026-03-31,Faisalabad,Electronics,In-Store,Premium,373.84,14,20,Yes,2.4,3995.24,-108.96,No
ORD502887,2026-04-01,Karachi,Beauty,In-Store,New,34.07,4,5,No,3.3,133.98,49.41,Yes
ORD500616,2026-04-01,Karachi,Sports,In-Store,Regular,81.3,3,20,Yes,3.5,194.77,25.33,No
ORD500681,2026-04-01,Karachi,Electronics,Online,Regular,319.72,1,0,Yes,3.8,317.5,105.83,No
ORD500077,2026-04-01,Karachi,Electronics,Online,Regular,389.58,4,15,Yes,4.3,1298.14,376.71,No
ORD501088,2026-04-01,Lahore,Sports,Online,Regular,81.32,5,0,Yes,4.1,392.37,166.19,No
ORD501924,2026-04-01,Multan,Beauty,Online,Regular,28.54,1,5,No,3.5,26.49,6.39,No
ORD502737,2026-04-02,Faisalabad,Sports,Online,New,103.11,5,10,No,4.0,463.86,177.79,No
ORD501617,2026-04-02,Multan,Home & Kitchen,Online,New,53.59,2,5,No,2.8,106.57,41.26,Yes
ORD502710,2026-04-03,Multan,Sports,In-Store,Premium,95.93,9,0,No,2.6,876.5,253.48,No
ORD502836,2026-04-03,Karachi,Sports,In-Store,Regular,70.7,6,15,Yes,3.8,351.82,65.24,No
ORD501961,2026-04-04,Karachi,Groceries,Online,New,18.75,5,15,Yes,2.7,75.82,15.28,No
ORD500872,2026-04-04,Karachi,Clothing,In-Store,Premium,64.93,14,10,No,3.4,800.03,223.53,Yes
ORD500393,2026-04-05,Lahore,Beauty,Online,Regular,33.16,9,15,Yes,2.7,258.22,82.62,No
ORD501847,2026-04-05,Islamabad,Home & Kitchen,In-Store,Regular,79.61,6,0,No,4.5,483.81,142.75,No
ORD502238,2026-04-05,Lahore,Electronics,In-Store,Premium,433.8,5,5,No,5.0,1971.81,299.73,No
ORD500013,2026-04-05,Lahore,Home & Kitchen,Online,Regular,45.9,6,0,No,3.6,270.96,60.99,No
ORD500129,2026-04-05,Multan,Clothing,In-Store,New,50.2,4,10,No,4.5,184.36,49.28,Yes
ORD500786,2026-04-06,Islamabad,Electronics,Mobile App,New,275.06,6,25,Yes,5.0,1213.07,204.1,No
ORD500825,2026-04-06,Islamabad,Clothing,Mobile App,Regular,51.25,86,20,Yes,3.7,403.51,87.86,No
ORD502607,2026-04-06,Islamabad,Groceries,In-Store,Regular,12.96,8,10,No,3.2,92.46,10.59,No
ORD501213,2026-04-06,Karachi,Beauty,In-Store,New,16.73,8,10,No,4.9,116.81,18.01,No
ORD502566,2026-04-06,Faisalabad,Sports,Mobile App,New,66.33,4,20,Yes,3.3,221.91,30.33,No
ORD502092,2026-04-07,Islamabad,Clothing,,New,37.47,2,10,No,3.0,68.35,19.96,Yes
ORD502288,2026-04-07,Lahore,Electronics,Mobile App,Regular,290.75,1,5,No,4.1,287.79,69.36,No
ORD501221,2026-04-07,Lahore,Clothing,Mobile App,Regular,38.25,2,0,No,3.3,79.75,21.36,No
ORD501309,2026-04-08,Faisalabad,Clothing,Mobile App,Premium,37.14,4,20,Yes,3.6,116.0,3.94,Yes
ORD500683,2026-04-08,Karachi,Sports,In-Store,Regular,,4,5,No,4.5,410.2,169.67,No
ORD502484,2026-04-09,Lahore,Beauty,Mobile App,Regular,23.56,11,10,Yes,4.2,231.36,54.13,No
ORD500832,2026-04-10,Faisalabad,Beauty,Online,Regular,17.08,5,5,Yes,4.8,84.85,36.63,No
ORD501618,2026-04-10,Faisalabad,Electronics,In-Store,Premium,294.77,6,0,No,4.2,1713.59,310.52,No
ORD502643,2026-04-10,Lahore,Groceries,In-Store,New,8.55,6,5,No,3.1,49.78,20.0,No
ORD500585,2026-04-10,Islamabad,Sports,Mobile App,Regular,59.3,2,0,No,3.9,123.78,51.11,Yes
ORD501815,2026-04-10,Faisalabad,Electronics,In-Store,Regular,492.56,7,0,No,4.2,3467.31,1537.72,No
ORD501867,2026-04-10,Faisalabad,Electronics,Mobile App,Regular,434.55,6,0,No,5.0,2686.76,918.96,No
ORD501937,2026-04-10,Lahore,Electronics,Online,New,255.43,5,10,No,4.3,1106.92,234.92,No
ORD501036,2026-04-10,Lahore,Electronics,Online,New,458.95,2,0,Yes,2.7,933.88,365.03,No
ORD501970,2026-04-11,Faisalabad,Clothing,Online,New,69.37,4,10,No,4.3,257.97,69.36,No
ORD502068,2026-04-11,Lahore,Beauty,In-Store,Regular,24.54,3,10,No,4.2,63.24,16.34,No
ORD502964,2026-04-11,Islamabad,Home & Kitchen,In-Store,Regular,70.7,3,0,No,4.7,205.78,65.28,No
ORD501043,2026-04-11,Faisalabad,Groceries,Online,New,9.24,5,10,No,3.4,41.33,12.21,No
ORD502780,2026-04-11,Karachi,Clothing,Mobile App,Premium,64.38,9,0,No,4.8,598.39,160.1,No
ORD502765,2026-04-12,Karachi,Beauty,Online,Regular,29.65,3,5,Yes,3.7,81.68,16.76,No
ORD500986,2026-04-13,Karachi,Home & Kitchen,In-Store,Premium,57.13,5,10,No,2.9,262.55,54.28,No
ORD501404,2026-04-13,Faisalabad,Home & Kitchen,Online,New,88.44,4,0,No,4.0,339.99,63.02,No
ORD500301,2026-04-13,Karachi,Beauty,In-Store,Regular,21.9,4,5,No,5.0,79.42,26.81,No
ORD502489,2026-04-14,Lahore,Home & Kitchen,Online,,50.2,6,15,Yes,3.3,260.76,39.36,No
ORD500276,2026-04-15,Islamabad,Home & Kitchen,In-Store,Regular,72.25,5,20,Yes,4.6,278.74,35.74,No
ORD501845,2026-04-15,Islamabad,Clothing,In-Store,Premium,42.49,5,5,No,3.6,194.29,63.45,No
ORD501616,2026-04-15,Islamabad,Clothing,Online,New,57.88,4,10,No,3.2,206.14,61.69,No
ORD501182,2026-04-15,Karachi,Clothing,Online,New,68.06,4,5,No,3.8,264.8,104.47,No
ORD500507,2026-04-15,Faisalabad,Beauty,In-Store,Regular,16.82,1,0,No,2.6,17.19,6.99,No
ORD502610,2026-04-15,Lahore,Sports,In-Store,Regular,95.54,6,20,Yes,2.7,475.97,68.0,No
ORD500806,2026-04-16,Islamabad,Groceries,In-Store,New,10.17,4,5,No,4.4,38.37,11.62,No
ORD500195,2026-04-16,Lahore,Groceries,Online,Regular,12.53,5,0,No,3.6,60.79,22.67,Yes
ORD501315,2026-04-16,Karachi,Home & Kitchen,Online,Regular,47.55,3,0,No,4.5,143.76,45.44,No
ORD502549,2026-04-16,Islamabad,Electronics,In-Store,Regular,356.71,10,5,No,,3389.87,1305.57,No
ORD502140,2026-04-17,Karachi,Home & Kitchen,In-Store,Premium,53.23,6,15,Yes,3.9,283.47,78.72,No
ORD500850,2026-04-17,Karachi,Electronics,In-Store,Regular,418.64,3,20,Yes,4.5,999.91,91.92,No
ORD500358,2026-04-17,Lahore,Home & Kitchen,In-Store,Premium,81.17,9,10,No,,669.84,147.89,No
ORD501916,2026-04-17,Karachi,Groceries,Mobile App,New,18.58,7,20,Yes,3.8,108.01,13.09,No
ORD500181,2026-04-17,Lahore,Sports,In-Store,Premium,71.85,9,5,Yes,5.0,634.27,133.57,No
ORD502426,2026-04-17,Karachi,Electronics,In-Store,Regular,522.16,5,20,Yes,4.1,2019.48,581.21,No
ORD501574,2026-04-17,Multan,Home & Kitchen,In-Store,Regular,95.65,7,10,Yes,3.6,608.65,132.27,No
ORD500023,2026-04-18,Islamabad,Groceries,In-Store,New,14.04,7,20,Yes,3.6,79.82,12.73,No
ORD502661,2026-04-18,Faisalabad,Home & Kitchen,Mobile App,Premium,62.43,9,25,Yes,3.7,441.66,128.08,No
ORD500435,2026-04-18,Lahore,Clothing,In-Store,Regular,37.03,1,10,Yes,4.0,33.99,5.05,No
ORD500750,2026-04-18,Islamabad,Groceries,Online,New,15.16,2,5,Yes,4.0,29.35,8.58,No
ORD501427,2026-04-18,Lahore,Electronics,In-Store,Premium,260.85,5,5,No,5.0,1297.72,373.82,No
ORD502868,2026-04-18,Islamabad,Electronics,Online,New,478.43,6,0,No,3.2,2866.03,962.56,No
ORD501313,2026-04-19,Karachi,Sports,In-Store,New,83.63,5,0,No,4.9,433.12,151.33,No
ORD501922,2026-04-20,Islamabad,Home & Kitchen,Online,Regular,41.38,6,15,Yes,3.3,211.45,62.51,No
ORD502245,2026-04-20,Karachi,Groceries,In-Store,Premium,17.49,6,5,No,4.6,98.34,16.3,No
ORD502605,2026-04-20,Lahore,Beauty,In-Store,Regular,17.65,3,0,Yes,3.6,52.9,19.91,No
ORD501379,2026-04-20,Karachi,Groceries,Mobile App,Regular,16.42,3,10,No,3.4,45.21,6.0,No
ORD502639,2026-04-21,Islamabad,Electronics,Online,Regular,482.4,10,20,Yes,2.9,3988.09,1131.39,Yes
ORD500834,2026-04-21,Multan,Sports,In-Store,Regular,62.27,10,20,Yes,4.3,503.31,56.23,No
ORD501271,2026-04-21,Multan,Clothing,In-Store,Regular,61.84,8,0,No,3.8,481.62,88.29,No
ORD501983,2026-04-22,Multan,Electronics,In-Store,New,433.73,3,5,No,3.6,1220.22,387.5,No
ORD502911,2026-04-22,Faisalabad,Sports,In-Store,Regular,87.18,5,0,No,4.4,419.24,91.52,No
ORD500446,2026-04-22,Karachi,Groceries,In-Store,Premium,15.61,8,20,Yes,4.3,100.22,25.55,No
ORD502606,2026-04-22,Islamabad,Clothing,Online,Regular,71.61,4,15,Yes,3.0,252.24,69.22,No
ORD501293,2026-04-22,Islamabad,Clothing,In-Store,New,59.05,5,5,No,3.8,277.47,64.85,No
ORD502097,2026-04-23,Multan,Clothing,In-Store,Premium,69.38,3,10,Yes,4.8,192.48,32.27,No
ORD502255,2026-04-23,Karachi,Groceries,In-Store,Regular,9.41,7,0,No,4.0,67.75,27.53,No
ORD500234,2026-04-24,Lahore,Clothing,In-Store,Regular,49.9,7,0,No,4.3,355.12,78.94,No
ORD500262,2026-04-24,Faisalabad,Sports,Online,Regular,64.35,9,15,Yes,5.0,506.49,75.31,No
ORD500954,2026-04-25,Lahore,Clothing,In-Store,Premium,53.73,4,20,Yes,4.9,170.89,13.39,No
ORD501523,2026-04-25,Multan,Electronics,Mobile App,Regular,316.42,3,15,Yes,2.9,780.02,124.36,No
ORD501197,2026-04-25,Islamabad,Home & Kitchen,Mobile App,New,69.8,4,10,No,3.0,256.1,74.05,No
ORD500558,2026-04-25,Lahore,Groceries,In-Store,Regular,8.09,3,10,No,4.0,22.68,4.14,No
ORD501303,2026-04-25,Karachi,Clothing,In-Store,New,45.23,3,0,No,5.0,135.74,34.54,No
ORD501045,2026-04-25,Islamabad,Electronics,In-Store,New,508.1,6,0,No,4.7,2963.26,737.4,No
ORD501398,2026-04-25,Karachi,Beauty,In-Store,Premium,17.77,6,0,No,3.3,110.33,25.73,No
ORD501566,2026-04-26,Karachi,Beauty,In-Store,New,33.44,6,10,No,4.1,188.62,41.91,No
ORD501335,2026-04-26,Lahore,Home & Kitchen,In-Store,Premium,69.37,6,25,Yes,3.9,314.27,36.6,No
ORD502081,2026-04-27,Faisalabad,Home & Kitchen,In-Store,Regular,66.64,6,0,No,4.1,384.23,157.69,No
ORD501541,2026-04-27,Multan,Sports,Online,Regular,62.29,6,0,Yes,4.4,373.57,157.01,No
ORD501312,2026-04-27,Karachi,Electronics,In-Store,Premium,496.89,9,5,No,5.0,4130.81,1001.14,No
ORD501856,2026-04-27,Multan,Groceries,In-Store,New,10.77,6,5,No,3.8,60.28,17.25,No
ORD500925,2026-04-27,Islamabad,Sports,Online,Premium,97.78,6,0,No,2.9,603.52,254.39,No
ORD500775,2026-04-28,Islamabad,Sports,Mobile App,Regular,,6,5,No,5.0,556.31,131.73,No
ORD502617,2026-04-28,Karachi,Home & Kitchen,Online,New,85.87,5,10,No,,404.83,96.35,No
ORD500857,2026-04-29,Islamabad,Beauty,In-Store,Regular,21.71,3,10,No,3.2,61.29,11.85,Yes
ORD501738,2026-04-29,Faisalabad,Groceries,In-Store,Premium,16.09,9,10,No,3.7,134.44,37.78,No
ORD502649,2026-04-29,Lahore,Sports,In-Store,,107.19,3,10,Yes,2.7,286.32,56.4,No
ORD500600,2026-04-30,Lahore,Home & Kitchen,Online,Regular,44.73,3,15,Yes,3.3,117.9,39.86,No
ORD500867,2026-04-30,Karachi,Beauty,Mobile App,Premium,28.9,7,0,No,,208.13,80.58,No
ORD502897,2026-05-01,Islamabad,Home & Kitchen,Online,New,67.05,2,0,No,3.9,134.12,45.34,No
ORD500515,2026-05-01,Karachi,Home & Kitchen,Online,Regular,66.45,7,5,No,3.5,424.33,99.23,No
ORD501139,2026-05-01,Multan,Sports,In-Store,Regular,59.8,5,0,No,,303.4,69.07,No
ORD500172,2026-05-01,Faisalabad,Beauty,In-Store,Premium,17.58,5,20,Yes,3.6,68.69,4.56,No
ORD500062,2026-05-02,Karachi,Beauty,In-Store,Regular,35.25,5,0,No,4.0,181.08,64.46,No
ORD501944,2026-05-02,Karachi,Beauty,Online,Regular,,6,25,Yes,,165.05,27.5,No
ORD500349,2026-05-03,Islamabad,Home & Kitchen,In-Store,Regular,75.77,4,5,No,3.9,287.84,75.48,No
ORD501222,2026-05-03,Faisalabad,Groceries,Mobile App,New,12.5,3,0,Yes,2.6,36.94,12.64,Yes
ORD502992,2026-05-03,Lahore,Beauty,In-Store,Regular,35.49,3,15,Yes,4.3,90.12,29.62,No
ORD502072,2026-05-03,Karachi,Home & Kitchen,Mobile App,Regular,47.66,4,0,No,3.5,199.53,65.48,No
ORD501562,2026-05-03,Islamabad,Clothing,In-Store,Premium,51.53,1,0,No,3.1,49.84,14.15,No
ORD501059,2026-05-03,Islamabad,Beauty,Online,Premium,21.55,3,10,No,5.0,56.24,15.04,Yes
ORD500556,2026-05-04,Faisalabad,Groceries,In-Store,Premium,18.05,6,15,Yes,4.2,93.13,14.69,No
ORD500679,2026-05-04,Lahore,Clothing,In-Store,,52.04,5,10,No,3.9,224.03,20.9,No
ORD502335,2026-05-04,Karachi,Clothing,In-Store,Regular,33.48,9,15,Yes,3.3,252.7,66.79,No
ORD500543,2026-05-05,Karachi,Home & Kitchen,Mobile App,New,57.49,5,5,No,4.7,268.3,90.22,No
ORD501110,2026-05-05,Lahore,Electronics,Mobile App,Premium,559.0,5,15,Yes,3.9,2332.45,550.76,No
ORD502240,2026-05-05,Lahore,Clothing,Mobile App,New,39.99,3,10,No,4.2,111.84,19.18,No
ORD502665,2026-05-05,Lahore,Electronics,Mobile App,Regular,457.71,9,5,No,2.7,3806.31,704.26,No
ORD500114,2026-05-05,Faisalabad,Electronics,In-Store,Regular,240.81,4,10,Yes,4.2,896.17,186.06,No
ORD502331,2026-05-05,Islamabad,Sports,Online,New,95.71,3,0,No,,284.09,66.32,No
ORD501974,2026-05-06,Multan,Home & Kitchen,In-Store,Regular,74.5,5,10,No,5.0,333.74,68.22,Yes
ORD501535,2026-05-06,Islamabad,Sports,In-Store,Regular,45.37,2,0,No,,91.11,29.83,No
ORD500238,2026-05-06,Karachi,Groceries,Online,Premium,15.99,4,5,No,4.3,63.01,24.61,No
ORD502731,2026-05-07,Karachi,Clothing,In-Store,Regular,55.05,5,0,No,,273.27,98.5,Yes
ORD502744,2026-05-07,Lahore,Home & Kitchen,,Regular,59.19,5,15,Yes,3.8,251.23,22.71,No
ORD501975,2026-05-07,Karachi,Home & Kitchen,In-Store,Regular,81.13,4,0,No,4.1,340.53,158.41,No
ORD501639,2026-05-07,Islamabad,Sports,Online,New,48.05,3,10,No,4.7,126.23,45.98,No
ORD502436,2026-05-07,Islamabad,Sports,Mobile App,Regular,85.75,7,20,Yes,2.5,499.67,60.71,No
ORD500274,2026-05-07,Islamabad,Sports,In-Store,Premium,86.52,10,15,Yes,3.8,746.61,245.59,No
ORD501445,2026-05-08,Lahore,Home & Kitchen,In-Store,Regular,85.28,3,0,Yes,4.5,263.95,93.47,No
ORD502400,2026-05-08,Karachi,Sports,In-Store,Regular,71.0,9,25,Yes,3.6,469.67,13.04,Yes
ORD502230,2026-05-08,Lahore,Electronics,Online,New,364.1,3,5,No,3.8,1059.06,211.95,No
ORD500678,2026-05-08,Lahore,Beauty,In-Store,Premium,22.99,2,10,No,2.7,39.92,7.49,No
ORD500185,2026-05-09,Lahore,Clothing,Mobile App,Regular,35.27,6,25,Yes,2.6,152.36,21.5,No
ORD500729,2026-05-09,Karachi,Groceries,Online,Premium,14.72,8,0,No,2.5,121.14,50.49,No
ORD501811,2026-05-09,Karachi,Home & Kitchen,In-Store,Regular,70.27,9,5,Yes,2.7,578.92,182.67,No
ORD502181,2026-05-09,Lahore,Electronics,Online,Regular,373.94,3,0,No,3.1,1078.85,306.57,No
ORD502937,2026-05-09,Lahore,Sports,Online,New,79.35,3,10,No,2.9,209.91,63.44,No
ORD502604,2026-05-10,Islamabad,Electronics,In-Store,New,546.64,4,0,No,3.7,2288.8,672.16,Yes
ORD502208,2026-05-10,Lahore,Groceries,Online,New,7.46,3,10,No,4.1,20.76,3.57,No
ORD501053,2026-05-11,Karachi,Clothing,In-Store,Regular,27.54,2,0,No,5.0,55.79,22.78,No
ORD500218,2026-05-11,Karachi,Clothing,Mobile App,Premium,29.01,6,0,No,5.0,181.74,84.48,No
ORD500148,2026-05-12,Lahore,Groceries,Online,Regular,8.23,2,5,Yes,5.0,15.12,4.17,No
ORD501050,2026-05-12,Lahore,Groceries,In-Store,Regular,14.18,1,0,No,4.3,14.7,3.51,No
ORD501432,2026-05-12,Faisalabad,Sports,Mobile App,Regular,108.25,4,0,No,3.2,450.43,106.81,Yes
ORD500744,2026-05-12,Multan,Groceries,Mobile App,Regular,18.25,6,5,No,5.0,108.43,27.38,No
ORD502463,2026-05-12,Karachi,Beauty,Online,New,39.86,2,5,Yes,3.6,72.93,25.63,Yes
ORD500483,2026-05-12,Multan,Beauty,Online,Premium,18.83,4,10,No,3.7,66.99,16.61,No
ORD502800,2026-05-12,Islamabad,Beauty,In-Store,New,17.17,2,10,Yes,4.6,31.24,5.18,Yes
ORD502412,2026-05-12,Karachi,Beauty,Online,Regular,28.42,2,0,No,4.0,58.52,13.3,Yes
ORD501977,2026-05-13,Lahore,Home & Kitchen,Online,Regular,63.0,6,0,Yes,3.4,375.04,162.8,No
ORD500155,2026-05-13,Karachi,Beauty,Online,Premium,21.5,4,10,No,3.9,75.8,11.98,No
ORD502986,2026-05-13,Karachi,Beauty,In-Store,Premium,37.79,6,0,No,4.0,235.37,54.07,No
ORD502532,2026-05-13,Islamabad,Sports,Online,Premium,77.4,4,0,No,4.2,307.28,88.94,No
ORD502603,2026-05-13,Faisalabad,Clothing,In-Store,New,67.66,2,5,No,,122.23,44.33,No
ORD502561,2026-05-13,Faisalabad,Groceries,Mobile App,Regular,12.26,2,0,No,5.0,23.56,9.63,No
ORD500071,2026-05-13,Multan,Sports,Online,New,,3,0,Yes,3.7,241.93,101.86,No
ORD501722,2026-05-14,Karachi,Home & Kitchen,In-Store,New,90.05,3,0,No,3.1,274.93,89.84,No
ORD501006,2026-05-15,Islamabad,Clothing,In-Store,Regular,61.4,4,0,No,4.6,247.49,101.05,No
ORD502039,2026-05-15,Lahore,Sports,In-Store,Regular,79.43,9,15,Yes,4.3,631.3,136.34,No
ORD502263,2026-05-16,Karachi,Home & Kitchen,Mobile App,Regular,78.1,4,0,No,5.0,306.33,129.79,No
ORD501656,2026-05-16,Islamabad,Clothing,In-Store,Regular,33.26,3,0,No,4.6,102.06,27.19,No
ORD501405,2026-05-16,Karachi,Groceries,In-Store,New,,2,0,No,4.2,20.92,8.35,No
ORD502530,2026-05-17,Karachi,Sports,In-Store,Regular,66.11,4,5,No,5.0,248.16,89.89,No
ORD501396,2026-05-17,Karachi,Electronics,Online,New,409.12,5,20,Yes,3.2,1704.75,75.32,No
ORD501661,2026-05-17,Lahore,Beauty,Mobile App,Regular,20.43,1,10,No,4.6,18.74,5.69,No
ORD502406,2026-05-17,Lahore,Home & Kitchen,Online,Premium,81.17,4,10,Yes,2.6,301.96,54.9,Yes
ORD501510,2026-05-18,Lahore,Electronics,Online,New,291.13,3,10,No,3.4,791.28,239.63,No
ORD501337,2026-05-18,Karachi,Sports,Online,Regular,92.12,3,5,No,3.7,264.47,78.36,No
ORD502855,2026-05-18,Multan,Sports,Online,Premium,66.84,8,15,Yes,3.4,432.63,87.09,No
ORD501988,2026-05-19,Faisalabad,Groceries,In-Store,New,11.72,6,5,No,4.9,65.0,9.18,No
ORD501529,2026-05-19,Islamabad,Beauty,In-Store,New,27.11,3,0,No,2.3,82.87,29.01,No
ORD501897,2026-05-19,Multan,Sports,Online,New,42.38,4,0,No,4.7,162.88,53.56,No
ORD501143,2026-05-20,Karachi,Home & Kitchen,In-Store,Premium,60.81,9,0,No,4.2,530.16,202.1,No
ORD502611,2026-05-21,Faisalabad,Home & Kitchen,Online,,69.68,2,5,No,3.1,138.42,45.88,No
ORD501474,2026-05-21,Islamabad,Sports,In-Store,Regular,59.39,5,10,No,3.7,255.78,72.98,No
ORD501803,2026-05-21,Karachi,Sports,In-Store,Premium,89.46,8,0,Yes,4.6,693.83,221.68,No
ORD502421,2026-05-21,Islamabad,Sports,In-Store,New,62.58,5,10,No,3.7,271.11,96.83,No
ORD500064,2026-05-22,Karachi,Beauty,Online,Regular,30.29,6,0,No,4.0,189.38,67.72,No
ORD500971,2026-05-22,Islamabad,Beauty,Online,New,,2,0,No,3.0,31.29,7.82,Yes
ORD502599,2026-05-23,Faisalabad,Sports,In-Store,Regular,100.2,4,10,No,4.3,364.98,105.25,No
ORD501317,2026-05-23,Lahore,Clothing,Mobile App,New,69.81,3,0,No,3.3,212.77,70.05,No
ORD500347,2026-05-23,Karachi,Groceries,Mobile App,New,10.34,6,20,Yes,2.4,48.86,4.53,No
ORD502975,2026-05-24,Multan,Groceries,In-Store,Premium,13.93,6,0,No,,81.49,18.77,No
ORD500646,2026-05-24,Karachi,Clothing,In-Store,Premium,71.34,8,25,Yes,3.2,413.39,48.6,No
ORD500261,2026-05-24,Multan,Electronics,In-Store,Regular,310.73,3,5,No,3.8,903.15,375.05,No
ORD502356,2026-05-24,Islamabad,Sports,Mobile App,New,96.34,7,20,Yes,3.7,543.29,141.99,No
ORD500147,2026-05-24,Islamabad,Sports,Mobile App,Regular,52.97,1,10,No,2.5,45.59,9.82,Yes
ORD502953,2026-05-24,Lahore,Home & Kitchen,In-Store,New,58.93,2,20,Yes,5.0,92.67,2.96,No
ORD500764,2026-05-25,Karachi,Electronics,In-Store,,527.54,9,20,Yes,3.3,3832.46,635.3,No
ORD502741,2026-05-25,Islamabad,Clothing,Online,Regular,65.8,2,10,No,3.2,119.73,40.81,No
ORD502655,2026-05-26,Lahore,Home & Kitchen,In-Store,Regular,57.59,6,25,Yes,4.2,258.38,-2.28,No
ORD500972,2026-05-26,Lahore,Clothing,In-Store,,64.72,3,0,No,3.4,196.04,77.79,No
ORD500836,2026-05-26,Islamabad,Clothing,Online,Regular,64.76,1,15,Yes,4.2,55.27,14.17,No
ORD501453,2026-05-26,Karachi,Sports,In-Store,Regular,57.0,3,15,Yes,,149.15,19.55,No
ORD500677,2026-05-26,Multan,Sports,In-Store,Regular,44.93,4,15,Yes,3.5,152.48,38.7,No
ORD502770,2026-05-26,Karachi,Electronics,In-Store,New,413.86,3,15,Yes,4.9,1032.89,113.38,No
ORD500150,2026-05-26,Karachi,Sports,Online,New,,3,10,No,4.1,250.77,38.72,Yes
ORD501676,2026-05-27,Islamabad,Groceries,Online,Regular,10.99,3,20,Yes,3.5,25.5,6.43,No
ORD500749,2026-05-27,Faisalabad,Electronics,Online,New,331.34,3,0,No,3.2,991.14,318.65,No
ORD500901,2026-05-28,Multan,Sports,Mobile App,Regular,93.14,7,5,No,2.7,604.19,228.36,No
ORD500289,2026-05-28,Karachi,Beauty,In-Store,Regular,15.14,4,25,Yes,5.0,44.04,7.78,No
ORD501506,2026-05-28,Multan,Home & Kitchen,Mobile App,Premium,68.72,14,10,No,5.0,864.6,261.95,No
ORD501883,2026-05-28,Lahore,Beauty,In-Store,Regular,24.97,2,0,No,3.2,48.34,18.2,No
ORD500624,2026-05-28,Lahore,Clothing,In-Store,Regular,70.22,4,0,Yes,5.0,289.31,89.21,No
ORD502851,2026-05-29,Lahore,Home & Kitchen,Online,Premium,54.16,6,0,No,,333.36,74.78,No
ORD501964,2026-05-29,Karachi,Electronics,In-Store,Regular,524.61,1,20,Yes,4.6,415.48,0.38,No
ORD501422,2026-05-29,Islamabad,Sports,In-Store,New,77.42,4,0,No,3.3,317.69,120.2,No
ORD500060,2026-05-29,Karachi,Home & Kitchen,In-Store,New,63.26,4,0,No,2.2,258.87,96.36,No
ORD501257,2026-05-29,Karachi,Electronics,Online,Regular,514.93,4,10,No,4.6,1771.1,486.95,No
ORD502013,2026-05-30,Lahore,Clothing,Mobile App,Premium,57.19,6,0,No,3.8,332.1,89.77,No
ORD501500,2026-05-30,Karachi,Clothing,Online,Regular,53.39,5,10,No,3.4,248.25,96.77,No
ORD500333,2026-05-30,Karachi,Home & Kitchen,Mobile App,Regular,50.11,4,10,No,4.0,173.35,49.83,No
ORD500021,2026-05-31,Karachi,Clothing,In-Store,Regular,61.24,4,0,No,3.1,238.75,83.1,No
ORD500021,2026-05-31,Karachi,Clothing,In-Store,Regular,61.24,4,0,No,3.1,238.75,83.1,No
ORD501846,2026-05-31,Lahore,Sports,Online,Premium,70.12,6,10,No,4.8,377.02,113.32,No
ORD502574,2026-05-31,Karachi,Electronics,Online,Premium,261.7,5,15,Yes,4.4,1114.52,180.87,No
ORD501904,2026-06-01,Karachi,Clothing,In-Store,Regular,44.5,7,10,No,4.8,274.5,84.58,No
ORD502944,2026-06-01,Karachi,Sports,In-Store,Premium,76.78,7,5,No,5.0,494.42,110.37,No
ORD501559,2026-06-01,Multan,Clothing,In-Store,New,39.56,4,0,No,4.5,158.38,36.35,No
ORD501915,2026-06-03,Lahore,Sports,In-Store,New,43.54,4,5,Yes,4.2,159.75,27.47,No
ORD502405,2026-06-03,Multan,Electronics,In-Store,Regular,277.5,3,20,Yes,3.5,660.26,10.94,No
ORD502808,2026-06-03,Faisalabad,Clothing,In-Store,Regular,48.31,3,0,No,3.9,138.9,41.53,No
ORD502405,2026-06-03,Multan,Electronics,In-Store,Regular,277.5,3,20,Yes,3.5,660.26,10.94,No
ORD501269,2026-06-03,Lahore,Home & Kitchen,In-Store,New,80.31,3,0,No,4.2,252.2,79.52,No
ORD501953,2026-06-03,Islamabad,Electronics,In-Store,,454.22,2,5,No,1.7,873.66,370.36,No
ORD501703,2026-06-04,Islamabad,Beauty,In-Store,Regular,33.8,7,5,No,3.2,229.09,79.56,No
ORD500098,2026-06-06,Lahore,Clothing,In-Store,,53.84,4,10,No,3.7,192.94,23.22,No
ORD502798,2026-06-06,Islamabad,Electronics,Online,New,400.59,4,0,No,2.4,1611.78,579.98,No
ORD502161,2026-06-08,Lahore,Home & Kitchen,Mobile App,Regular,45.16,5,0,No,4.6,217.41,70.36,No
ORD500455,2026-06-08,Karachi,Clothing,,Regular,37.54,3,0,No,2.5,110.59,35.87,Yes
ORD500517,2026-06-09,Islamabad,Clothing,In-Store,Premium,47.12,12,10,No,4.5,511.79,74.28,No
ORD501133,2026-06-09,Lahore,Sports,In-Store,Regular,70.37,4,0,No,3.3,274.67,58.51,Yes
ORD501067,2026-06-09,Karachi,Groceries,Online,Regular,17.93,2,5,No,3.3,35.28,9.18,No
ORD502286,2026-06-09,Karachi,Clothing,In-Store,Premium,71.37,8,10,No,4.1,520.22,203.46,Yes
ORD502286,2026-06-09,Karachi,Clothing,In-Store,Premium,71.37,8,10,No,4.1,520.22,203.46,Yes
ORD502408,2026-06-09,Karachi,Groceries,Mobile App,Regular,15.32,3,5,No,3.7,43.44,9.57,No
ORD500674,2026-06-10,Karachi,Groceries,Mobile App,Premium,10.7,10,5,No,4.7,103.64,23.15,No
ORD502521,2026-06-10,Islamabad,Home & Kitchen,In-Store,New,73.92,6,25,Yes,4.4,326.01,57.08,No
ORD501106,2026-06-11,Lahore,Clothing,In-Store,Premium,57.68,3,10,No,5.0,158.52,27.13,No
ORD501055,2026-06-11,Karachi,Beauty,In-Store,Regular,25.82,10,15,Yes,4.6,227.87,75.57,No
ORD500367,2026-06-12,Lahore,Beauty,Online,New,22.68,4,15,Yes,3.9,74.13,10.26,No
ORD500160,2026-06-12,Lahore,Electronics,Online,New,378.94,7,15,Yes,4.3,2322.84,261.07,No
ORD501575,2026-06-12,Lahore,Home & Kitchen,In-Store,New,92.05,3,0,No,3.6,287.46,101.12,No
ORD500570,2026-06-12,Karachi,Clothing,Mobile App,Regular,49.92,4,10,No,4.1,175.52,39.72,No
ORD501494,2026-06-12,Lahore,Sports,In-Store,Premium,90.55,8,5,No,,720.04,249.06,No
ORD502893,2026-06-12,Karachi,Home & Kitchen,In-Store,Regular,45.16,6,10,No,4.1,240.0,32.39,No
ORD501423,2026-06-13,Islamabad,Sports,Mobile App,Regular,86.48,8,0,No,3.4,688.62,284.77,No
ORD501185,2026-06-13,Faisalabad,Groceries,Online,New,10.2,3,10,No,3.0,27.8,5.96,No
ORD502307,2026-06-13,Lahore,Home & Kitchen,Online,New,53.68,3,0,No,3.5,159.81,70.21,No
ORD501156,2026-06-14,Lahore,Sports,Mobile App,Regular,55.16,9,25,Yes,4.0,384.12,64.41,No
ORD501929,2026-06-14,Lahore,Home & Kitchen,In-Store,,84.99,1,5,No,4.1,84.77,29.49,No
ORD501956,2026-06-14,Karachi,Home & Kitchen,Online,Regular,58.7,10,5,No,4.8,581.4,187.73,No
ORD502332,2026-06-15,Islamabad,Groceries,Mobile App,Premium,13.15,6,25,Yes,4.6,61.41,-0.99,No
ORD502269,2026-06-15,Islamabad,Clothing,In-Store,New,47.18,8,0,No,4.4,373.18,146.4,Yes
ORD501314,2026-06-15,Lahore,Electronics,In-Store,Premium,514.66,5,15,Yes,4.4,2199.74,441.27,No
ORD500382,2026-06-15,Islamabad,Electronics,Online,Regular,544.26,7,5,No,5.0,3718.76,1583.72,No
ORD500575,2026-06-16,Islamabad,Sports,In-Store,Regular,101.29,6,10,No,2.0,556.23,215.48,No
ORD501096,2026-06-16,Lahore,Electronics,In-Store,Regular,366.47,5,10,No,3.7,1714.99,305.1,No
ORD500988,2026-06-16,Karachi,Sports,In-Store,Regular,42.53,2,0,No,1.8,86.97,23.39,No
ORD501554,2026-06-16,Islamabad,Clothing,In-Store,New,54.53,3,10,No,4.1,145.8,25.0,No
ORD502609,2026-06-16,Karachi,Groceries,In-Store,Premium,16.83,6,0,No,3.4,103.33,46.63,No
ORD501888,2026-06-17,Islamabad,Groceries,In-Store,Regular,7.73,2,0,No,4.4,14.78,3.7,No
ORD500966,2026-06-17,Lahore,Sports,In-Store,Premium,73.78,3,5,No,3.7,212.65,90.11,No
ORD501296,2026-06-17,Faisalabad,Groceries,In-Store,Regular,14.31,8,5,No,3.7,103.84,26.57,No
ORD500521,2026-06-18,Karachi,Clothing,Mobile App,New,,8,0,No,4.0,315.07,142.15,No
ORD502876,2026-06-18,Karachi,Home & Kitchen,Mobile App,Premium,71.83,6,0,No,3.1,430.7,135.24,No
ORD502373,2026-06-18,Islamabad,Groceries,Mobile App,Regular,14.23,8,25,Yes,4.0,89.52,16.62,No
ORD502316,2026-06-18,Karachi,Sports,Online,Regular,,2,0,No,4.0,85.83,27.36,No
ORD500240,2026-06-18,Multan,Beauty,Online,Regular,18.93,8,10,No,4.5,132.3,34.97,No
ORD501188,2026-06-19,Islamabad,Beauty,Mobile App,Regular,38.49,6,5,No,4.3,210.48,70.61,No
ORD501031,2026-06-19,Karachi,Electronics,Online,New,392.43,3,5,No,3.3,1095.34,165.08,No
ORD501416,2026-06-20,Faisalabad,Sports,In-Store,New,102.31,3,0,No,5.0,312.74,115.97,No
ORD502423,2026-06-21,Islamabad,Groceries,Mobile App,New,19.14,6,15,Yes,4.5,94.01,11.6,No
ORD501664,2026-06-21,Karachi,Clothing,Online,Premium,60.13,7,5,No,2.9,394.86,154.1,Yes
ORD500196,2026-06-21,Multan,Sports,Online,Regular,52.28,6,0,No,2.7,313.89,139.87,Yes
ORD502057,2026-06-21,Faisalabad,Sports,In-Store,New,72.61,7,15,Yes,3.9,442.79,41.76,No
ORD500131,2026-06-21,Karachi,Clothing,In-Store,Regular,33.54,6,5,No,4.0,194.49,46.04,No
ORD502450,2026-06-22,Karachi,Clothing,Mobile App,New,47.68,6,20,Yes,4.0,230.94,67.23,No
ORD501329,2026-06-22,Lahore,Electronics,Online,Premium,346.77,4,0,No,2.2,1344.01,500.47,No
ORD500050,2026-06-22,Karachi,Groceries,In-Store,Regular,15.7,8,20,Yes,4.5,105.13,18.11,No
ORD501804,2026-06-22,Lahore,Home & Kitchen,Online,New,76.53,2,5,No,4.1,139.86,54.98,No
ORD501358,2026-06-22,Karachi,Sports,In-Store,Premium,92.96,11,5,Yes,3.9,1007.74,221.52,No
ORD501477,2026-06-22,Karachi,Groceries,In-Store,,10.66,5,0,No,4.6,55.94,15.07,No
ORD501793,2026-06-23,Multan,Sports,Online,Regular,59.08,7,5,No,3.7,386.42,119.34,No
ORD500501,2026-06-23,Multan,Beauty,In-Store,Regular,15.85,3,0,No,4.0,49.09,11.5,No
ORD501819,2026-06-23,Lahore,Home & Kitchen,In-Store,Regular,91.04,6,0,No,4.0,543.58,227.99,No
ORD501708,2026-06-23,Karachi,Beauty,In-Store,New,33.91,4,20,Yes,4.0,106.63,1.99,No
ORD502594,2026-06-23,Karachi,Electronics,Mobile App,Regular,263.15,5,15,Yes,4.7,1081.81,355.17,No
ORD501619,2026-06-24,Karachi,Home & Kitchen,In-Store,New,90.55,3,5,No,3.8,260.81,66.88,No
ORD502226,2026-06-24,Lahore,Home & Kitchen,Mobile App,Regular,86.28,5,10,No,4.1,381.07,104.35,No
ORD500242,2026-06-24,Islamabad,Home & Kitchen,Online,Premium,70.35,4,0,No,3.3,294.2,111.04,No
ORD500914,2026-06-24,Faisalabad,Sports,In-Store,New,81.8,1,5,No,1.9,75.06,12.77,Yes
ORD500896,2026-06-25,Karachi,Groceries,Online,Regular,9.52,3,5,Yes,2.8,26.54,6.29,No
ORD500485,2026-06-25,Lahore,Groceries,Online,Regular,7.21,1,5,No,3.3,6.82,1.94,Yes
ORD500737,2026-06-25,Karachi,Sports,Online,,53.55,3,0,No,5.0,156.36,40.08,No
ORD501447,2026-06-26,Lahore,Groceries,In-Store,New,12.25,5,20,Yes,3.7,47.84,-1.0,No
ORD502623,2026-06-26,Lahore,Groceries,Online,Regular,13.88,5,15,Yes,,57.07,18.1,No
ORD500398,2026-06-27,Faisalabad,Electronics,In-Store,Regular,368.26,4,0,No,4.3,1406.83,462.18,No
ORD501896,2026-06-28,Multan,Sports,Online,New,64.76,4,0,No,3.4,266.43,106.55,No
ORD501614,2026-06-28,Multan,Clothing,Online,Premium,29.6,5,0,No,2.9,147.99,49.77,Yes
ORD501625,2026-06-29,Lahore,Home & Kitchen,In-Store,Regular,68.4,4,10,No,4.8,235.76,49.63,No
ORD501025,2026-06-29,Lahore,Sports,In-Store,New,57.25,4,10,No,4.4,202.44,48.36,No
ORD501589,2026-06-30,Islamabad,Home & Kitchen,Mobile App,New,68.66,4,5,No,2.9,269.43,72.9,No
ORD500545,2026-06-30,Lahore,Sports,Online,Regular,106.09,2,0,Yes,3.0,206.08,62.41,No
ORD502152,2026-06-30,Karachi,Electronics,Mobile App,Regular,336.93,3,0,No,5.0,1018.48,436.19,No
ORD501341,2026-06-30,Lahore,Groceries,In-Store,Premium,11.79,9,10,No,5.0,98.82,15.96,No
ORD500444,unknown,Karachi,Clothing,In-Store,Regular,35.33,5,0,No,3.4,179.05,54.57,No
ORD501610,unknown,Faisalabad,Groceries,Online,Regular,17.0,2,10,No,3.6,30.17,8.15,No
ORD500536,unknown,Lahore,Home & Kitchen,In-Store,Premium,74.93,6,0,No,,454.54,133.69,No
ORD501781,unknown,Karachi,Home & Kitchen,In-Store,Regular,79.85,4,0,No,4.3,331.61,103.13,No
ORD501680,unknown,Islamabad,Clothing,In-Store,Premium,62.6,6,10,No,3.1,330.54,93.86,No
